ISO-10303-21;
HEADER;
/* Generated by software containing ST-Developer
 * from STEP Tools, Inc. (www.steptools.com) 
 */
/* OPTION: using custom renumber hook */

FILE_DESCRIPTION(
/* description */ ('STEP AP242 Edition 2',
'CAx-IF Rec.Pracs.---Representation and Presentation of Product Manufa
cturing Information (PMI)---4.0---2014-10-13',
'CAx-IF Rec.Pracs.---3D Tessellated Geometry---0.4---2014-09-14','2;1',
'CAx-IF Rec.Pracs.---User Defined Attributes---1.5---2016-08-15'),
/* implementation_level */ '2;1');

FILE_NAME(
/* name */ 'Part Studio 12',
/* time_stamp */ '2026-09-06T10:33:37Z',
/* author */ (''),
/* organization */ (''),
/* preprocessor_version */ 'ST-DEVELOPER v20',
/* originating_system */ 'ONSHAPE BY PTC INC, 1.220',
/* authorisation */ '  ');

FILE_SCHEMA (('AP242_MANAGED_MODEL_BASED_3D_ENGINEERING_MIM_LF { 1 0 10303 442 3 1 4 }'));
ENDSEC;

DATA;
#10=SHAPE_REPRESENTATION_RELATIONSHIP('','',#562,#11);
#11=ADVANCED_BREP_SHAPE_REPRESENTATION('',(#560),#2252);
#12=(
BOUNDED_SURFACE()
B_SPLINE_SURFACE(3,2,((#1192,#1193,#1194),(#1195,#1196,#1197),(#1198,#1199,
#1200),(#1201,#1202,#1203),(#1204,#1205,#1206),(#1207,#1208,#1209),(#1210,
#1211,#1212),(#1213,#1214,#1215),(#1216,#1217,#1218),(#1219,#1220,#1221),
(#1222,#1223,#1224),(#1225,#1226,#1227)),.UNSPECIFIED.,.F.,.F.,.F.)
B_SPLINE_SURFACE_WITH_KNOTS((4,1,1,1,1,1,1,1,1,4),(3,3),(0.0116708087942661,
0.0119782299602257,0.0122856511261853,0.0129004934581044,0.0135153357900236,
0.0141301781219427,0.0147450204538619,0.0153598627857811,0.0159747051177002,
0.0165895474496194),(0.,1.),.UNSPECIFIED.)
GEOMETRIC_REPRESENTATION_ITEM()
RATIONAL_B_SPLINE_SURFACE(((1.,0.707106781186547,1.),(1.,0.707106781186547,
1.),(1.,0.707106781186548,1.),(1.,0.707106781186547,1.),(1.,0.707106781186549,
1.),(1.,0.707106781186547,1.),(1.,0.707106781186546,1.),(1.,0.707106781186549,
1.),(1.,0.707106781186547,1.),(1.,0.707106781186548,1.),(1.,0.707106781186548,
1.),(1.,0.707106781186548,1.)))
REPRESENTATION_ITEM('')
SURFACE()
);
#13=(
BOUNDED_SURFACE()
B_SPLINE_SURFACE(3,2,((#1233,#1234,#1235),(#1236,#1237,#1238),(#1239,#1240,
#1241),(#1242,#1243,#1244),(#1245,#1246,#1247),(#1248,#1249,#1250),(#1251,
#1252,#1253),(#1254,#1255,#1256),(#1257,#1258,#1259),(#1260,#1261,#1262),
(#1263,#1264,#1265),(#1266,#1267,#1268),(#1269,#1270,#1271),(#1272,#1273,
#1274),(#1275,#1276,#1277),(#1278,#1279,#1280),(#1281,#1282,#1283),(#1284,
#1285,#1286)),.UNSPECIFIED.,.F.,.F.,.F.)
B_SPLINE_SURFACE_WITH_KNOTS((4,1,1,1,1,1,1,1,1,1,1,1,1,1,1,4),(3,3),(0.0133745619471629,
0.013817753116824,0.0142609442864851,0.0151473266258073,0.0160337089651295,
0.0169200913044517,0.0186928559830961,0.0204656206617405,0.0222383853403849,
0.0240111500190293,0.0248975323583515,0.0257839146976737,0.0262271058673348,
0.0266702970369959,0.027113488206657,0.0275566793763181),(0.,1.),
 .UNSPECIFIED.)
GEOMETRIC_REPRESENTATION_ITEM()
RATIONAL_B_SPLINE_SURFACE(((1.,0.707106781186548,1.),(1.,0.707106781186548,
1.),(1.,0.707106781186548,1.),(1.,0.707106781186547,1.),(1.,0.707106781186547,
1.),(1.,0.707106781186548,1.),(1.,0.707106781186547,1.),(1.,0.707106781186548,
1.),(1.,0.707106781186548,1.),(1.,0.707106781186548,1.),(1.,0.707106781186547,
1.),(1.,0.707106781186548,1.),(1.,0.707106781186547,1.),(1.,0.707106781186548,
1.),(1.,0.707106781186547,1.),(1.,0.707106781186548,1.),(1.,0.707106781186548,
1.),(1.,0.707106781186548,1.)))
REPRESENTATION_ITEM('')
SURFACE()
);
#14=(
BOUNDED_SURFACE()
B_SPLINE_SURFACE(3,2,((#1874,#1875,#1876),(#1877,#1878,#1879),(#1880,#1881,
#1882),(#1883,#1884,#1885),(#1886,#1887,#1888),(#1889,#1890,#1891),(#1892,
#1893,#1894),(#1895,#1896,#1897),(#1898,#1899,#1900),(#1901,#1902,#1903),
(#1904,#1905,#1906),(#1907,#1908,#1909),(#1910,#1911,#1912),(#1913,#1914,
#1915),(#1916,#1917,#1918),(#1919,#1920,#1921),(#1922,#1923,#1924),(#1925,
#1926,#1927),(#1928,#1929,#1930),(#1931,#1932,#1933)),.UNSPECIFIED.,.F.,
 .F.,.F.)
B_SPLINE_SURFACE_WITH_KNOTS((4,1,1,1,1,1,1,1,1,1,1,1,1,1,1,1,1,4),(3,3),
(0.0222339464488705,0.0226609309650093,0.0230879154811481,0.0235148999972869,
0.0239418845134258,0.0247958535457034,0.0256498225779811,0.0273577606425363,
0.0290656987070916,0.0307736367716469,0.0316276058039246,0.0324815748362022,
0.0333355438684799,0.0341895129007575,0.0346164974168963,0.0350434819330352,
0.035470466449174,0.0358974509653128),(0.,1.),.UNSPECIFIED.)
GEOMETRIC_REPRESENTATION_ITEM()
RATIONAL_B_SPLINE_SURFACE(((1.,0.707106781186548,1.),(1.,0.707106781186548,
1.),(1.,0.707106781186548,1.),(1.,0.707106781186547,1.),(1.,0.707106781186548,
1.),(1.,0.707106781186547,1.),(1.,0.707106781186547,1.),(1.,0.707106781186548,
1.),(1.,0.707106781186547,1.),(1.,0.707106781186548,1.),(1.,0.707106781186547,
1.),(1.,0.707106781186547,1.),(1.,0.707106781186548,1.),(1.,0.707106781186548,
1.),(1.,0.707106781186548,1.),(1.,0.707106781186548,1.),(1.,0.707106781186547,
1.),(1.,0.707106781186549,1.),(1.,0.707106781186548,1.),(1.,0.707106781186548,
1.)))
REPRESENTATION_ITEM('')
SURFACE()
);
#15=(
BOUNDED_SURFACE()
B_SPLINE_SURFACE(3,2,((#1939,#1940,#1941),(#1942,#1943,#1944),(#1945,#1946,
#1947),(#1948,#1949,#1950),(#1951,#1952,#1953),(#1954,#1955,#1956),(#1957,
#1958,#1959),(#1960,#1961,#1962),(#1963,#1964,#1965),(#1966,#1967,#1968),
(#1969,#1970,#1971),(#1972,#1973,#1974)),.UNSPECIFIED.,.F.,.F.,.F.)
B_SPLINE_SURFACE_WITH_KNOTS((4,1,1,1,1,1,1,1,1,4),(3,3),(0.00997857951062131,
0.0105617406866729,0.0111449018627244,0.011728063038776,0.0123112242148276,
0.0128943853908791,0.0134775465669307,0.0140607077429823,0.014352288331008,
0.0146438689190338),(0.,1.),.UNSPECIFIED.)
GEOMETRIC_REPRESENTATION_ITEM()
RATIONAL_B_SPLINE_SURFACE(((1.,0.707106781186548,1.),(1.,0.707106781186548,
1.),(1.,0.707106781186548,1.),(1.,0.707106781186548,1.),(1.,0.707106781186548,
1.),(1.,0.707106781186548,1.),(1.,0.707106781186547,1.),(1.,0.707106781186547,
1.),(1.,0.707106781186548,1.),(1.,0.707106781186547,1.),(1.,0.707106781186548,
1.),(1.,0.707106781186548,1.)))
REPRESENTATION_ITEM('')
SURFACE()
);
#16=ELLIPSE('',#574,0.00141421356237309,0.001);
#17=ELLIPSE('',#576,0.00141421356237309,0.001);
#18=CYLINDRICAL_SURFACE('',#573,0.001);
#19=CYLINDRICAL_SURFACE('',#575,0.001);
#20=CYLINDRICAL_SURFACE('',#577,0.001);
#21=B_SPLINE_SURFACE_WITH_KNOTS('',3,1,((#716,#717),(#718,#719),(#720,#721),
(#722,#723),(#724,#725),(#726,#727),(#728,#729),(#730,#731),(#732,#733),
(#734,#735),(#736,#737),(#738,#739)),.SURF_OF_LINEAR_EXTRUSION.,.F.,.F.,
 .F.,(4,1,1,1,1,1,1,1,1,4),(2,2),(0.99997134105677,1.07721127955552,1.1158312488049,
1.15445121805428,1.23169115655303,1.30893109505179,1.38617103355054,1.46341097204929,
1.54065091054805,1.6178908490468),(0.,1.),.UNSPECIFIED.);
#22=B_SPLINE_SURFACE_WITH_KNOTS('',3,1,((#757,#758),(#759,#760),(#761,#762),
(#763,#764),(#765,#766),(#767,#768),(#769,#770),(#771,#772),(#773,#774),
(#775,#776),(#777,#778)),.SURF_OF_LINEAR_EXTRUSION.,.T.,.F.,.F.,(1,3,1,
1,1,1,1,1,1,3,1),(2,2),(-0.153891303766858,0.,0.104852410538722,0.210362759177626,
0.36522897404625,0.500167702893337,0.599006531554497,0.711420730505091,
0.846108696233142,1.,1.10485241053872),(0.,1.),.UNSPECIFIED.);
#23=B_SPLINE_SURFACE_WITH_KNOTS('',3,3,((#870,#871,#872,#873,#874,#875,
#876,#877,#878,#879,#880,#881),(#882,#883,#884,#885,#886,#887,#888,#889,
#890,#891,#892,#893),(#894,#895,#896,#897,#898,#899,#900,#901,#902,#903,
#904,#905),(#906,#907,#908,#909,#910,#911,#912,#913,#914,#915,#916,#917),
(#918,#919,#920,#921,#922,#923,#924,#925,#926,#927,#928,#929),(#930,#931,
#932,#933,#934,#935,#936,#937,#938,#939,#940,#941),(#942,#943,#944,#945,
#946,#947,#948,#949,#950,#951,#952,#953),(#954,#955,#956,#957,#958,#959,
#960,#961,#962,#963,#964,#965),(#966,#967,#968,#969,#970,#971,#972,#973,
#974,#975,#976,#977),(#978,#979,#980,#981,#982,#983,#984,#985,#986,#987,
#988,#989),(#990,#991,#992,#993,#994,#995,#996,#997,#998,#999,#1000,#1001),
(#1002,#1003,#1004,#1005,#1006,#1007,#1008,#1009,#1010,#1011,#1012,#1013),
(#1014,#1015,#1016,#1017,#1018,#1019,#1020,#1021,#1022,#1023,#1024,#1025),
(#1026,#1027,#1028,#1029,#1030,#1031,#1032,#1033,#1034,#1035,#1036,#1037),
(#1038,#1039,#1040,#1041,#1042,#1043,#1044,#1045,#1046,#1047,#1048,#1049),
(#1050,#1051,#1052,#1053,#1054,#1055,#1056,#1057,#1058,#1059,#1060,#1061),
(#1062,#1063,#1064,#1065,#1066,#1067,#1068,#1069,#1070,#1071,#1072,#1073),
(#1074,#1075,#1076,#1077,#1078,#1079,#1080,#1081,#1082,#1083,#1084,#1085),
(#1086,#1087,#1088,#1089,#1090,#1091,#1092,#1093,#1094,#1095,#1096,#1097),
(#1098,#1099,#1100,#1101,#1102,#1103,#1104,#1105,#1106,#1107,#1108,#1109),
(#1110,#1111,#1112,#1113,#1114,#1115,#1116,#1117,#1118,#1119,#1120,#1121),
(#1122,#1123,#1124,#1125,#1126,#1127,#1128,#1129,#1130,#1131,#1132,#1133),
(#1134,#1135,#1136,#1137,#1138,#1139,#1140,#1141,#1142,#1143,#1144,#1145),
(#1146,#1147,#1148,#1149,#1150,#1151,#1152,#1153,#1154,#1155,#1156,#1157),
(#1158,#1159,#1160,#1161,#1162,#1163,#1164,#1165,#1166,#1167,#1168,#1169),
(#1170,#1171,#1172,#1173,#1174,#1175,#1176,#1177,#1178,#1179,#1180,#1181)),
 .UNSPECIFIED.,.F.,.F.,.F.,(4,2,2,2,2,2,2,2,2,2,2,2,4),(4,2,2,2,2,4),(0.,
0.125,0.1875,0.25,0.375,0.4375,0.5,0.625,0.6875,0.75,0.8125,0.875,1.),(0.,
0.125,0.375,0.5,0.875,1.),.UNSPECIFIED.);
#24=B_SPLINE_SURFACE_WITH_KNOTS('',3,3,((#1292,#1293,#1294,#1295,#1296,
#1297,#1298,#1299,#1300,#1301),(#1302,#1303,#1304,#1305,#1306,#1307,#1308,
#1309,#1310,#1311),(#1312,#1313,#1314,#1315,#1316,#1317,#1318,#1319,#1320,
#1321),(#1322,#1323,#1324,#1325,#1326,#1327,#1328,#1329,#1330,#1331),(#1332,
#1333,#1334,#1335,#1336,#1337,#1338,#1339,#1340,#1341),(#1342,#1343,#1344,
#1345,#1346,#1347,#1348,#1349,#1350,#1351),(#1352,#1353,#1354,#1355,#1356,
#1357,#1358,#1359,#1360,#1361),(#1362,#1363,#1364,#1365,#1366,#1367,#1368,
#1369,#1370,#1371),(#1372,#1373,#1374,#1375,#1376,#1377,#1378,#1379,#1380,
#1381),(#1382,#1383,#1384,#1385,#1386,#1387,#1388,#1389,#1390,#1391),(#1392,
#1393,#1394,#1395,#1396,#1397,#1398,#1399,#1400,#1401),(#1402,#1403,#1404,
#1405,#1406,#1407,#1408,#1409,#1410,#1411),(#1412,#1413,#1414,#1415,#1416,
#1417,#1418,#1419,#1420,#1421),(#1422,#1423,#1424,#1425,#1426,#1427,#1428,
#1429,#1430,#1431),(#1432,#1433,#1434,#1435,#1436,#1437,#1438,#1439,#1440,
#1441),(#1442,#1443,#1444,#1445,#1446,#1447,#1448,#1449,#1450,#1451),(#1452,
#1453,#1454,#1455,#1456,#1457,#1458,#1459,#1460,#1461),(#1462,#1463,#1464,
#1465,#1466,#1467,#1468,#1469,#1470,#1471),(#1472,#1473,#1474,#1475,#1476,
#1477,#1478,#1479,#1480,#1481),(#1482,#1483,#1484,#1485,#1486,#1487,#1488,
#1489,#1490,#1491),(#1492,#1493,#1494,#1495,#1496,#1497,#1498,#1499,#1500,
#1501),(#1502,#1503,#1504,#1505,#1506,#1507,#1508,#1509,#1510,#1511),(#1512,
#1513,#1514,#1515,#1516,#1517,#1518,#1519,#1520,#1521),(#1522,#1523,#1524,
#1525,#1526,#1527,#1528,#1529,#1530,#1531),(#1532,#1533,#1534,#1535,#1536,
#1537,#1538,#1539,#1540,#1541),(#1542,#1543,#1544,#1545,#1546,#1547,#1548,
#1549,#1550,#1551)),.UNSPECIFIED.,.F.,.F.,.F.,(4,2,2,2,2,2,2,2,2,2,2,2,
4),(4,2,2,2,4),(0.,0.125,0.1875,0.25,0.375,0.4375,0.5,0.625,0.6875,0.75,
0.8125,0.875,1.),(0.,0.125,0.5,0.875,1.),.UNSPECIFIED.);
#25=B_SPLINE_SURFACE_WITH_KNOTS('',3,3,((#1557,#1558,#1559,#1560,#1561,
#1562,#1563,#1564,#1565,#1566,#1567,#1568),(#1569,#1570,#1571,#1572,#1573,
#1574,#1575,#1576,#1577,#1578,#1579,#1580),(#1581,#1582,#1583,#1584,#1585,
#1586,#1587,#1588,#1589,#1590,#1591,#1592),(#1593,#1594,#1595,#1596,#1597,
#1598,#1599,#1600,#1601,#1602,#1603,#1604),(#1605,#1606,#1607,#1608,#1609,
#1610,#1611,#1612,#1613,#1614,#1615,#1616),(#1617,#1618,#1619,#1620,#1621,
#1622,#1623,#1624,#1625,#1626,#1627,#1628),(#1629,#1630,#1631,#1632,#1633,
#1634,#1635,#1636,#1637,#1638,#1639,#1640),(#1641,#1642,#1643,#1644,#1645,
#1646,#1647,#1648,#1649,#1650,#1651,#1652),(#1653,#1654,#1655,#1656,#1657,
#1658,#1659,#1660,#1661,#1662,#1663,#1664),(#1665,#1666,#1667,#1668,#1669,
#1670,#1671,#1672,#1673,#1674,#1675,#1676),(#1677,#1678,#1679,#1680,#1681,
#1682,#1683,#1684,#1685,#1686,#1687,#1688),(#1689,#1690,#1691,#1692,#1693,
#1694,#1695,#1696,#1697,#1698,#1699,#1700),(#1701,#1702,#1703,#1704,#1705,
#1706,#1707,#1708,#1709,#1710,#1711,#1712),(#1713,#1714,#1715,#1716,#1717,
#1718,#1719,#1720,#1721,#1722,#1723,#1724),(#1725,#1726,#1727,#1728,#1729,
#1730,#1731,#1732,#1733,#1734,#1735,#1736),(#1737,#1738,#1739,#1740,#1741,
#1742,#1743,#1744,#1745,#1746,#1747,#1748),(#1749,#1750,#1751,#1752,#1753,
#1754,#1755,#1756,#1757,#1758,#1759,#1760),(#1761,#1762,#1763,#1764,#1765,
#1766,#1767,#1768,#1769,#1770,#1771,#1772),(#1773,#1774,#1775,#1776,#1777,
#1778,#1779,#1780,#1781,#1782,#1783,#1784),(#1785,#1786,#1787,#1788,#1789,
#1790,#1791,#1792,#1793,#1794,#1795,#1796),(#1797,#1798,#1799,#1800,#1801,
#1802,#1803,#1804,#1805,#1806,#1807,#1808),(#1809,#1810,#1811,#1812,#1813,
#1814,#1815,#1816,#1817,#1818,#1819,#1820),(#1821,#1822,#1823,#1824,#1825,
#1826,#1827,#1828,#1829,#1830,#1831,#1832),(#1833,#1834,#1835,#1836,#1837,
#1838,#1839,#1840,#1841,#1842,#1843,#1844),(#1845,#1846,#1847,#1848,#1849,
#1850,#1851,#1852,#1853,#1854,#1855,#1856),(#1857,#1858,#1859,#1860,#1861,
#1862,#1863,#1864,#1865,#1866,#1867,#1868)),.UNSPECIFIED.,.F.,.F.,.F.,(4,
2,2,2,2,2,2,2,2,2,2,2,4),(4,2,2,2,2,4),(0.,0.125,0.1875,0.25,0.375,0.4375,
0.5,0.625,0.6875,0.75,0.8125,0.875,1.),(0.,0.125,0.5,0.625,0.875,1.),
 .UNSPECIFIED.);
#26=B_SPLINE_SURFACE_WITH_KNOTS('',3,3,((#1980,#1981,#1982,#1983,#1984,
#1985,#1986,#1987,#1988,#1989),(#1990,#1991,#1992,#1993,#1994,#1995,#1996,
#1997,#1998,#1999),(#2000,#2001,#2002,#2003,#2004,#2005,#2006,#2007,#2008,
#2009),(#2010,#2011,#2012,#2013,#2014,#2015,#2016,#2017,#2018,#2019),(#2020,
#2021,#2022,#2023,#2024,#2025,#2026,#2027,#2028,#2029),(#2030,#2031,#2032,
#2033,#2034,#2035,#2036,#2037,#2038,#2039),(#2040,#2041,#2042,#2043,#2044,
#2045,#2046,#2047,#2048,#2049),(#2050,#2051,#2052,#2053,#2054,#2055,#2056,
#2057,#2058,#2059),(#2060,#2061,#2062,#2063,#2064,#2065,#2066,#2067,#2068,
#2069),(#2070,#2071,#2072,#2073,#2074,#2075,#2076,#2077,#2078,#2079),(#2080,
#2081,#2082,#2083,#2084,#2085,#2086,#2087,#2088,#2089),(#2090,#2091,#2092,
#2093,#2094,#2095,#2096,#2097,#2098,#2099),(#2100,#2101,#2102,#2103,#2104,
#2105,#2106,#2107,#2108,#2109),(#2110,#2111,#2112,#2113,#2114,#2115,#2116,
#2117,#2118,#2119),(#2120,#2121,#2122,#2123,#2124,#2125,#2126,#2127,#2128,
#2129),(#2130,#2131,#2132,#2133,#2134,#2135,#2136,#2137,#2138,#2139),(#2140,
#2141,#2142,#2143,#2144,#2145,#2146,#2147,#2148,#2149),(#2150,#2151,#2152,
#2153,#2154,#2155,#2156,#2157,#2158,#2159),(#2160,#2161,#2162,#2163,#2164,
#2165,#2166,#2167,#2168,#2169),(#2170,#2171,#2172,#2173,#2174,#2175,#2176,
#2177,#2178,#2179),(#2180,#2181,#2182,#2183,#2184,#2185,#2186,#2187,#2188,
#2189),(#2190,#2191,#2192,#2193,#2194,#2195,#2196,#2197,#2198,#2199),(#2200,
#2201,#2202,#2203,#2204,#2205,#2206,#2207,#2208,#2209),(#2210,#2211,#2212,
#2213,#2214,#2215,#2216,#2217,#2218,#2219),(#2220,#2221,#2222,#2223,#2224,
#2225,#2226,#2227,#2228,#2229),(#2230,#2231,#2232,#2233,#2234,#2235,#2236,
#2237,#2238,#2239)),.UNSPECIFIED.,.F.,.F.,.F.,(4,2,2,2,2,2,2,2,2,2,2,2,
4),(4,2,2,2,4),(0.,0.125,0.1875,0.25,0.375,0.4375,0.5,0.625,0.6875,0.75,
0.8125,0.875,1.),(0.,0.25,0.375,0.75,1.),.UNSPECIFIED.);
#27=CIRCLE('',#566,0.001);
#28=CIRCLE('',#567,0.001);
#29=CIRCLE('',#572,0.001);
#30=LINE('',#664,#57);
#31=LINE('',#667,#58);
#32=LINE('',#669,#59);
#33=LINE('',#671,#60);
#34=LINE('',#673,#61);
#35=LINE('',#675,#62);
#36=LINE('',#677,#63);
#37=LINE('',#691,#64);
#38=LINE('',#693,#65);
#39=LINE('',#695,#66);
#40=LINE('',#697,#67);
#41=LINE('',#699,#68);
#42=LINE('',#701,#69);
#43=LINE('',#703,#70);
#44=LINE('',#705,#71);
#45=LINE('',#707,#72);
#46=LINE('',#709,#73);
#47=LINE('',#711,#74);
#48=LINE('',#713,#75);
#49=LINE('',#715,#76);
#50=LINE('',#748,#77);
#51=LINE('',#755,#78);
#52=LINE('',#2241,#79);
#53=LINE('',#2243,#80);
#54=LINE('',#2245,#81);
#55=LINE('',#2247,#82);
#56=LINE('',#2248,#83);
#57=VECTOR('',#587,1.);
#58=VECTOR('',#588,1.);
#59=VECTOR('',#589,1.);
#60=VECTOR('',#590,1.);
#61=VECTOR('',#591,1.);
#62=VECTOR('',#592,1.);
#63=VECTOR('',#595,1.);
#64=VECTOR('',#600,1.);
#65=VECTOR('',#601,1.);
#66=VECTOR('',#604,1.);
#67=VECTOR('',#605,1.);
#68=VECTOR('',#606,1.);
#69=VECTOR('',#607,1.);
#70=VECTOR('',#608,1.);
#71=VECTOR('',#611,1.);
#72=VECTOR('',#612,1.);
#73=VECTOR('',#613,1.);
#74=VECTOR('',#616,1.);
#75=VECTOR('',#617,1.);
#76=VECTOR('',#618,1.);
#77=VECTOR('',#619,1.);
#78=VECTOR('',#632,1.);
#79=VECTOR('',#639,1.);
#80=VECTOR('',#640,1.);
#81=VECTOR('',#641,1.);
#82=VECTOR('',#644,1.);
#83=VECTOR('',#645,1.);
#84=ORIENTED_EDGE('',*,*,#194,.F.);
#85=ORIENTED_EDGE('',*,*,#195,.F.);
#86=ORIENTED_EDGE('',*,*,#196,.T.);
#87=ORIENTED_EDGE('',*,*,#197,.T.);
#88=ORIENTED_EDGE('',*,*,#198,.T.);
#89=ORIENTED_EDGE('',*,*,#199,.T.);
#90=ORIENTED_EDGE('',*,*,#200,.T.);
#91=ORIENTED_EDGE('',*,*,#201,.F.);
#92=ORIENTED_EDGE('',*,*,#202,.T.);
#93=ORIENTED_EDGE('',*,*,#195,.T.);
#94=ORIENTED_EDGE('',*,*,#203,.F.);
#95=ORIENTED_EDGE('',*,*,#204,.T.);
#96=ORIENTED_EDGE('',*,*,#205,.T.);
#97=ORIENTED_EDGE('',*,*,#206,.F.);
#98=ORIENTED_EDGE('',*,*,#207,.T.);
#99=ORIENTED_EDGE('',*,*,#208,.F.);
#100=ORIENTED_EDGE('',*,*,#209,.T.);
#101=ORIENTED_EDGE('',*,*,#210,.T.);
#102=ORIENTED_EDGE('',*,*,#211,.T.);
#103=ORIENTED_EDGE('',*,*,#201,.T.);
#104=ORIENTED_EDGE('',*,*,#205,.F.);
#105=ORIENTED_EDGE('',*,*,#212,.T.);
#106=ORIENTED_EDGE('',*,*,#213,.T.);
#107=ORIENTED_EDGE('',*,*,#214,.F.);
#108=ORIENTED_EDGE('',*,*,#206,.T.);
#109=ORIENTED_EDGE('',*,*,#214,.T.);
#110=ORIENTED_EDGE('',*,*,#215,.T.);
#111=ORIENTED_EDGE('',*,*,#216,.F.);
#112=ORIENTED_EDGE('',*,*,#217,.F.);
#113=ORIENTED_EDGE('',*,*,#207,.F.);
#114=ORIENTED_EDGE('',*,*,#200,.F.);
#115=ORIENTED_EDGE('',*,*,#218,.F.);
#116=ORIENTED_EDGE('',*,*,#219,.T.);
#117=ORIENTED_EDGE('',*,*,#203,.T.);
#118=ORIENTED_EDGE('',*,*,#199,.F.);
#119=ORIENTED_EDGE('',*,*,#220,.T.);
#120=ORIENTED_EDGE('',*,*,#218,.T.);
#121=ORIENTED_EDGE('',*,*,#220,.F.);
#122=ORIENTED_EDGE('',*,*,#198,.F.);
#123=ORIENTED_EDGE('',*,*,#221,.F.);
#124=ORIENTED_EDGE('',*,*,#212,.F.);
#125=ORIENTED_EDGE('',*,*,#204,.F.);
#126=ORIENTED_EDGE('',*,*,#219,.F.);
#127=ORIENTED_EDGE('',*,*,#221,.T.);
#128=ORIENTED_EDGE('',*,*,#197,.F.);
#129=ORIENTED_EDGE('',*,*,#222,.F.);
#130=ORIENTED_EDGE('',*,*,#223,.F.);
#131=ORIENTED_EDGE('',*,*,#202,.F.);
#132=ORIENTED_EDGE('',*,*,#211,.F.);
#133=ORIENTED_EDGE('',*,*,#222,.T.);
#134=ORIENTED_EDGE('',*,*,#196,.F.);
#135=ORIENTED_EDGE('',*,*,#224,.T.);
#136=ORIENTED_EDGE('',*,*,#225,.T.);
#137=ORIENTED_EDGE('',*,*,#226,.T.);
#138=ORIENTED_EDGE('',*,*,#227,.T.);
#139=ORIENTED_EDGE('',*,*,#228,.T.);
#140=ORIENTED_EDGE('',*,*,#229,.T.);
#141=ORIENTED_EDGE('',*,*,#230,.T.);
#142=ORIENTED_EDGE('',*,*,#231,.T.);
#143=ORIENTED_EDGE('',*,*,#194,.T.);
#144=ORIENTED_EDGE('',*,*,#232,.T.);
#145=ORIENTED_EDGE('',*,*,#233,.T.);
#146=ORIENTED_EDGE('',*,*,#234,.T.);
#147=ORIENTED_EDGE('',*,*,#235,.T.);
#148=ORIENTED_EDGE('',*,*,#236,.F.);
#149=ORIENTED_EDGE('',*,*,#228,.F.);
#150=ORIENTED_EDGE('',*,*,#237,.F.);
#151=ORIENTED_EDGE('',*,*,#237,.T.);
#152=ORIENTED_EDGE('',*,*,#227,.F.);
#153=ORIENTED_EDGE('',*,*,#238,.F.);
#154=ORIENTED_EDGE('',*,*,#235,.F.);
#155=ORIENTED_EDGE('',*,*,#236,.T.);
#156=ORIENTED_EDGE('',*,*,#234,.F.);
#157=ORIENTED_EDGE('',*,*,#239,.F.);
#158=ORIENTED_EDGE('',*,*,#229,.F.);
#159=ORIENTED_EDGE('',*,*,#238,.T.);
#160=ORIENTED_EDGE('',*,*,#226,.F.);
#161=ORIENTED_EDGE('',*,*,#240,.F.);
#162=ORIENTED_EDGE('',*,*,#230,.F.);
#163=ORIENTED_EDGE('',*,*,#239,.T.);
#164=ORIENTED_EDGE('',*,*,#241,.F.);
#165=ORIENTED_EDGE('',*,*,#240,.T.);
#166=ORIENTED_EDGE('',*,*,#225,.F.);
#167=ORIENTED_EDGE('',*,*,#242,.F.);
#168=ORIENTED_EDGE('',*,*,#232,.F.);
#169=ORIENTED_EDGE('',*,*,#241,.T.);
#170=ORIENTED_EDGE('',*,*,#233,.F.);
#171=ORIENTED_EDGE('',*,*,#243,.F.);
#172=ORIENTED_EDGE('',*,*,#231,.F.);
#173=ORIENTED_EDGE('',*,*,#242,.T.);
#174=ORIENTED_EDGE('',*,*,#224,.F.);
#175=ORIENTED_EDGE('',*,*,#243,.T.);
#176=ORIENTED_EDGE('',*,*,#244,.T.);
#177=ORIENTED_EDGE('',*,*,#245,.F.);
#178=ORIENTED_EDGE('',*,*,#246,.F.);
#179=ORIENTED_EDGE('',*,*,#216,.T.);
#180=ORIENTED_EDGE('',*,*,#247,.F.);
#181=ORIENTED_EDGE('',*,*,#209,.F.);
#182=ORIENTED_EDGE('',*,*,#248,.T.);
#183=ORIENTED_EDGE('',*,*,#245,.T.);
#184=ORIENTED_EDGE('',*,*,#217,.T.);
#185=ORIENTED_EDGE('',*,*,#246,.T.);
#186=ORIENTED_EDGE('',*,*,#248,.F.);
#187=ORIENTED_EDGE('',*,*,#208,.T.);
#188=ORIENTED_EDGE('',*,*,#213,.F.);
#189=ORIENTED_EDGE('',*,*,#223,.T.);
#190=ORIENTED_EDGE('',*,*,#210,.F.);
#191=ORIENTED_EDGE('',*,*,#247,.T.);
#192=ORIENTED_EDGE('',*,*,#244,.F.);
#193=ORIENTED_EDGE('',*,*,#215,.F.);
#194=EDGE_CURVE('',#249,#249,#284,.T.);
#195=EDGE_CURVE('',#250,#251,#30,.T.);
#196=EDGE_CURVE('',#250,#252,#31,.T.);
#197=EDGE_CURVE('',#252,#253,#32,.T.);
#198=EDGE_CURVE('',#253,#254,#33,.F.);
#199=EDGE_CURVE('',#254,#255,#34,.T.);
#200=EDGE_CURVE('',#255,#251,#35,.T.);
#201=EDGE_CURVE('',#256,#257,#36,.T.);
#202=EDGE_CURVE('',#256,#250,#27,.T.);
#203=EDGE_CURVE('',#258,#251,#285,.T.);
#204=EDGE_CURVE('',#258,#259,#28,.T.);
#205=EDGE_CURVE('',#259,#260,#37,.T.);
#206=EDGE_CURVE('',#257,#260,#38,.T.);
#207=EDGE_CURVE('',#257,#261,#39,.T.);
#208=EDGE_CURVE('',#262,#261,#40,.T.);
#209=EDGE_CURVE('',#262,#263,#41,.T.);
#210=EDGE_CURVE('',#263,#264,#42,.T.);
#211=EDGE_CURVE('',#264,#256,#43,.F.);
#212=EDGE_CURVE('',#259,#265,#44,.T.);
#213=EDGE_CURVE('',#265,#266,#45,.T.);
#214=EDGE_CURVE('',#260,#266,#46,.T.);
#215=EDGE_CURVE('',#266,#267,#47,.T.);
#216=EDGE_CURVE('',#268,#267,#48,.T.);
#217=EDGE_CURVE('',#261,#268,#49,.T.);
#218=EDGE_CURVE('',#269,#255,#286,.T.);
#219=EDGE_CURVE('',#269,#258,#50,.T.);
#220=EDGE_CURVE('',#254,#269,#29,.T.);
#221=EDGE_CURVE('',#265,#253,#16,.T.);
#222=EDGE_CURVE('',#264,#252,#17,.T.);
#223=EDGE_CURVE('',#265,#264,#51,.F.);
#224=EDGE_CURVE('',#270,#271,#287,.T.);
#225=EDGE_CURVE('',#271,#272,#288,.T.);
#226=EDGE_CURVE('',#272,#273,#289,.T.);
#227=EDGE_CURVE('',#273,#274,#290,.T.);
#228=EDGE_CURVE('',#274,#275,#291,.T.);
#229=EDGE_CURVE('',#275,#276,#292,.T.);
#230=EDGE_CURVE('',#276,#277,#293,.T.);
#231=EDGE_CURVE('',#277,#270,#294,.T.);
#232=EDGE_CURVE('',#278,#279,#295,.T.);
#233=EDGE_CURVE('',#279,#280,#296,.T.);
#234=EDGE_CURVE('',#280,#281,#297,.T.);
#235=EDGE_CURVE('',#281,#278,#298,.T.);
#236=EDGE_CURVE('',#275,#281,#299,.F.);
#237=EDGE_CURVE('',#281,#274,#300,.T.);
#238=EDGE_CURVE('',#278,#273,#301,.T.);
#239=EDGE_CURVE('',#276,#280,#302,.F.);
#240=EDGE_CURVE('',#278,#272,#303,.T.);
#241=EDGE_CURVE('',#277,#280,#304,.F.);
#242=EDGE_CURVE('',#279,#271,#305,.T.);
#243=EDGE_CURVE('',#270,#279,#306,.F.);
#244=EDGE_CURVE('',#267,#282,#52,.T.);
#245=EDGE_CURVE('',#283,#282,#53,.T.);
#246=EDGE_CURVE('',#268,#283,#54,.T.);
#247=EDGE_CURVE('',#263,#282,#55,.T.);
#248=EDGE_CURVE('',#262,#283,#56,.T.);
#249=VERTEX_POINT('',#663);
#250=VERTEX_POINT('',#665);
#251=VERTEX_POINT('',#666);
#252=VERTEX_POINT('',#668);
#253=VERTEX_POINT('',#670);
#254=VERTEX_POINT('',#672);
#255=VERTEX_POINT('',#674);
#256=VERTEX_POINT('',#678);
#257=VERTEX_POINT('',#679);
#258=VERTEX_POINT('',#688);
#259=VERTEX_POINT('',#690);
#260=VERTEX_POINT('',#692);
#261=VERTEX_POINT('',#696);
#262=VERTEX_POINT('',#698);
#263=VERTEX_POINT('',#700);
#264=VERTEX_POINT('',#702);
#265=VERTEX_POINT('',#706);
#266=VERTEX_POINT('',#708);
#267=VERTEX_POINT('',#712);
#268=VERTEX_POINT('',#714);
#269=VERTEX_POINT('',#747);
#270=VERTEX_POINT('',#784);
#271=VERTEX_POINT('',#785);
#272=VERTEX_POINT('',#796);
#273=VERTEX_POINT('',#802);
#274=VERTEX_POINT('',#809);
#275=VERTEX_POINT('',#815);
#276=VERTEX_POINT('',#825);
#277=VERTEX_POINT('',#831);
#278=VERTEX_POINT('',#847);
#279=VERTEX_POINT('',#848);
#280=VERTEX_POINT('',#854);
#281=VERTEX_POINT('',#864);
#282=VERTEX_POINT('',#2242);
#283=VERTEX_POINT('',#2244);
#284=B_SPLINE_CURVE_WITH_KNOTS('',3,(#652,#653,#654,#655,#656,#657,#658,
#659,#660,#661,#662),.UNSPECIFIED.,.T.,.F.,(1,3,1,1,1,1,1,1,1,3,1),(-0.153891303766858,
0.,0.104852410538722,0.210362759177626,0.36522897404625,0.500167702893337,
0.599006531554497,0.711420730505091,0.846108696233142,1.,1.10485241053872),
 .UNSPECIFIED.);
#285=B_SPLINE_CURVE_WITH_KNOTS('',3,(#681,#682,#683,#684,#685,#686,#687),
 .UNSPECIFIED.,.T.,.F.,(1,3,1,1,1,3,1),(-0.382109149303865,0.,0.128487612031315,
0.473031882383724,0.617890850696135,1.,1.12848761203132),.UNSPECIFIED.);
#286=B_SPLINE_CURVE_WITH_KNOTS('',3,(#740,#741,#742,#743,#744,#745,#746),
 .UNSPECIFIED.,.T.,.F.,(1,3,1,1,1,3,1),(-0.382109149303865,0.,0.128487612031315,
0.473031882383724,0.617890850696135,1.,1.12848761203132),.UNSPECIFIED.);
#287=B_SPLINE_CURVE_WITH_KNOTS('',3,(#779,#780,#781,#782,#783),
 .UNSPECIFIED.,.F.,.F.,(4,1,4),(0.,0.5,1.),.UNSPECIFIED.);
#288=B_SPLINE_CURVE_WITH_KNOTS('',3,(#786,#787,#788,#789,#790,#791,#792,
#793,#794,#795),.UNSPECIFIED.,.F.,.F.,(4,1,1,1,1,1,1,4),(0.,0.00182865221093546,
0.00365730442187093,0.00731460884374185,0.00914326105467731,0.0109719132656128,
0.0128005654765482,0.0146292176874837),.UNSPECIFIED.);
#289=B_SPLINE_CURVE_WITH_KNOTS('',3,(#797,#798,#799,#800,#801),
 .UNSPECIFIED.,.F.,.F.,(4,1,4),(0.,0.5,1.),.UNSPECIFIED.);
#290=B_SPLINE_CURVE_WITH_KNOTS('',3,(#803,#804,#805,#806,#807,#808),
 .UNSPECIFIED.,.F.,.F.,(4,1,1,4),(0.,0.00290284075859474,0.00435426113789211,
0.00580568151718948),.UNSPECIFIED.);
#291=B_SPLINE_CURVE_WITH_KNOTS('',3,(#810,#811,#812,#813,#814),
 .UNSPECIFIED.,.F.,.F.,(4,1,4),(0.,0.5,1.),.UNSPECIFIED.);
#292=B_SPLINE_CURVE_WITH_KNOTS('',3,(#816,#817,#818,#819,#820,#821,#822,
#823,#824),.UNSPECIFIED.,.F.,.F.,(4,1,1,1,1,1,4),(0.,0.00184678685484931,
0.00369357370969862,0.00738714741939724,0.0110807211290959,0.0129275079839452,
0.0147742948387945),.UNSPECIFIED.);
#293=B_SPLINE_CURVE_WITH_KNOTS('',3,(#826,#827,#828,#829,#830),
 .UNSPECIFIED.,.F.,.F.,(4,1,4),(0.,0.5,1.),.UNSPECIFIED.);
#294=B_SPLINE_CURVE_WITH_KNOTS('',3,(#832,#833,#834,#835,#836),
 .UNSPECIFIED.,.F.,.F.,(4,1,4),(0.,0.00267966043711993,0.00535932087423986),
 .UNSPECIFIED.);
#295=B_SPLINE_CURVE_WITH_KNOTS('',3,(#838,#839,#840,#841,#842,#843,#844,
#845,#846),.UNSPECIFIED.,.F.,.F.,(4,1,1,1,1,1,4),(0.,0.00168150470317145,
0.0033630094063429,0.0067260188126858,0.0100890282190287,0.0117705329222001,
0.0134520376253716),.UNSPECIFIED.);
#296=B_SPLINE_CURVE_WITH_KNOTS('',3,(#849,#850,#851,#852,#853),
 .UNSPECIFIED.,.F.,.F.,(4,1,4),(0.,0.00219788389983847,0.00439576779967693),
 .UNSPECIFIED.);
#297=B_SPLINE_CURVE_WITH_KNOTS('',3,(#855,#856,#857,#858,#859,#860,#861,
#862,#863),.UNSPECIFIED.,.F.,.F.,(4,1,1,1,1,1,4),(0.,0.00168878324981902,
0.00337756649963805,0.00675513299927609,0.0101326994989141,0.0118214827487332,
0.0135102659985522),.UNSPECIFIED.);
#298=B_SPLINE_CURVE_WITH_KNOTS('',3,(#865,#866,#867,#868,#869),
 .UNSPECIFIED.,.F.,.F.,(4,1,4),(0.,0.00223644790154028,0.00447289580308056),
 .UNSPECIFIED.);
#299=B_SPLINE_CURVE_WITH_KNOTS('',3,(#1182,#1183,#1184,#1185,#1186),
 .UNSPECIFIED.,.F.,.F.,(4,1,4),(0.,0.5,1.),.UNSPECIFIED.);
#300=B_SPLINE_CURVE_WITH_KNOTS('',3,(#1187,#1188,#1189,#1190,#1191),
 .UNSPECIFIED.,.F.,.F.,(4,1,4),(0.,0.5,1.),.UNSPECIFIED.);
#301=B_SPLINE_CURVE_WITH_KNOTS('',3,(#1228,#1229,#1230,#1231,#1232),
 .UNSPECIFIED.,.F.,.F.,(4,1,4),(0.,0.5,1.),.UNSPECIFIED.);
#302=B_SPLINE_CURVE_WITH_KNOTS('',3,(#1287,#1288,#1289,#1290,#1291),
 .UNSPECIFIED.,.F.,.F.,(4,1,4),(0.,0.5,1.),.UNSPECIFIED.);
#303=B_SPLINE_CURVE_WITH_KNOTS('',3,(#1552,#1553,#1554,#1555,#1556),
 .UNSPECIFIED.,.F.,.F.,(4,1,4),(0.,0.5,1.),.UNSPECIFIED.);
#304=B_SPLINE_CURVE_WITH_KNOTS('',3,(#1869,#1870,#1871,#1872,#1873),
 .UNSPECIFIED.,.F.,.F.,(4,1,4),(0.,0.5,1.),.UNSPECIFIED.);
#305=B_SPLINE_CURVE_WITH_KNOTS('',3,(#1934,#1935,#1936,#1937,#1938),
 .UNSPECIFIED.,.F.,.F.,(4,1,4),(0.,0.5,1.),.UNSPECIFIED.);
#306=B_SPLINE_CURVE_WITH_KNOTS('',3,(#1975,#1976,#1977,#1978,#1979),
 .UNSPECIFIED.,.F.,.F.,(4,1,4),(0.,0.5,1.),.UNSPECIFIED.);
#307=EDGE_LOOP('',(#84));
#308=EDGE_LOOP('',(#85,#86,#87,#88,#89,#90));
#309=EDGE_LOOP('',(#91,#92,#93,#94,#95,#96,#97));
#310=EDGE_LOOP('',(#98,#99,#100,#101,#102,#103));
#311=EDGE_LOOP('',(#104,#105,#106,#107));
#312=EDGE_LOOP('',(#108,#109,#110,#111,#112,#113));
#313=EDGE_LOOP('',(#114,#115,#116,#117));
#314=EDGE_LOOP('',(#118,#119,#120));
#315=EDGE_LOOP('',(#121,#122,#123,#124,#125,#126));
#316=EDGE_LOOP('',(#127,#128,#129,#130));
#317=EDGE_LOOP('',(#131,#132,#133,#134));
#318=EDGE_LOOP('',(#135,#136,#137,#138,#139,#140,#141,#142));
#319=EDGE_LOOP('',(#143));
#320=EDGE_LOOP('',(#144,#145,#146,#147));
#321=EDGE_LOOP('',(#148,#149,#150));
#322=EDGE_LOOP('',(#151,#152,#153,#154));
#323=EDGE_LOOP('',(#155,#156,#157,#158));
#324=EDGE_LOOP('',(#159,#160,#161));
#325=EDGE_LOOP('',(#162,#163,#164));
#326=EDGE_LOOP('',(#165,#166,#167,#168));
#327=EDGE_LOOP('',(#169,#170,#171,#172));
#328=EDGE_LOOP('',(#173,#174,#175));
#329=EDGE_LOOP('',(#176,#177,#178,#179));
#330=EDGE_LOOP('',(#180,#181,#182,#183));
#331=EDGE_LOOP('',(#184,#185,#186,#187));
#332=EDGE_LOOP('',(#188,#189,#190,#191,#192,#193));
#333=FACE_BOUND('',#307,.T.);
#334=FACE_BOUND('',#308,.T.);
#335=FACE_BOUND('',#309,.T.);
#336=FACE_BOUND('',#310,.T.);
#337=FACE_BOUND('',#311,.T.);
#338=FACE_BOUND('',#312,.T.);
#339=FACE_BOUND('',#313,.T.);
#340=FACE_BOUND('',#314,.T.);
#341=FACE_BOUND('',#315,.T.);
#342=FACE_BOUND('',#316,.T.);
#343=FACE_BOUND('',#317,.T.);
#344=FACE_BOUND('',#318,.T.);
#345=FACE_BOUND('',#319,.T.);
#346=FACE_BOUND('',#320,.T.);
#347=FACE_BOUND('',#321,.T.);
#348=FACE_BOUND('',#322,.T.);
#349=FACE_BOUND('',#323,.T.);
#350=FACE_BOUND('',#324,.T.);
#351=FACE_BOUND('',#325,.T.);
#352=FACE_BOUND('',#326,.T.);
#353=FACE_BOUND('',#327,.T.);
#354=FACE_BOUND('',#328,.T.);
#355=FACE_BOUND('',#329,.T.);
#356=FACE_BOUND('',#330,.T.);
#357=FACE_BOUND('',#331,.T.);
#358=FACE_BOUND('',#332,.T.);
#359=PLANE('',#564);
#360=PLANE('',#565);
#361=PLANE('',#568);
#362=PLANE('',#569);
#363=PLANE('',#570);
#364=PLANE('',#571);
#365=PLANE('',#578);
#366=PLANE('',#579);
#367=PLANE('',#580);
#368=PLANE('',#581);
#369=PLANE('',#582);
#370=OVER_RIDING_STYLED_ITEM('',(#421),#394,#419);
#371=OVER_RIDING_STYLED_ITEM('',(#422),#395,#419);
#372=OVER_RIDING_STYLED_ITEM('',(#423),#396,#419);
#373=OVER_RIDING_STYLED_ITEM('',(#424),#397,#419);
#374=OVER_RIDING_STYLED_ITEM('',(#425),#398,#419);
#375=OVER_RIDING_STYLED_ITEM('',(#426),#399,#419);
#376=OVER_RIDING_STYLED_ITEM('',(#427),#401,#419);
#377=OVER_RIDING_STYLED_ITEM('',(#428),#402,#419);
#378=OVER_RIDING_STYLED_ITEM('',(#429),#403,#419);
#379=OVER_RIDING_STYLED_ITEM('',(#430),#405,#419);
#380=OVER_RIDING_STYLED_ITEM('',(#431),#406,#419);
#381=OVER_RIDING_STYLED_ITEM('',(#432),#407,#419);
#382=OVER_RIDING_STYLED_ITEM('',(#433),#408,#419);
#383=OVER_RIDING_STYLED_ITEM('',(#434),#409,#419);
#384=OVER_RIDING_STYLED_ITEM('',(#435),#410,#419);
#385=OVER_RIDING_STYLED_ITEM('',(#436),#411,#419);
#386=OVER_RIDING_STYLED_ITEM('',(#437),#412,#419);
#387=OVER_RIDING_STYLED_ITEM('',(#438),#413,#419);
#388=OVER_RIDING_STYLED_ITEM('',(#439),#414,#419);
#389=OVER_RIDING_STYLED_ITEM('',(#440),#415,#419);
#390=OVER_RIDING_STYLED_ITEM('',(#441),#416,#419);
#391=OVER_RIDING_STYLED_ITEM('',(#442),#417,#419);
#392=DRAUGHTING_PRE_DEFINED_COLOUR('white');
#393=DRAUGHTING_PRE_DEFINED_COLOUR('red');
#394=ADVANCED_FACE('Face appearance 3',(#333,#334),#359,.T.);
#395=ADVANCED_FACE('Face appearance 4',(#335),#360,.T.);
#396=ADVANCED_FACE('Face appearance 4',(#336),#361,.F.);
#397=ADVANCED_FACE('Face appearance 4',(#337),#362,.T.);
#398=ADVANCED_FACE('Face appearance 4',(#338),#363,.F.);
#399=ADVANCED_FACE('Face appearance 1',(#339),#21,.F.);
#400=ADVANCED_FACE('',(#340),#364,.F.);
#401=ADVANCED_FACE('Face appearance 4',(#341),#18,.T.);
#402=ADVANCED_FACE('Face appearance 4',(#342),#19,.T.);
#403=ADVANCED_FACE('Face appearance 4',(#343),#20,.T.);
#404=ADVANCED_FACE('',(#344,#345),#22,.F.);
#405=ADVANCED_FACE('Face appearance 2',(#346),#365,.T.);
#406=ADVANCED_FACE('Face appearance 2',(#347),#23,.T.);
#407=ADVANCED_FACE('Face appearance 2',(#348),#12,.T.);
#408=ADVANCED_FACE('Face appearance 2',(#349),#13,.T.);
#409=ADVANCED_FACE('Face appearance 2',(#350),#24,.T.);
#410=ADVANCED_FACE('Face appearance 2',(#351),#25,.T.);
#411=ADVANCED_FACE('Face appearance 2',(#352),#14,.T.);
#412=ADVANCED_FACE('Face appearance 2',(#353),#15,.T.);
#413=ADVANCED_FACE('Face appearance 2',(#354),#26,.T.);
#414=ADVANCED_FACE('Face appearance 4',(#355),#366,.F.);
#415=ADVANCED_FACE('Face appearance 4',(#356),#367,.T.);
#416=ADVANCED_FACE('Face appearance 4',(#357),#368,.T.);
#417=ADVANCED_FACE('Face appearance 4',(#358),#369,.F.);
#418=CLOSED_SHELL('',(#394,#395,#396,#397,#398,#399,#400,#401,#402,#403,
#404,#405,#406,#407,#408,#409,#410,#411,#412,#413,#414,#415,#416,#417));
#419=STYLED_ITEM('',(#420),#560);
#420=PRESENTATION_STYLE_ASSIGNMENT((#443));
#421=PRESENTATION_STYLE_ASSIGNMENT((#444));
#422=PRESENTATION_STYLE_ASSIGNMENT((#445));
#423=PRESENTATION_STYLE_ASSIGNMENT((#446));
#424=PRESENTATION_STYLE_ASSIGNMENT((#447));
#425=PRESENTATION_STYLE_ASSIGNMENT((#448));
#426=PRESENTATION_STYLE_ASSIGNMENT((#449));
#427=PRESENTATION_STYLE_ASSIGNMENT((#450));
#428=PRESENTATION_STYLE_ASSIGNMENT((#451));
#429=PRESENTATION_STYLE_ASSIGNMENT((#452));
#430=PRESENTATION_STYLE_ASSIGNMENT((#453));
#431=PRESENTATION_STYLE_ASSIGNMENT((#454));
#432=PRESENTATION_STYLE_ASSIGNMENT((#455));
#433=PRESENTATION_STYLE_ASSIGNMENT((#456));
#434=PRESENTATION_STYLE_ASSIGNMENT((#457));
#435=PRESENTATION_STYLE_ASSIGNMENT((#458));
#436=PRESENTATION_STYLE_ASSIGNMENT((#459));
#437=PRESENTATION_STYLE_ASSIGNMENT((#460));
#438=PRESENTATION_STYLE_ASSIGNMENT((#461));
#439=PRESENTATION_STYLE_ASSIGNMENT((#462));
#440=PRESENTATION_STYLE_ASSIGNMENT((#463));
#441=PRESENTATION_STYLE_ASSIGNMENT((#464));
#442=PRESENTATION_STYLE_ASSIGNMENT((#465));
#443=SURFACE_STYLE_USAGE(.BOTH.,#466);
#444=SURFACE_STYLE_USAGE(.BOTH.,#467);
#445=SURFACE_STYLE_USAGE(.BOTH.,#468);
#446=SURFACE_STYLE_USAGE(.BOTH.,#469);
#447=SURFACE_STYLE_USAGE(.BOTH.,#470);
#448=SURFACE_STYLE_USAGE(.BOTH.,#471);
#449=SURFACE_STYLE_USAGE(.BOTH.,#472);
#450=SURFACE_STYLE_USAGE(.BOTH.,#473);
#451=SURFACE_STYLE_USAGE(.BOTH.,#474);
#452=SURFACE_STYLE_USAGE(.BOTH.,#475);
#453=SURFACE_STYLE_USAGE(.BOTH.,#476);
#454=SURFACE_STYLE_USAGE(.BOTH.,#477);
#455=SURFACE_STYLE_USAGE(.BOTH.,#478);
#456=SURFACE_STYLE_USAGE(.BOTH.,#479);
#457=SURFACE_STYLE_USAGE(.BOTH.,#480);
#458=SURFACE_STYLE_USAGE(.BOTH.,#481);
#459=SURFACE_STYLE_USAGE(.BOTH.,#482);
#460=SURFACE_STYLE_USAGE(.BOTH.,#483);
#461=SURFACE_STYLE_USAGE(.BOTH.,#484);
#462=SURFACE_STYLE_USAGE(.BOTH.,#485);
#463=SURFACE_STYLE_USAGE(.BOTH.,#486);
#464=SURFACE_STYLE_USAGE(.BOTH.,#487);
#465=SURFACE_STYLE_USAGE(.BOTH.,#488);
#466=SURFACE_SIDE_STYLE('',(#489));
#467=SURFACE_SIDE_STYLE('',(#490));
#468=SURFACE_SIDE_STYLE('',(#491));
#469=SURFACE_SIDE_STYLE('',(#492));
#470=SURFACE_SIDE_STYLE('',(#493));
#471=SURFACE_SIDE_STYLE('',(#494));
#472=SURFACE_SIDE_STYLE('',(#495));
#473=SURFACE_SIDE_STYLE('',(#496));
#474=SURFACE_SIDE_STYLE('',(#497));
#475=SURFACE_SIDE_STYLE('',(#498));
#476=SURFACE_SIDE_STYLE('',(#499));
#477=SURFACE_SIDE_STYLE('',(#500));
#478=SURFACE_SIDE_STYLE('',(#501));
#479=SURFACE_SIDE_STYLE('',(#502));
#480=SURFACE_SIDE_STYLE('',(#503));
#481=SURFACE_SIDE_STYLE('',(#504));
#482=SURFACE_SIDE_STYLE('',(#505));
#483=SURFACE_SIDE_STYLE('',(#506));
#484=SURFACE_SIDE_STYLE('',(#507));
#485=SURFACE_SIDE_STYLE('',(#508));
#486=SURFACE_SIDE_STYLE('',(#509));
#487=SURFACE_SIDE_STYLE('',(#510));
#488=SURFACE_SIDE_STYLE('',(#511));
#489=SURFACE_STYLE_FILL_AREA(#512);
#490=SURFACE_STYLE_FILL_AREA(#513);
#491=SURFACE_STYLE_FILL_AREA(#514);
#492=SURFACE_STYLE_FILL_AREA(#515);
#493=SURFACE_STYLE_FILL_AREA(#516);
#494=SURFACE_STYLE_FILL_AREA(#517);
#495=SURFACE_STYLE_FILL_AREA(#518);
#496=SURFACE_STYLE_FILL_AREA(#519);
#497=SURFACE_STYLE_FILL_AREA(#520);
#498=SURFACE_STYLE_FILL_AREA(#521);
#499=SURFACE_STYLE_FILL_AREA(#522);
#500=SURFACE_STYLE_FILL_AREA(#523);
#501=SURFACE_STYLE_FILL_AREA(#524);
#502=SURFACE_STYLE_FILL_AREA(#525);
#503=SURFACE_STYLE_FILL_AREA(#526);
#504=SURFACE_STYLE_FILL_AREA(#527);
#505=SURFACE_STYLE_FILL_AREA(#528);
#506=SURFACE_STYLE_FILL_AREA(#529);
#507=SURFACE_STYLE_FILL_AREA(#530);
#508=SURFACE_STYLE_FILL_AREA(#531);
#509=SURFACE_STYLE_FILL_AREA(#532);
#510=SURFACE_STYLE_FILL_AREA(#533);
#511=SURFACE_STYLE_FILL_AREA(#534);
#512=FILL_AREA_STYLE('',(#535));
#513=FILL_AREA_STYLE('',(#536));
#514=FILL_AREA_STYLE('',(#537));
#515=FILL_AREA_STYLE('',(#538));
#516=FILL_AREA_STYLE('',(#539));
#517=FILL_AREA_STYLE('',(#540));
#518=FILL_AREA_STYLE('',(#541));
#519=FILL_AREA_STYLE('',(#542));
#520=FILL_AREA_STYLE('',(#543));
#521=FILL_AREA_STYLE('',(#544));
#522=FILL_AREA_STYLE('',(#545));
#523=FILL_AREA_STYLE('',(#546));
#524=FILL_AREA_STYLE('',(#547));
#525=FILL_AREA_STYLE('',(#548));
#526=FILL_AREA_STYLE('',(#549));
#527=FILL_AREA_STYLE('',(#550));
#528=FILL_AREA_STYLE('',(#551));
#529=FILL_AREA_STYLE('',(#552));
#530=FILL_AREA_STYLE('',(#553));
#531=FILL_AREA_STYLE('',(#554));
#532=FILL_AREA_STYLE('',(#555));
#533=FILL_AREA_STYLE('',(#556));
#534=FILL_AREA_STYLE('',(#557));
#535=FILL_AREA_STYLE_COLOUR('',#558);
#536=FILL_AREA_STYLE_COLOUR('',#392);
#537=FILL_AREA_STYLE_COLOUR('',#559);
#538=FILL_AREA_STYLE_COLOUR('',#559);
#539=FILL_AREA_STYLE_COLOUR('',#559);
#540=FILL_AREA_STYLE_COLOUR('',#559);
#541=FILL_AREA_STYLE_COLOUR('',#393);
#542=FILL_AREA_STYLE_COLOUR('',#559);
#543=FILL_AREA_STYLE_COLOUR('',#559);
#544=FILL_AREA_STYLE_COLOUR('',#559);
#545=FILL_AREA_STYLE_COLOUR('',#392);
#546=FILL_AREA_STYLE_COLOUR('',#392);
#547=FILL_AREA_STYLE_COLOUR('',#392);
#548=FILL_AREA_STYLE_COLOUR('',#392);
#549=FILL_AREA_STYLE_COLOUR('',#392);
#550=FILL_AREA_STYLE_COLOUR('',#392);
#551=FILL_AREA_STYLE_COLOUR('',#392);
#552=FILL_AREA_STYLE_COLOUR('',#392);
#553=FILL_AREA_STYLE_COLOUR('',#392);
#554=FILL_AREA_STYLE_COLOUR('',#559);
#555=FILL_AREA_STYLE_COLOUR('',#559);
#556=FILL_AREA_STYLE_COLOUR('',#559);
#557=FILL_AREA_STYLE_COLOUR('',#559);
#558=COLOUR_RGB('',0.615686274509804,0.811764705882353,0.929411764705882);
#559=COLOUR_RGB('',0.419607843137255,0.258823529411765,0.149019607843137);
#560=MANIFOLD_SOLID_BREP('Part 1',#418);
#561=SHAPE_DEFINITION_REPRESENTATION(#2257,#562);
#562=SHAPE_REPRESENTATION('Part 1',(#563),#2252);
#563=AXIS2_PLACEMENT_3D('',#650,#583,#584);
#564=AXIS2_PLACEMENT_3D('',#651,#585,#586);
#565=AXIS2_PLACEMENT_3D('',#676,#593,#594);
#566=AXIS2_PLACEMENT_3D('',#680,#596,#597);
#567=AXIS2_PLACEMENT_3D('',#689,#598,#599);
#568=AXIS2_PLACEMENT_3D('',#694,#602,#603);
#569=AXIS2_PLACEMENT_3D('',#704,#609,#610);
#570=AXIS2_PLACEMENT_3D('',#710,#614,#615);
#571=AXIS2_PLACEMENT_3D('',#749,#620,#621);
#572=AXIS2_PLACEMENT_3D('',#750,#622,#623);
#573=AXIS2_PLACEMENT_3D('',#751,#624,#625);
#574=AXIS2_PLACEMENT_3D('',#752,#626,#627);
#575=AXIS2_PLACEMENT_3D('',#753,#628,#629);
#576=AXIS2_PLACEMENT_3D('',#754,#630,#631);
#577=AXIS2_PLACEMENT_3D('',#756,#633,#634);
#578=AXIS2_PLACEMENT_3D('',#837,#635,#636);
#579=AXIS2_PLACEMENT_3D('',#2240,#637,#638);
#580=AXIS2_PLACEMENT_3D('',#2246,#642,#643);
#581=AXIS2_PLACEMENT_3D('',#2249,#646,#647);
#582=AXIS2_PLACEMENT_3D('',#2250,#648,#649);
#583=DIRECTION('',(0.,0.,1.));
#584=DIRECTION('',(1.,0.,0.));
#585=DIRECTION('',(0.,0.,1.));
#586=DIRECTION('',(1.,0.,0.));
#587=DIRECTION('',(-1.,0.,0.));
#588=DIRECTION('',(9.91270557701033E-17,1.,0.));
#589=DIRECTION('',(-1.,0.,0.));
#590=DIRECTION('',(9.91270557701033E-17,1.,0.));
#591=DIRECTION('',(1.,0.,0.));
#592=DIRECTION('',(0.,-1.,0.));
#593=DIRECTION('',(0.,-1.,0.));
#594=DIRECTION('',(0.,0.,-1.));
#595=DIRECTION('',(0.,0.,-1.));
#596=DIRECTION('',(0.,-1.,0.));
#597=DIRECTION('',(0.,0.,-1.));
#598=DIRECTION('',(0.,-1.,0.));
#599=DIRECTION('',(0.,0.,-1.));
#600=DIRECTION('',(0.,0.,-1.));
#601=DIRECTION('',(-1.,0.,0.));
#602=DIRECTION('',(-1.,9.91270557701033E-17,0.));
#603=DIRECTION('',(-9.91270557701033E-17,-1.,0.));
#604=DIRECTION('',(9.91270557701033E-17,1.,0.));
#605=DIRECTION('',(0.,0.,-1.));
#606=DIRECTION('',(0.,-1.,0.));
#607=DIRECTION('',(0.,0.,-1.));
#608=DIRECTION('',(9.91270557701033E-17,1.,0.));
#609=DIRECTION('',(-1.,9.91270557701033E-17,0.));
#610=DIRECTION('',(-9.91270557701033E-17,-1.,0.));
#611=DIRECTION('',(9.91270557701033E-17,1.,0.));
#612=DIRECTION('',(0.,0.,-1.));
#613=DIRECTION('',(9.91270557701033E-17,1.,0.));
#614=DIRECTION('',(0.,0.,1.));
#615=DIRECTION('',(1.,0.,0.));
#616=DIRECTION('',(-1.,0.,0.));
#617=DIRECTION('',(0.,-1.,0.));
#618=DIRECTION('',(-1.,0.,0.));
#619=DIRECTION('',(0.,-1.,0.));
#620=DIRECTION('',(0.,-1.,0.));
#621=DIRECTION('',(1.,0.,0.));
#622=DIRECTION('',(0.,-1.,0.));
#623=DIRECTION('',(0.,0.,-1.));
#624=DIRECTION('',(9.91270557701033E-17,1.,0.));
#625=DIRECTION('',(-1.,9.91270557701033E-17,0.));
#626=DIRECTION('',(0.707106781186548,0.707106781186548,0.));
#627=DIRECTION('',(-0.707106781186548,0.707106781186548,0.));
#628=DIRECTION('',(1.,0.,0.));
#629=DIRECTION('',(0.,0.,-1.));
#630=DIRECTION('',(0.707106781186548,-0.707106781186548,0.));
#631=DIRECTION('',(0.707106781186548,0.707106781186548,0.));
#632=DIRECTION('',(-1.,0.,0.));
#633=DIRECTION('',(-9.91270557701033E-17,-1.,0.));
#634=DIRECTION('',(1.,-9.91270557701033E-17,0.));
#635=DIRECTION('',(0.,0.,1.));
#636=DIRECTION('',(1.,0.,0.));
#637=DIRECTION('',(1.,0.,-1.38777878078145E-16));
#638=DIRECTION('',(-1.38777878078145E-16,0.,-1.));
#639=DIRECTION('',(1.38777878078145E-16,0.,1.));
#640=DIRECTION('',(0.,-1.,0.));
#641=DIRECTION('',(1.38777878078145E-16,0.,1.));
#642=DIRECTION('',(0.,0.,1.));
#643=DIRECTION('',(1.,0.,0.));
#644=DIRECTION('',(-1.,0.,0.));
#645=DIRECTION('',(-1.,0.,0.));
#646=DIRECTION('',(0.,1.,0.));
#647=DIRECTION('',(-1.,0.,0.));
#648=DIRECTION('',(0.,1.,0.));
#649=DIRECTION('',(-1.,0.,0.));
#650=CARTESIAN_POINT('',(0.,0.,0.));
#651=CARTESIAN_POINT('',(0.,0.,0.025));
#652=CARTESIAN_POINT('',(-0.00995625938985503,0.0320308694732343,0.025));
#653=CARTESIAN_POINT('',(-0.0110922540549468,0.0311577193110753,0.025));
#654=CARTESIAN_POINT('',(-0.0108055376575979,0.0275329022568494,0.025));
#655=CARTESIAN_POINT('',(-0.011522800772295,0.0210317407944739,0.025));
#656=CARTESIAN_POINT('',(1.58434807558799E-6,0.0232331387124408,0.025));
#657=CARTESIAN_POINT('',(0.00859587232336631,0.0215802946452095,0.025));
#658=CARTESIAN_POINT('',(0.00853068250919229,0.0269870864534587,0.025));
#659=CARTESIAN_POINT('',(0.00881244084184154,0.0339586767303921,0.025));
#660=CARTESIAN_POINT('',(3.63893392617505E-6,0.0319443176827004,0.025));
#661=CARTESIAN_POINT('',(-0.00828896629487556,0.0333123871431524,0.025));
#662=CARTESIAN_POINT('',(-0.00995625938985503,0.0320308694732343,0.025));
#663=CARTESIAN_POINT('',(-0.00995625938985503,0.0320308694732343,0.025));
#664=CARTESIAN_POINT('',(-3.46944695195361E-18,-0.035,0.025));
#665=CARTESIAN_POINT('',(0.019,-0.035,0.025));
#666=CARTESIAN_POINT('',(0.0186995287041271,-0.035,0.0250000000390422));
#667=CARTESIAN_POINT('',(0.019,0.035,0.025));
#668=CARTESIAN_POINT('',(0.019,0.034,0.025));
#669=CARTESIAN_POINT('',(-0.02,0.034,0.025));
#670=CARTESIAN_POINT('',(-0.019,0.034,0.025));
#671=CARTESIAN_POINT('',(-0.019,1.88341405963196E-18,0.025));
#672=CARTESIAN_POINT('',(-0.019,0.02,0.025));
#673=CARTESIAN_POINT('',(0.,0.02,0.025));
#674=CARTESIAN_POINT('',(0.0186995287041271,0.02,0.025));
#675=CARTESIAN_POINT('',(0.0186995286494494,0.02,0.025));
#676=CARTESIAN_POINT('',(-3.46944695195361E-18,-0.035,0.025));
#677=CARTESIAN_POINT('',(0.02,-0.035,0.025));
#678=CARTESIAN_POINT('',(0.02,-0.035,0.024));
#679=CARTESIAN_POINT('',(0.02,-0.035,0.));
#680=CARTESIAN_POINT('',(0.019,-0.035,0.024));
#681=CARTESIAN_POINT('',(-0.0190348476171493,-0.035,0.025));
#682=CARTESIAN_POINT('',(-0.020307024989343,-0.035,0.0258638819625326));
#683=CARTESIAN_POINT('',(-0.0141631715913931,-0.035,0.0299474980585536));
#684=CARTESIAN_POINT('',(0.0131522170226947,-0.035,0.0315625763552363));
#685=CARTESIAN_POINT('',(0.0258372156829948,-0.035,0.021880152496523));
#686=CARTESIAN_POINT('',(-0.0152515209153187,-0.035,0.0224309025081591));
#687=CARTESIAN_POINT('',(-0.0190348476171493,-0.035,0.025));
#688=CARTESIAN_POINT('',(-0.0190339959039644,-0.035,0.0249994219721987));
#689=CARTESIAN_POINT('',(-0.019,-0.035,0.024));
#690=CARTESIAN_POINT('',(-0.02,-0.035,0.024));
#691=CARTESIAN_POINT('',(-0.02,-0.035,0.025));
#692=CARTESIAN_POINT('',(-0.02,-0.035,0.));
#693=CARTESIAN_POINT('',(-3.46944695195361E-18,-0.035,0.));
#694=CARTESIAN_POINT('',(0.02,0.,0.025));
#695=CARTESIAN_POINT('',(0.02,0.,0.));
#696=CARTESIAN_POINT('',(0.02,0.04,0.));
#697=CARTESIAN_POINT('',(0.02,0.04,0.025));
#698=CARTESIAN_POINT('',(0.02,0.04,0.05));
#699=CARTESIAN_POINT('',(0.02,0.04,0.05));
#700=CARTESIAN_POINT('',(0.02,0.035,0.05));
#701=CARTESIAN_POINT('',(0.02,0.035,0.025));
#702=CARTESIAN_POINT('',(0.02,0.035,0.024));
#703=CARTESIAN_POINT('',(0.02,-0.035,0.024));
#704=CARTESIAN_POINT('',(-0.02,0.,0.025));
#705=CARTESIAN_POINT('',(-0.02,0.,0.024));
#706=CARTESIAN_POINT('',(-0.02,0.035,0.024));
#707=CARTESIAN_POINT('',(-0.02,0.035,0.025));
#708=CARTESIAN_POINT('',(-0.02,0.035,0.));
#709=CARTESIAN_POINT('',(-0.02,0.,0.));
#710=CARTESIAN_POINT('',(0.,0.,0.));
#711=CARTESIAN_POINT('',(3.46944695195361E-18,0.035,0.));
#712=CARTESIAN_POINT('',(-0.02006,0.035,0.));
#713=CARTESIAN_POINT('',(-0.02006,0.04,0.));
#714=CARTESIAN_POINT('',(-0.02006,0.04,0.));
#715=CARTESIAN_POINT('',(3.46944695195361E-18,0.04,0.));
#716=CARTESIAN_POINT('',(-0.0190339959072268,0.02,0.0249994219744116));
#717=CARTESIAN_POINT('',(-0.0190339959072268,-0.035,0.0249994219744116));
#718=CARTESIAN_POINT('',(-0.0197995501079454,0.02,0.0255186762053331));
#719=CARTESIAN_POINT('',(-0.0197995501079454,-0.035,0.0255186762053331));
#720=CARTESIAN_POINT('',(-0.0193549604845793,0.02,0.0264300896553697));
#721=CARTESIAN_POINT('',(-0.0193549604845793,-0.035,0.0264300896553697));
#722=CARTESIAN_POINT('',(-0.0167738167068068,0.02,0.0276166361482741));
#723=CARTESIAN_POINT('',(-0.0167738167068068,-0.035,0.0276166361482741));
#724=CARTESIAN_POINT('',(-0.0132936840167352,0.02,0.0286769804942934));
#725=CARTESIAN_POINT('',(-0.0132936840167352,-0.035,0.0286769804942934));
#726=CARTESIAN_POINT('',(-0.00769655876942387,0.02,0.0296861497441598));
#727=CARTESIAN_POINT('',(-0.00769655876942387,-0.035,0.0296861497441598));
#728=CARTESIAN_POINT('',(3.1069875120561E-5,0.02,0.0302808701443644));
#729=CARTESIAN_POINT('',(3.1069875120561E-5,-0.035,0.0302808701443644));
#730=CARTESIAN_POINT('',(0.00775033372926421,0.02,0.0301284334520074));
#731=CARTESIAN_POINT('',(0.00775033372926421,-0.035,0.0301284334520074));
#732=CARTESIAN_POINT('',(0.0144280888935674,0.02,0.0291250846952096));
#733=CARTESIAN_POINT('',(0.0144280888935674,-0.035,0.0291250846952096));
#734=CARTESIAN_POINT('',(0.0191213809840502,0.02,0.0270792008034463));
#735=CARTESIAN_POINT('',(0.0191213809840502,-0.035,0.0270792008034463));
#736=CARTESIAN_POINT('',(0.0195398795812848,0.02,0.0256000458184393));
#737=CARTESIAN_POINT('',(0.0195398795812848,-0.035,0.0256000458184393));
#738=CARTESIAN_POINT('',(0.0186995287032823,0.02,0.025000000038439));
#739=CARTESIAN_POINT('',(0.0186995287032823,-0.035,0.025000000038439));
#740=CARTESIAN_POINT('',(-0.0190348476171493,0.02,0.025));
#741=CARTESIAN_POINT('',(-0.020307024989343,0.02,0.0258638819625326));
#742=CARTESIAN_POINT('',(-0.0141631715913931,0.02,0.0299474980585536));
#743=CARTESIAN_POINT('',(0.0131522170226947,0.02,0.0315625763552363));
#744=CARTESIAN_POINT('',(0.0258372156829948,0.02,0.021880152496523));
#745=CARTESIAN_POINT('',(-0.0152515209153187,0.02,0.0224309025081591));
#746=CARTESIAN_POINT('',(-0.0190348476171493,0.02,0.025));
#747=CARTESIAN_POINT('',(-0.0190339959039636,0.02,0.0249994219721982));
#748=CARTESIAN_POINT('',(-0.0190339959039644,0.02,0.0249994219721987));
#749=CARTESIAN_POINT('',(-3.46944695195361E-18,0.02,0.0151758593923511));
#750=CARTESIAN_POINT('',(-0.019,0.02,0.024));
#751=CARTESIAN_POINT('',(-0.019,-9.91270557701033E-20,0.024));
#752=CARTESIAN_POINT('',(-0.019,0.034,0.024));
#753=CARTESIAN_POINT('',(0.,0.034,0.024));
#754=CARTESIAN_POINT('',(0.019,0.034,0.024));
#755=CARTESIAN_POINT('',(0.02,0.035,0.024));
#756=CARTESIAN_POINT('',(0.019,-1.88341405963196E-18,0.024));
#757=CARTESIAN_POINT('',(-0.00995625938985503,0.0320308694732343,0.0270000000000355));
#758=CARTESIAN_POINT('',(-0.00995625938985503,0.0320308694732343,0.025));
#759=CARTESIAN_POINT('',(-0.0110922540549468,0.0311577193110753,0.0270000000000355));
#760=CARTESIAN_POINT('',(-0.0110922540549468,0.0311577193110753,0.025));
#761=CARTESIAN_POINT('',(-0.0108055376575979,0.0275329022568494,0.0270000000000355));
#762=CARTESIAN_POINT('',(-0.0108055376575979,0.0275329022568494,0.025));
#763=CARTESIAN_POINT('',(-0.011522800772295,0.0210317407944739,0.0270000000000355));
#764=CARTESIAN_POINT('',(-0.011522800772295,0.0210317407944739,0.025));
#765=CARTESIAN_POINT('',(1.58434807558799E-6,0.0232331387124408,0.0270000000000355));
#766=CARTESIAN_POINT('',(1.58434807558799E-6,0.0232331387124408,0.025));
#767=CARTESIAN_POINT('',(0.00859587232336631,0.0215802946452095,0.0270000000000355));
#768=CARTESIAN_POINT('',(0.00859587232336631,0.0215802946452095,0.025));
#769=CARTESIAN_POINT('',(0.00853068250919229,0.0269870864534587,0.0270000000000355));
#770=CARTESIAN_POINT('',(0.00853068250919229,0.0269870864534587,0.025));
#771=CARTESIAN_POINT('',(0.00881244084184154,0.0339586767303921,0.0270000000000355));
#772=CARTESIAN_POINT('',(0.00881244084184154,0.0339586767303921,0.025));
#773=CARTESIAN_POINT('',(3.63893392617505E-6,0.0319443176827004,0.0270000000000355));
#774=CARTESIAN_POINT('',(3.63893392617505E-6,0.0319443176827004,0.025));
#775=CARTESIAN_POINT('',(-0.00828896629487556,0.0333123871431524,0.0270000000000355));
#776=CARTESIAN_POINT('',(-0.00828896629487556,0.0333123871431524,0.025));
#777=CARTESIAN_POINT('',(-0.00995625938985503,0.0320308694732343,0.0270000000000355));
#778=CARTESIAN_POINT('',(-0.00995625938985503,0.0320308694732343,0.025));
#779=CARTESIAN_POINT('',(-0.0108744038458707,0.0301912648245509,0.0270000000000355));
#780=CARTESIAN_POINT('',(-0.010783180045317,0.030803159490928,0.0270000000000355));
#781=CARTESIAN_POINT('',(-0.0104377317246914,0.0318845786994371,0.0270000000000355));
#782=CARTESIAN_POINT('',(-0.00935893258967703,0.0324218558424901,0.0270000000000355));
#783=CARTESIAN_POINT('',(-0.00865932161309466,0.0325792581115209,0.0270000000000355));
#784=CARTESIAN_POINT('',(-0.0108744038458707,0.0301912648245509,0.0270000000000355));
#785=CARTESIAN_POINT('',(-0.00865932161309466,0.0325792581115209,0.0270000000000355));
#786=CARTESIAN_POINT('',(-0.00865932161309466,0.0325792581115209,0.027));
#787=CARTESIAN_POINT('',(-0.00805269918816528,0.0327157393110219,0.027));
#788=CARTESIAN_POINT('',(-0.00683543283023057,0.0328105375387863,0.027));
#789=CARTESIAN_POINT('',(-0.00439602188959154,0.0327857490213566,0.027));
#790=CARTESIAN_POINT('',(-0.00195414287784307,0.0326438278431505,0.027));
#791=CARTESIAN_POINT('',(0.000485171657929595,0.0326485242651056,0.027));
#792=CARTESIAN_POINT('',(0.00231279919700061,0.032766601887652,0.027));
#793=CARTESIAN_POINT('',(0.00414013288003256,0.0329022395656348,0.027));
#794=CARTESIAN_POINT('',(0.00535945925241617,0.0329254525469487,0.027));
#795=CARTESIAN_POINT('',(0.00597047688524003,0.0328545034709253,0.027));
#796=CARTESIAN_POINT('',(0.00597047688523991,0.0328545034709253,0.0270000000000355));
#797=CARTESIAN_POINT('',(0.00597047688523992,0.0328545034709253,0.0270000000000355));
#798=CARTESIAN_POINT('',(0.00666810443005756,0.0327734975767344,0.0270000000000355));
#799=CARTESIAN_POINT('',(0.00780726057385293,0.0323957884858509,0.0270000000000355));
#800=CARTESIAN_POINT('',(0.00828041400504356,0.0312816680896612,0.0270000000000355));
#801=CARTESIAN_POINT('',(0.00841749419647663,0.0306259536951903,0.0270000000000355));
#802=CARTESIAN_POINT('',(0.00841749419647663,0.0306259536951903,0.027));
#803=CARTESIAN_POINT('',(0.00841749419647663,0.0306259536951903,0.027));
#804=CARTESIAN_POINT('',(0.00861854490650598,0.0296642404181601,0.027));
#805=CARTESIAN_POINT('',(0.00859812391968762,0.0282114252674678,0.027));
#806=CARTESIAN_POINT('',(0.00857194075443239,0.0262744246329051,0.027));
#807=CARTESIAN_POINT('',(0.00854401477133098,0.0253053645414379,0.027));
#808=CARTESIAN_POINT('',(0.0084839707637558,0.0248239662878396,0.027));
#809=CARTESIAN_POINT('',(0.0084839707637558,0.0248239662878396,0.0270000000000355));
#810=CARTESIAN_POINT('',(0.0084839707637558,0.0248239662878396,0.0270000000000355));
#811=CARTESIAN_POINT('',(0.00839689722747694,0.024125860848312,0.0270000000000355));
#812=CARTESIAN_POINT('',(0.0080500183996983,0.0229478066656775,0.0270000000000355));
#813=CARTESIAN_POINT('',(0.00686122735164732,0.022540271268038,0.0270000000000355));
#814=CARTESIAN_POINT('',(0.0060903070952995,0.0224562952449314,0.0270000000000355));
#815=CARTESIAN_POINT('',(0.00609030709529952,0.0224562952449314,0.027));
#816=CARTESIAN_POINT('',(0.00609030709529952,0.0224562952449314,0.027));
#817=CARTESIAN_POINT('',(0.00547382385977967,0.0223891419823139,0.027));
#818=CARTESIAN_POINT('',(0.00424262950912088,0.0223983455618449,0.027));
#819=CARTESIAN_POINT('',(0.00178177380281302,0.022525320882146,0.027));
#820=CARTESIAN_POINT('',(-0.00129711085153202,0.0225511140453529,0.027));
#821=CARTESIAN_POINT('',(-0.00437092128864118,0.0222725307015943,0.027));
#822=CARTESIAN_POINT('',(-0.0068323792350591,0.022177765821074,0.027));
#823=CARTESIAN_POINT('',(-0.00806529397532976,0.0222335226522458,0.027));
#824=CARTESIAN_POINT('',(-0.00868358323852267,0.0223490375565999,0.027));
#825=CARTESIAN_POINT('',(-0.00868358323852245,0.0223490375565999,0.0270000000000355));
#826=CARTESIAN_POINT('',(-0.00868358323852246,0.0223490375565999,0.0270000000000355));
#827=CARTESIAN_POINT('',(-0.00943215543007767,0.0224888932038791,0.0270000000000355));
#828=CARTESIAN_POINT('',(-0.0105796629727802,0.0230191753718835,0.0270000000000355));
#829=CARTESIAN_POINT('',(-0.010898989967717,0.0241778889010246,0.0270000000000355));
#830=CARTESIAN_POINT('',(-0.0109690972461943,0.0248327805805693,0.0270000000000355));
#831=CARTESIAN_POINT('',(-0.0109690972461944,0.0248327805805693,0.027));
#832=CARTESIAN_POINT('',(-0.0109690972461944,0.0248327805805693,0.027));
#833=CARTESIAN_POINT('',(-0.011064914190432,0.0257278334324691,0.027));
#834=CARTESIAN_POINT('',(-0.0109245762936276,0.0275120726382576,0.027));
#835=CARTESIAN_POINT('',(-0.0110072396448588,0.0293002526499702,0.027));
#836=CARTESIAN_POINT('',(-0.0108744038458707,0.0301912648245509,0.027));
#837=CARTESIAN_POINT('',(3.46944695195361E-18,-0.0005,0.03));
#838=CARTESIAN_POINT('',(0.00550451176314752,0.0298863326394296,0.03));
#839=CARTESIAN_POINT('',(0.00494492977539608,0.0299325359365777,0.03));
#840=CARTESIAN_POINT('',(0.00382273544350653,0.0298701129726272,0.03));
#841=CARTESIAN_POINT('',(0.00158799453529678,0.029701867826779,0.03));
#842=CARTESIAN_POINT('',(-0.00121165075872745,0.0296029397895355,0.03));
#843=CARTESIAN_POINT('',(-0.0040076023104972,0.029761855415581,0.03));
#844=CARTESIAN_POINT('',(-0.00624415669565759,0.0298098096485433,0.03));
#845=CARTESIAN_POINT('',(-0.00736125072292071,0.029779546946539,0.03));
#846=CARTESIAN_POINT('',(-0.00791797255760719,0.0296698561437669,0.03));
#847=CARTESIAN_POINT('',(0.00550451176314752,0.0298863326394296,0.03));
#848=CARTESIAN_POINT('',(-0.00791797255760719,0.0296698561437669,0.03));
#849=CARTESIAN_POINT('',(-0.00791797255760826,0.0296698561437667,0.03));
#850=CARTESIAN_POINT('',(-0.00800865369184895,0.0289420385301483,0.03));
#851=CARTESIAN_POINT('',(-0.0079306933386768,0.0274715127882269,0.03));
#852=CARTESIAN_POINT('',(-0.00805224185362587,0.0260084637466267,0.03));
#853=CARTESIAN_POINT('',(-0.00799726282800078,0.0252755171461101,0.03));
#854=CARTESIAN_POINT('',(-0.0079972628280007,0.0252755171461101,0.03));
#855=CARTESIAN_POINT('',(-0.0079972628280007,0.0252755171461101,0.03));
#856=CARTESIAN_POINT('',(-0.0074347238627514,0.0251924258208564,0.03));
#857=CARTESIAN_POINT('',(-0.00630891338914631,0.0251938932601979,0.03));
#858=CARTESIAN_POINT('',(-0.00405623974600515,0.0253092866076044,0.03));
#859=CARTESIAN_POINT('',(-0.00124441178637766,0.0255457272274641,0.03));
#860=CARTESIAN_POINT('',(0.00157972455084795,0.0255326822085307,0.03));
#861=CARTESIAN_POINT('',(0.00383584207245041,0.0254229109891632,0.03));
#862=CARTESIAN_POINT('',(0.0049643429115204,0.0253837315520995,0.03));
#863=CARTESIAN_POINT('',(0.00552979354232657,0.0254189494343814,0.03));
#864=CARTESIAN_POINT('',(0.00552979354232657,0.0254189494343814,0.03));
#865=CARTESIAN_POINT('',(0.00552979354232657,0.0254189494343814,0.03));
#866=CARTESIAN_POINT('',(0.00559121228572485,0.0261630409424575,0.03));
#867=CARTESIAN_POINT('',(0.00557065871889622,0.0276546023418654,0.03));
#868=CARTESIAN_POINT('',(0.00562867174118416,0.029146069015995,0.03));
#869=CARTESIAN_POINT('',(0.00550451176314751,0.0298863326394296,0.03));
#870=CARTESIAN_POINT('',(0.00552979354232657,0.0254189494343814,0.03));
#871=CARTESIAN_POINT('',(0.00552979354232657,0.0254189494343814,0.03));
#872=CARTESIAN_POINT('',(0.00552979354232657,0.0254189494343814,0.03));
#873=CARTESIAN_POINT('',(0.00552979354232657,0.0254189494343814,0.03));
#874=CARTESIAN_POINT('',(0.00552979354232657,0.0254189494343814,0.03));
#875=CARTESIAN_POINT('',(0.00552979354232657,0.0254189494343814,0.03));
#876=CARTESIAN_POINT('',(0.00552979354232657,0.0254189494343814,0.03));
#877=CARTESIAN_POINT('',(0.00552979354232657,0.0254189494343814,0.03));
#878=CARTESIAN_POINT('',(0.00552979354232657,0.0254189494343814,0.03));
#879=CARTESIAN_POINT('',(0.00552979354232657,0.0254189494343814,0.03));
#880=CARTESIAN_POINT('',(0.00552979354232657,0.0254189494343814,0.03));
#881=CARTESIAN_POINT('',(0.00552979354232657,0.0254189494343814,0.03));
#882=CARTESIAN_POINT('',(0.00556671040402526,0.0252238214229482,0.03));
#883=CARTESIAN_POINT('',(0.0055757806730793,0.0252255374547254,0.03));
#884=CARTESIAN_POINT('',(0.00558481975437913,0.0252281299949324,0.03));
#885=CARTESIAN_POINT('',(0.00561152706950091,0.0252382234060797,0.03));
#886=CARTESIAN_POINT('',(0.00562878537454518,0.0252480400675461,0.03));
#887=CARTESIAN_POINT('',(0.00565258751249607,0.025266141701745,0.03));
#888=CARTESIAN_POINT('',(0.00566017400521044,0.0252727383534777,0.03));
#889=CARTESIAN_POINT('',(0.00568870794230421,0.0253009577420574,0.03));
#890=CARTESIAN_POINT('',(0.00570603131915614,0.0253262460422009,0.03));
#891=CARTESIAN_POINT('',(0.0057198966674871,0.0253616973035108,0.03));
#892=CARTESIAN_POINT('',(0.00572259363061387,0.025370704579487,0.03));
#893=CARTESIAN_POINT('',(0.005724415764613,0.0253797517378577,0.03));
#894=CARTESIAN_POINT('',(0.00560302482368181,0.0250318776832076,0.0299807705344317));
#895=CARTESIAN_POINT('',(0.0056212446215483,0.025035321108258,0.0299809973440946));
#896=CARTESIAN_POINT('',(0.0056394949732533,0.0250404510403978,0.029981023969124));
#897=CARTESIAN_POINT('',(0.00569314171817631,0.02506030969303,0.0299813253276646));
#898=CARTESIAN_POINT('',(0.0057276713035608,0.025079533141116,0.0299814564794676));
#899=CARTESIAN_POINT('',(0.00577496694918654,0.025115215014952,0.0299815511393038));
#900=CARTESIAN_POINT('',(0.00578997650293682,0.0251282559002905,0.029981565681271));
#901=CARTESIAN_POINT('',(0.00584621466514531,0.0251841936074456,0.0299815566582173));
#902=CARTESIAN_POINT('',(0.00587987942715791,0.0252346028862174,0.02998139871135));
#903=CARTESIAN_POINT('',(0.00590695190848216,0.0253052390900354,0.0299809942316605));
#904=CARTESIAN_POINT('',(0.00591224190905305,0.0253232345252366,0.0299809551182216));
#905=CARTESIAN_POINT('',(0.00591585518060467,0.0253411950712932,0.0299807437344298));
#906=CARTESIAN_POINT('',(0.00565661622193796,0.0247486146296741,0.0299241329701994));
#907=CARTESIAN_POINT('',(0.00568916292231228,0.0247545907324287,0.0299249364258028));
#908=CARTESIAN_POINT('',(0.00572178449966341,0.024763344226897,0.0299250469308312));
#909=CARTESIAN_POINT('',(0.00581689622308445,0.0247970410365784,0.0299261274656012));
#910=CARTESIAN_POINT('',(0.0058774497748793,0.024829509610939,0.0299265916035387));
#911=CARTESIAN_POINT('',(0.00595943587780382,0.0248904355247415,0.0299269207648206));
#912=CARTESIAN_POINT('',(0.00598526925272021,0.0249128024009047,0.0299269693109771));
#913=CARTESIAN_POINT('',(0.00608148009668324,0.0250091996255981,0.0299269245592668));
#914=CARTESIAN_POINT('',(0.00613774369370625,0.0250969593686147,0.029926353388727));
#915=CARTESIAN_POINT('',(0.00618323489732358,0.0252209416274491,0.0299249268657159));
#916=CARTESIAN_POINT('',(0.0061921690153517,0.0252526935001082,0.0299247835083747));
#917=CARTESIAN_POINT('',(0.00619836726182794,0.0252842960045064,0.0299240488038241));
#918=CARTESIAN_POINT('',(0.0056743328004131,0.0246549717638349,0.0299005880855915));
#919=CARTESIAN_POINT('',(0.00571177658757987,0.0246617852346711,0.0299016250630016));
#920=CARTESIAN_POINT('',(0.00574929625445522,0.0246717155816181,0.0299017724844764));
#921=CARTESIAN_POINT('',(0.00585843779249178,0.0247098815157305,0.0299031713937693));
#922=CARTESIAN_POINT('',(0.00592768869583052,0.0247466059919384,0.0299037709580927));
#923=CARTESIAN_POINT('',(0.00602113791384816,0.0248157365081712,0.0299041948771993));
#924=CARTESIAN_POINT('',(0.00605052226866391,0.0248411478836823,0.0299042569456719));
#925=CARTESIAN_POINT('',(0.00615976834964711,0.0249508202272346,0.0299041963131195));
#926=CARTESIAN_POINT('',(0.00622321736397244,0.025050966715885,0.0299034557992098));
#927=CARTESIAN_POINT('',(0.00627460642535623,0.025192870526268,0.0299016141342918));
#928=CARTESIAN_POINT('',(0.00628471428647609,0.0252292694134981,0.0299014269331087));
#929=CARTESIAN_POINT('',(0.00629176071025011,0.0252654861892369,0.0299004817348589));
#930=CARTESIAN_POINT('',(0.00570946436411339,0.0244692801354584,0.0298439402837622));
#931=CARTESIAN_POINT('',(0.00575687592827073,0.024477726329096,0.0298454986886173));
#932=CARTESIAN_POINT('',(0.00580434504865667,0.024489935851031,0.029845729312508));
#933=CARTESIAN_POINT('',(0.00594183917133155,0.0245367513750759,0.029847838573866));
#934=CARTESIAN_POINT('',(0.00602850954436507,0.0245817141163621,0.0298487388609039));
#935=CARTESIAN_POINT('',(0.00614471039515696,0.0246669027380257,0.0298493717299409));
#936=CARTESIAN_POINT('',(0.00618110138418978,0.0246982977629352,0.0298494630926999));
#937=CARTESIAN_POINT('',(0.0063159355405767,0.0248341735918194,0.0298493639258162));
#938=CARTESIAN_POINT('',(0.0063931774548126,0.0249589902474298,0.0298482441603342));
#939=CARTESIAN_POINT('',(0.0064558972212194,0.025136894273328,0.0298454810937754));
#940=CARTESIAN_POINT('',(0.00646826317325713,0.025182662211432,0.0298451974377627));
#941=CARTESIAN_POINT('',(0.00647695572696434,0.0252281871697436,0.0298437854881238));
#942=CARTESIAN_POINT('',(0.00572693709352564,0.0243769261598592,0.0298106603736567));
#943=CARTESIAN_POINT('',(0.00577941934788111,0.0243861677082164,0.0298125066841502));
#944=CARTESIAN_POINT('',(0.00583194360145707,0.0243994833807646,0.0298127836190211));
#945=CARTESIAN_POINT('',(0.00598378028247399,0.0244504994678572,0.0298152849892283));
#946=CARTESIAN_POINT('',(0.00607919727348222,0.0244994694550501,0.0298163507351657));
#947=CARTESIAN_POINT('',(0.00620672904549648,0.0245925546458845,0.0298170980776804));
#948=CARTESIAN_POINT('',(0.00624659076566167,0.0246269041332603,0.0298172053124534));
#949=CARTESIAN_POINT('',(0.00639403806769078,0.0247757695782814,0.0298170838922543));
#950=CARTESIAN_POINT('',(0.00647793269497891,0.0249129155924659,0.0298157545187001));
#951=CARTESIAN_POINT('',(0.00654611169306791,0.0251089250790585,0.0298124853674838));
#952=CARTESIAN_POINT('',(0.00655956576213544,0.0251594188815695,0.0298121491254941));
#953=CARTESIAN_POINT('',(0.00656905626847806,0.0252096377511134,0.0298104809181653));
#954=CARTESIAN_POINT('',(0.00577778659612355,0.0241081556883798,0.0296984185922567));
#955=CARTESIAN_POINT('',(0.00584563737342095,0.0241196778342707,0.0297011678516805));
#956=CARTESIAN_POINT('',(0.00591338986342508,0.0241361084390641,0.0297015850859249));
#957=CARTESIAN_POINT('',(0.00610812041643255,0.0241989081157302,0.0297053083122199));
#958=CARTESIAN_POINT('',(0.00622930283955344,0.0242590825707676,0.0297068875784875));
#959=CARTESIAN_POINT('',(0.00638977282949912,0.0243746138894952,0.0297079883032938));
#960=CARTESIAN_POINT('',(0.0064396358733778,0.0244174114708454,0.0297081438491299));
#961=CARTESIAN_POINT('',(0.0066231592894903,0.0246036727148275,0.0297079493001773));
#962=CARTESIAN_POINT('',(0.00672543351173591,0.024776811844215,0.0297059657407936));
#963=CARTESIAN_POINT('',(0.0068088027171235,0.0250266799084655,0.0297011292549509));
#964=CARTESIAN_POINT('',(0.00682530189606387,0.0250913188285606,0.0297006363684212));
#965=CARTESIAN_POINT('',(0.00683707602935697,0.0251556574957969,0.0296981702563883));
#966=CARTESIAN_POINT('',(0.00580995195766049,0.0239381422380231,0.0296067593935628));
#967=CARTESIAN_POINT('',(0.00588820261639378,0.0239510391620819,0.0296101564311838));
#968=CARTESIAN_POINT('',(0.00596617475560702,0.0239692882675106,0.0296106633534353));
#969=CARTESIAN_POINT('',(0.00618936208166529,0.0240389363094173,0.0296152472900213));
#970=CARTESIAN_POINT('',(0.00632723258553717,0.0241056046386914,0.0296171852956513));
#971=CARTESIAN_POINT('',(0.00650854231646999,0.0242346563153053,0.0296185298328917));
#972=CARTESIAN_POINT('',(0.00656463265614691,0.0242826109435864,0.0296187176001044));
#973=CARTESIAN_POINT('',(0.00677029871010466,0.0244920345035258,0.029618465173798));
#974=CARTESIAN_POINT('',(0.00688308209069098,0.0246881215971448,0.029616017989964));
#975=CARTESIAN_POINT('',(0.00697519954159354,0.0249735683912961,0.0296100879635232));
#976=CARTESIAN_POINT('',(0.00699346463352763,0.0250476575427056,0.0296094970268372));
#977=CARTESIAN_POINT('',(0.00700661060910102,0.0251215125511497,0.0296064657097153));
#978=CARTESIAN_POINT('',(0.00585561871527563,0.0236967657181344,0.0294442193818945));
#979=CARTESIAN_POINT('',(0.00594952443763346,0.0237114654988272,0.0294484911319079));
#980=CARTESIAN_POINT('',(0.00604272405568004,0.0237320872753959,0.0294490799636998));
#981=CARTESIAN_POINT('',(0.00630799132888366,0.0238107526406449,0.0294547759680183));
#982=CARTESIAN_POINT('',(0.00647004697724935,0.0238860668006063,0.0294571730268829));
#983=CARTESIAN_POINT('',(0.0066809697444185,0.0240337149286386,0.029458824650144));
#984=CARTESIAN_POINT('',(0.00674578728206006,0.0240888390086934,0.0294590511970585));
#985=CARTESIAN_POINT('',(0.00698208840941503,0.0243307988998031,0.0294587135583543));
#986=CARTESIAN_POINT('',(0.00710843618617204,0.0245597681260834,0.0294556617200122));
#987=CARTESIAN_POINT('',(0.00721181129576263,0.0248971728671045,0.0294483304760948));
#988=CARTESIAN_POINT('',(0.007232346864353,0.0249851288318982,0.0294476474194228));
#989=CARTESIAN_POINT('',(0.00724730305880878,0.0250730361259586,0.0294438623601863));
#990=CARTESIAN_POINT('',(0.0058704387809068,0.0236184326799816,0.0293856987705795));
#991=CARTESIAN_POINT('',(0.005969575151178,0.0236336888386784,0.0293902451357511));
#992=CARTESIAN_POINT('',(0.00606783795864505,0.0236550431229629,0.0293908517507724));
#993=CARTESIAN_POINT('',(0.00634704682505256,0.0237365123584603,0.02939688650574));
#994=CARTESIAN_POINT('',(0.00651703720204095,0.0238145373757613,0.0293994221932483));
#995=CARTESIAN_POINT('',(0.00673757886262891,0.0239681243667889,0.0294011648811489));
#996=CARTESIAN_POINT('',(0.00680521078643607,0.0240255514217377,0.0294014023032221));
#997=CARTESIAN_POINT('',(0.00705132346394464,0.0242780192813461,0.029401034889388));
#998=CARTESIAN_POINT('',(0.00718184666775526,0.0245177161319474,0.029397795849227));
#999=CARTESIAN_POINT('',(0.00728867536978949,0.0248722189644249,0.0293900369636612));
#1000=CARTESIAN_POINT('',(0.00730990636011307,0.0249647477616868,0.0293893323069241));
#1001=CARTESIAN_POINT('',(0.00732542470343998,0.0250573021132533,0.0293853116779025));
#1002=CARTESIAN_POINT('',(0.00589904637650551,0.0234672241810951,0.0292604918800659));
#1003=CARTESIAN_POINT('',(0.00600852895563414,0.023483500813546,0.0292655258906032));
#1004=CARTESIAN_POINT('',(0.00611675962230784,0.0235061964138879,0.0292661421644086));
#1005=CARTESIAN_POINT('',(0.00642334718329525,0.0235928392736785,0.0292727542592178));
#1006=CARTESIAN_POINT('',(0.00660879500266692,0.0236759085283459,0.0292755275532311));
#1007=CARTESIAN_POINT('',(0.00684791436992243,0.0238407634811233,0.0292774290713637));
#1008=CARTESIAN_POINT('',(0.0069209476626465,0.0239025863362207,0.0292776865069266));
#1009=CARTESIAN_POINT('',(0.0071857746889193,0.0241752249965802,0.0292772752108878));
#1010=CARTESIAN_POINT('',(0.00732397138913315,0.0244357307916769,0.0292737244027043));
#1011=CARTESIAN_POINT('',(0.007437116473255,0.02482372578388,0.0292652480696269));
#1012=CARTESIAN_POINT('',(0.00745961563955153,0.0249252294043635,0.0292645269854656));
#1013=CARTESIAN_POINT('',(0.00747617215227335,0.025026940972158,0.0292600905667884));
#1014=CARTESIAN_POINT('',(0.00591265990282946,0.0233952684351851,0.0291945952998251));
#1015=CARTESIAN_POINT('',(0.00602725804290215,0.0234120091633861,0.02919984234057));
#1016=CARTESIAN_POINT('',(0.00614038221256113,0.0234353019981427,0.0292004501576093));
#1017=CARTESIAN_POINT('',(0.00646034824921983,0.0235242538488616,0.029207299096927));
#1018=CARTESIAN_POINT('',(0.00665324619814625,0.0236095812530304,0.0292101692087166));
#1019=CARTESIAN_POINT('',(0.00690119875214038,0.0237796350978836,0.0292121347538335));
#1020=CARTESIAN_POINT('',(0.00697677436041215,0.0238435044825275,0.0292123999984445));
#1021=CARTESIAN_POINT('',(0.00725032551648123,0.0241256207923078,0.0292119692781988));
#1022=CARTESIAN_POINT('',(0.00739188628443389,0.0243960690204548,0.0292082899159628));
#1023=CARTESIAN_POINT('',(0.00750781599059344,0.0248003770634386,0.0291995214507769));
#1024=CARTESIAN_POINT('',(0.00753087674432879,0.0249062711007484,0.029198805206936));
#1025=CARTESIAN_POINT('',(0.0075479092775744,0.0250124928272649,0.0291941885683882));
#1026=CARTESIAN_POINT('',(0.00595149563664152,0.0231899980204585,0.0289873408791639));
#1027=CARTESIAN_POINT('',(0.00608105831852299,0.0232079879117713,0.0289930931225978));
#1028=CARTESIAN_POINT('',(0.00620842082802182,0.0232328683698857,0.0289936238979272));
#1029=CARTESIAN_POINT('',(0.00656724024962285,0.0233280078761607,0.029000965533931));
#1030=CARTESIAN_POINT('',(0.00678160411614993,0.0234194377121526,0.0290040340104511));
#1031=CARTESIAN_POINT('',(0.00705478148699759,0.023603947343194,0.0290061274137926));
#1032=CARTESIAN_POINT('',(0.00713756778799722,0.0236735538756281,0.0290064069963334));
#1033=CARTESIAN_POINT('',(0.00743569316920163,0.0239824500745198,0.0290059289887991));
#1034=CARTESIAN_POINT('',(0.00758629793284781,0.0242813883920089,0.0290019787233298));
#1035=CARTESIAN_POINT('',(0.00770967433258321,0.0247331302819862,0.0289926115189686));
#1036=CARTESIAN_POINT('',(0.0077342315368261,0.0248518232308547,0.0289919602861786));
#1037=CARTESIAN_POINT('',(0.00775255751887005,0.0249712758502815,0.0289869220050029));
#1038=CARTESIAN_POINT('',(0.00597473190105898,0.0230671802656362,0.0288365085365581));
#1039=CARTESIAN_POINT('',(0.00611387641367216,0.0230858154952302,0.0288424048742834));
#1040=CARTESIAN_POINT('',(0.00625022818603208,0.0231114857293175,0.0288428034724336));
#1041=CARTESIAN_POINT('',(0.00663343132047264,0.0232097751088895,0.0288501536118955));
#1042=CARTESIAN_POINT('',(0.00686096181477222,0.0233043843946553,0.0288532202063078));
#1043=CARTESIAN_POINT('',(0.00714923614940876,0.0234970206945816,0.0288553064778329));
#1044=CARTESIAN_POINT('',(0.00723625578449389,0.0235699189407827,0.0288555829649924));
#1045=CARTESIAN_POINT('',(0.00754853101073571,0.0238944782708829,0.0288550920428185));
#1046=CARTESIAN_POINT('',(0.00770363033928354,0.0242106370595089,0.028851130891861));
#1047=CARTESIAN_POINT('',(0.00783069294690553,0.0246920061370257,0.0288417686280662));
#1048=CARTESIAN_POINT('',(0.00785598904487341,0.0248187380267471,0.0288412374968386));
#1049=CARTESIAN_POINT('',(0.00787500511598679,0.0249466144128801,0.0288360870328516));
#1050=CARTESIAN_POINT('',(0.00600551625362065,0.0229044662855682,0.0285908427281889));
#1051=CARTESIAN_POINT('',(0.00615778170866341,0.022923856472409,0.028596638376296));
#1052=CARTESIAN_POINT('',(0.00630627995023007,0.0229504364958848,0.0285967894910865));
#1053=CARTESIAN_POINT('',(0.00672250577417451,0.0230524892131926,0.0286037256838784));
#1054=CARTESIAN_POINT('',(0.00696771842911592,0.0231510102712949,0.0286066120698013));
#1055=CARTESIAN_POINT('',(0.00727604728853145,0.023354114732856,0.028608566963769));
#1056=CARTESIAN_POINT('',(0.00736864061181554,0.0234313018005263,0.028608822814272));
#1057=CARTESIAN_POINT('',(0.00769936524275799,0.0237764634389614,0.0286083404026701));
#1058=CARTESIAN_POINT('',(0.00785985354927785,0.0241156279644804,0.0286045905133364));
#1059=CARTESIAN_POINT('',(0.00799123791645933,0.0246370116553036,0.0285957690070208));
#1060=CARTESIAN_POINT('',(0.0080173817967812,0.0247745734298191,0.0285954679330279));
#1061=CARTESIAN_POINT('',(0.00803722842800597,0.0249139419868903,0.0285904221678113));
#1062=CARTESIAN_POINT('',(0.00601509627953725,0.0228538300364243,0.0285055418594479));
#1063=CARTESIAN_POINT('',(0.00617152674811187,0.0228734363673183,0.0285112511391729));
#1064=CARTESIAN_POINT('',(0.00632385054571166,0.02290027366956,0.0285113118119432));
#1065=CARTESIAN_POINT('',(0.00675048988120957,0.0230034196847514,0.0285180402462009));
#1066=CARTESIAN_POINT('',(0.0070012496009715,0.0231031006489998,0.0285208386582777));
#1067=CARTESIAN_POINT('',(0.00731582739971093,0.0233094055898858,0.0285227325192749));
#1068=CARTESIAN_POINT('',(0.00741014778215327,0.0233879134521082,0.0285229798467545));
#1069=CARTESIAN_POINT('',(0.00774655384850722,0.023739457710945,0.0285225090049357));
#1070=CARTESIAN_POINT('',(0.00790860864852808,0.0240858179239038,0.028518870532164));
#1071=CARTESIAN_POINT('',(0.0080412298035329,0.0246198009209487,0.0285103199570002));
#1072=CARTESIAN_POINT('',(0.00806761248874554,0.0247607677307129,0.0285101041415988));
#1073=CARTESIAN_POINT('',(0.00808770187775865,0.0249037764315768,0.0285051387714702));
#1074=CARTESIAN_POINT('',(0.00603245644364241,0.022762071036766,0.0283321600704255));
#1075=CARTESIAN_POINT('',(0.0061966896700653,0.0227820499899606,0.028337586374734));
#1076=CARTESIAN_POINT('',(0.00635609308546149,0.0228093032828039,0.0283374618147735));
#1077=CARTESIAN_POINT('',(0.00680201289621206,0.0229142504451517,0.0283436416657836));
#1078=CARTESIAN_POINT('',(0.00706293345385795,0.0230158608480189,0.0283462093334374));
#1079=CARTESIAN_POINT('',(0.00738882268615148,0.0232277651998111,0.0283479445123057));
#1080=CARTESIAN_POINT('',(0.00748623838843705,0.0233086103812263,0.0283481701848264));
#1081=CARTESIAN_POINT('',(0.00783272152468186,0.0236715685859676,0.0283477326688068));
#1082=CARTESIAN_POINT('',(0.00799727429657897,0.0240310114448072,0.0283443890680614));
#1083=CARTESIAN_POINT('',(0.00813188515615462,0.0245882807877644,0.028336546396178));
#1084=CARTESIAN_POINT('',(0.00815865133436657,0.0247355385319523,0.0283365069162846));
#1085=CARTESIAN_POINT('',(0.00817916700474234,0.0248853549879826,0.028331796594757));
#1086=CARTESIAN_POINT('',(0.00604029773364543,0.0227206250618117,0.0282436309409757));
#1087=CARTESIAN_POINT('',(0.00620816870438471,0.0227407604932537,0.0282488606382497));
#1088=CARTESIAN_POINT('',(0.00637083026729268,0.0227681765329876,0.0282486412552928));
#1089=CARTESIAN_POINT('',(0.00682563849192205,0.0228738527286456,0.0282544801120895));
#1090=CARTESIAN_POINT('',(0.00709119937999663,0.0229762588918416,0.0282569047993096));
#1091=CARTESIAN_POINT('',(0.00742219707119093,0.0231906075695816,0.0282585419658052));
#1092=CARTESIAN_POINT('',(0.00752099737715549,0.0232724854158567,0.028258754377248));
#1093=CARTESIAN_POINT('',(0.00787194151985563,0.0236405395069771,0.028258338100673));
#1094=CARTESIAN_POINT('',(0.00803747479910996,0.024005917744915,0.0282551775679636));
#1095=CARTESIAN_POINT('',(0.00817286717567259,0.0245739023729464,0.0282477716422088));
#1096=CARTESIAN_POINT('',(0.00819978212774159,0.0247240500513639,0.0282478232069463));
#1097=CARTESIAN_POINT('',(0.00822048132169168,0.0248770341187682,0.0282432875389318));
#1098=CARTESIAN_POINT('',(0.00605433042100912,0.0226464537955028,0.0280629568987578));
#1099=CARTESIAN_POINT('',(0.00622883960983961,0.0226668538685531,0.0280676785150097));
#1100=CARTESIAN_POINT('',(0.00639735980428891,0.0226945290585636,0.0280672770740238));
#1101=CARTESIAN_POINT('',(0.00686824351687266,0.0228014185332232,0.0280723094112633));
#1102=CARTESIAN_POINT('',(0.00714216460115296,0.0229051758462449,0.0280743968892257));
#1103=CARTESIAN_POINT('',(0.00748231452309191,0.0231238246394811,0.028075803669373));
#1104=CARTESIAN_POINT('',(0.00758358327722799,0.0232075321873738,0.028075985189956));
#1105=CARTESIAN_POINT('',(0.00794243521906103,0.0235846662389218,0.0280756205422572));
#1106=CARTESIAN_POINT('',(0.00810958463958946,0.0239607094196434,0.0280728929139132));
#1107=CARTESIAN_POINT('',(0.00824625144226923,0.0245480496325838,0.0280665139365265));
#1108=CARTESIAN_POINT('',(0.00827340207792827,0.02470338758164,0.0280667424716933));
#1109=CARTESIAN_POINT('',(0.00829441804176325,0.0248621429666619,0.0280626536365596));
#1110=CARTESIAN_POINT('',(0.00606052180250855,0.0226137285879846,0.0279708119512295));
#1111=CARTESIAN_POINT('',(0.006238042104611,0.0226342379758252,0.0279752256094221));
#1112=CARTESIAN_POINT('',(0.00640917062824277,0.0226620091699033,0.0279747399379233));
#1113=CARTESIAN_POINT('',(0.00688725821441805,0.0227693786223283,0.0279793143100728));
#1114=CARTESIAN_POINT('',(0.00716490138289567,0.0228736843862691,0.0279812106616389));
#1115=CARTESIAN_POINT('',(0.00750909152078355,0.0230941787503391,0.0279824871385158));
#1116=CARTESIAN_POINT('',(0.00761144178685964,0.0231786799602767,0.0279826512890626));
#1117=CARTESIAN_POINT('',(0.00797372879826322,0.0235597868228201,0.0279823164557115));
#1118=CARTESIAN_POINT('',(0.00814149967636031,0.0239405561504853,0.0279798346007359));
#1119=CARTESIAN_POINT('',(0.00827865307276238,0.0245365578022795,0.0279740365371366));
#1120=CARTESIAN_POINT('',(0.00830589008816827,0.0246942035137224,0.0279743483533911));
#1121=CARTESIAN_POINT('',(0.00832704036622347,0.024855572699613,0.0279705287572896));
#1122=CARTESIAN_POINT('',(0.00607123429671038,0.022557106556888,0.0277828616179733));
#1123=CARTESIAN_POINT('',(0.00625404779118615,0.0225777967878234,0.0277865690630286));
#1124=CARTESIAN_POINT('',(0.00642965158599026,0.0226057118504095,0.0277859594601379));
#1125=CARTESIAN_POINT('',(0.00692026168378277,0.0227138662279755,0.0277895649774729));
#1126=CARTESIAN_POINT('',(0.00720437339347356,0.0228190927964272,0.0277910574990281));
#1127=CARTESIAN_POINT('',(0.00755556991421194,0.0230427594767302,0.0277920591036424));
#1128=CARTESIAN_POINT('',(0.00765979192166362,0.0231286308066089,0.0277921867755607));
#1129=CARTESIAN_POINT('',(0.00802800735313743,0.0235166146136617,0.0277919158638492));
#1130=CARTESIAN_POINT('',(0.0081968062007179,0.0239055962509339,0.0277899540814501));
#1131=CARTESIAN_POINT('',(0.00833474253050385,0.0245166428225948,0.0277853822452803));
#1132=CARTESIAN_POINT('',(0.00836210819234096,0.0246782458126626,0.0277858227407954));
#1133=CARTESIAN_POINT('',(0.00838348464810756,0.0248442045947491,0.0277826180920597));
#1134=CARTESIAN_POINT('',(0.00607576869379291,0.0225331395173009,0.0276866807877505));
#1135=CARTESIAN_POINT('',(0.00626086426737005,0.0225539012765407,0.0276899899777281));
#1136=CARTESIAN_POINT('',(0.00643833590420628,0.0225818650776153,0.0276893405817234));
#1137=CARTESIAN_POINT('',(0.0069342693652463,0.0226903289913084,0.0276924347251026));
#1138=CARTESIAN_POINT('',(0.00722113338222757,0.0227959335946632,0.027693713943519));
#1139=CARTESIAN_POINT('',(0.00757530619534283,0.0230209368534042,0.0276945699415026));
#1140=CARTESIAN_POINT('',(0.0076803220323991,0.0231073881373707,0.0276946781358902));
#1141=CARTESIAN_POINT('',(0.00805104521504859,0.023498290062704,0.027694439855718));
#1142=CARTESIAN_POINT('',(0.0082202613750508,0.0238907683512143,0.0276927512657122));
#1143=CARTESIAN_POINT('',(0.00835850034479407,0.0245082045222233,0.0276888240975431));
#1144=CARTESIAN_POINT('',(0.00838590917335781,0.0246714579025772,0.0276893098989963));
#1145=CARTESIAN_POINT('',(0.00840737749261558,0.024839392479991,0.0276864509585942));
#1146=CARTESIAN_POINT('',(0.00608666434849627,0.0224755493718308,0.0273951317522742));
#1147=CARTESIAN_POINT('',(0.00627734304418665,0.0224964813745678,0.0273971370386082));
#1148=CARTESIAN_POINT('',(0.00645914539829703,0.0225245363897925,0.0273964824098315));
#1149=CARTESIAN_POINT('',(0.00696783391674163,0.0226337245037564,0.0273980527775443));
#1150=CARTESIAN_POINT('',(0.00726132657020797,0.0227402428701153,0.0273987011158309));
#1151=CARTESIAN_POINT('',(0.00762268323273038,0.0229684857725815,0.0273991335502663));
#1152=CARTESIAN_POINT('',(0.00772961841948827,0.0230563436900697,0.0273991876829125));
#1153=CARTESIAN_POINT('',(0.00810641047629545,0.0234543147151026,0.0273990634272632));
#1154=CARTESIAN_POINT('',(0.00827665429169799,0.0238552464300694,0.0273982034665008));
#1155=CARTESIAN_POINT('',(0.00841560102807665,0.0244879875168734,0.0273962078553152));
#1156=CARTESIAN_POINT('',(0.00844308979676825,0.0246550681527914,0.0273967324913939));
#1157=CARTESIAN_POINT('',(0.008464778566479,0.0248278316733832,0.0273950026161209));
#1158=CARTESIAN_POINT('',(0.00609030709529952,0.0224562952449314,0.027198628864906));
#1159=CARTESIAN_POINT('',(0.00628256215467013,0.0224772375079457,0.0271993563446217));
#1160=CARTESIAN_POINT('',(0.00646521356918892,0.0225052961755632,0.0271986235636959));
#1161=CARTESIAN_POINT('',(0.00697738652366043,0.0226148620354505,0.0271986156118806));
#1162=CARTESIAN_POINT('',(0.00727302679339612,0.0227219660558006,0.0271986103106704));
#1163=CARTESIAN_POINT('',(0.00763699339981657,0.0229517375693172,0.0271986023588552));
#1164=CARTESIAN_POINT('',(0.00774469078173968,0.0230402191892748,0.0271985997082501));
#1165=CARTESIAN_POINT('',(0.00812408903328569,0.023441087879821,0.0271985891058298));
#1166=CARTESIAN_POINT('',(0.00829532793555736,0.0238450633944558,0.0271985811540146));
#1167=CARTESIAN_POINT('',(0.008434753677179,0.0244820104208133,0.0271985705515943));
#1168=CARTESIAN_POINT('',(0.00846225333362529,0.0246498484471994,0.0271991932087671));
#1169=CARTESIAN_POINT('',(0.0084839707637558,0.0248239662878396,0.0271985652503841));
#1170=CARTESIAN_POINT('',(0.00609030709529952,0.0224562952449314,0.0270000000000355));
#1171=CARTESIAN_POINT('',(0.00628303715938647,0.022477289250708,0.0270000000000355));
#1172=CARTESIAN_POINT('',(0.00646521356918855,0.0225052961755631,0.0270000000000355));
#1173=CARTESIAN_POINT('',(0.00697738652366116,0.0226148620354506,0.0270000000000355));
#1174=CARTESIAN_POINT('',(0.00727302679339804,0.0227219660558051,0.0270000000000355));
#1175=CARTESIAN_POINT('',(0.00763699339981993,0.0229517375693283,0.0270000000000355));
#1176=CARTESIAN_POINT('',(0.00774469078174345,0.0230402191892881,0.0270000000000355));
#1177=CARTESIAN_POINT('',(0.00812408903329053,0.0234410878798407,0.0270000000000355));
#1178=CARTESIAN_POINT('',(0.00829532793556166,0.0238450633944754,0.0270000000000355));
#1179=CARTESIAN_POINT('',(0.00843475367717757,0.0244820104208067,0.0270000000000355));
#1180=CARTESIAN_POINT('',(0.00846220237968608,0.0246494399279577,0.0270000000000355));
#1181=CARTESIAN_POINT('',(0.0084839707637558,0.0248239662878396,0.0270000000000355));
#1182=CARTESIAN_POINT('',(0.00552979354232657,0.0254189494343814,0.03));
#1183=CARTESIAN_POINT('',(0.00567746098912133,0.0246384373886486,0.03));
#1184=CARTESIAN_POINT('',(0.00596732625265653,0.0231063236104292,0.0293537632561173));
#1185=CARTESIAN_POINT('',(0.00609030709529952,0.0224562952449314,0.0277945154595175));
#1186=CARTESIAN_POINT('',(0.00609030709529952,0.0224562952449314,0.0270000000000355));
#1187=CARTESIAN_POINT('',(0.00552979354232657,0.0254189494343814,0.03));
#1188=CARTESIAN_POINT('',(0.00630828243146327,0.0252621586482416,0.03));
#1189=CARTESIAN_POINT('',(0.00783612411838367,0.0249544452017146,0.0293530689271438));
#1190=CARTESIAN_POINT('',(0.00848397076375131,0.0248239662878037,0.02779426100143));
#1191=CARTESIAN_POINT('',(0.0084839707637558,0.0248239662878396,0.0270000000000355));
#1192=CARTESIAN_POINT('',(0.00547482986309629,0.030040667193029,0.03));
#1193=CARTESIAN_POINT('',(0.00840421380389998,0.0306877450302028,0.03));
#1194=CARTESIAN_POINT('',(0.00840421380389998,0.0306877450302028,0.027));
#1195=CARTESIAN_POINT('',(0.00549699597497083,0.0299403188492664,0.03));
#1196=CARTESIAN_POINT('',(0.00845334692409903,0.0304653136477767,0.0299999999999988));
#1197=CARTESIAN_POINT('',(0.00845334713390392,0.0304653136941206,0.0269999999999989));
#1198=CARTESIAN_POINT('',(0.00552959454639093,0.0297381519471623,0.03));
#1199=CARTESIAN_POINT('',(0.00850633442787394,0.0301195733456669,0.0300000000000006));
#1200=CARTESIAN_POINT('',(0.00850633433299941,0.030119573324709,0.0270000000000005));
#1201=CARTESIAN_POINT('',(0.00557102371086329,0.0293336107471786,0.03));
#1202=CARTESIAN_POINT('',(0.00856689137516306,0.029527377096664,0.0299999999999997));
#1203=CARTESIAN_POINT('',(0.00856689142992592,0.0295273771087658,0.0269999999999997));
#1204=CARTESIAN_POINT('',(0.0055938147346594,0.0288262876494625,0.03));
#1205=CARTESIAN_POINT('',(0.00859345167925586,0.0288932465260301,0.0300000000000001));
#1206=CARTESIAN_POINT('',(0.0085934516607628,0.0288932465219037,0.0270000000000001));
#1207=CARTESIAN_POINT('',(0.00559799200179323,0.0282165757388428,0.03));
#1208=CARTESIAN_POINT('',(0.00859818423741072,0.0281999576061071,0.03));
#1209=CARTESIAN_POINT('',(0.00859818424196898,0.0281999576072652,0.027));
#1210=CARTESIAN_POINT('',(0.00559012634582435,0.027606219922131,0.03));
#1211=CARTESIAN_POINT('',(0.0085896373393044,0.0275510317171348,0.03));
#1212=CARTESIAN_POINT('',(0.00858963733956444,0.0275510317166287,0.027));
#1213=CARTESIAN_POINT('',(0.00557881965100655,0.0269959160537214,0.03));
#1214=CARTESIAN_POINT('',(0.00857836306707544,0.0269505706324906,0.03));
#1215=CARTESIAN_POINT('',(0.00857836306147701,0.0269505706333571,0.027));
#1216=CARTESIAN_POINT('',(0.00557109397794636,0.0263853855128826,0.03));
#1217=CARTESIAN_POINT('',(0.00857124009397681,0.0263425141063596,0.0300000000000001));
#1218=CARTESIAN_POINT('',(0.00857124011611053,0.0263425141033998,0.027));
#1219=CARTESIAN_POINT('',(0.00555573763016762,0.0257756117428974,0.03));
#1220=CARTESIAN_POINT('',(0.00855243902318508,0.0256546024270324,0.0299999999999998));
#1221=CARTESIAN_POINT('',(0.00855243894024861,0.0256546024380051,0.0269999999999998));
#1222=CARTESIAN_POINT('',(0.00553000771971364,0.0253682366672204,0.03));
#1223=CARTESIAN_POINT('',(0.00852525728048258,0.0251348913518016,0.0300000000000005));
#1224=CARTESIAN_POINT('',(0.0085252574592452,0.0251348913281717,0.0270000000000004));
#1225=CARTESIAN_POINT('',(0.0055033502543189,0.0251665552946233,0.03));
#1226=CARTESIAN_POINT('',(0.0084774828017139,0.0247734451439967,0.03));
#1227=CARTESIAN_POINT('',(0.0084774828017139,0.0247734451439967,0.027));
#1228=CARTESIAN_POINT('',(0.00550451176314751,0.0298863326394296,0.03));
#1229=CARTESIAN_POINT('',(0.00627314843243063,0.0300814933991812,0.03));
#1230=CARTESIAN_POINT('',(0.00778049842963413,0.030464217230117,0.0293502437692104));
#1231=CARTESIAN_POINT('',(0.00841749419647663,0.0306259536951903,0.0277930995291655));
#1232=CARTESIAN_POINT('',(0.00841749419647663,0.0306259536951903,0.0270000000000355));
#1233=CARTESIAN_POINT('',(0.00584911155191784,0.0254487486118547,0.03));
#1234=CARTESIAN_POINT('',(0.00624589488921862,0.0224751038813531,0.03));
#1235=CARTESIAN_POINT('',(0.00624589488921862,0.0224751038813531,0.027));
#1236=CARTESIAN_POINT('',(0.00570245419439527,0.0254291796853549,0.03));
#1237=CARTESIAN_POINT('',(0.00595589694781876,0.0224364087019101,0.03));
#1238=CARTESIAN_POINT('',(0.00595589697579431,0.0224364084922508,0.027));
#1239=CARTESIAN_POINT('',(0.00540722978486704,0.0254086904655185,0.03));
#1240=CARTESIAN_POINT('',(0.00553000875384297,0.0224110120772699,0.03));
#1241=CARTESIAN_POINT('',(0.00553000874119205,0.0224110121720807,0.027));
#1242=CARTESIAN_POINT('',(0.00481922682237392,0.0253974648321019,0.03));
#1243=CARTESIAN_POINT('',(0.00478413113635368,0.0223959677992347,0.03));
#1244=CARTESIAN_POINT('',(0.00478413114365722,0.0223959677444993,0.027));
#1245=CARTESIAN_POINT('',(0.00408412476821078,0.0254153340383766,0.03));
#1246=CARTESIAN_POINT('',(0.00397476744878384,0.0224175948190019,0.03));
#1247=CARTESIAN_POINT('',(0.00397476744630663,0.0224175948375665,0.027));
#1248=CARTESIAN_POINT('',(0.00320255043257222,0.0254527716328077,0.03));
#1249=CARTESIAN_POINT('',(0.0030657731992546,0.0224557956350914,0.03));
#1250=CARTESIAN_POINT('',(0.00306577319990375,0.0224557956302285,0.027));
#1251=CARTESIAN_POINT('',(0.00202712227160172,0.0255044580726444,0.03));
#1252=CARTESIAN_POINT('',(0.00190995908912412,0.0225067668441922,0.03));
#1253=CARTESIAN_POINT('',(0.00190995908874854,0.0225067668469962,0.027));
#1254=CARTESIAN_POINT('',(0.000557012099368415,0.0255487703986292,0.03));
#1255=CARTESIAN_POINT('',(0.000532548828066844,0.0225474127842595,0.03));
#1256=CARTESIAN_POINT('',(0.000532548828201348,0.0225474127833382,0.027));
#1257=CARTESIAN_POINT('',(-0.00120645837024926,0.0255088247840752,0.03));
#1258=CARTESIAN_POINT('',(-0.00105978437313694,0.0225114228753177,0.03));
#1259=CARTESIAN_POINT('',(-0.00105978437319735,0.0225114228754537,0.027));
#1260=CARTESIAN_POINT('',(-0.00296546230135403,0.0254003312241117,0.03));
#1261=CARTESIAN_POINT('',(-0.00275524272159682,0.0224078786268115,0.03));
#1262=CARTESIAN_POINT('',(-0.00275524272148967,0.0224078786271885,0.027));
#1263=CARTESIAN_POINT('',(-0.00443072446425568,0.0252951759322723,0.03));
#1264=CARTESIAN_POINT('',(-0.00422514884543312,0.0223020482713894,0.03));
#1265=CARTESIAN_POINT('',(-0.00422514884572209,0.022302048270082,0.027));
#1266=CARTESIAN_POINT('',(-0.00560392093018565,0.0252288288196195,0.03));
#1267=CARTESIAN_POINT('',(-0.00546121062103149,0.0222320649771411,0.03));
#1268=CARTESIAN_POINT('',(-0.00546121062053278,0.022232064979419,0.027));
#1269=CARTESIAN_POINT('',(-0.00633490100229415,0.0252038284856092,0.03));
#1270=CARTESIAN_POINT('',(-0.00626658416264819,0.0222039621938452,0.03));
#1271=CARTESIAN_POINT('',(-0.00626658416415073,0.0222039621869743,0.027));
#1272=CARTESIAN_POINT('',(-0.00691740064601178,0.0252022518132696,0.03));
#1273=CARTESIAN_POINT('',(-0.00694890110966777,0.0222021641013151,0.03));
#1274=CARTESIAN_POINT('',(-0.00694890110706293,0.0222021641132271,0.027));
#1275=CARTESIAN_POINT('',(-0.007352659100306,0.0252138386343381,0.03));
#1276=CARTESIAN_POINT('',(-0.00748685700147666,0.0222154172427301,0.0300000000000001));
#1277=CARTESIAN_POINT('',(-0.00748685701142032,0.022215417197257,0.0269999999999999));
#1278=CARTESIAN_POINT('',(-0.00778553175438309,0.0252443482325743,0.03));
#1279=CARTESIAN_POINT('',(-0.00808492270084548,0.0222590468354993,0.0299999999999997));
#1280=CARTESIAN_POINT('',(-0.00808492266367567,0.0222590470054797,0.0270000000000004));
#1281=CARTESIAN_POINT('',(-0.00807175835160173,0.0252833543961359,0.03));
#1282=CARTESIAN_POINT('',(-0.00853199737504578,0.0223131072978424,0.0300000000000007));
#1283=CARTESIAN_POINT('',(-0.00853199745514624,0.0223131069315368,0.0269999999999992));
#1284=CARTESIAN_POINT('',(-0.0082134240004048,0.0253143327484279,0.03));
#1285=CARTESIAN_POINT('',(-0.00885429889757513,0.0223835855115995,0.03));
#1286=CARTESIAN_POINT('',(-0.00885429889757514,0.0223835855115995,0.027));
#1287=CARTESIAN_POINT('',(-0.00799726282800078,0.0252755171461101,0.03));
#1288=CARTESIAN_POINT('',(-0.00817834537142038,0.0245033787117659,0.03));
#1289=CARTESIAN_POINT('',(-0.0085334732904058,0.0229891084226708,0.0293503814872799));
#1290=CARTESIAN_POINT('',(-0.00868358323854906,0.0223490375566049,0.0277931644741357));
#1291=CARTESIAN_POINT('',(-0.00868358323852245,0.0223490375565999,0.0270000000000355));
#1292=CARTESIAN_POINT('',(0.00550451176314751,0.0298863326394296,0.03));
#1293=CARTESIAN_POINT('',(0.00550451176314751,0.0298863326394296,0.03));
#1294=CARTESIAN_POINT('',(0.00550451176314751,0.0298863326394296,0.03));
#1295=CARTESIAN_POINT('',(0.00550451176314751,0.0298863326394296,0.03));
#1296=CARTESIAN_POINT('',(0.00550451176314751,0.0298863326394296,0.03));
#1297=CARTESIAN_POINT('',(0.00550451176314751,0.0298863326394296,0.03));
#1298=CARTESIAN_POINT('',(0.00550451176314751,0.0298863326394296,0.03));
#1299=CARTESIAN_POINT('',(0.00550451176314751,0.0298863326394296,0.03));
#1300=CARTESIAN_POINT('',(0.00550451176314751,0.0298863326394296,0.03));
#1301=CARTESIAN_POINT('',(0.00550451176314751,0.0298863326394296,0.03));
#1302=CARTESIAN_POINT('',(0.00569667093046829,0.0299351228293675,0.03));
#1303=CARTESIAN_POINT('',(0.00569446394902899,0.0299438149807243,0.03));
#1304=CARTESIAN_POINT('',(0.00569140893116471,0.0299524553456583,0.03));
#1305=CARTESIAN_POINT('',(0.00567622150855563,0.029986406284518,0.03));
#1306=CARTESIAN_POINT('',(0.00565815440150691,0.0300104958166922,0.03));
#1307=CARTESIAN_POINT('',(0.005614401833623,0.0300504819721108,0.03));
#1308=CARTESIAN_POINT('',(0.00558871637278783,0.0300663785953553,0.03));
#1309=CARTESIAN_POINT('',(0.00555321334008155,0.0300784817770692,0.03));
#1310=CARTESIAN_POINT('',(0.00554423293593892,0.0300807498795023,0.03));
#1311=CARTESIAN_POINT('',(0.00553525408446722,0.0300821594451438,0.03));
#1312=CARTESIAN_POINT('',(0.00588566679835105,0.029983109841489,0.0299806661730748));
#1313=CARTESIAN_POINT('',(0.00588124738927697,0.0300005720860459,0.0299808105626474));
#1314=CARTESIAN_POINT('',(0.00587518823338416,0.0300179677631421,0.0299808810398898));
#1315=CARTESIAN_POINT('',(0.00584522692263522,0.0300860824842741,0.0299812164581622));
#1316=CARTESIAN_POINT('',(0.00580981667871998,0.0301341464119062,0.0299813283145379));
#1317=CARTESIAN_POINT('',(0.00572332385580647,0.0302130623016442,0.0299813043953744));
#1318=CARTESIAN_POINT('',(0.00567223267503009,0.0302439009908505,0.0299811686198351));
#1319=CARTESIAN_POINT('',(0.00560138223519839,0.0302675029764632,0.0299808436863341));
#1320=CARTESIAN_POINT('',(0.00558341085246172,0.0302719474262344,0.0299807763747262));
#1321=CARTESIAN_POINT('',(0.00556548954410855,0.0302747575713324,0.0299806458332907));
#1322=CARTESIAN_POINT('',(0.00616454678368879,0.0300539188881986,0.0299237713931473));
#1323=CARTESIAN_POINT('',(0.00615686653231326,0.030084641470833,0.0299242477949214));
#1324=CARTESIAN_POINT('',(0.00614646746616466,0.0301152935166446,0.0299244738211141));
#1325=CARTESIAN_POINT('',(0.00609534330623985,0.030234855306691,0.0299255749340782));
#1326=CARTESIAN_POINT('',(0.00603536059000897,0.030318637714254,0.0299259499322808));
#1327=CARTESIAN_POINT('',(0.00588667240339409,0.0304544854351313,0.0299258842584559));
#1328=CARTESIAN_POINT('',(0.00579793575156451,0.0305065026341847,0.0299254435864283));
#1329=CARTESIAN_POINT('',(0.00567349372677592,0.0305465091733973,0.0299243695787784));
#1330=CARTESIAN_POINT('',(0.005641764854653,0.0305540775179413,0.0299241496170584));
#1331=CARTESIAN_POINT('',(0.00561010396959476,0.0305589488768907,0.0299237125563616));
#1332=CARTESIAN_POINT('',(0.00625673509106863,0.0300773259683282,0.029900123689102));
#1333=CARTESIAN_POINT('',(0.00624797752545109,0.0301124861967013,0.0299007299995837));
#1334=CARTESIAN_POINT('',(0.00623616222947263,0.0301475771950877,0.0299010163021996));
#1335=CARTESIAN_POINT('',(0.00617816762494747,0.0302843189332727,0.0299024171942226));
#1336=CARTESIAN_POINT('',(0.00611026276351498,0.0303799626933647,0.0299028970667612));
#1337=CARTESIAN_POINT('',(0.00594119467577778,0.0305345386570974,0.029902817904907));
#1338=CARTESIAN_POINT('',(0.00583999112863825,0.0305934086440212,0.0299022588705143));
#1339=CARTESIAN_POINT('',(0.00569754394708322,0.0306387490196668,0.029900889344054));
#1340=CARTESIAN_POINT('',(0.00566116817953352,0.03064733741725,0.0299006091310324));
#1341=CARTESIAN_POINT('',(0.00562485187900246,0.0306528922053805,0.0299000504455995));
#1342=CARTESIAN_POINT('',(0.00643953196168278,0.030123739023514,0.0298432420327493));
#1343=CARTESIAN_POINT('',(0.00642865002870544,0.0301678076570425,0.0298441297771743));
#1344=CARTESIAN_POINT('',(0.00641406260985596,0.0302118094788153,0.0298445439138489));
#1345=CARTESIAN_POINT('',(0.00634265754567778,0.0303829579230912,0.0298465916694432));
#1346=CARTESIAN_POINT('',(0.00625934380754564,0.0305022299912627,0.0298473007785133));
#1347=CARTESIAN_POINT('',(0.00605010926533182,0.0306937854184048,0.0298471970224708));
#1348=CARTESIAN_POINT('',(0.00592412717358122,0.0307659742079656,0.0298463841573585));
#1349=CARTESIAN_POINT('',(0.0057455425887343,0.0308216935321279,0.0298443733151332));
#1350=CARTESIAN_POINT('',(0.0056998065559195,0.0308322695658728,0.0298439634093461));
#1351=CARTESIAN_POINT('',(0.00565409479081132,0.0308391678593807,0.0298431385725957));
#1352=CARTESIAN_POINT('',(0.00653041094074078,0.0301468136585232,0.0298098401033301));
#1353=CARTESIAN_POINT('',(0.00651848195464567,0.0301953530514684,0.0298108793729909));
#1354=CARTESIAN_POINT('',(0.00650253508566828,0.0302438299273847,0.0298113610823563));
#1355=CARTESIAN_POINT('',(0.00642456510683039,0.0304322274129374,0.029813756027849));
#1356=CARTESIAN_POINT('',(0.00633372195215951,0.0305633046366439,0.0298145896797764));
#1357=CARTESIAN_POINT('',(0.00610461548651004,0.0307731876843092,0.029814475178899));
#1358=CARTESIAN_POINT('',(0.00596627906041763,0.0308518806886209,0.029813527026094));
#1359=CARTESIAN_POINT('',(0.00576953732943819,0.0309126674081915,0.0298111704923003));
#1360=CARTESIAN_POINT('',(0.00571908436969834,0.0309242142083908,0.0298106911601045));
#1361=CARTESIAN_POINT('',(0.00566863255548587,0.0309317725780952,0.0298097217967725));
#1362=CARTESIAN_POINT('',(0.0067948129864016,0.0302139466827116,0.0296972491211863));
#1363=CARTESIAN_POINT('',(0.00677980472475052,0.0302759450958015,0.0296987501022177));
#1364=CARTESIAN_POINT('',(0.0067599455533508,0.0303378158706899,0.02969943114501));
#1365=CARTESIAN_POINT('',(0.00666325441233299,0.0305775214298961,0.0297028762983287));
#1366=CARTESIAN_POINT('',(0.00655123831278452,0.0307430310017002,0.029704091185667));
#1367=CARTESIAN_POINT('',(0.00626507066047528,0.0310055442467721,0.0297039515542016));
#1368=CARTESIAN_POINT('',(0.00609080728459927,0.0311023753723446,0.029702597035398));
#1369=CARTESIAN_POINT('',(0.00584017053981862,0.0311774144452764,0.0296991904390049));
#1370=CARTESIAN_POINT('',(0.00577562683132461,0.031191710341585,0.0296985034129254));
#1371=CARTESIAN_POINT('',(0.00571092763861822,0.0312011898072332,0.0296970901192588));
#1372=CARTESIAN_POINT('',(0.00696203387986246,0.030256404918076,0.0296053462520372));
#1373=CARTESIAN_POINT('',(0.00694505939054719,0.0303274049172963,0.0296071601049991));
#1374=CARTESIAN_POINT('',(0.00692279771370844,0.0303981612260292,0.0296079657210006));
#1375=CARTESIAN_POINT('',(0.00681479812547195,0.030671574867841,0.0296121097468356));
#1376=CARTESIAN_POINT('',(0.00669031776778353,0.0308590112426431,0.0296135848088759));
#1377=CARTESIAN_POINT('',(0.00636897963194721,0.0311540791631762,0.0296134384127172));
#1378=CARTESIAN_POINT('',(0.00617197992446072,0.0312614917060633,0.029611816954518));
#1379=CARTESIAN_POINT('',(0.00588588599545431,0.0313449588174345,0.0296077035930476));
#1380=CARTESIAN_POINT('',(0.00581196322447999,0.0313608983630601,0.0296068819003588));
#1381=CARTESIAN_POINT('',(0.00573767692896101,0.0313715812369655,0.0296051621949451));
#1382=CARTESIAN_POINT('',(0.00719941215265918,0.0303166764688866,0.0294424476226086));
#1383=CARTESIAN_POINT('',(0.00717966741972248,0.0304008836155635,0.0294446659246342));
#1384=CARTESIAN_POINT('',(0.00715409132990259,0.0304846085703606,0.0294456126318909));
#1385=CARTESIAN_POINT('',(0.0070306008465384,0.0308070061608889,0.0294506320303288));
#1386=CARTESIAN_POINT('',(0.00688924633115137,0.031025782446042,0.0294524392322967));
#1387=CARTESIAN_POINT('',(0.00651872286468568,0.0313664953987379,0.0294522934424406));
#1388=CARTESIAN_POINT('',(0.00628936359926667,0.0314881384033765,0.0294503404506164));
#1389=CARTESIAN_POINT('',(0.00595169707633551,0.0315829587062902,0.0294453326656089));
#1390=CARTESIAN_POINT('',(0.00586405543832034,0.031601115828065,0.0294443517027758));
#1391=CARTESIAN_POINT('',(0.00577564867648489,0.0316134590687551,0.0294422306852378));
#1392=CARTESIAN_POINT('',(0.00727649955306105,0.0303362493519286,0.029383758018359));
#1393=CARTESIAN_POINT('',(0.0072558612552297,0.0304248096758013,0.0293861003269339));
#1394=CARTESIAN_POINT('',(0.00722922592738861,0.0305128000854408,0.0293870863644517));
#1395=CARTESIAN_POINT('',(0.00710079850303256,0.0308512802365767,0.0293923682266141));
#1396=CARTESIAN_POINT('',(0.00695409107864661,0.0310802749594136,0.0293942755901026));
#1397=CARTESIAN_POINT('',(0.00656770377837884,0.0314357321258414,0.0293941300650355));
#1398=CARTESIAN_POINT('',(0.0063278169222116,0.0315618751902851,0.02939207717648));
#1399=CARTESIAN_POINT('',(0.00597320979314182,0.0316602826862607,0.0293867983665254));
#1400=CARTESIAN_POINT('',(0.00588105082933593,0.0316791401990523,0.0293857713632083));
#1401=CARTESIAN_POINT('',(0.00578798061004539,0.0316920127710706,0.0293835262925449));
#1402=CARTESIAN_POINT('',(0.00742502153748295,0.0303739598391821,0.029258453785667));
#1403=CARTESIAN_POINT('',(0.0074026640031231,0.0304710716750683,0.0292610104118368));
#1404=CARTESIAN_POINT('',(0.00737401897665453,0.0305674094827466,0.0292620546506994));
#1405=CARTESIAN_POINT('',(0.00723626917836415,0.0309372876711556,0.0292677777118946));
#1406=CARTESIAN_POINT('',(0.00707954063756678,0.0311860257382716,0.0292698589869111));
#1407=CARTESIAN_POINT('',(0.00666286598301472,0.0315696600564535,0.0292697251788162));
#1408=CARTESIAN_POINT('',(0.00640267901947335,0.0317041846663297,0.0292675100957048));
#1409=CARTESIAN_POINT('',(0.00601498776518071,0.0318092881766842,0.0292617762018924));
#1410=CARTESIAN_POINT('',(0.00591398084949775,0.0318294551756228,0.0292606778796634));
#1411=CARTESIAN_POINT('',(0.00581173602186905,0.0318433333680897,0.0292582164700448));
#1412=CARTESIAN_POINT('',(0.00749570024709429,0.0303919055230367,0.0291925161336562));
#1413=CARTESIAN_POINT('',(0.00747251704110059,0.0304932156937407,0.0291951630708716));
#1414=CARTESIAN_POINT('',(0.00744293151091613,0.0305936266357454,0.0291962260105995));
#1415=CARTESIAN_POINT('',(0.00730086597791601,0.0309787586387302,0.0292021266155779));
#1416=CARTESIAN_POINT('',(0.00713958871239084,0.0312369159060017,0.029204279597987));
#1417=CARTESIAN_POINT('',(0.00670872950272596,0.0316337717493261,0.0292041531568454));
#1418=CARTESIAN_POINT('',(0.0064388895052434,0.03177207213839,0.0292018737332946));
#1419=CARTESIAN_POINT('',(0.00603512443009925,0.0318802228079718,0.0291959545890462));
#1420=CARTESIAN_POINT('',(0.00592979684522035,0.0319009900931705,0.0291948308181711));
#1421=CARTESIAN_POINT('',(0.00582304086670857,0.0319153445747581,0.0291922771227229));
#1422=CARTESIAN_POINT('',(0.00769732912194306,0.0304431001198806,0.0289851580333775));
#1423=CARTESIAN_POINT('',(0.00767178303189287,0.0305566883837737,0.0289880072466351));
#1424=CARTESIAN_POINT('',(0.00763956015371238,0.0306689472124022,0.0289890867481383));
#1425=CARTESIAN_POINT('',(0.00748548357735039,0.0310983228335075,0.0289953479343358));
#1426=CARTESIAN_POINT('',(0.00731173316959284,0.0313834225498347,0.0289976532946466));
#1427=CARTESIAN_POINT('',(0.00684091612111345,0.0318175832215348,0.028997551998274));
#1428=CARTESIAN_POINT('',(0.00654353981638017,0.031966166352521,0.0289951453415907));
#1429=CARTESIAN_POINT('',(0.00609315547310704,0.0320826621562312,0.0289888411491373));
#1430=CARTESIAN_POINT('',(0.00597525361990923,0.0321050795526956,0.0289876809060394));
#1431=CARTESIAN_POINT('',(0.00585529101451309,0.032120776147823,0.0289849165022414));
#1432=CARTESIAN_POINT('',(0.00781797032561942,0.0304737315350963,0.0288342825910002));
#1433=CARTESIAN_POINT('',(0.00779099591152466,0.0305950913273452,0.0288371717390098));
#1434=CARTESIAN_POINT('',(0.0077572561915113,0.0307147605120043,0.0288382065062359));
#1435=CARTESIAN_POINT('',(0.00759640686672273,0.0311716316481241,0.028844467891559));
#1436=CARTESIAN_POINT('',(0.00741590171812573,0.0314729459923729,0.0288467863028513));
#1437=CARTESIAN_POINT('',(0.00692189684768063,0.0319288386047635,0.0288467045904293));
#1438=CARTESIAN_POINT('',(0.00660805305470871,0.0320828859569201,0.028844304466715));
#1439=CARTESIAN_POINT('',(0.00612870211346571,0.0322038944587728,0.028837983092021));
#1440=CARTESIAN_POINT('',(0.00600292739754146,0.0322272144156506,0.0288368552657061));
#1441=CARTESIAN_POINT('',(0.00587458765124991,0.0322436946058634,0.0288340427822459));
#1442=CARTESIAN_POINT('',(0.00797779053103665,0.0305143106981253,0.0285885791422731));
#1443=CARTESIAN_POINT('',(0.0079489308586258,0.0306462299509283,0.0285913820413387));
#1444=CARTESIAN_POINT('',(0.00791324072781557,0.0307758735168291,0.0285922926334664));
#1445=CARTESIAN_POINT('',(0.00774371729280976,0.0312697780120746,0.0285982276432517));
#1446=CARTESIAN_POINT('',(0.00755468846569822,0.0315926863069965,0.0286004406570096));
#1447=CARTESIAN_POINT('',(0.00703034916493758,0.0320770722079943,0.0286003850731388));
#1448=CARTESIAN_POINT('',(0.00669464623516286,0.0322379442380245,0.0285981164755101));
#1449=CARTESIAN_POINT('',(0.00617627266342724,0.0323645958106281,0.0285921005215975));
#1450=CARTESIAN_POINT('',(0.00603988979011778,0.0323890419081634,0.0285910841820015));
#1451=CARTESIAN_POINT('',(0.00590015109192579,0.032406532241921,0.0285883446604796));
#1452=CARTESIAN_POINT('',(0.00802746304861801,0.0305269228029822,0.0285033716516184));
#1453=CARTESIAN_POINT('',(0.00799801782806027,0.0306621789039735,0.0285061214425241));
#1454=CARTESIAN_POINT('',(0.00796173270337839,0.0307949560627195,0.0285069812695965));
#1455=CARTESIAN_POINT('',(0.00778957240785067,0.0313004962973987,0.0285127540143038));
#1456=CARTESIAN_POINT('',(0.00759798243951473,0.0316301358054617,0.0285149127336446));
#1457=CARTESIAN_POINT('',(0.00706429690473372,0.0321233111551602,0.0285148686522525));
#1458=CARTESIAN_POINT('',(0.00672179329144024,0.0322862173636196,0.0285126658515195));
#1459=CARTESIAN_POINT('',(0.00619115706143086,0.0324145552356876,0.0285068078760301));
#1460=CARTESIAN_POINT('',(0.00605143932617899,0.0324393377546804,0.0285058393145224));
#1461=CARTESIAN_POINT('',(0.00590809543726063,0.0324571372614391,0.0285031482938853));
#1462=CARTESIAN_POINT('',(0.00811748621728499,0.0305497801433804,0.0283301933799418));
#1463=CARTESIAN_POINT('',(0.00808696178131057,0.0306912644915341,0.0283327876079774));
#1464=CARTESIAN_POINT('',(0.00804961757326597,0.0308298341217425,0.0283335313102751));
#1465=CARTESIAN_POINT('',(0.0078728191910704,0.0313568575600689,0.0283388762229862));
#1466=CARTESIAN_POINT('',(0.00767686689617476,0.0316987178909388,0.0283408859798059));
#1467=CARTESIAN_POINT('',(0.00712654168304986,0.0322075755949155,0.0283408625339807));
#1468=CARTESIAN_POINT('',(0.00677173114935999,0.0323738977092537,0.0283388293313358));
#1469=CARTESIAN_POINT('',(0.00621845678912344,0.0325051244970495,0.0283333930188078));
#1470=CARTESIAN_POINT('',(0.00607257122857956,0.0325304891908282,0.0283325372596614));
#1471=CARTESIAN_POINT('',(0.00592249351867295,0.0325488522058659,0.0283299926833669));
#1472=CARTESIAN_POINT('',(0.0081581534109505,0.0305601057506926,0.0282417674139279));
#1473=CARTESIAN_POINT('',(0.00812713530770629,0.0307044814978205,0.0282442591872536));
#1474=CARTESIAN_POINT('',(0.00808932285432449,0.0308457137839303,0.0282449375293939));
#1475=CARTESIAN_POINT('',(0.00791049415506008,0.0313826111274589,0.0282500168721213));
#1476=CARTESIAN_POINT('',(0.00771269080467563,0.0317300063954042,0.0282519319555821));
#1477=CARTESIAN_POINT('',(0.00715497240692018,0.0322458476597776,0.0282519176323353));
#1478=CARTESIAN_POINT('',(0.00679460576619916,0.0324135968289751,0.0282499882256277));
#1479=CARTESIAN_POINT('',(0.00623092684308633,0.0325460526740231,0.0282448155945726));
#1480=CARTESIAN_POINT('',(0.00608220416334672,0.0325716668984144,0.0282440248592613));
#1481=CARTESIAN_POINT('',(0.00592899782317822,0.03259028424873,0.0282415782264245));
#1482=CARTESIAN_POINT('',(0.00823093590359134,0.0305785855957586,0.0280612996979098));
#1483=CARTESIAN_POINT('',(0.0081990284849782,0.0307282191864005,0.0280635365857391));
#1484=CARTESIAN_POINT('',(0.00816039309251639,0.0308742440682714,0.0280640740451093));
#1485=CARTESIAN_POINT('',(0.00797800021144727,0.0314289702732554,0.0280685245517804));
#1486=CARTESIAN_POINT('',(0.00777699883942427,0.0317862974765625,0.0280702112268936));
#1487=CARTESIAN_POINT('',(0.00720615786120846,0.0323145528584754,0.0280702115479643));
#1488=CARTESIAN_POINT('',(0.00683584085633133,0.0324847443911518,0.0280685251939217));
#1489=CARTESIAN_POINT('',(0.0062533716123412,0.032619320606816,0.0280639809561776));
#1490=CARTESIAN_POINT('',(0.00609953813931173,0.0326453647843079,0.0280633338093697));
#1491=CARTESIAN_POINT('',(0.00594063873973415,0.0326644362127613,0.0280611335881176));
#1492=CARTESIAN_POINT('',(0.00826305114423608,0.030586739818702,0.0279692579232431));
#1493=CARTESIAN_POINT('',(0.00823074615163618,0.0307387504969439,0.0279713436716239));
#1494=CARTESIAN_POINT('',(0.00819175599605487,0.0308869131683882,0.0279718067456858));
#1495=CARTESIAN_POINT('',(0.00800783397551057,0.0314496167492122,0.0279758979083017));
#1496=CARTESIAN_POINT('',(0.00780550043751016,0.0318113375621454,0.0279774523787381));
#1497=CARTESIAN_POINT('',(0.0072289494620342,0.0323450059377912,0.0279774583103706));
#1498=CARTESIAN_POINT('',(0.00685424279842946,0.0325161986043375,0.0279759097715667));
#1499=CARTESIAN_POINT('',(0.00626336531696574,0.0326516597900479,0.0279717262428751));
#1500=CARTESIAN_POINT('',(0.00610725016575155,0.032677883850561,0.0279711564866389));
#1501=CARTESIAN_POINT('',(0.00594577534289477,0.0326971560772993,0.0279691033832505));
#1502=CARTESIAN_POINT('',(0.00831861839468717,0.0306008486262163,0.0277815115164373));
#1503=CARTESIAN_POINT('',(0.00828562096163413,0.0307570276341058,0.0277832558196207));
#1504=CARTESIAN_POINT('',(0.0082460303758801,0.030908878585875,0.0277835744739614));
#1505=CARTESIAN_POINT('',(0.00805950086066571,0.0314854542344471,0.0277868896432595));
#1506=CARTESIAN_POINT('',(0.00785491568014811,0.0318547980374703,0.0277881555798774));
#1507=CARTESIAN_POINT('',(0.00726852833170244,0.0323978022878951,0.0277881687812571));
#1508=CARTESIAN_POINT('',(0.00688621597081108,0.0325706754864376,0.0277869160460188));
#1509=CARTESIAN_POINT('',(0.00628071235275035,0.0327076264419177,0.0277835147570336));
#1510=CARTESIAN_POINT('',(0.00612065610097294,0.0327341500089097,0.0277830991891062));
#1511=CARTESIAN_POINT('',(0.00595466295702214,0.0327537696643764,0.0277813799281307));
#1512=CARTESIAN_POINT('',(0.00834214387159163,0.030606821864457,0.0276853986740618));
#1513=CARTESIAN_POINT('',(0.00830885157207221,0.0307647921143941,0.0276869526714963));
#1514=CARTESIAN_POINT('',(0.0082690143556031,0.0309181944391867,0.0276872012588814));
#1515=CARTESIAN_POINT('',(0.00808139973956072,0.0315006709555688,0.0276900995511173));
#1516=CARTESIAN_POINT('',(0.0078758835185609,0.031873254726317,0.0276912087680803));
#1517=CARTESIAN_POINT('',(0.00728534666652081,0.0324202030323096,0.0276912228476186));
#1518=CARTESIAN_POINT('',(0.00689980670312799,0.0325937662162388,0.027690127710194));
#1519=CARTESIAN_POINT('',(0.00628807844031078,0.0327313281473448,0.0276871477240633));
#1520=CARTESIAN_POINT('',(0.00612636180249297,0.0327579722200662,0.0276868089213301));
#1521=CARTESIAN_POINT('',(0.00595842576072736,0.0327777385059762,0.0276852763849038));
#1522=CARTESIAN_POINT('',(0.00839860896900766,0.0306211586398823,0.0273944123481936));
#1523=CARTESIAN_POINT('',(0.00836459894155702,0.0307835005817765,0.0273953490195806));
#1524=CARTESIAN_POINT('',(0.00832419145667705,0.0309405592382082,0.0273954126985499));
#1525=CARTESIAN_POINT('',(0.00813400222028981,0.031537221559677,0.0273970260780174));
#1526=CARTESIAN_POINT('',(0.00792627986919614,0.0319176126296345,0.0273976516600596));
#1527=CARTESIAN_POINT('',(0.00732579040724514,0.032474030978091,0.0273976714465957));
#1528=CARTESIAN_POINT('',(0.00693248138436778,0.0326492220639135,0.0273970656510897));
#1529=CARTESIAN_POINT('',(0.00630577661701629,0.0327882221455053,0.0273953953570954));
#1530=CARTESIAN_POINT('',(0.00614013688791234,0.0328151408214253,0.0273952686904746));
#1531=CARTESIAN_POINT('',(0.00596745640981951,0.0328352632174921,0.0273943434115381));
#1532=CARTESIAN_POINT('',(0.00841749419647663,0.0306259536951903,0.027198274882318));
#1533=CARTESIAN_POINT('',(0.00838327633946847,0.0307896326421521,0.0271985046663894));
#1534=CARTESIAN_POINT('',(0.00834272018635353,0.030947621419286,0.0271982720446656));
#1535=CARTESIAN_POINT('',(0.00815162706497159,0.0315485502469016,0.0271982663693608));
#1536=CARTESIAN_POINT('',(0.00794288336123068,0.0319316846003641,0.0271982621128822));
#1537=CARTESIAN_POINT('',(0.00733863643015225,0.0324916867187058,0.027198253599925));
#1538=CARTESIAN_POINT('',(0.0069425826890166,0.0326677050180087,0.0271982493434464));
#1539=CARTESIAN_POINT('',(0.00631130509758792,0.032807283319298,0.0271982436681416));
#1540=CARTESIAN_POINT('',(0.00614463426642782,0.0328342809689689,0.0271984495564194));
#1541=CARTESIAN_POINT('',(0.00597047688523991,0.0328545034709253,0.0271982408304891));
#1542=CARTESIAN_POINT('',(0.00841749419647663,0.0306259536951903,0.0270000000000355));
#1543=CARTESIAN_POINT('',(0.00838322414861836,0.030789882293808,0.0270000000000355));
#1544=CARTESIAN_POINT('',(0.00834272018635227,0.03094762141929,0.0270000000000355));
#1545=CARTESIAN_POINT('',(0.00815162706497536,0.0315485502468897,0.0270000000000355));
#1546=CARTESIAN_POINT('',(0.00794288336123944,0.0319316846003511,0.0270000000000355));
#1547=CARTESIAN_POINT('',(0.00733863643016411,0.0324916867186976,0.0270000000000355));
#1548=CARTESIAN_POINT('',(0.00694258268902658,0.0326677050180065,0.0270000000000355));
#1549=CARTESIAN_POINT('',(0.0063113050975846,0.0328072833192988,0.0270000000000355));
#1550=CARTESIAN_POINT('',(0.0061448852050081,0.0328342518309174,0.0270000000000355));
#1551=CARTESIAN_POINT('',(0.00597047688523991,0.0328545034709253,0.0270000000000355));
#1552=CARTESIAN_POINT('',(0.00550451176314751,0.0298863326394296,0.03));
#1553=CARTESIAN_POINT('',(0.00562748104842635,0.0306696398622864,0.03));
#1554=CARTESIAN_POINT('',(0.00586860286512036,0.0322055718649537,0.0293498321708665));
#1555=CARTESIAN_POINT('',(0.00597047688523991,0.0328545034709253,0.0277929633218501));
#1556=CARTESIAN_POINT('',(0.00597047688523991,0.0328545034709253,0.0270000000000355));
#1557=CARTESIAN_POINT('',(-0.00799726282800078,0.0252755171461101,0.03));
#1558=CARTESIAN_POINT('',(-0.00799726282800078,0.0252755171461101,0.03));
#1559=CARTESIAN_POINT('',(-0.00799726282800078,0.0252755171461101,0.03));
#1560=CARTESIAN_POINT('',(-0.00799726282800078,0.0252755171461101,0.03));
#1561=CARTESIAN_POINT('',(-0.00799726282800078,0.0252755171461101,0.03));
#1562=CARTESIAN_POINT('',(-0.00799726282800078,0.0252755171461101,0.03));
#1563=CARTESIAN_POINT('',(-0.00799726282800078,0.0252755171461101,0.03));
#1564=CARTESIAN_POINT('',(-0.00799726282800078,0.0252755171461101,0.03));
#1565=CARTESIAN_POINT('',(-0.00799726282800078,0.0252755171461101,0.03));
#1566=CARTESIAN_POINT('',(-0.00799726282800078,0.0252755171461101,0.03));
#1567=CARTESIAN_POINT('',(-0.00799726282800078,0.0252755171461101,0.03));
#1568=CARTESIAN_POINT('',(-0.00799726282800078,0.0252755171461101,0.03));
#1569=CARTESIAN_POINT('',(-0.00819332766251828,0.0252463078903972,0.03));
#1570=CARTESIAN_POINT('',(-0.00819196244463512,0.0252371439725975,0.03));
#1571=CARTESIAN_POINT('',(-0.00818971041240957,0.0252279758121085,0.03));
#1572=CARTESIAN_POINT('',(-0.00817756314632737,0.0251917309124473,0.03));
#1573=CARTESIAN_POINT('',(-0.00816138963811075,0.0251655096578645,0.03));
#1574=CARTESIAN_POINT('',(-0.00813408063065469,0.0251358336294407,0.03));
#1575=CARTESIAN_POINT('',(-0.00812677468463784,0.0251288550926976,0.03));
#1576=CARTESIAN_POINT('',(-0.00810372685427103,0.0251095744283455,0.03));
#1577=CARTESIAN_POINT('',(-0.00808685497760475,0.0250989272466139,0.03));
#1578=CARTESIAN_POINT('',(-0.00806051153854142,0.0250876005049278,0.03));
#1579=CARTESIAN_POINT('',(-0.00805155778817633,0.0250845989295176,0.03));
#1580=CARTESIAN_POINT('',(-0.00804253346384798,0.0250824825375222,0.03));
#1581=CARTESIAN_POINT('',(-0.00838615965282138,0.0252175802558457,0.0299806445246852));
#1582=CARTESIAN_POINT('',(-0.008383468181305,0.0251994901364611,0.029980776849675));
#1583=CARTESIAN_POINT('',(-0.00837907163240309,0.025181300661834,0.0299808442199894));
#1584=CARTESIAN_POINT('',(-0.00835541066470667,0.0251094324536147,0.0299811724679584));
#1585=CARTESIAN_POINT('',(-0.00832396759763881,0.0250572612305177,0.029981310110173));
#1586=CARTESIAN_POINT('',(-0.00827014097439877,0.0249983277373928,0.0299813269504797));
#1587=CARTESIAN_POINT('',(-0.0082556921175819,0.0249844802870356,0.0299813172703359));
#1588=CARTESIAN_POINT('',(-0.00820990200001574,0.0249462868906403,0.0299812447294402));
#1589=CARTESIAN_POINT('',(-0.00817612995435259,0.0249252802331268,0.0299811383682245));
#1590=CARTESIAN_POINT('',(-0.00812322898730927,0.0249028451297678,0.0299808845062628));
#1591=CARTESIAN_POINT('',(-0.00810518328114688,0.0248968720992019,0.029980819528954));
#1592=CARTESIAN_POINT('',(-0.00808705898103782,0.0248926251250502,0.0299806674949518));
#1593=CARTESIAN_POINT('',(-0.008670696177898,0.0251751907057711,0.0299237107310008));
#1594=CARTESIAN_POINT('',(-0.00866609653141221,0.0251436508991555,0.0299241485893487));
#1595=CARTESIAN_POINT('',(-0.00865870147680286,0.0251118725854048,0.0299243663931068));
#1596=CARTESIAN_POINT('',(-0.00861901570911832,0.024986661240664,0.0299254507998435));
#1597=CARTESIAN_POINT('',(-0.00856641385221966,0.02489609747679,0.0299259161432688));
#1598=CARTESIAN_POINT('',(-0.00847431220671552,0.0247942942591997,0.0299259816273627));
#1599=CARTESIAN_POINT('',(-0.00844945513742112,0.0247704233811115,0.029925951750569));
#1600=CARTESIAN_POINT('',(-0.00837010687294096,0.0247047496706863,0.029925715791322));
#1601=CARTESIAN_POINT('',(-0.00831088488413947,0.0246688507223886,0.0299253633800029));
#1602=CARTESIAN_POINT('',(-0.00821722535510232,0.0246302710608062,0.0299245117636357));
#1603=CARTESIAN_POINT('',(-0.00818506965821485,0.0246199314121165,0.0299242956198601));
#1604=CARTESIAN_POINT('',(-0.00815276057723428,0.0246124726229252,0.0299237799912254));
#1605=CARTESIAN_POINT('',(-0.00876475364238671,0.0251611782565794,0.0299000486397096));
#1606=CARTESIAN_POINT('',(-0.0087595284769008,0.025125122922113,0.0299006071866922));
#1607=CARTESIAN_POINT('',(-0.00875117071545379,0.0250887894313246,0.0299008842710573));
#1608=CARTESIAN_POINT('',(-0.00870636174840754,0.0249457675600818,0.0299022678928854));
#1609=CARTESIAN_POINT('',(-0.0086470264603699,0.0248425054358988,0.0299028641112865));
#1610=CARTESIAN_POINT('',(-0.00854244127677704,0.0247266089664266,0.0299029499651689));
#1611=CARTESIAN_POINT('',(-0.00851417084374702,0.0246994515267181,0.0299029123366407));
#1612=CARTESIAN_POINT('',(-0.00842373733517418,0.02462478917534,0.0299026121383908));
#1613=CARTESIAN_POINT('',(-0.00835601187296913,0.0245840489213312,0.029902162256004));
#1614=CARTESIAN_POINT('',(-0.00824857993738911,0.0245401805427414,0.0299010726604178));
#1615=CARTESIAN_POINT('',(-0.00821162686633884,0.0245283999419379,0.0299007961530626));
#1616=CARTESIAN_POINT('',(-0.00817447935440507,0.0245198634608997,0.0299001355318013));
#1617=CARTESIAN_POINT('',(-0.00895125568221332,0.0251333936424456,0.0298431373881422));
#1618=CARTESIAN_POINT('',(-0.00894481353384731,0.0250882955581156,0.0298439588459555));
#1619=CARTESIAN_POINT('',(-0.00893460318331277,0.0250428440076132,0.0298443630924199));
#1620=CARTESIAN_POINT('',(-0.00887994281102245,0.0248642559525083,0.0298463969642574));
#1621=CARTESIAN_POINT('',(-0.00880766385333397,0.0247357715943004,0.0298472803159356));
#1622=CARTESIAN_POINT('',(-0.00867857293748634,0.02459201302894,0.0298474130830977));
#1623=CARTESIAN_POINT('',(-0.00864357132478204,0.0245583712910455,0.0298473591886319));
#1624=CARTESIAN_POINT('',(-0.00853115064294549,0.0244660134220991,0.0298469204993428));
#1625=CARTESIAN_POINT('',(-0.00844640666077687,0.0244157957644527,0.0298462586986276));
#1626=CARTESIAN_POINT('',(-0.00831119003103592,0.0243615356433954,0.0298446489972794));
#1627=CARTESIAN_POINT('',(-0.00826451680071171,0.0243469131196027,0.0298442416688876));
#1628=CARTESIAN_POINT('',(-0.00821754483587579,0.0243362316606438,0.0298432621138684));
#1629=CARTESIAN_POINT('',(-0.00904397327404134,0.0251195808041798,0.0298097211302825));
#1630=CARTESIAN_POINT('',(-0.00903693966179535,0.0250699554978371,0.0298106848102918));
#1631=CARTESIAN_POINT('',(-0.00902583616368536,0.02501993743379,0.0298111569179706));
#1632=CARTESIAN_POINT('',(-0.00896642472823364,0.0248235683052465,0.0298135416827815));
#1633=CARTESIAN_POINT('',(-0.00888789634812634,0.0246825165029025,0.0298145810494274));
#1634=CARTESIAN_POINT('',(-0.00874673099290343,0.0245249309996422,0.0298147400356358));
#1635=CARTESIAN_POINT('',(-0.00870839850295813,0.0244880770017086,0.0298146775458558));
#1636=CARTESIAN_POINT('',(-0.0085850391570378,0.024386971408878,0.029814164376405));
#1637=CARTESIAN_POINT('',(-0.00849175890369294,0.0243320940526606,0.0298133879966235));
#1638=CARTESIAN_POINT('',(-0.00834251284337462,0.0242727118440845,0.0298114960622737));
#1639=CARTESIAN_POINT('',(-0.00829091356261368,0.0242566847185481,0.0298110182561474));
#1640=CARTESIAN_POINT('',(-0.00823895557582882,0.0242449359735153,0.0298098647599968));
#1641=CARTESIAN_POINT('',(-0.00931371994462853,0.0250793946101675,0.0296970913741383));
#1642=CARTESIAN_POINT('',(-0.00930498248813401,0.0250162494516211,0.0296984897888742));
#1643=CARTESIAN_POINT('',(-0.00929137893767784,0.0249526627748182,0.0296991637921862));
#1644=CARTESIAN_POINT('',(-0.00921874320395598,0.024703744946001,0.029702614632877));
#1645=CARTESIAN_POINT('',(-0.00912293325979471,0.0245261450448305,0.0297041322832333));
#1646=CARTESIAN_POINT('',(-0.00894724503919631,0.0243286996275508,0.0297043746655068));
#1647=CARTESIAN_POINT('',(-0.00889932364689318,0.0242826209930116,0.0297042868317807));
#1648=CARTESIAN_POINT('',(-0.00874419798422709,0.0241564733494206,0.0297035485556641));
#1649=CARTESIAN_POINT('',(-0.00862579813672977,0.0240883669404209,0.0297024233383355));
#1650=CARTESIAN_POINT('',(-0.00843467713359773,0.0240143032389527,0.0296996680142491));
#1651=CARTESIAN_POINT('',(-0.0083682769022561,0.0239942158429227,0.0296989783352721));
#1652=CARTESIAN_POINT('',(-0.00830124858862536,0.0239793177174888,0.0296972875534599));
#1653=CARTESIAN_POINT('',(-0.00948432038187541,0.0250539789775859,0.0296051655347756));
#1654=CARTESIAN_POINT('',(-0.00947453917022834,0.024981848816426,0.0296068611295642));
#1655=CARTESIAN_POINT('',(-0.00945948968604539,0.0249093251369793,0.0296076645240551));
#1656=CARTESIAN_POINT('',(-0.00937928315082453,0.0246261390827331,0.0296118339076245));
#1657=CARTESIAN_POINT('',(-0.00927369416944399,0.0244254198863435,0.0296136805516384));
#1658=CARTESIAN_POINT('',(-0.00907693371189309,0.0242032095950061,0.0296139855379607));
#1659=CARTESIAN_POINT('',(-0.00902307366913589,0.0241514456697743,0.0296138820173999));
#1660=CARTESIAN_POINT('',(-0.00884791700516428,0.0240099701626991,0.0296129946531147));
#1661=CARTESIAN_POINT('',(-0.00871325442457823,0.0239339153579705,0.0296116340067876));
#1662=CARTESIAN_POINT('',(-0.00849428801896328,0.0238508687854079,0.029608289427376));
#1663=CARTESIAN_POINT('',(-0.00841792562599697,0.0238282574087845,0.0296074612272485));
#1664=CARTESIAN_POINT('',(-0.00834064620386743,0.0238113257488489,0.0296053954024151));
#1665=CARTESIAN_POINT('',(-0.0097264957254115,0.0250179002919096,0.0294422379677319));
#1666=CARTESIAN_POINT('',(-0.00971529952809021,0.0249326419516179,0.0294443200830503));
#1667=CARTESIAN_POINT('',(-0.00969835054308071,0.0248471336540961,0.0294452742522756));
#1668=CARTESIAN_POINT('',(-0.00960820729677279,0.024514382525969,0.0294503530350879));
#1669=CARTESIAN_POINT('',(-0.0094897890921929,0.0242807591821639,0.0294526228768275));
#1670=CARTESIAN_POINT('',(-0.00926377309071951,0.0240237160975795,0.0294530142138374));
#1671=CARTESIAN_POINT('',(-0.00920158485129529,0.0239639986345591,0.0294528924548697));
#1672=CARTESIAN_POINT('',(-0.00899800249638375,0.0238011925621982,0.0294518198323489));
#1673=CARTESIAN_POINT('',(-0.00883987310797056,0.0237142364059484,0.0294501616231783));
#1674=CARTESIAN_POINT('',(-0.00858011145606953,0.0236187809617286,0.0294460653543593));
#1675=CARTESIAN_POINT('',(-0.00848906759531943,0.0235926623605516,0.0294450749435012));
#1676=CARTESIAN_POINT('',(-0.00839657358336518,0.0235728506400137,0.0294425138422963));
#1677=CARTESIAN_POINT('',(-0.00980514568445258,0.0250061832148974,0.0293835354647389));
#1678=CARTESIAN_POINT('',(-0.00979350293308231,0.0249166070356932,0.0293857365453088));
#1679=CARTESIAN_POINT('',(-0.0097759631025552,0.024826838018151,0.0293867338527826));
#1680=CARTESIAN_POINT('',(-0.00968272615132626,0.0244778527779351,0.0293920883902276));
#1681=CARTESIAN_POINT('',(-0.00956030715201909,0.0242335252445031,0.0293944887665255));
#1682=CARTESIAN_POINT('',(-0.00932489018124604,0.0239652143955111,0.0293949092066804));
#1683=CARTESIAN_POINT('',(-0.00926001219195769,0.0239029308396949,0.0293947826449211));
#1684=CARTESIAN_POINT('',(-0.00904719573337217,0.0237332615070711,0.0293936557754278));
#1685=CARTESIAN_POINT('',(-0.00888138186383339,0.0236428244733091,0.0293919082834779));
#1686=CARTESIAN_POINT('',(-0.00860817040209586,0.0235433963374051,0.0293875840018347));
#1687=CARTESIAN_POINT('',(-0.00851227376932399,0.023516152457456,0.0293865472145747));
#1688=CARTESIAN_POINT('',(-0.00841473523958209,0.0234954090902424,0.0293838322359394));
#1689=CARTESIAN_POINT('',(-0.00995665446162268,0.0249836118107696,0.0292582274728335));
#1690=CARTESIAN_POINT('',(-0.00994417089042846,0.0248855675580875,0.0292606350199066));
#1691=CARTESIAN_POINT('',(-0.00992554386234099,0.0247874759415797,0.0292616977754673));
#1692=CARTESIAN_POINT('',(-0.0098266227963804,0.0244068591294591,0.0292675143411398));
#1693=CARTESIAN_POINT('',(-0.0096968661991911,0.0241418860836181,0.0292701324192651));
#1694=CARTESIAN_POINT('',(-0.00944357771275202,0.0238519941910919,0.0292705979544206));
#1695=CARTESIAN_POINT('',(-0.00937355656767252,0.0237848118637609,0.0292704622352362));
#1696=CARTESIAN_POINT('',(-0.00914296425891452,0.023602080224267,0.0292692404820271));
#1697=CARTESIAN_POINT('',(-0.0089622215633647,0.0235050756023515,0.0292673398523462));
#1698=CARTESIAN_POINT('',(-0.00866265777830839,0.0233981154132356,0.0292626265695661));
#1699=CARTESIAN_POINT('',(-0.00855722518968139,0.0233687302152378,0.029261518659275));
#1700=CARTESIAN_POINT('',(-0.00844972971680965,0.02334619216214,0.0292585337830044));
#1701=CARTESIAN_POINT('',(-0.0100287553322353,0.0249728704008068,0.0291922890467911));
#1702=CARTESIAN_POINT('',(-0.0100158774952661,0.024870675913559,0.0291947840951156));
#1703=CARTESIAN_POINT('',(-0.00999676315174797,0.0247685326199533,0.0291958693916611));
#1704=CARTESIAN_POINT('',(-0.00989531493226116,0.0243725897609474,0.0292018738489524));
#1705=CARTESIAN_POINT('',(-0.00976232997126173,0.0240977978144907,0.0292045818681016));
#1706=CARTESIAN_POINT('',(-0.00950071552424926,0.0237977558723934,0.0292050670934528));
#1707=CARTESIAN_POINT('',(-0.00942827711969096,0.0237282816737321,0.0292049279442199));
#1708=CARTESIAN_POINT('',(-0.00918924472632015,0.0235394657584124,0.0292036681546631));
#1709=CARTESIAN_POINT('',(-0.00900131642386329,0.0234394407378623,0.0292017051724809));
#1710=CARTESIAN_POINT('',(-0.008688897567538,0.0233289747469166,0.029196832114906));
#1711=CARTESIAN_POINT('',(-0.0085787908316897,0.0232985837114895,0.029195699689132));
#1712=CARTESIAN_POINT('',(-0.00846638293347577,0.0232751826191832,0.0291925987926565));
#1713=CARTESIAN_POINT('',(-0.0102344429693303,0.0249422275636877,0.0289849311462626));
#1714=CARTESIAN_POINT('',(-0.0102204638763309,0.0248279105233901,0.0289876239311154));
#1715=CARTESIAN_POINT('',(-0.0102000372129169,0.0247140013723579,0.0289887374479983));
#1716=CARTESIAN_POINT('',(-0.010091813593576,0.0242736933525009,0.0289951313307404));
#1717=CARTESIAN_POINT('',(-0.00995022599978991,0.0239708830300817,0.0289980313366214));
#1718=CARTESIAN_POINT('',(-0.00966526206775914,0.0236421466336041,0.028998562901915));
#1719=CARTESIAN_POINT('',(-0.00958599441048244,0.0235662222384092,0.0289984178674705));
#1720=CARTESIAN_POINT('',(-0.00932291794514158,0.0233603503244758,0.0289970816617517));
#1721=CARTESIAN_POINT('',(-0.00911429508282853,0.023251956095921,0.0289949893880921));
#1722=CARTESIAN_POINT('',(-0.00876447091377035,0.0231316962138007,0.0289897794725051));
#1723=CARTESIAN_POINT('',(-0.00864072045935011,0.0230984791049931,0.0289886170306991));
#1724=CARTESIAN_POINT('',(-0.00851389052598426,0.023072609596887,0.0289852480012045));
#1725=CARTESIAN_POINT('',(-0.0103575150178626,0.0249238925932911,0.0288340591779663));
#1726=CARTESIAN_POINT('',(-0.0103429062451214,0.0248019224654229,0.0288367938809888));
#1727=CARTESIAN_POINT('',(-0.0103218006332861,0.0246806810138285,0.0288378702703736));
#1728=CARTESIAN_POINT('',(-0.010210122388928,0.0242129227652276,0.0288442788504711));
#1729=CARTESIAN_POINT('',(-0.0100642377997385,0.0238933446565128,0.0288471959426081));
#1730=CARTESIAN_POINT('',(-0.00976587015503611,0.0235478131596078,0.0288477390445493));
#1731=CARTESIAN_POINT('',(-0.00968261074471388,0.0234681544641091,0.028847595957181));
#1732=CARTESIAN_POINT('',(-0.00940519859964655,0.0232525030278422,0.0288462611706556));
#1733=CARTESIAN_POINT('',(-0.0091839224388696,0.0231394482912287,0.0288441639470774));
#1734=CARTESIAN_POINT('',(-0.00881069358535772,0.0230136131406213,0.0288389313194261));
#1735=CARTESIAN_POINT('',(-0.00867834676224182,0.0229787628096874,0.0288378118041197));
#1736=CARTESIAN_POINT('',(-0.0085423160004913,0.0229514029859635,0.0288343765262297));
#1737=CARTESIAN_POINT('',(-0.0105205566008958,0.0248996030601762,0.0285883634386133));
#1738=CARTESIAN_POINT('',(-0.0105051478959498,0.0247672512287321,0.0285910213517751));
#1739=CARTESIAN_POINT('',(-0.0104832268569026,0.0246361596862229,0.0285919820805656));
#1740=CARTESIAN_POINT('',(-0.010367391788174,0.0241315135639249,0.0285980756396387));
#1741=CARTESIAN_POINT('',(-0.0102163482856905,0.0237896677741508,0.0286008628932424));
#1742=CARTESIAN_POINT('',(-0.00990055472269667,0.0234220594834725,0.0286013940690025));
#1743=CARTESIAN_POINT('',(-0.00981205806759497,0.0233375174204146,0.0286012614327444));
#1744=CARTESIAN_POINT('',(-0.00951565666973974,0.0231091452147477,0.0285999999049219));
#1745=CARTESIAN_POINT('',(-0.00927742276988948,0.0229901280374668,0.0285980073943093));
#1746=CARTESIAN_POINT('',(-0.00887254122240102,0.022857114048336,0.02859302207648));
#1747=CARTESIAN_POINT('',(-0.00872857164263717,0.0228201582114964,0.0285920331910008));
#1748=CARTESIAN_POINT('',(-0.00857997307140493,0.0227908327220749,0.0285886778124873));
#1749=CARTESIAN_POINT('',(-0.0105712259461734,0.0248920544660254,0.0285031664332119));
#1750=CARTESIAN_POINT('',(-0.0105555746950605,0.024756425054686,0.0285057754719008));
#1751=CARTESIAN_POINT('',(-0.0105334167105685,0.024622242510023,0.0285066874510287));
#1752=CARTESIAN_POINT('',(-0.0104163741033,0.0241060217852042,0.0285126184165695));
#1753=CARTESIAN_POINT('',(-0.0102638377656906,0.0237572457194314,0.0285153340644607));
#1754=CARTESIAN_POINT('',(-0.00994269866861273,0.0233828132975829,0.028515853173126));
#1755=CARTESIAN_POINT('',(-0.00985258545360614,0.0232967669984737,0.0285157244706933));
#1756=CARTESIAN_POINT('',(-0.00955028494866698,0.023064490180525,0.0285144969534721));
#1757=CARTESIAN_POINT('',(-0.00930674220575912,0.0229436632029852,0.0285125567287611));
#1758=CARTESIAN_POINT('',(-0.00889189089543906,0.0228084586945707,0.028507699687348));
#1759=CARTESIAN_POINT('',(-0.00874426006058103,0.022770859378473,0.0285067651839173));
#1760=CARTESIAN_POINT('',(-0.00859167779170409,0.0227409236351073,0.0285034663171909));
#1761=CARTESIAN_POINT('',(-0.010663057295322,0.0248783736580093,0.0283300095416824));
#1762=CARTESIAN_POINT('',(-0.0106469671228429,0.0247366308971536,0.0283324734744138));
#1763=CARTESIAN_POINT('',(-0.0106244146310779,0.02459674191453,0.0283332719575514));
#1764=CARTESIAN_POINT('',(-0.0105053920077396,0.0240591890954494,0.0283387704516158));
#1765=CARTESIAN_POINT('',(-0.0103504761919103,0.0236978681438784,0.0283412929132859));
#1766=CARTESIAN_POINT('',(-0.0100198750998962,0.0233112303538462,0.0283417781552644));
#1767=CARTESIAN_POINT('',(-0.00992687116208471,0.0232225103163232,0.0283416596290717));
#1768=CARTESIAN_POINT('',(-0.00961390842480061,0.0229833302291586,0.0283405226380638));
#1769=CARTESIAN_POINT('',(-0.00936064797849069,0.0228593584394453,0.0283387227608189));
#1770=CARTESIAN_POINT('',(-0.00892734232229944,0.0227202801857631,0.028334212510622));
#1771=CARTESIAN_POINT('',(-0.00877292688331324,0.0226815326555723,0.0283334041597752));
#1772=CARTESIAN_POINT('',(-0.00861289047026543,0.0226504724844538,0.0283302798258701));
#1773=CARTESIAN_POINT('',(-0.0107045418932905,0.0248721933848706,0.0282415944382352));
#1774=CARTESIAN_POINT('',(-0.0106882553456122,0.024727614854394,0.0282439621394818));
#1775=CARTESIAN_POINT('',(-0.0106655414177162,0.0245851062140692,0.0282446958775902));
#1776=CARTESIAN_POINT('',(-0.0105457191967281,0.0240377663499881,0.0282499245027979));
#1777=CARTESIAN_POINT('',(-0.0103898702461709,0.0236707801258867,0.0282523253995384));
#1778=CARTESIAN_POINT('',(-0.0100550907044592,0.0232786935485332,0.0282527888626967));
#1779=CARTESIAN_POINT('',(-0.00996079710653648,0.0231887871210707,0.0282526765841116));
#1780=CARTESIAN_POINT('',(-0.00964302765808449,0.0229465608806618,0.0282515961233207));
#1781=CARTESIAN_POINT('',(-0.00938533316846173,0.0228212266367212,0.0282498843160791));
#1782=CARTESIAN_POINT('',(-0.00894352258914103,0.0226804429921103,0.0282455925874979));
#1783=CARTESIAN_POINT('',(-0.00878597992681804,0.0226411865051902,0.0282448560084844));
#1784=CARTESIAN_POINT('',(-0.00862247306724403,0.0226096121602634,0.0282418496956138));
#1785=CARTESIAN_POINT('',(-0.0107787879002567,0.024861132397782,0.0280611485159144));
#1786=CARTESIAN_POINT('',(-0.0107621527483129,0.0247113999726854,0.0280632755958727));
#1787=CARTESIAN_POINT('',(-0.0107391697895763,0.0245641797496772,0.0280638678394772));
#1788=CARTESIAN_POINT('',(-0.0106180159662221,0.0239991865673559,0.0280684545075454));
#1789=CARTESIAN_POINT('',(-0.0104606371422756,0.0236220524378081,0.0280705641366942));
#1790=CARTESIAN_POINT('',(-0.0101184694599802,0.0232202656418531,0.0280709743065629));
#1791=CARTESIAN_POINT('',(-0.0100218821648951,0.0231282540875939,0.0280708766266136));
#1792=CARTESIAN_POINT('',(-0.00969551398626288,0.0228806410467028,0.0280699305162009));
#1793=CARTESIAN_POINT('',(-0.00942983511153394,0.022752924710529,0.0280684290151722));
#1794=CARTESIAN_POINT('',(-0.00897263798277739,0.0226091369625959,0.0280646610092342));
#1795=CARTESIAN_POINT('',(-0.0088094554930978,0.0225689846619704,0.028064080669937));
#1796=CARTESIAN_POINT('',(-0.00863962309834329,0.0225364841937889,0.0280613736603063));
#1797=CARTESIAN_POINT('',(-0.0108115492524222,0.0248562516922987,0.0279691176734841));
#1798=CARTESIAN_POINT('',(-0.0107947610103822,0.0247041905327013,0.0279711016471362));
#1799=CARTESIAN_POINT('',(-0.0107716712156479,0.0245548706681157,0.0279716183187027));
#1800=CARTESIAN_POINT('',(-0.0106499926335574,0.0239819895681222,0.0279758371024145));
#1801=CARTESIAN_POINT('',(-0.0104920319804824,0.0236003773217164,0.0279777790437524));
#1802=CARTESIAN_POINT('',(-0.0101466667095634,0.0231943516346177,0.0279781581339752));
#1803=CARTESIAN_POINT('',(-0.0100490777549001,0.0231014250217628,0.0279780687261231));
#1804=CARTESIAN_POINT('',(-0.00971892104451935,0.0228514822358401,0.0279771995749847));
#1805=CARTESIAN_POINT('',(-0.00944968929263357,0.0227227533530271,0.0279758189041167));
#1806=CARTESIAN_POINT('',(-0.00898559264071245,0.0225776702155558,0.0279723524972177));
#1807=CARTESIAN_POINT('',(-0.00881988923242483,0.0225371309465399,0.027971855176321));
#1808=CARTESIAN_POINT('',(-0.00864719051850033,0.0225042166110457,0.0279693277302004));
#1809=CARTESIAN_POINT('',(-0.0108682346501831,0.0248478068414795,0.0277813929720594));
#1810=CARTESIAN_POINT('',(-0.0108511827295682,0.0246916637791446,0.0277830530443406));
#1811=CARTESIAN_POINT('',(-0.0108279210681831,0.024538723037158,0.0277834209228443));
#1812=CARTESIAN_POINT('',(-0.0107053852556172,0.0239521348443576,0.0277868438522143));
#1813=CARTESIAN_POINT('',(-0.0105464824757458,0.0235627623466861,0.0277884220545415));
#1814=CARTESIAN_POINT('',(-0.010195622170381,0.0231494181549004,0.0277887332279001));
#1815=CARTESIAN_POINT('',(-0.0100963054305516,0.0230549148872866,0.0277886615965389));
#1816=CARTESIAN_POINT('',(-0.00975959062045704,0.0228009678671991,0.0277879588919516));
#1817=CARTESIAN_POINT('',(-0.00948418491767533,0.022670513573847,0.027786840008222));
#1818=CARTESIAN_POINT('',(-0.00900807512467929,0.0225232158547664,0.027784027916017));
#1819=CARTESIAN_POINT('',(-0.00883801736167641,0.0224820209612401,0.0277836917411044));
#1820=CARTESIAN_POINT('',(-0.00866028401870977,0.0224483857476023,0.0277815731257747));
#1821=CARTESIAN_POINT('',(-0.010892233859911,0.0248442314983764,0.0276852892278335));
#1822=CARTESIAN_POINT('',(-0.0108750713508173,0.0246863352678048,0.0276867685050499));
#1823=CARTESIAN_POINT('',(-0.0108517437541297,0.0245318723145705,0.0276870632123771));
#1824=CARTESIAN_POINT('',(-0.0107288691372795,0.0239394581186667,0.0276900585206984));
#1825=CARTESIAN_POINT('',(-0.0105695952039481,0.0235467917814981,0.0276914412700035));
#1826=CARTESIAN_POINT('',(-0.0102164229783717,0.0231303523693833,0.0276917164037141));
#1827=CARTESIAN_POINT('',(-0.0101163764943569,0.0230351836039099,0.0276916544761393));
#1828=CARTESIAN_POINT('',(-0.00977688193899208,0.0227795511211682,0.0276910418196202));
#1829=CARTESIAN_POINT('',(-0.00949884928225055,0.0226483776236593,0.0276900642168812));
#1830=CARTESIAN_POINT('',(-0.00901762112193514,0.0225001555915311,0.027687605102034));
#1831=CARTESIAN_POINT('',(-0.0088457290181757,0.0224586910664605,0.0276873471045531));
#1832=CARTESIAN_POINT('',(-0.0086658273653369,0.0224247488419921,0.027685457756504));
#1833=CARTESIAN_POINT('',(-0.010949832390828,0.0248356506112306,0.0273943505559735));
#1834=CARTESIAN_POINT('',(-0.0109324019850401,0.024673476936314,0.0273952427687069));
#1835=CARTESIAN_POINT('',(-0.0109089306643721,0.0245154267162313,0.0273953388695254));
#1836=CARTESIAN_POINT('',(-0.0107852752974517,0.023909012706772,0.0273970074325306));
#1837=CARTESIAN_POINT('',(-0.0106251436253618,0.0235084164779867,0.0273977774501184));
#1838=CARTESIAN_POINT('',(-0.0102664338891337,0.0230845371660379,0.0273979305651314));
#1839=CARTESIAN_POINT('',(-0.0101646360241708,0.0229877701755816,0.0273978960459593));
#1840=CARTESIAN_POINT('',(-0.00981845829613744,0.0227280978448674,0.027397554786149));
#1841=CARTESIAN_POINT('',(-0.00953409831863068,0.0225952121776967,0.0273970103432167));
#1842=CARTESIAN_POINT('',(-0.00904055296430784,0.0224447919568215,0.0273956410401584));
#1843=CARTESIAN_POINT('',(-0.00886433500473188,0.0224027032574687,0.0273955875865167));
#1844=CARTESIAN_POINT('',(-0.00867913310490934,0.0223680129870107,0.0273944454159502));
#1845=CARTESIAN_POINT('',(-0.0109690972461944,0.0248327805805693,0.0271982443203346));
#1846=CARTESIAN_POINT('',(-0.0109515962968848,0.0246692993229904,0.0271984602870264));
#1847=CARTESIAN_POINT('',(-0.0109280811223297,0.024510332293053,0.0271982482201868));
#1848=CARTESIAN_POINT('',(-0.0108040265722805,0.023899689479132,0.0271982560198911));
#1849=CARTESIAN_POINT('',(-0.0106432666603625,0.0234962893461477,0.0271982618696694));
#1850=CARTESIAN_POINT('',(-0.0102824015609945,0.0230696145008255,0.0271982696693737));
#1851=CARTESIAN_POINT('',(-0.010179954722888,0.0229722274556073,0.0271982716192997));
#1852=CARTESIAN_POINT('',(-0.0098314294152561,0.0227109668972372,0.027198277469078));
#1853=CARTESIAN_POINT('',(-0.00954498293332788,0.0225773753276508,0.0271982813689301));
#1854=CARTESIAN_POINT('',(-0.00904773742172866,0.0224261941598984,0.0271982872187084));
#1855=CARTESIAN_POINT('',(-0.00887042041395897,0.0223839443223,0.0271985720755799));
#1856=CARTESIAN_POINT('',(-0.00868358323852245,0.0223490375565999,0.0271982911185605));
#1857=CARTESIAN_POINT('',(-0.0109690972461944,0.0248327805805693,0.0270000000000355));
#1858=CARTESIAN_POINT('',(-0.010951570426575,0.0246690576606831,0.0270000000000355));
#1859=CARTESIAN_POINT('',(-0.0109280811223287,0.0245103322930479,0.0270000000000355));
#1860=CARTESIAN_POINT('',(-0.0108040265722837,0.0238996894791473,0.0270000000000355));
#1861=CARTESIAN_POINT('',(-0.0106432666603656,0.023496289346163,0.0270000000000355));
#1862=CARTESIAN_POINT('',(-0.0102824015609965,0.0230696145008358,0.0270000000000355));
#1863=CARTESIAN_POINT('',(-0.0101799547228898,0.0229722274556158,0.0270000000000355));
#1864=CARTESIAN_POINT('',(-0.00983142941525679,0.0227109668972406,0.0270000000000355));
#1865=CARTESIAN_POINT('',(-0.00954498293332788,0.0225773753276508,0.0270000000000355));
#1866=CARTESIAN_POINT('',(-0.00904773742172865,0.0224261941598984,0.0270000000000355));
#1867=CARTESIAN_POINT('',(-0.00887072628641127,0.0223840014684197,0.0270000000000355));
#1868=CARTESIAN_POINT('',(-0.00868358323852245,0.0223490375565999,0.0270000000000355));
#1869=CARTESIAN_POINT('',(-0.00799726282800078,0.0252755171461101,0.03));
#1870=CARTESIAN_POINT('',(-0.00878152216607078,0.0251586801232583,0.03));
#1871=CARTESIAN_POINT('',(-0.0103193260497347,0.0249295818916204,0.0293498508526139));
#1872=CARTESIAN_POINT('',(-0.0109690972461944,0.0248327805805694,0.027792977281232));
#1873=CARTESIAN_POINT('',(-0.0109690972461944,0.0248327805805693,0.0270000000000355));
#1874=CARTESIAN_POINT('',(0.00614023008557229,0.0328322577279466,0.027));
#1875=CARTESIAN_POINT('',(0.00614023008557229,0.0328322577279466,0.03));
#1876=CARTESIAN_POINT('',(0.0057047163723899,0.0298640380922677,0.03));
#1877=CARTESIAN_POINT('',(0.00581795477807412,0.0328795437556207,0.027));
#1878=CARTESIAN_POINT('',(0.00581795471906223,0.0328795433534285,0.0299999999999993));
#1879=CARTESIAN_POINT('',(0.00556404698234853,0.0298846778039651,0.03));
#1880=CARTESIAN_POINT('',(0.0053844419345174,0.0329019018281626,0.027));
#1881=CARTESIAN_POINT('',(0.00538444196190128,0.0329019020147958,0.0300000000000003));
#1882=CARTESIAN_POINT('',(0.00527926745332991,0.0299039425310385,0.03));
#1883=CARTESIAN_POINT('',(0.00480790610185109,0.0329086077309323,0.027));
#1884=CARTESIAN_POINT('',(0.00480790609452536,0.0329086076810042,0.0299999999999999));
#1885=CARTESIAN_POINT('',(0.00484797074735437,0.0299077293427413,0.03));
#1886=CARTESIAN_POINT('',(0.00429575834753303,0.032893461339594,0.027));
#1887=CARTESIAN_POINT('',(0.00429575834945208,0.0328934613526731,0.03));
#1888=CARTESIAN_POINT('',(0.00441479025349311,0.0298957763309549,0.03));
#1889=CARTESIAN_POINT('',(0.00365355214818862,0.0328622366306709,0.027));
#1890=CARTESIAN_POINT('',(0.00365355214708167,0.0328622366231267,0.03));
#1891=CARTESIAN_POINT('',(0.00383875118265024,0.0298676668908048,0.03));
#1892=CARTESIAN_POINT('',(0.00290424943907978,0.0328113139931355,0.027));
#1893=CARTESIAN_POINT('',(0.0029042494394471,0.0328113139956382,0.03));
#1894=CARTESIAN_POINT('',(0.00311919818401476,0.0298190854212174,0.03));
#1895=CARTESIAN_POINT('',(0.00176464774295888,0.0327301077624483,0.027));
#1896=CARTESIAN_POINT('',(0.00176464774274644,0.0327301077610046,0.03));
#1897=CARTESIAN_POINT('',(0.00196843127890411,0.0297369880220149,0.03));
#1898=CARTESIAN_POINT('',(0.000419620800138348,0.0326512206572516,0.027));
#1899=CARTESIAN_POINT('',(0.000419620800213642,0.0326512206577314,0.03));
#1900=CARTESIAN_POINT('',(0.00052818108311451,0.0296517155441706,0.03));
#1901=CARTESIAN_POINT('',(-0.00113660444027614,0.0326436223412013,0.027));
#1902=CARTESIAN_POINT('',(-0.00113660444030734,0.0326436223411105,0.03));
#1903=CARTESIAN_POINT('',(-0.00119931521636047,0.029643300971128,0.03));
#1904=CARTESIAN_POINT('',(-0.00252323863159675,0.0326891815510056,0.027));
#1905=CARTESIAN_POINT('',(-0.0025232386315607,0.0326891815508934,0.03));
#1906=CARTESIAN_POINT('',(-0.00263844703277141,0.0296914493870725,0.03));
#1907=CARTESIAN_POINT('',(-0.00366661497505481,0.0327357167851029,0.027));
#1908=CARTESIAN_POINT('',(-0.00366661497511346,0.0327357167853232,0.03));
#1909=CARTESIAN_POINT('',(-0.00378967959955547,0.029738236694588,0.03));
#1910=CARTESIAN_POINT('',(-0.00454797411503621,0.032769943961389,0.027));
#1911=CARTESIAN_POINT('',(-0.00454797411481399,0.032769943960537,0.03));
#1912=CARTESIAN_POINT('',(-0.00465312629103291,0.0297717232023507,0.03));
#1913=CARTESIAN_POINT('',(-0.00545828760715359,0.0327955076026756,0.027));
#1914=CARTESIAN_POINT('',(-0.00545828760798378,0.0327955076058635,0.03));
#1915=CARTESIAN_POINT('',(-0.00551564446661141,0.029795907896887,0.03));
#1916=CARTESIAN_POINT('',(-0.00625088992779004,0.0328005759736551,0.027));
#1917=CARTESIAN_POINT('',(-0.00625088992534627,0.03280057596427,0.0299999999999999));
#1918=CARTESIAN_POINT('',(-0.00623286429935329,0.0297999297266146,0.03));
#1919=CARTESIAN_POINT('',(-0.00692472452483063,0.0327826022144411,0.027));
#1920=CARTESIAN_POINT('',(-0.00692472452906337,0.0327826022306967,0.0300000000000002));
#1921=CARTESIAN_POINT('',(-0.00680487125785686,0.0297847872751112,0.03));
#1922=CARTESIAN_POINT('',(-0.00745668085031378,0.0327539802934394,0.0269999999999999));
#1923=CARTESIAN_POINT('',(-0.00745668083415744,0.0327539802313919,0.0299999999999992));
#1924=CARTESIAN_POINT('',(-0.00723264955976672,0.0297606823641897,0.03));
#1925=CARTESIAN_POINT('',(-0.00805463462643407,0.0326908678602857,0.0270000000000005));
#1926=CARTESIAN_POINT('',(-0.00805463468682667,0.0326908680922203,0.0300000000000029));
#1927=CARTESIAN_POINT('',(-0.00765857645411084,0.0297173446360055,0.03));
#1928=CARTESIAN_POINT('',(-0.00849802082706559,0.0326244761948221,0.026999999999999));
#1929=CARTESIAN_POINT('',(-0.00849802069692041,0.0326244756950065,0.0299999999999936));
#1930=CARTESIAN_POINT('',(-0.00794070896483648,0.029669558535441,0.03));
#1931=CARTESIAN_POINT('',(-0.00883652407667304,0.0325363342755456,0.027));
#1932=CARTESIAN_POINT('',(-0.00883652407667304,0.0325363342755456,0.03));
#1933=CARTESIAN_POINT('',(-0.00808056958552282,0.0296331407223512,0.03));
#1934=CARTESIAN_POINT('',(-0.00791797255760826,0.0296698561437667,0.03));
#1935=CARTESIAN_POINT('',(-0.00811368362336786,0.0304379183077613,0.03));
#1936=CARTESIAN_POINT('',(-0.00849734756065698,0.0319435958369152,0.0293489887334035));
#1937=CARTESIAN_POINT('',(-0.00865932161309466,0.0325792581115209,0.0277926465553337));
#1938=CARTESIAN_POINT('',(-0.00865932161309466,0.0325792581115209,0.0270000000000355));
#1939=CARTESIAN_POINT('',(-0.0079830672859259,0.025124529331129,0.03));
#1940=CARTESIAN_POINT('',(-0.0109630970445272,0.0247789535249002,0.03));
#1941=CARTESIAN_POINT('',(-0.0109630970445272,0.0247789535249002,0.027));
#1942=CARTESIAN_POINT('',(-0.00800552612085583,0.0253182008918814,0.03));
#1943=CARTESIAN_POINT('',(-0.0110079014798116,0.025165321405651,0.0300000000000005));
#1944=CARTESIAN_POINT('',(-0.0110079017584202,0.0251653213733435,0.027));
#1945=CARTESIAN_POINT('',(-0.00801876116375369,0.0257066656078516,0.03));
#1946=CARTESIAN_POINT('',(-0.0110174101625947,0.0256850577498372,0.0299999999999998));
#1947=CARTESIAN_POINT('',(-0.0110174100333177,0.0256850577648352,0.027));
#1948=CARTESIAN_POINT('',(-0.00801173837369235,0.0262885188860447,0.03));
#1949=CARTESIAN_POINT('',(-0.0110114675389935,0.0263660788364699,0.0300000000000001));
#1950=CARTESIAN_POINT('',(-0.0110114675735504,0.026366078832438,0.027));
#1951=CARTESIAN_POINT('',(-0.00799441222332462,0.0268706141115285,0.03));
#1952=CARTESIAN_POINT('',(-0.0109928042504921,0.0269634358610223,0.03));
#1953=CARTESIAN_POINT('',(-0.0109928042415414,0.0269634358621518,0.027));
#1954=CARTESIAN_POINT('',(-0.00797914932773581,0.0274526141750911,0.03));
#1955=CARTESIAN_POINT('',(-0.010978872777553,0.0275049710109247,0.03));
#1956=CARTESIAN_POINT('',(-0.0109788727787987,0.0275049710104386,0.027));
#1957=CARTESIAN_POINT('',(-0.00797451410846651,0.0280348374553777,0.03));
#1958=CARTESIAN_POINT('',(-0.0109745646015498,0.0280422420434513,0.03));
#1959=CARTESIAN_POINT('',(-0.0109745646055177,0.0280422420442664,0.027));
#1960=CARTESIAN_POINT('',(-0.00797217108014375,0.0286169110479909,0.03));
#1961=CARTESIAN_POINT('',(-0.0109719274907378,0.0286419588478776,0.03));
#1962=CARTESIAN_POINT('',(-0.0109719274736206,0.0286419588451034,0.027));
#1963=CARTESIAN_POINT('',(-0.00796255758041751,0.0291024181490844,0.03));
#1964=CARTESIAN_POINT('',(-0.0109621755198843,0.0291995200074496,0.03));
#1965=CARTESIAN_POINT('',(-0.0109621755707822,0.0291995200155554,0.027));
#1966=CARTESIAN_POINT('',(-0.00793893865199466,0.0294892994527382,0.03));
#1967=CARTESIAN_POINT('',(-0.0109297664093608,0.0297317125031506,0.03));
#1968=CARTESIAN_POINT('',(-0.0109297663211681,0.0297317124891149,0.027));
#1969=CARTESIAN_POINT('',(-0.00791814564969426,0.0296809687499495,0.03));
#1970=CARTESIAN_POINT('',(-0.0108979492845582,0.0300450880947018,0.03));
#1971=CARTESIAN_POINT('',(-0.010897949479591,0.030045088125738,0.027));
#1972=CARTESIAN_POINT('',(-0.00790302994979869,0.0297759585205079,0.03));
#1973=CARTESIAN_POINT('',(-0.0108657527836871,0.0302474173305391,0.03));
#1974=CARTESIAN_POINT('',(-0.0108657527836871,0.0302474173305391,0.027));
#1975=CARTESIAN_POINT('',(-0.00791797255760826,0.0296698561437667,0.03));
#1976=CARTESIAN_POINT('',(-0.00869848830877359,0.0298075111908371,0.03));
#1977=CARTESIAN_POINT('',(-0.0102285182979751,0.0300773537274783,0.0293488528728762));
#1978=CARTESIAN_POINT('',(-0.0108744038458707,0.0301912648245509,0.0277925996601447));
#1979=CARTESIAN_POINT('',(-0.0108744038458707,0.0301912648245509,0.0270000000000355));
#1980=CARTESIAN_POINT('',(-0.00791797255760826,0.0296698561437667,0.03));
#1981=CARTESIAN_POINT('',(-0.00791797255760826,0.0296698561437667,0.03));
#1982=CARTESIAN_POINT('',(-0.00791797255760826,0.0296698561437667,0.03));
#1983=CARTESIAN_POINT('',(-0.00791797255760826,0.0296698561437667,0.03));
#1984=CARTESIAN_POINT('',(-0.00791797255760826,0.0296698561437667,0.03));
#1985=CARTESIAN_POINT('',(-0.00791797255760826,0.0296698561437667,0.03));
#1986=CARTESIAN_POINT('',(-0.00791797255760826,0.0296698561437667,0.03));
#1987=CARTESIAN_POINT('',(-0.00791797255760826,0.0296698561437667,0.03));
#1988=CARTESIAN_POINT('',(-0.00791797255760826,0.0296698561437667,0.03));
#1989=CARTESIAN_POINT('',(-0.00791797255760826,0.0296698561437667,0.03));
#1990=CARTESIAN_POINT('',(-0.00796690032404816,0.0298618716847654,0.03));
#1991=CARTESIAN_POINT('',(-0.00798400042819826,0.0298575143817179,0.03));
#1992=CARTESIAN_POINT('',(-0.00800092052482009,0.0298498375713794,0.03));
#1993=CARTESIAN_POINT('',(-0.00802485035259106,0.0298346092404188,0.03));
#1994=CARTESIAN_POINT('',(-0.00803258524232109,0.0298289142775231,0.03));
#1995=CARTESIAN_POINT('',(-0.00806216448784357,0.0298040810641333,0.03));
#1996=CARTESIAN_POINT('',(-0.00808128821684075,0.0297808360900245,0.03));
#1997=CARTESIAN_POINT('',(-0.00810363377625152,0.0297391424052972,0.03));
#1998=CARTESIAN_POINT('',(-0.00811003138074883,0.0297216777150829,0.03));
#1999=CARTESIAN_POINT('',(-0.00811310149539959,0.0297042699055343,0.03));
#2000=CARTESIAN_POINT('',(-0.00801501941283499,0.0300507135947494,0.0299806152969825));
#2001=CARTESIAN_POINT('',(-0.00804983409774921,0.0300418602492011,0.0299808072813585));
#2002=CARTESIAN_POINT('',(-0.00808407077186916,0.0300266975073561,0.0299809030182372));
#2003=CARTESIAN_POINT('',(-0.00813199926525362,0.0299966989483457,0.029981020374709));
#2004=CARTESIAN_POINT('',(-0.00814741504312229,0.0299854879465518,0.029981048798759));
#2005=CARTESIAN_POINT('',(-0.00820604764829819,0.0299365201202574,0.0299811211701995));
#2006=CARTESIAN_POINT('',(-0.00824320466852971,0.0298905165223667,0.0299810824680708));
#2007=CARTESIAN_POINT('',(-0.00828652393672413,0.0298076734282161,0.0299808793579539));
#2008=CARTESIAN_POINT('',(-0.0082988944959581,0.0297728553373213,0.0299807822765024));
#2009=CARTESIAN_POINT('',(-0.00830500376828816,0.0297381145990821,0.0299806088932774));
#2010=CARTESIAN_POINT('',(-0.00808602025902045,0.0303293542702523,0.0299236143059521));
#2011=CARTESIAN_POINT('',(-0.00814812180813745,0.0303136909347154,0.0299242540417119));
#2012=CARTESIAN_POINT('',(-0.00820875116069395,0.0302876016310128,0.029924566399377));
#2013=CARTESIAN_POINT('',(-0.00829268816249972,0.0302360838410467,0.0299249517696137));
#2014=CARTESIAN_POINT('',(-0.00831953610541038,0.0302168389952817,0.0299250446404319));
#2015=CARTESIAN_POINT('',(-0.00842102478252456,0.0301326060182841,0.0299252793976525));
#2016=CARTESIAN_POINT('',(-0.00848386369768805,0.030053113834253,0.0299251478319501));
#2017=CARTESIAN_POINT('',(-0.00855685913482524,0.0299093159925572,0.0299244790317252));
#2018=CARTESIAN_POINT('',(-0.00857761249706338,0.0298486589197518,0.0299241642534967));
#2019=CARTESIAN_POINT('',(-0.00858815874431988,0.0297880530039069,0.0299235956076161));
#2020=CARTESIAN_POINT('',(-0.00810949020746977,0.030421461373777,0.0298999257844091));
#2021=CARTESIAN_POINT('',(-0.00818080654349714,0.030403517053871,0.0299007413997668));
#2022=CARTESIAN_POINT('',(-0.00825030295924811,0.0303738360934508,0.0299011381285753));
#2023=CARTESIAN_POINT('',(-0.0083462442526503,0.030315251563022,0.0299016281552587));
#2024=CARTESIAN_POINT('',(-0.0083768879408542,0.0302933689286637,0.0299017461390472));
#2025=CARTESIAN_POINT('',(-0.00849254082033941,0.0301975375595453,0.0299020439774345));
#2026=CARTESIAN_POINT('',(-0.00856371191584401,0.0301069912153936,0.0299018756385007));
#2027=CARTESIAN_POINT('',(-0.0086463015165719,0.0299430038822855,0.0299010247518879));
#2028=CARTESIAN_POINT('',(-0.00866975290997871,0.0298737658100295,0.0299006253906035));
#2029=CARTESIAN_POINT('',(-0.00868175785527859,0.0298045605375545,0.0298999024592015));
#2030=CARTESIAN_POINT('',(-0.00815602699677919,0.0306040935972725,0.0298429556307941));
#2031=CARTESIAN_POINT('',(-0.00824597678400206,0.0305815890303729,0.0298441548966635));
#2032=CARTESIAN_POINT('',(-0.00833331404520628,0.0305448315015792,0.029844732890941));
#2033=CARTESIAN_POINT('',(-0.00845324506701579,0.0304723244384607,0.0298454487676806));
#2034=CARTESIAN_POINT('',(-0.00849144647916109,0.0304452444880392,0.0298456207327026));
#2035=CARTESIAN_POINT('',(-0.00863518575054229,0.0303265224328914,0.0298460533661268));
#2036=CARTESIAN_POINT('',(-0.00872259944472189,0.0302140819832889,0.0298458035812005));
#2037=CARTESIAN_POINT('',(-0.00882381663762918,0.0300099766458317,0.0298445585981283));
#2038=CARTESIAN_POINT('',(-0.00885247887445177,0.0299236476089143,0.029843978253463));
#2039=CARTESIAN_POINT('',(-0.00886734807428503,0.0298372920106798,0.0298429225029153));
#2040=CARTESIAN_POINT('',(-0.00817916006816555,0.0306948786369425,0.0298095091870345));
#2041=CARTESIAN_POINT('',(-0.00827852851967358,0.0306700948074184,0.0298109162238177));
#2042=CARTESIAN_POINT('',(-0.00837485186353972,0.0306298390213819,0.0298115911333325));
#2043=CARTESIAN_POINT('',(-0.0085067959980672,0.030550446138466,0.0298124282507327));
#2044=CARTESIAN_POINT('',(-0.00854877015171343,0.0305207949831861,0.0298126291023159));
#2045=CARTESIAN_POINT('',(-0.00870647773913138,0.0303907305881791,0.0298131335280284));
#2046=CARTESIAN_POINT('',(-0.00880184336550552,0.0302674051518909,0.0298128391409176));
#2047=CARTESIAN_POINT('',(-0.00891214011351332,0.0300433212555462,0.0298113822261925));
#2048=CARTESIAN_POINT('',(-0.00894332746298617,0.0299484689078313,0.0298107055021136));
#2049=CARTESIAN_POINT('',(-0.00895960221930941,0.0298535623404673,0.0298094712179417));
#2050=CARTESIAN_POINT('',(-0.00824645786813662,0.0309589868194678,0.0296967936356674));
#2051=CARTESIAN_POINT('',(-0.00837433644809617,0.0309274033304228,0.0296988397717297));
#2052=CARTESIAN_POINT('',(-0.00849745262981504,0.0308771199774894,0.0296998065787636));
#2053=CARTESIAN_POINT('',(-0.00866475179536898,0.0307780552333623,0.0297010112425938));
#2054=CARTESIAN_POINT('',(-0.00871774537858852,0.0307410660098693,0.0297012991931389));
#2055=CARTESIAN_POINT('',(-0.00891595637973227,0.0305785425206491,0.0297020183169974));
#2056=CARTESIAN_POINT('',(-0.0090336628059726,0.0304238863074586,0.029701584133667));
#2057=CARTESIAN_POINT('',(-0.00916937073177509,0.0301413830016377,0.0296994825028795));
#2058=CARTESIAN_POINT('',(-0.00920758941575326,0.0300213764020429,0.0296985173160466));
#2059=CARTESIAN_POINT('',(-0.00922798229768252,0.0299008949820777,0.0296967422806029));
#2060=CARTESIAN_POINT('',(-0.00828901858192561,0.031126015054724,0.0296048096292943));
#2061=CARTESIAN_POINT('',(-0.0084361704935833,0.0310899638149759,0.0296072952982739));
#2062=CARTESIAN_POINT('',(-0.00857698592126827,0.0310335111115619,0.0296084533165632));
#2063=CARTESIAN_POINT('',(-0.00876713357113047,0.0309223977687151,0.0296099038321378));
#2064=CARTESIAN_POINT('',(-0.00882715600882943,0.0308809199619006,0.0296102495258342));
#2065=CARTESIAN_POINT('',(-0.00905086335590235,0.0306984321731267,0.029611109018919));
#2066=CARTESIAN_POINT('',(-0.00918180334894195,0.030524283338139,0.0296105762549064));
#2067=CARTESIAN_POINT('',(-0.0093324187989477,0.0302044956647703,0.0296080406066608));
#2068=CARTESIAN_POINT('',(-0.00937470876252607,0.0300681988439472,0.0296068879804463));
#2069=CARTESIAN_POINT('',(-0.00939771161535285,0.0299308291598035,0.0296047498500451));
#2070=CARTESIAN_POINT('',(-0.00834943378204802,0.0313631126821068,0.0294417986653365));
#2071=CARTESIAN_POINT('',(-0.00852504708664435,0.0313206252629471,0.029444858662607));
#2072=CARTESIAN_POINT('',(-0.00869166303223399,0.0312555904396799,0.0294462495457742));
#2073=CARTESIAN_POINT('',(-0.0089147151709275,0.0311277152897345,0.0294480114733314));
#2074=CARTESIAN_POINT('',(-0.00898478185281433,0.0310799926282121,0.0294484297719326));
#2075=CARTESIAN_POINT('',(-0.00924462166942523,0.0308696149887098,0.029449463682339));
#2076=CARTESIAN_POINT('',(-0.00939356765444874,0.0306680051586819,0.029448800726148));
#2077=CARTESIAN_POINT('',(-0.00956427675848867,0.0302949661884427,0.0294457120154957));
#2078=CARTESIAN_POINT('',(-0.00961198061169772,0.0301352339826622,0.0294443317213165));
#2079=CARTESIAN_POINT('',(-0.00963864285738387,0.0299733208089637,0.0294417275367202));
#2080=CARTESIAN_POINT('',(-0.00836905727895547,0.0314401245027793,0.0293830582242814));
#2081=CARTESIAN_POINT('',(-0.0085540829470966,0.0313955359315893,0.0293862955024682));
#2082=CARTESIAN_POINT('',(-0.00872918491898004,0.0313277411157359,0.0293877549212682));
#2083=CARTESIAN_POINT('',(-0.00896300098338635,0.0311944718537912,0.029389610880398));
#2084=CARTESIAN_POINT('',(-0.00903634183022612,0.0311447390492503,0.0293900509634205));
#2085=CARTESIAN_POINT('',(-0.00930791346574741,0.0309253652957224,0.0293911366377103));
#2086=CARTESIAN_POINT('',(-0.00946258975862438,0.0307148600864291,0.0293904329133768));
#2087=CARTESIAN_POINT('',(-0.00963965847925426,0.0303244742960917,0.0293871758234147));
#2088=CARTESIAN_POINT('',(-0.00968906203621159,0.0301570856828597,0.0293857284611064));
#2089=CARTESIAN_POINT('',(-0.00971690148560304,0.0299871228304284,0.0293829820231519));
#2090=CARTESIAN_POINT('',(-0.0084068434047406,0.0315884150116826,0.0292577291750891));
#2091=CARTESIAN_POINT('',(-0.00861040285281775,0.0315397405208428,0.0292612751628829));
#2092=CARTESIAN_POINT('',(-0.00880208229711303,0.0314666978911971,0.0292628459872952));
#2093=CARTESIAN_POINT('',(-0.00905678507941418,0.0313231760263349,0.0292648621646024));
#2094=CARTESIAN_POINT('',(-0.00913645066249961,0.0312696230795845,0.0292653392978918));
#2095=CARTESIAN_POINT('',(-0.0094305773956204,0.0310331109055693,0.0292665128608185));
#2096=CARTESIAN_POINT('',(-0.00959600110182744,0.0308055751200404,0.0292657393499937));
#2097=CARTESIAN_POINT('',(-0.00978493455673478,0.0303816621227831,0.0292621972734015));
#2098=CARTESIAN_POINT('',(-0.00983748400935059,0.0301994059900603,0.0292606417666845));
#2099=CARTESIAN_POINT('',(-0.00986758394595249,0.0300136978241312,0.0292576507646618));
#2100=CARTESIAN_POINT('',(-0.00842482543678311,0.0316589849530908,0.0291917821998911));
#2101=CARTESIAN_POINT('',(-0.00863750630125148,0.0316083256946312,0.0291954596163758));
#2102=CARTESIAN_POINT('',(-0.00883724376632492,0.0315328316547462,0.0291970730843904));
#2103=CARTESIAN_POINT('',(-0.00910199413379333,0.0313845332236401,0.029199154938954));
#2104=CARTESIAN_POINT('',(-0.00918468104099907,0.0313292021372944,0.0291996471400091));
#2105=CARTESIAN_POINT('',(-0.00948950570778436,0.0310846841979415,0.0292008559787756));
#2106=CARTESIAN_POINT('',(-0.00965983370894588,0.0308491361024544,0.0292000526855794));
#2107=CARTESIAN_POINT('',(-0.0098541469365161,0.0304091792594992,0.0291963931527529));
#2108=CARTESIAN_POINT('',(-0.00990810915570221,0.0302197484257036,0.0291947963433795));
#2109=CARTESIAN_POINT('',(-0.00993929237580926,0.0300263446250094,0.0291917030306468));
#2110=CARTESIAN_POINT('',(-0.00847612439476615,0.0318603061636529,0.0289844036168234));
#2111=CARTESIAN_POINT('',(-0.0087155209692518,0.0318039090322436,0.0289883802482475));
#2112=CARTESIAN_POINT('',(-0.00893862884642425,0.0317215370880449,0.0289900702297532));
#2113=CARTESIAN_POINT('',(-0.00923229599584917,0.0315598507476527,0.0289922911221937));
#2114=CARTESIAN_POINT('',(-0.00932363078862422,0.0314995379584142,0.0289928147539159));
#2115=CARTESIAN_POINT('',(-0.00965890184080286,0.0312325199659266,0.0289940953347288));
#2116=CARTESIAN_POINT('',(-0.00984274526115207,0.0309743122261631,0.0289932243916677));
#2117=CARTESIAN_POINT('',(-0.0100517903065247,0.0304883696382057,0.0289893135878732));
#2118=CARTESIAN_POINT('',(-0.0101095827195618,0.0302782463791829,0.0289876427041685));
#2119=CARTESIAN_POINT('',(-0.0101438618113273,0.0300624233527395,0.0289843229931292));
#2120=CARTESIAN_POINT('',(-0.00850681919315543,0.0319807669724618,0.0288335244648248));
#2121=CARTESIAN_POINT('',(-0.00876318126040125,0.0319208235727403,0.0288375679095756));
#2122=CARTESIAN_POINT('',(-0.00900081052947957,0.0318344976825428,0.0288392365722302));
#2123=CARTESIAN_POINT('',(-0.00931213342056017,0.0316651391113169,0.0288414696329004));
#2124=CARTESIAN_POINT('',(-0.00940868178449334,0.0316019750806375,0.0288419951985008));
#2125=CARTESIAN_POINT('',(-0.00976206334471983,0.0313219785500607,0.0288432769279282));
#2126=CARTESIAN_POINT('',(-0.00995332097087715,0.0310504998283918,0.028842392025807));
#2127=CARTESIAN_POINT('',(-0.0101703161956712,0.0305367383956077,0.0288384546523617));
#2128=CARTESIAN_POINT('',(-0.0102301214432187,0.0303139143467619,0.0288368039461035));
#2129=CARTESIAN_POINT('',(-0.0102662666989297,0.0300840111945472,0.0288334439620464));
#2130=CARTESIAN_POINT('',(-0.0085474821891098,0.0321403476714172,0.0285878244352763));
#2131=CARTESIAN_POINT('',(-0.00882694483975311,0.0320756563496245,0.0285917603412368));
#2132=CARTESIAN_POINT('',(-0.0090841170800831,0.031984207426206,0.0285933078304623));
#2133=CARTESIAN_POINT('',(-0.00941907126154733,0.0318048829753176,0.0285954442799378));
#2134=CARTESIAN_POINT('',(-0.00952255955648498,0.0317380145041615,0.0285959459083297));
#2135=CARTESIAN_POINT('',(-0.00989989681735554,0.0314410838843432,0.0285971646055086));
#2136=CARTESIAN_POINT('',(-0.0101005689474656,0.0311521477240153,0.0285963060415173));
#2137=CARTESIAN_POINT('',(-0.0103275420537074,0.0306013394279131,0.0285925313201892));
#2138=CARTESIAN_POINT('',(-0.0103898199466647,0.0303615431396573,0.0285909971469155));
#2139=CARTESIAN_POINT('',(-0.0104284228646589,0.0301126097392824,0.0285877450567397));
#2140=CARTESIAN_POINT('',(-0.0085601153941162,0.0321899263027415,0.0285026518491925));
#2141=CARTESIAN_POINT('',(-0.00884688696326822,0.0321237475869914,0.0285065172824263));
#2142=CARTESIAN_POINT('',(-0.00911019562549223,0.0320307305629315,0.0285080097172293));
#2143=CARTESIAN_POINT('',(-0.00945254090628482,0.0318483523212267,0.0285100952748538));
#2144=CARTESIAN_POINT('',(-0.00955819164764925,0.0317803487534783,0.028510584628429));
#2145=CARTESIAN_POINT('',(-0.00994296144774733,0.0314782142090723,0.0285117722820028));
#2146=CARTESIAN_POINT('',(-0.0101464713627074,0.031183883711851,0.0285109310605472));
#2147=CARTESIAN_POINT('',(-0.0103764281807353,0.0306215251808071,0.0285072450673632));
#2148=CARTESIAN_POINT('',(-0.0104394344720144,0.0303764228997715,0.0285057643187995));
#2149=CARTESIAN_POINT('',(-0.0104787996801638,0.0301214944067594,0.0285025762438189));
#2150=CARTESIAN_POINT('',(-0.0085830125431697,0.0322797854723449,0.0283295438447937));
#2151=CARTESIAN_POINT('',(-0.00888343936661392,0.032210847963798,0.0283331976190085));
#2152=CARTESIAN_POINT('',(-0.00915806232225827,0.03211505275598,0.0283345534135806));
#2153=CARTESIAN_POINT('',(-0.00951393581516875,0.031927276692855,0.0283364998511702));
#2154=CARTESIAN_POINT('',(-0.00962351840931793,0.0318572695866404,0.0283369559772742));
#2155=CARTESIAN_POINT('',(-0.0100217061048202,0.0315459083233792,0.0283380607767647));
#2156=CARTESIAN_POINT('',(-0.0102300871749115,0.0312419324887039,0.0283372700403003));
#2157=CARTESIAN_POINT('',(-0.0104651165578904,0.0306585242558177,0.0283338274614774));
#2158=CARTESIAN_POINT('',(-0.0105293377868788,0.0304036878273246,0.0283324792898863));
#2159=CARTESIAN_POINT('',(-0.0105701062211443,0.0301375976131043,0.028329475732203));
#2160=CARTESIAN_POINT('',(-0.00859335659770324,0.0323203804018072,0.0282411535483772));
#2161=CARTESIAN_POINT('',(-0.00890012975693095,0.032250171494421,0.0282446661362998));
#2162=CARTESIAN_POINT('',(-0.00917994553111514,0.0321531500731945,0.0282459403505848));
#2163=CARTESIAN_POINT('',(-0.00954198976759558,0.0319629936863093,0.0282477985724141));
#2164=CARTESIAN_POINT('',(-0.00965335484673955,0.0318921040242157,0.0282482337506948));
#2165=CARTESIAN_POINT('',(-0.0100575839497191,0.0315766594780929,0.0282492867604126));
#2166=CARTESIAN_POINT('',(-0.0102680488362625,0.0312683782031226,0.0282485291850387));
#2167=CARTESIAN_POINT('',(-0.010505223123707,0.0306754100147419,0.0282452413131384));
#2168=CARTESIAN_POINT('',(-0.0105699458390963,0.0304161293012793,0.0282439722993313));
#2169=CARTESIAN_POINT('',(-0.0106113552093227,0.0301448724584881,0.0282410892437504));
#2170=CARTESIAN_POINT('',(-0.0086118699109494,0.032393035340246,0.0280607572989568));
#2171=CARTESIAN_POINT('',(-0.00893019312820793,0.0323205251319524,0.0280639153400912));
#2172=CARTESIAN_POINT('',(-0.00921936761643562,0.0322213428539128,0.0280650030906949));
#2173=CARTESIAN_POINT('',(-0.00959251970337944,0.0320269820523843,0.0280666485590673));
#2174=CARTESIAN_POINT('',(-0.00970708297742933,0.0319545340071792,0.0280670334564894));
#2175=CARTESIAN_POINT('',(-0.0101221098203508,0.0316318586966452,0.0280679630427771));
#2176=CARTESIAN_POINT('',(-0.0103361877891321,0.0313159131709903,0.0280672877248419));
#2177=CARTESIAN_POINT('',(-0.0105770505681071,0.0307057842530316,0.0280643737855391));
#2178=CARTESIAN_POINT('',(-0.0106426185460445,0.0304385224942734,0.0280632858147484));
#2179=CARTESIAN_POINT('',(-0.0106851809410159,0.0301578926756408,0.0280607006360508));
#2180=CARTESIAN_POINT('',(-0.00862003915695863,0.0324250952993684,0.027968751324833));
#2181=CARTESIAN_POINT('',(-0.00894358846405939,0.0323515504790309,0.0279716978756956));
#2182=CARTESIAN_POINT('',(-0.00923693934435817,0.0322514365298064,0.0279726820380958));
#2183=CARTESIAN_POINT('',(-0.00961503353965667,0.0320552603021912,0.0279742041699287));
#2184=CARTESIAN_POINT('',(-0.00973101240020645,0.031982140019097,0.0279745600110958));
#2185=CARTESIAN_POINT('',(-0.0101507902740713,0.0316563319497553,0.0279754186167364));
#2186=CARTESIAN_POINT('',(-0.0103663827147767,0.0313370394778476,0.0279747918631537));
#2187=CARTESIAN_POINT('',(-0.0106087728816613,0.0307193034914013,0.0279720950133972));
#2188=CARTESIAN_POINT('',(-0.0106746804113589,0.0304484955030977,0.0279711077401955));
#2189=CARTESIAN_POINT('',(-0.0107177576347703,0.0301636380386336,0.0279686984960576));
#2190=CARTESIAN_POINT('',(-0.00863417405902955,0.0324805672954475,0.0277810758489877));
#2191=CARTESIAN_POINT('',(-0.00896689321635284,0.0324052141041556,0.0277835428031464));
#2192=CARTESIAN_POINT('',(-0.00926747948427135,0.0323035132086803,0.0277843114213591));
#2193=CARTESIAN_POINT('',(-0.00965416109031428,0.0321042258624088,0.0277855623510134));
#2194=CARTESIAN_POINT('',(-0.00977259437939439,0.032029953601689,0.0277858544495421));
#2195=CARTESIAN_POINT('',(-0.0102005872506152,0.0316987646774093,0.0277865578965126));
#2196=CARTESIAN_POINT('',(-0.0104187377650748,0.0313736995473864,0.0277860393506661));
#2197=CARTESIAN_POINT('',(-0.0106636883177218,0.0307427727764041,0.027783820411447));
#2198=CARTESIAN_POINT('',(-0.0107301508393746,0.0304658372404499,0.0277830435805815));
#2199=CARTESIAN_POINT('',(-0.0107741237621585,0.030173579006394,0.0277810306330517));
#2200=CARTESIAN_POINT('',(-0.00864015863999295,0.032504053602609,0.0276849905036604));
#2201=CARTESIAN_POINT('',(-0.00897682155769655,0.0324279266524065,0.0276871893513872));
#2202=CARTESIAN_POINT('',(-0.00928047036024219,0.0323255666727492,0.0276878459699613));
#2203=CARTESIAN_POINT('',(-0.00967080523160149,0.0321249750633964,0.027688948935754));
#2204=CARTESIAN_POINT('',(-0.00979028045940573,0.0320502197299635,0.0276892063097015));
#2205=CARTESIAN_POINT('',(-0.0102217505685833,0.0317167684253673,0.0276898254149447));
#2206=CARTESIAN_POINT('',(-0.0104409566292633,0.0313892647277147,0.0276893663651478));
#2207=CARTESIAN_POINT('',(-0.0106869534513074,0.0307527399564978,0.0276874080832154));
#2208=CARTESIAN_POINT('',(-0.0107536349522336,0.0304732192933219,0.0276867409534426));
#2209=CARTESIAN_POINT('',(-0.01079798874595,0.0301777879355057,0.0276849483679612));
#2210=CARTESIAN_POINT('',(-0.00865451833931449,0.0325604078087057,0.0273941827108268));
#2211=CARTESIAN_POINT('',(-0.00900081236729282,0.0324823940259429,0.0273955100414109));
#2212=CARTESIAN_POINT('',(-0.00931175954236342,0.0323784891201504,0.0273958372117207));
#2213=CARTESIAN_POINT('',(-0.00971089588496556,0.0321747947502686,0.0273964748941007));
#2214=CARTESIAN_POINT('',(-0.00983287703383204,0.0320988900656601,0.0273966234631861));
#2215=CARTESIAN_POINT('',(-0.0102726889179652,0.0317600430244005,0.0273969799513093));
#2216=CARTESIAN_POINT('',(-0.0104943701784471,0.0314266985475644,0.0273967122939103));
#2217=CARTESIAN_POINT('',(-0.0107428009496746,0.0307767152305054,0.0273955790018224));
#2218=CARTESIAN_POINT('',(-0.0108099703556247,0.0304910504503966,0.0273952381734648));
#2219=CARTESIAN_POINT('',(-0.0108552499414147,0.030187886761244,0.0273941589682401));
#2220=CARTESIAN_POINT('',(-0.00865932161309466,0.0325792581115209,0.0271981616388601));
#2221=CARTESIAN_POINT('',(-0.00900878469469505,0.0325006340135204,0.027198362900796));
#2222=CARTESIAN_POINT('',(-0.00932193324483149,0.032396237371534,0.0271981596848938));
#2223=CARTESIAN_POINT('',(-0.00972399755247489,0.0321914363741242,0.0271981582194191));
#2224=CARTESIAN_POINT('',(-0.00984682813834876,0.0321151157537829,0.0271981577309276));
#2225=CARTESIAN_POINT('',(-0.0102895055037528,0.0317743211031544,0.0271981557769614));
#2226=CARTESIAN_POINT('',(-0.0105121394805025,0.0314388780846576,0.0271981543114867));
#2227=CARTESIAN_POINT('',(-0.0107615000200286,0.0307844270569051,0.027198151869029));
#2228=CARTESIAN_POINT('',(-0.0108288341721486,0.0304969289179913,0.0271983198868213));
#2229=CARTESIAN_POINT('',(-0.0108744038458707,0.0301912648245509,0.0271981499150628));
#2230=CARTESIAN_POINT('',(-0.00865932161309466,0.0325792581115209,0.0270000000000355));
#2231=CARTESIAN_POINT('',(-0.00900912710138584,0.0325005569770055,0.0270000000000355));
#2232=CARTESIAN_POINT('',(-0.00932193324484734,0.0323962373715259,0.0270000000000355));
#2233=CARTESIAN_POINT('',(-0.00972399755246697,0.0321914363741283,0.0270000000000355));
#2234=CARTESIAN_POINT('',(-0.00984682813833688,0.0321151157537889,0.0270000000000355));
#2235=CARTESIAN_POINT('',(-0.010289505503735,0.0317743211031635,0.0270000000000355));
#2236=CARTESIAN_POINT('',(-0.0105121394805025,0.0314388780846576,0.0270000000000355));
#2237=CARTESIAN_POINT('',(-0.0107615000200286,0.0307844270569051,0.0270000000000355));
#2238=CARTESIAN_POINT('',(-0.0108287919455938,0.0304972121577394,0.0270000000000355));
#2239=CARTESIAN_POINT('',(-0.0108744038458707,0.0301912648245509,0.0270000000000355));
#2240=CARTESIAN_POINT('',(-0.02006,0.04,0.025));
#2241=CARTESIAN_POINT('',(-0.02006,0.035,0.025));
#2242=CARTESIAN_POINT('',(-0.02006,0.035,0.05));
#2243=CARTESIAN_POINT('',(-0.02006,0.04,0.05));
#2244=CARTESIAN_POINT('',(-0.02006,0.04,0.05));
#2245=CARTESIAN_POINT('',(-0.02006,0.04,0.025));
#2246=CARTESIAN_POINT('',(-2.99999999999918E-5,0.04,0.05));
#2247=CARTESIAN_POINT('',(-2.99999999999918E-5,0.035,0.05));
#2248=CARTESIAN_POINT('',(-2.99999999999918E-5,0.04,0.05));
#2249=CARTESIAN_POINT('',(-2.99999999999953E-5,0.04,0.025));
#2250=CARTESIAN_POINT('',(-2.99999999999953E-5,0.035,0.025));
#2251=MECHANICAL_DESIGN_GEOMETRIC_PRESENTATION_REPRESENTATION('',(#419,
#370,#371,#372,#373,#374,#375,#376,#377,#378,#379,#380,#381,#382,#383,#384,
#385,#386,#387,#388,#389,#390,#391),#2252);
#2252=(
GEOMETRIC_REPRESENTATION_CONTEXT(3)
GLOBAL_UNCERTAINTY_ASSIGNED_CONTEXT((#2253))
GLOBAL_UNIT_ASSIGNED_CONTEXT((#2256,#2255,#2254))
REPRESENTATION_CONTEXT('Part 1','TOP_LEVEL_ASSEMBLY_PART')
);
#2253=UNCERTAINTY_MEASURE_WITH_UNIT(LENGTH_MEASURE(2.E-5),#2256,
'DISTANCE_ACCURACY_VALUE','Maximum Tolerance applied to model');
#2254=(
NAMED_UNIT(*)
SI_UNIT($,.STERADIAN.)
SOLID_ANGLE_UNIT()
);
#2255=(
NAMED_UNIT(*)
PLANE_ANGLE_UNIT()
SI_UNIT($,.RADIAN.)
);
#2256=(
LENGTH_UNIT()
NAMED_UNIT(*)
SI_UNIT($,.METRE.)
);
#2257=PRODUCT_DEFINITION_SHAPE('','',#2258);
#2258=PRODUCT_DEFINITION('','',#2260,#2259);
#2259=PRODUCT_DEFINITION_CONTEXT('',#2266,'design');
#2260=PRODUCT_DEFINITION_FORMATION_WITH_SPECIFIED_SOURCE('','',#2262,
 .NOT_KNOWN.);
#2261=PRODUCT_RELATED_PRODUCT_CATEGORY('','',(#2262));
#2262=PRODUCT('Part 1','Part 1','Part 1',(#2264));
#2263=PRODUCT_CATEGORY('','');
#2264=PRODUCT_CONTEXT('',#2266,'mechanical');
#2265=APPLICATION_PROTOCOL_DEFINITION('international standard',
'ap242_managed_model_based_3d_engineering',2020,#2266);
#2266=APPLICATION_CONTEXT('managed model based 3d engineering');
ENDSEC;
END-ISO-10303-21;
