ISO-10303-21;
HEADER;
/* Generated by software containing ST-Developer
 * from STEP Tools, Inc. (www.steptools.com) 
 */
/* OPTION: using custom renumber hook */

FILE_DESCRIPTION(
/* description */ ('STEP AP242 Edition 2',
'CAx-IF Rec.Pracs.---Representation and Presentation of Product Manufa
cturing Information (PMI)---4.0---2014-10-13',
'CAx-IF Rec.Pracs.---3D Tessellated Geometry---0.4---2014-09-14','2;1',
'CAx-IF Rec.Pracs.---User Defined Attributes---1.5---2016-08-15'),
/* implementation_level */ '2;1');

FILE_NAME(
/* name */ 'Part Studio 13',
/* time_stamp */ '2026-09-06T10:35:28Z',
/* author */ (''),
/* organization */ (''),
/* preprocessor_version */ 'ST-DEVELOPER v20',
/* originating_system */ 'ONSHAPE BY PTC INC, 1.220',
/* authorisation */ '  ');

FILE_SCHEMA (('AP242_MANAGED_MODEL_BASED_3D_ENGINEERING_MIM_LF { 1 0 10303 442 3 1 4 }'));
ENDSEC;

DATA;
#10=SHAPE_REPRESENTATION_RELATIONSHIP('','',#2180,#11);
#11=ADVANCED_BREP_SHAPE_REPRESENTATION('',(#2178),#3102);
#12=CYLINDRICAL_SURFACE('',#2185,0.00155947519984795);
#13=CYLINDRICAL_SURFACE('',#2187,0.0251308094347564);
#14=CYLINDRICAL_SURFACE('',#2193,0.0221821912373246);
#15=CIRCLE('',#2183,0.0221821912373246);
#16=CIRCLE('',#2184,0.00155947519984795);
#17=CIRCLE('',#2186,0.00155947519984795);
#18=CIRCLE('',#2188,0.0251308094347564);
#19=CIRCLE('',#2189,0.0251308094347564);
#20=CIRCLE('',#2191,0.0221821912373246);
#21=ORIENTED_EDGE('',*,*,#443,.T.);
#22=ORIENTED_EDGE('',*,*,#444,.T.);
#23=ORIENTED_EDGE('',*,*,#445,.F.);
#24=ORIENTED_EDGE('',*,*,#446,.F.);
#25=ORIENTED_EDGE('',*,*,#447,.T.);
#26=ORIENTED_EDGE('',*,*,#448,.T.);
#27=ORIENTED_EDGE('',*,*,#449,.F.);
#28=ORIENTED_EDGE('',*,*,#450,.F.);
#29=ORIENTED_EDGE('',*,*,#451,.T.);
#30=ORIENTED_EDGE('',*,*,#452,.T.);
#31=ORIENTED_EDGE('',*,*,#453,.F.);
#32=ORIENTED_EDGE('',*,*,#454,.F.);
#33=ORIENTED_EDGE('',*,*,#455,.T.);
#34=ORIENTED_EDGE('',*,*,#456,.T.);
#35=ORIENTED_EDGE('',*,*,#457,.F.);
#36=ORIENTED_EDGE('',*,*,#458,.F.);
#37=ORIENTED_EDGE('',*,*,#459,.T.);
#38=ORIENTED_EDGE('',*,*,#460,.T.);
#39=ORIENTED_EDGE('',*,*,#461,.F.);
#40=ORIENTED_EDGE('',*,*,#462,.F.);
#41=ORIENTED_EDGE('',*,*,#463,.T.);
#42=ORIENTED_EDGE('',*,*,#464,.T.);
#43=ORIENTED_EDGE('',*,*,#465,.F.);
#44=ORIENTED_EDGE('',*,*,#466,.F.);
#45=ORIENTED_EDGE('',*,*,#467,.T.);
#46=ORIENTED_EDGE('',*,*,#468,.T.);
#47=ORIENTED_EDGE('',*,*,#469,.F.);
#48=ORIENTED_EDGE('',*,*,#470,.F.);
#49=ORIENTED_EDGE('',*,*,#471,.T.);
#50=ORIENTED_EDGE('',*,*,#472,.F.);
#51=ORIENTED_EDGE('',*,*,#473,.F.);
#52=ORIENTED_EDGE('',*,*,#474,.F.);
#53=ORIENTED_EDGE('',*,*,#475,.T.);
#54=ORIENTED_EDGE('',*,*,#476,.T.);
#55=ORIENTED_EDGE('',*,*,#477,.T.);
#56=ORIENTED_EDGE('',*,*,#478,.F.);
#57=ORIENTED_EDGE('',*,*,#479,.F.);
#58=ORIENTED_EDGE('',*,*,#480,.F.);
#59=ORIENTED_EDGE('',*,*,#481,.T.);
#60=ORIENTED_EDGE('',*,*,#482,.T.);
#61=ORIENTED_EDGE('',*,*,#483,.T.);
#62=ORIENTED_EDGE('',*,*,#484,.F.);
#63=ORIENTED_EDGE('',*,*,#485,.F.);
#64=ORIENTED_EDGE('',*,*,#486,.F.);
#65=ORIENTED_EDGE('',*,*,#487,.T.);
#66=ORIENTED_EDGE('',*,*,#488,.T.);
#67=ORIENTED_EDGE('',*,*,#489,.T.);
#68=ORIENTED_EDGE('',*,*,#490,.F.);
#69=ORIENTED_EDGE('',*,*,#491,.F.);
#70=ORIENTED_EDGE('',*,*,#492,.F.);
#71=ORIENTED_EDGE('',*,*,#493,.T.);
#72=ORIENTED_EDGE('',*,*,#494,.T.);
#73=ORIENTED_EDGE('',*,*,#495,.T.);
#74=ORIENTED_EDGE('',*,*,#496,.T.);
#75=ORIENTED_EDGE('',*,*,#497,.F.);
#76=ORIENTED_EDGE('',*,*,#498,.F.);
#77=ORIENTED_EDGE('',*,*,#499,.F.);
#78=ORIENTED_EDGE('',*,*,#500,.F.);
#79=ORIENTED_EDGE('',*,*,#501,.T.);
#80=ORIENTED_EDGE('',*,*,#502,.T.);
#81=ORIENTED_EDGE('',*,*,#503,.T.);
#82=ORIENTED_EDGE('',*,*,#504,.F.);
#83=ORIENTED_EDGE('',*,*,#505,.T.);
#84=ORIENTED_EDGE('',*,*,#506,.T.);
#85=ORIENTED_EDGE('',*,*,#507,.T.);
#86=ORIENTED_EDGE('',*,*,#508,.T.);
#87=ORIENTED_EDGE('',*,*,#509,.F.);
#88=ORIENTED_EDGE('',*,*,#510,.F.);
#89=ORIENTED_EDGE('',*,*,#511,.F.);
#90=ORIENTED_EDGE('',*,*,#512,.F.);
#91=ORIENTED_EDGE('',*,*,#509,.T.);
#92=ORIENTED_EDGE('',*,*,#513,.T.);
#93=ORIENTED_EDGE('',*,*,#514,.F.);
#94=ORIENTED_EDGE('',*,*,#515,.F.);
#95=ORIENTED_EDGE('',*,*,#516,.F.);
#96=ORIENTED_EDGE('',*,*,#517,.T.);
#97=ORIENTED_EDGE('',*,*,#518,.F.);
#98=ORIENTED_EDGE('',*,*,#516,.T.);
#99=ORIENTED_EDGE('',*,*,#517,.F.);
#100=ORIENTED_EDGE('',*,*,#483,.F.);
#101=ORIENTED_EDGE('',*,*,#518,.T.);
#102=ORIENTED_EDGE('',*,*,#519,.F.);
#103=ORIENTED_EDGE('',*,*,#520,.T.);
#104=ORIENTED_EDGE('',*,*,#521,.T.);
#105=ORIENTED_EDGE('',*,*,#522,.T.);
#106=ORIENTED_EDGE('',*,*,#523,.T.);
#107=ORIENTED_EDGE('',*,*,#514,.T.);
#108=ORIENTED_EDGE('',*,*,#524,.F.);
#109=ORIENTED_EDGE('',*,*,#525,.F.);
#110=ORIENTED_EDGE('',*,*,#526,.F.);
#111=ORIENTED_EDGE('',*,*,#471,.F.);
#112=ORIENTED_EDGE('',*,*,#527,.F.);
#113=ORIENTED_EDGE('',*,*,#528,.T.);
#114=ORIENTED_EDGE('',*,*,#529,.T.);
#115=ORIENTED_EDGE('',*,*,#482,.F.);
#116=ORIENTED_EDGE('',*,*,#530,.F.);
#117=ORIENTED_EDGE('',*,*,#531,.T.);
#118=ORIENTED_EDGE('',*,*,#527,.T.);
#119=ORIENTED_EDGE('',*,*,#481,.F.);
#120=ORIENTED_EDGE('',*,*,#532,.F.);
#121=ORIENTED_EDGE('',*,*,#533,.T.);
#122=ORIENTED_EDGE('',*,*,#530,.T.);
#123=ORIENTED_EDGE('',*,*,#480,.T.);
#124=ORIENTED_EDGE('',*,*,#534,.F.);
#125=ORIENTED_EDGE('',*,*,#535,.F.);
#126=ORIENTED_EDGE('',*,*,#532,.T.);
#127=ORIENTED_EDGE('',*,*,#479,.T.);
#128=ORIENTED_EDGE('',*,*,#536,.F.);
#129=ORIENTED_EDGE('',*,*,#537,.F.);
#130=ORIENTED_EDGE('',*,*,#534,.T.);
#131=ORIENTED_EDGE('',*,*,#478,.T.);
#132=ORIENTED_EDGE('',*,*,#538,.F.);
#133=ORIENTED_EDGE('',*,*,#539,.F.);
#134=ORIENTED_EDGE('',*,*,#536,.T.);
#135=ORIENTED_EDGE('',*,*,#477,.F.);
#136=ORIENTED_EDGE('',*,*,#540,.F.);
#137=ORIENTED_EDGE('',*,*,#541,.T.);
#138=ORIENTED_EDGE('',*,*,#538,.T.);
#139=ORIENTED_EDGE('',*,*,#476,.F.);
#140=ORIENTED_EDGE('',*,*,#542,.F.);
#141=ORIENTED_EDGE('',*,*,#543,.T.);
#142=ORIENTED_EDGE('',*,*,#540,.T.);
#143=ORIENTED_EDGE('',*,*,#475,.F.);
#144=ORIENTED_EDGE('',*,*,#544,.F.);
#145=ORIENTED_EDGE('',*,*,#545,.T.);
#146=ORIENTED_EDGE('',*,*,#542,.T.);
#147=ORIENTED_EDGE('',*,*,#474,.T.);
#148=ORIENTED_EDGE('',*,*,#546,.F.);
#149=ORIENTED_EDGE('',*,*,#547,.F.);
#150=ORIENTED_EDGE('',*,*,#544,.T.);
#151=ORIENTED_EDGE('',*,*,#473,.T.);
#152=ORIENTED_EDGE('',*,*,#548,.F.);
#153=ORIENTED_EDGE('',*,*,#549,.F.);
#154=ORIENTED_EDGE('',*,*,#546,.T.);
#155=ORIENTED_EDGE('',*,*,#472,.T.);
#156=ORIENTED_EDGE('',*,*,#529,.F.);
#157=ORIENTED_EDGE('',*,*,#550,.F.);
#158=ORIENTED_EDGE('',*,*,#548,.T.);
#159=ORIENTED_EDGE('',*,*,#528,.F.);
#160=ORIENTED_EDGE('',*,*,#531,.F.);
#161=ORIENTED_EDGE('',*,*,#533,.F.);
#162=ORIENTED_EDGE('',*,*,#535,.T.);
#163=ORIENTED_EDGE('',*,*,#537,.T.);
#164=ORIENTED_EDGE('',*,*,#539,.T.);
#165=ORIENTED_EDGE('',*,*,#541,.F.);
#166=ORIENTED_EDGE('',*,*,#543,.F.);
#167=ORIENTED_EDGE('',*,*,#545,.F.);
#168=ORIENTED_EDGE('',*,*,#547,.T.);
#169=ORIENTED_EDGE('',*,*,#549,.T.);
#170=ORIENTED_EDGE('',*,*,#550,.T.);
#171=ORIENTED_EDGE('',*,*,#485,.T.);
#172=ORIENTED_EDGE('',*,*,#551,.F.);
#173=ORIENTED_EDGE('',*,*,#552,.F.);
#174=ORIENTED_EDGE('',*,*,#553,.T.);
#175=ORIENTED_EDGE('',*,*,#484,.T.);
#176=ORIENTED_EDGE('',*,*,#554,.F.);
#177=ORIENTED_EDGE('',*,*,#555,.F.);
#178=ORIENTED_EDGE('',*,*,#551,.T.);
#179=ORIENTED_EDGE('',*,*,#495,.F.);
#180=ORIENTED_EDGE('',*,*,#556,.F.);
#181=ORIENTED_EDGE('',*,*,#557,.T.);
#182=ORIENTED_EDGE('',*,*,#554,.T.);
#183=ORIENTED_EDGE('',*,*,#494,.F.);
#184=ORIENTED_EDGE('',*,*,#558,.F.);
#185=ORIENTED_EDGE('',*,*,#559,.T.);
#186=ORIENTED_EDGE('',*,*,#556,.T.);
#187=ORIENTED_EDGE('',*,*,#493,.F.);
#188=ORIENTED_EDGE('',*,*,#560,.F.);
#189=ORIENTED_EDGE('',*,*,#561,.T.);
#190=ORIENTED_EDGE('',*,*,#558,.T.);
#191=ORIENTED_EDGE('',*,*,#492,.T.);
#192=ORIENTED_EDGE('',*,*,#562,.F.);
#193=ORIENTED_EDGE('',*,*,#563,.F.);
#194=ORIENTED_EDGE('',*,*,#560,.T.);
#195=ORIENTED_EDGE('',*,*,#491,.T.);
#196=ORIENTED_EDGE('',*,*,#564,.F.);
#197=ORIENTED_EDGE('',*,*,#565,.F.);
#198=ORIENTED_EDGE('',*,*,#562,.T.);
#199=ORIENTED_EDGE('',*,*,#490,.T.);
#200=ORIENTED_EDGE('',*,*,#566,.F.);
#201=ORIENTED_EDGE('',*,*,#567,.F.);
#202=ORIENTED_EDGE('',*,*,#564,.T.);
#203=ORIENTED_EDGE('',*,*,#489,.F.);
#204=ORIENTED_EDGE('',*,*,#568,.F.);
#205=ORIENTED_EDGE('',*,*,#569,.T.);
#206=ORIENTED_EDGE('',*,*,#566,.T.);
#207=ORIENTED_EDGE('',*,*,#488,.F.);
#208=ORIENTED_EDGE('',*,*,#570,.F.);
#209=ORIENTED_EDGE('',*,*,#571,.T.);
#210=ORIENTED_EDGE('',*,*,#568,.T.);
#211=ORIENTED_EDGE('',*,*,#487,.F.);
#212=ORIENTED_EDGE('',*,*,#572,.F.);
#213=ORIENTED_EDGE('',*,*,#573,.T.);
#214=ORIENTED_EDGE('',*,*,#570,.T.);
#215=ORIENTED_EDGE('',*,*,#486,.T.);
#216=ORIENTED_EDGE('',*,*,#553,.F.);
#217=ORIENTED_EDGE('',*,*,#574,.F.);
#218=ORIENTED_EDGE('',*,*,#572,.T.);
#219=ORIENTED_EDGE('',*,*,#552,.T.);
#220=ORIENTED_EDGE('',*,*,#555,.T.);
#221=ORIENTED_EDGE('',*,*,#557,.F.);
#222=ORIENTED_EDGE('',*,*,#559,.F.);
#223=ORIENTED_EDGE('',*,*,#561,.F.);
#224=ORIENTED_EDGE('',*,*,#563,.T.);
#225=ORIENTED_EDGE('',*,*,#565,.T.);
#226=ORIENTED_EDGE('',*,*,#567,.T.);
#227=ORIENTED_EDGE('',*,*,#569,.F.);
#228=ORIENTED_EDGE('',*,*,#571,.F.);
#229=ORIENTED_EDGE('',*,*,#573,.F.);
#230=ORIENTED_EDGE('',*,*,#574,.T.);
#231=ORIENTED_EDGE('',*,*,#467,.F.);
#232=ORIENTED_EDGE('',*,*,#575,.F.);
#233=ORIENTED_EDGE('',*,*,#576,.T.);
#234=ORIENTED_EDGE('',*,*,#577,.T.);
#235=ORIENTED_EDGE('',*,*,#470,.T.);
#236=ORIENTED_EDGE('',*,*,#578,.F.);
#237=ORIENTED_EDGE('',*,*,#579,.F.);
#238=ORIENTED_EDGE('',*,*,#575,.T.);
#239=ORIENTED_EDGE('',*,*,#469,.T.);
#240=ORIENTED_EDGE('',*,*,#580,.F.);
#241=ORIENTED_EDGE('',*,*,#581,.F.);
#242=ORIENTED_EDGE('',*,*,#578,.T.);
#243=ORIENTED_EDGE('',*,*,#468,.F.);
#244=ORIENTED_EDGE('',*,*,#577,.F.);
#245=ORIENTED_EDGE('',*,*,#582,.T.);
#246=ORIENTED_EDGE('',*,*,#580,.T.);
#247=ORIENTED_EDGE('',*,*,#576,.F.);
#248=ORIENTED_EDGE('',*,*,#579,.T.);
#249=ORIENTED_EDGE('',*,*,#581,.T.);
#250=ORIENTED_EDGE('',*,*,#582,.F.);
#251=ORIENTED_EDGE('',*,*,#463,.F.);
#252=ORIENTED_EDGE('',*,*,#583,.F.);
#253=ORIENTED_EDGE('',*,*,#584,.T.);
#254=ORIENTED_EDGE('',*,*,#585,.T.);
#255=ORIENTED_EDGE('',*,*,#466,.T.);
#256=ORIENTED_EDGE('',*,*,#586,.F.);
#257=ORIENTED_EDGE('',*,*,#587,.F.);
#258=ORIENTED_EDGE('',*,*,#583,.T.);
#259=ORIENTED_EDGE('',*,*,#465,.T.);
#260=ORIENTED_EDGE('',*,*,#588,.F.);
#261=ORIENTED_EDGE('',*,*,#589,.F.);
#262=ORIENTED_EDGE('',*,*,#586,.T.);
#263=ORIENTED_EDGE('',*,*,#464,.F.);
#264=ORIENTED_EDGE('',*,*,#585,.F.);
#265=ORIENTED_EDGE('',*,*,#590,.T.);
#266=ORIENTED_EDGE('',*,*,#588,.T.);
#267=ORIENTED_EDGE('',*,*,#584,.F.);
#268=ORIENTED_EDGE('',*,*,#587,.T.);
#269=ORIENTED_EDGE('',*,*,#589,.T.);
#270=ORIENTED_EDGE('',*,*,#590,.F.);
#271=ORIENTED_EDGE('',*,*,#459,.F.);
#272=ORIENTED_EDGE('',*,*,#591,.F.);
#273=ORIENTED_EDGE('',*,*,#592,.T.);
#274=ORIENTED_EDGE('',*,*,#593,.T.);
#275=ORIENTED_EDGE('',*,*,#462,.T.);
#276=ORIENTED_EDGE('',*,*,#594,.F.);
#277=ORIENTED_EDGE('',*,*,#595,.F.);
#278=ORIENTED_EDGE('',*,*,#591,.T.);
#279=ORIENTED_EDGE('',*,*,#461,.T.);
#280=ORIENTED_EDGE('',*,*,#596,.F.);
#281=ORIENTED_EDGE('',*,*,#597,.F.);
#282=ORIENTED_EDGE('',*,*,#594,.T.);
#283=ORIENTED_EDGE('',*,*,#460,.F.);
#284=ORIENTED_EDGE('',*,*,#593,.F.);
#285=ORIENTED_EDGE('',*,*,#598,.T.);
#286=ORIENTED_EDGE('',*,*,#596,.T.);
#287=ORIENTED_EDGE('',*,*,#592,.F.);
#288=ORIENTED_EDGE('',*,*,#595,.T.);
#289=ORIENTED_EDGE('',*,*,#597,.T.);
#290=ORIENTED_EDGE('',*,*,#598,.F.);
#291=ORIENTED_EDGE('',*,*,#455,.F.);
#292=ORIENTED_EDGE('',*,*,#599,.F.);
#293=ORIENTED_EDGE('',*,*,#600,.T.);
#294=ORIENTED_EDGE('',*,*,#601,.T.);
#295=ORIENTED_EDGE('',*,*,#458,.T.);
#296=ORIENTED_EDGE('',*,*,#602,.F.);
#297=ORIENTED_EDGE('',*,*,#603,.F.);
#298=ORIENTED_EDGE('',*,*,#599,.T.);
#299=ORIENTED_EDGE('',*,*,#457,.T.);
#300=ORIENTED_EDGE('',*,*,#604,.F.);
#301=ORIENTED_EDGE('',*,*,#605,.F.);
#302=ORIENTED_EDGE('',*,*,#602,.T.);
#303=ORIENTED_EDGE('',*,*,#456,.F.);
#304=ORIENTED_EDGE('',*,*,#601,.F.);
#305=ORIENTED_EDGE('',*,*,#606,.T.);
#306=ORIENTED_EDGE('',*,*,#604,.T.);
#307=ORIENTED_EDGE('',*,*,#600,.F.);
#308=ORIENTED_EDGE('',*,*,#603,.T.);
#309=ORIENTED_EDGE('',*,*,#605,.T.);
#310=ORIENTED_EDGE('',*,*,#606,.F.);
#311=ORIENTED_EDGE('',*,*,#451,.F.);
#312=ORIENTED_EDGE('',*,*,#607,.F.);
#313=ORIENTED_EDGE('',*,*,#608,.T.);
#314=ORIENTED_EDGE('',*,*,#609,.T.);
#315=ORIENTED_EDGE('',*,*,#454,.T.);
#316=ORIENTED_EDGE('',*,*,#610,.F.);
#317=ORIENTED_EDGE('',*,*,#611,.F.);
#318=ORIENTED_EDGE('',*,*,#607,.T.);
#319=ORIENTED_EDGE('',*,*,#453,.T.);
#320=ORIENTED_EDGE('',*,*,#612,.F.);
#321=ORIENTED_EDGE('',*,*,#613,.F.);
#322=ORIENTED_EDGE('',*,*,#610,.T.);
#323=ORIENTED_EDGE('',*,*,#452,.F.);
#324=ORIENTED_EDGE('',*,*,#609,.F.);
#325=ORIENTED_EDGE('',*,*,#614,.T.);
#326=ORIENTED_EDGE('',*,*,#612,.T.);
#327=ORIENTED_EDGE('',*,*,#608,.F.);
#328=ORIENTED_EDGE('',*,*,#611,.T.);
#329=ORIENTED_EDGE('',*,*,#613,.T.);
#330=ORIENTED_EDGE('',*,*,#614,.F.);
#331=ORIENTED_EDGE('',*,*,#447,.F.);
#332=ORIENTED_EDGE('',*,*,#615,.F.);
#333=ORIENTED_EDGE('',*,*,#616,.T.);
#334=ORIENTED_EDGE('',*,*,#617,.T.);
#335=ORIENTED_EDGE('',*,*,#450,.T.);
#336=ORIENTED_EDGE('',*,*,#618,.F.);
#337=ORIENTED_EDGE('',*,*,#619,.F.);
#338=ORIENTED_EDGE('',*,*,#615,.T.);
#339=ORIENTED_EDGE('',*,*,#449,.T.);
#340=ORIENTED_EDGE('',*,*,#620,.F.);
#341=ORIENTED_EDGE('',*,*,#621,.F.);
#342=ORIENTED_EDGE('',*,*,#618,.T.);
#343=ORIENTED_EDGE('',*,*,#448,.F.);
#344=ORIENTED_EDGE('',*,*,#617,.F.);
#345=ORIENTED_EDGE('',*,*,#622,.T.);
#346=ORIENTED_EDGE('',*,*,#620,.T.);
#347=ORIENTED_EDGE('',*,*,#616,.F.);
#348=ORIENTED_EDGE('',*,*,#619,.T.);
#349=ORIENTED_EDGE('',*,*,#621,.T.);
#350=ORIENTED_EDGE('',*,*,#622,.F.);
#351=ORIENTED_EDGE('',*,*,#497,.T.);
#352=ORIENTED_EDGE('',*,*,#623,.F.);
#353=ORIENTED_EDGE('',*,*,#624,.F.);
#354=ORIENTED_EDGE('',*,*,#625,.T.);
#355=ORIENTED_EDGE('',*,*,#496,.F.);
#356=ORIENTED_EDGE('',*,*,#626,.F.);
#357=ORIENTED_EDGE('',*,*,#627,.T.);
#358=ORIENTED_EDGE('',*,*,#623,.T.);
#359=ORIENTED_EDGE('',*,*,#503,.F.);
#360=ORIENTED_EDGE('',*,*,#628,.F.);
#361=ORIENTED_EDGE('',*,*,#629,.T.);
#362=ORIENTED_EDGE('',*,*,#626,.T.);
#363=ORIENTED_EDGE('',*,*,#502,.F.);
#364=ORIENTED_EDGE('',*,*,#630,.F.);
#365=ORIENTED_EDGE('',*,*,#631,.T.);
#366=ORIENTED_EDGE('',*,*,#628,.T.);
#367=ORIENTED_EDGE('',*,*,#501,.F.);
#368=ORIENTED_EDGE('',*,*,#632,.F.);
#369=ORIENTED_EDGE('',*,*,#633,.T.);
#370=ORIENTED_EDGE('',*,*,#630,.T.);
#371=ORIENTED_EDGE('',*,*,#500,.T.);
#372=ORIENTED_EDGE('',*,*,#634,.F.);
#373=ORIENTED_EDGE('',*,*,#635,.F.);
#374=ORIENTED_EDGE('',*,*,#632,.T.);
#375=ORIENTED_EDGE('',*,*,#499,.T.);
#376=ORIENTED_EDGE('',*,*,#636,.F.);
#377=ORIENTED_EDGE('',*,*,#637,.F.);
#378=ORIENTED_EDGE('',*,*,#634,.T.);
#379=ORIENTED_EDGE('',*,*,#498,.T.);
#380=ORIENTED_EDGE('',*,*,#625,.F.);
#381=ORIENTED_EDGE('',*,*,#638,.F.);
#382=ORIENTED_EDGE('',*,*,#636,.T.);
#383=ORIENTED_EDGE('',*,*,#624,.T.);
#384=ORIENTED_EDGE('',*,*,#627,.F.);
#385=ORIENTED_EDGE('',*,*,#629,.F.);
#386=ORIENTED_EDGE('',*,*,#631,.F.);
#387=ORIENTED_EDGE('',*,*,#633,.F.);
#388=ORIENTED_EDGE('',*,*,#635,.T.);
#389=ORIENTED_EDGE('',*,*,#637,.T.);
#390=ORIENTED_EDGE('',*,*,#638,.T.);
#391=ORIENTED_EDGE('',*,*,#443,.F.);
#392=ORIENTED_EDGE('',*,*,#639,.F.);
#393=ORIENTED_EDGE('',*,*,#640,.T.);
#394=ORIENTED_EDGE('',*,*,#641,.T.);
#395=ORIENTED_EDGE('',*,*,#446,.T.);
#396=ORIENTED_EDGE('',*,*,#642,.F.);
#397=ORIENTED_EDGE('',*,*,#643,.F.);
#398=ORIENTED_EDGE('',*,*,#639,.T.);
#399=ORIENTED_EDGE('',*,*,#445,.T.);
#400=ORIENTED_EDGE('',*,*,#644,.F.);
#401=ORIENTED_EDGE('',*,*,#645,.F.);
#402=ORIENTED_EDGE('',*,*,#642,.T.);
#403=ORIENTED_EDGE('',*,*,#444,.F.);
#404=ORIENTED_EDGE('',*,*,#641,.F.);
#405=ORIENTED_EDGE('',*,*,#646,.T.);
#406=ORIENTED_EDGE('',*,*,#644,.T.);
#407=ORIENTED_EDGE('',*,*,#640,.F.);
#408=ORIENTED_EDGE('',*,*,#643,.T.);
#409=ORIENTED_EDGE('',*,*,#645,.T.);
#410=ORIENTED_EDGE('',*,*,#646,.F.);
#411=ORIENTED_EDGE('',*,*,#510,.T.);
#412=ORIENTED_EDGE('',*,*,#515,.T.);
#413=ORIENTED_EDGE('',*,*,#523,.F.);
#414=ORIENTED_EDGE('',*,*,#647,.T.);
#415=ORIENTED_EDGE('',*,*,#504,.T.);
#416=ORIENTED_EDGE('',*,*,#648,.F.);
#417=ORIENTED_EDGE('',*,*,#520,.F.);
#418=ORIENTED_EDGE('',*,*,#649,.T.);
#419=ORIENTED_EDGE('',*,*,#512,.T.);
#420=ORIENTED_EDGE('',*,*,#650,.F.);
#421=ORIENTED_EDGE('',*,*,#521,.F.);
#422=ORIENTED_EDGE('',*,*,#648,.T.);
#423=ORIENTED_EDGE('',*,*,#511,.T.);
#424=ORIENTED_EDGE('',*,*,#647,.F.);
#425=ORIENTED_EDGE('',*,*,#522,.F.);
#426=ORIENTED_EDGE('',*,*,#650,.T.);
#427=ORIENTED_EDGE('',*,*,#513,.F.);
#428=ORIENTED_EDGE('',*,*,#508,.F.);
#429=ORIENTED_EDGE('',*,*,#651,.F.);
#430=ORIENTED_EDGE('',*,*,#524,.T.);
#431=ORIENTED_EDGE('',*,*,#505,.F.);
#432=ORIENTED_EDGE('',*,*,#649,.F.);
#433=ORIENTED_EDGE('',*,*,#519,.T.);
#434=ORIENTED_EDGE('',*,*,#652,.T.);
#435=ORIENTED_EDGE('',*,*,#506,.F.);
#436=ORIENTED_EDGE('',*,*,#652,.F.);
#437=ORIENTED_EDGE('',*,*,#526,.T.);
#438=ORIENTED_EDGE('',*,*,#653,.T.);
#439=ORIENTED_EDGE('',*,*,#507,.F.);
#440=ORIENTED_EDGE('',*,*,#653,.F.);
#441=ORIENTED_EDGE('',*,*,#525,.T.);
#442=ORIENTED_EDGE('',*,*,#651,.T.);
#443=EDGE_CURVE('',#654,#655,#796,.T.);
#444=EDGE_CURVE('',#655,#656,#797,.T.);
#445=EDGE_CURVE('',#657,#656,#798,.T.);
#446=EDGE_CURVE('',#654,#657,#799,.T.);
#447=EDGE_CURVE('',#658,#659,#800,.T.);
#448=EDGE_CURVE('',#659,#660,#801,.T.);
#449=EDGE_CURVE('',#661,#660,#802,.T.);
#450=EDGE_CURVE('',#658,#661,#803,.T.);
#451=EDGE_CURVE('',#662,#663,#804,.T.);
#452=EDGE_CURVE('',#663,#664,#805,.T.);
#453=EDGE_CURVE('',#665,#664,#806,.T.);
#454=EDGE_CURVE('',#662,#665,#807,.T.);
#455=EDGE_CURVE('',#666,#667,#808,.T.);
#456=EDGE_CURVE('',#667,#668,#809,.T.);
#457=EDGE_CURVE('',#669,#668,#810,.T.);
#458=EDGE_CURVE('',#666,#669,#811,.T.);
#459=EDGE_CURVE('',#670,#671,#812,.T.);
#460=EDGE_CURVE('',#671,#672,#813,.T.);
#461=EDGE_CURVE('',#673,#672,#814,.T.);
#462=EDGE_CURVE('',#670,#673,#815,.T.);
#463=EDGE_CURVE('',#674,#675,#816,.T.);
#464=EDGE_CURVE('',#675,#676,#817,.T.);
#465=EDGE_CURVE('',#677,#676,#818,.T.);
#466=EDGE_CURVE('',#674,#677,#819,.T.);
#467=EDGE_CURVE('',#678,#679,#820,.T.);
#468=EDGE_CURVE('',#679,#680,#821,.T.);
#469=EDGE_CURVE('',#681,#680,#822,.T.);
#470=EDGE_CURVE('',#678,#681,#823,.T.);
#471=EDGE_CURVE('',#682,#683,#824,.T.);
#472=EDGE_CURVE('',#684,#683,#825,.T.);
#473=EDGE_CURVE('',#685,#684,#826,.T.);
#474=EDGE_CURVE('',#686,#685,#827,.T.);
#475=EDGE_CURVE('',#686,#687,#828,.T.);
#476=EDGE_CURVE('',#687,#688,#829,.T.);
#477=EDGE_CURVE('',#688,#689,#830,.T.);
#478=EDGE_CURVE('',#690,#689,#831,.T.);
#479=EDGE_CURVE('',#691,#690,#832,.T.);
#480=EDGE_CURVE('',#692,#691,#833,.T.);
#481=EDGE_CURVE('',#692,#693,#834,.T.);
#482=EDGE_CURVE('',#693,#682,#835,.T.);
#483=EDGE_CURVE('',#694,#694,#15,.T.);
#484=EDGE_CURVE('',#695,#696,#836,.T.);
#485=EDGE_CURVE('',#697,#695,#837,.T.);
#486=EDGE_CURVE('',#698,#697,#838,.T.);
#487=EDGE_CURVE('',#698,#699,#839,.T.);
#488=EDGE_CURVE('',#699,#700,#840,.T.);
#489=EDGE_CURVE('',#700,#701,#841,.T.);
#490=EDGE_CURVE('',#702,#701,#842,.T.);
#491=EDGE_CURVE('',#703,#702,#843,.T.);
#492=EDGE_CURVE('',#704,#703,#844,.T.);
#493=EDGE_CURVE('',#704,#705,#845,.T.);
#494=EDGE_CURVE('',#705,#706,#846,.T.);
#495=EDGE_CURVE('',#706,#696,#847,.T.);
#496=EDGE_CURVE('',#707,#708,#848,.T.);
#497=EDGE_CURVE('',#709,#708,#849,.T.);
#498=EDGE_CURVE('',#710,#709,#850,.T.);
#499=EDGE_CURVE('',#711,#710,#851,.T.);
#500=EDGE_CURVE('',#712,#711,#852,.T.);
#501=EDGE_CURVE('',#712,#713,#853,.T.);
#502=EDGE_CURVE('',#713,#714,#854,.T.);
#503=EDGE_CURVE('',#714,#707,#855,.T.);
#504=EDGE_CURVE('',#715,#716,#856,.T.);
#505=EDGE_CURVE('',#715,#717,#857,.T.);
#506=EDGE_CURVE('',#717,#718,#858,.T.);
#507=EDGE_CURVE('',#718,#719,#859,.T.);
#508=EDGE_CURVE('',#719,#720,#860,.T.);
#509=EDGE_CURVE('',#721,#720,#16,.T.);
#510=EDGE_CURVE('',#722,#721,#861,.T.);
#511=EDGE_CURVE('',#723,#722,#862,.T.);
#512=EDGE_CURVE('',#716,#723,#863,.T.);
#513=EDGE_CURVE('',#720,#724,#864,.F.);
#514=EDGE_CURVE('',#725,#724,#17,.T.);
#515=EDGE_CURVE('',#721,#725,#865,.F.);
#516=EDGE_CURVE('',#726,#726,#18,.T.);
#517=EDGE_CURVE('',#727,#727,#19,.T.);
#518=EDGE_CURVE('',#728,#728,#20,.T.);
#519=EDGE_CURVE('',#729,#730,#866,.T.);
#520=EDGE_CURVE('',#729,#731,#867,.T.);
#521=EDGE_CURVE('',#731,#732,#868,.T.);
#522=EDGE_CURVE('',#732,#733,#869,.T.);
#523=EDGE_CURVE('',#733,#725,#870,.T.);
#524=EDGE_CURVE('',#734,#724,#871,.T.);
#525=EDGE_CURVE('',#735,#734,#872,.T.);
#526=EDGE_CURVE('',#730,#735,#873,.T.);
#527=EDGE_CURVE('',#736,#682,#874,.T.);
#528=EDGE_CURVE('',#736,#737,#875,.T.);
#529=EDGE_CURVE('',#737,#683,#876,.T.);
#530=EDGE_CURVE('',#738,#693,#877,.T.);
#531=EDGE_CURVE('',#738,#736,#878,.T.);
#532=EDGE_CURVE('',#739,#692,#879,.T.);
#533=EDGE_CURVE('',#739,#738,#880,.T.);
#534=EDGE_CURVE('',#740,#691,#881,.T.);
#535=EDGE_CURVE('',#739,#740,#882,.T.);
#536=EDGE_CURVE('',#741,#690,#883,.T.);
#537=EDGE_CURVE('',#740,#741,#884,.T.);
#538=EDGE_CURVE('',#742,#689,#885,.T.);
#539=EDGE_CURVE('',#741,#742,#886,.T.);
#540=EDGE_CURVE('',#743,#688,#887,.T.);
#541=EDGE_CURVE('',#743,#742,#888,.T.);
#542=EDGE_CURVE('',#744,#687,#889,.T.);
#543=EDGE_CURVE('',#744,#743,#890,.T.);
#544=EDGE_CURVE('',#745,#686,#891,.T.);
#545=EDGE_CURVE('',#745,#744,#892,.T.);
#546=EDGE_CURVE('',#746,#685,#893,.T.);
#547=EDGE_CURVE('',#745,#746,#894,.T.);
#548=EDGE_CURVE('',#747,#684,#895,.T.);
#549=EDGE_CURVE('',#746,#747,#896,.T.);
#550=EDGE_CURVE('',#747,#737,#897,.T.);
#551=EDGE_CURVE('',#748,#695,#898,.T.);
#552=EDGE_CURVE('',#749,#748,#899,.T.);
#553=EDGE_CURVE('',#749,#697,#900,.T.);
#554=EDGE_CURVE('',#750,#696,#901,.T.);
#555=EDGE_CURVE('',#748,#750,#902,.T.);
#556=EDGE_CURVE('',#751,#706,#903,.T.);
#557=EDGE_CURVE('',#751,#750,#904,.T.);
#558=EDGE_CURVE('',#752,#705,#905,.T.);
#559=EDGE_CURVE('',#752,#751,#906,.T.);
#560=EDGE_CURVE('',#753,#704,#907,.T.);
#561=EDGE_CURVE('',#753,#752,#908,.T.);
#562=EDGE_CURVE('',#754,#703,#909,.T.);
#563=EDGE_CURVE('',#753,#754,#910,.T.);
#564=EDGE_CURVE('',#755,#702,#911,.T.);
#565=EDGE_CURVE('',#754,#755,#912,.T.);
#566=EDGE_CURVE('',#756,#701,#913,.T.);
#567=EDGE_CURVE('',#755,#756,#914,.T.);
#568=EDGE_CURVE('',#757,#700,#915,.T.);
#569=EDGE_CURVE('',#757,#756,#916,.T.);
#570=EDGE_CURVE('',#758,#699,#917,.T.);
#571=EDGE_CURVE('',#758,#757,#918,.T.);
#572=EDGE_CURVE('',#759,#698,#919,.T.);
#573=EDGE_CURVE('',#759,#758,#920,.T.);
#574=EDGE_CURVE('',#759,#749,#921,.T.);
#575=EDGE_CURVE('',#760,#678,#922,.T.);
#576=EDGE_CURVE('',#760,#761,#923,.T.);
#577=EDGE_CURVE('',#761,#679,#924,.T.);
#578=EDGE_CURVE('',#762,#681,#925,.T.);
#579=EDGE_CURVE('',#760,#762,#926,.T.);
#580=EDGE_CURVE('',#763,#680,#927,.T.);
#581=EDGE_CURVE('',#762,#763,#928,.T.);
#582=EDGE_CURVE('',#761,#763,#929,.T.);
#583=EDGE_CURVE('',#764,#674,#930,.T.);
#584=EDGE_CURVE('',#764,#765,#931,.T.);
#585=EDGE_CURVE('',#765,#675,#932,.T.);
#586=EDGE_CURVE('',#766,#677,#933,.T.);
#587=EDGE_CURVE('',#764,#766,#934,.T.);
#588=EDGE_CURVE('',#767,#676,#935,.T.);
#589=EDGE_CURVE('',#766,#767,#936,.T.);
#590=EDGE_CURVE('',#765,#767,#937,.T.);
#591=EDGE_CURVE('',#768,#670,#938,.T.);
#592=EDGE_CURVE('',#768,#769,#939,.T.);
#593=EDGE_CURVE('',#769,#671,#940,.T.);
#594=EDGE_CURVE('',#770,#673,#941,.T.);
#595=EDGE_CURVE('',#768,#770,#942,.T.);
#596=EDGE_CURVE('',#771,#672,#943,.T.);
#597=EDGE_CURVE('',#770,#771,#944,.T.);
#598=EDGE_CURVE('',#769,#771,#945,.T.);
#599=EDGE_CURVE('',#772,#666,#946,.T.);
#600=EDGE_CURVE('',#772,#773,#947,.T.);
#601=EDGE_CURVE('',#773,#667,#948,.T.);
#602=EDGE_CURVE('',#774,#669,#949,.T.);
#603=EDGE_CURVE('',#772,#774,#950,.T.);
#604=EDGE_CURVE('',#775,#668,#951,.T.);
#605=EDGE_CURVE('',#774,#775,#952,.T.);
#606=EDGE_CURVE('',#773,#775,#953,.T.);
#607=EDGE_CURVE('',#776,#662,#954,.T.);
#608=EDGE_CURVE('',#776,#777,#955,.T.);
#609=EDGE_CURVE('',#777,#663,#956,.T.);
#610=EDGE_CURVE('',#778,#665,#957,.T.);
#611=EDGE_CURVE('',#776,#778,#958,.T.);
#612=EDGE_CURVE('',#779,#664,#959,.T.);
#613=EDGE_CURVE('',#778,#779,#960,.T.);
#614=EDGE_CURVE('',#777,#779,#961,.T.);
#615=EDGE_CURVE('',#780,#658,#962,.T.);
#616=EDGE_CURVE('',#780,#781,#963,.T.);
#617=EDGE_CURVE('',#781,#659,#964,.T.);
#618=EDGE_CURVE('',#782,#661,#965,.T.);
#619=EDGE_CURVE('',#780,#782,#966,.T.);
#620=EDGE_CURVE('',#783,#660,#967,.T.);
#621=EDGE_CURVE('',#782,#783,#968,.T.);
#622=EDGE_CURVE('',#781,#783,#969,.T.);
#623=EDGE_CURVE('',#784,#708,#970,.T.);
#624=EDGE_CURVE('',#785,#784,#971,.T.);
#625=EDGE_CURVE('',#785,#709,#972,.T.);
#626=EDGE_CURVE('',#786,#707,#973,.T.);
#627=EDGE_CURVE('',#786,#784,#974,.T.);
#628=EDGE_CURVE('',#787,#714,#975,.T.);
#629=EDGE_CURVE('',#787,#786,#976,.T.);
#630=EDGE_CURVE('',#788,#713,#977,.T.);
#631=EDGE_CURVE('',#788,#787,#978,.T.);
#632=EDGE_CURVE('',#789,#712,#979,.T.);
#633=EDGE_CURVE('',#789,#788,#980,.T.);
#634=EDGE_CURVE('',#790,#711,#981,.T.);
#635=EDGE_CURVE('',#789,#790,#982,.T.);
#636=EDGE_CURVE('',#791,#710,#983,.T.);
#637=EDGE_CURVE('',#790,#791,#984,.T.);
#638=EDGE_CURVE('',#791,#785,#985,.T.);
#639=EDGE_CURVE('',#792,#654,#986,.T.);
#640=EDGE_CURVE('',#792,#793,#987,.T.);
#641=EDGE_CURVE('',#793,#655,#988,.T.);
#642=EDGE_CURVE('',#794,#657,#989,.T.);
#643=EDGE_CURVE('',#792,#794,#990,.T.);
#644=EDGE_CURVE('',#795,#656,#991,.T.);
#645=EDGE_CURVE('',#794,#795,#992,.T.);
#646=EDGE_CURVE('',#793,#795,#993,.T.);
#647=EDGE_CURVE('',#733,#722,#994,.T.);
#648=EDGE_CURVE('',#731,#716,#995,.T.);
#649=EDGE_CURVE('',#729,#715,#996,.T.);
#650=EDGE_CURVE('',#732,#723,#997,.T.);
#651=EDGE_CURVE('',#734,#719,#998,.T.);
#652=EDGE_CURVE('',#730,#717,#999,.T.);
#653=EDGE_CURVE('',#735,#718,#1000,.T.);
#654=VERTEX_POINT('',#2665);
#655=VERTEX_POINT('',#2666);
#656=VERTEX_POINT('',#2668);
#657=VERTEX_POINT('',#2670);
#658=VERTEX_POINT('',#2673);
#659=VERTEX_POINT('',#2674);
#660=VERTEX_POINT('',#2676);
#661=VERTEX_POINT('',#2678);
#662=VERTEX_POINT('',#2681);
#663=VERTEX_POINT('',#2682);
#664=VERTEX_POINT('',#2684);
#665=VERTEX_POINT('',#2686);
#666=VERTEX_POINT('',#2689);
#667=VERTEX_POINT('',#2690);
#668=VERTEX_POINT('',#2692);
#669=VERTEX_POINT('',#2694);
#670=VERTEX_POINT('',#2697);
#671=VERTEX_POINT('',#2698);
#672=VERTEX_POINT('',#2700);
#673=VERTEX_POINT('',#2702);
#674=VERTEX_POINT('',#2705);
#675=VERTEX_POINT('',#2706);
#676=VERTEX_POINT('',#2708);
#677=VERTEX_POINT('',#2710);
#678=VERTEX_POINT('',#2713);
#679=VERTEX_POINT('',#2714);
#680=VERTEX_POINT('',#2716);
#681=VERTEX_POINT('',#2718);
#682=VERTEX_POINT('',#2721);
#683=VERTEX_POINT('',#2722);
#684=VERTEX_POINT('',#2724);
#685=VERTEX_POINT('',#2726);
#686=VERTEX_POINT('',#2728);
#687=VERTEX_POINT('',#2730);
#688=VERTEX_POINT('',#2732);
#689=VERTEX_POINT('',#2734);
#690=VERTEX_POINT('',#2736);
#691=VERTEX_POINT('',#2738);
#692=VERTEX_POINT('',#2740);
#693=VERTEX_POINT('',#2742);
#694=VERTEX_POINT('',#2745);
#695=VERTEX_POINT('',#2747);
#696=VERTEX_POINT('',#2748);
#697=VERTEX_POINT('',#2750);
#698=VERTEX_POINT('',#2752);
#699=VERTEX_POINT('',#2754);
#700=VERTEX_POINT('',#2756);
#701=VERTEX_POINT('',#2758);
#702=VERTEX_POINT('',#2760);
#703=VERTEX_POINT('',#2762);
#704=VERTEX_POINT('',#2764);
#705=VERTEX_POINT('',#2766);
#706=VERTEX_POINT('',#2768);
#707=VERTEX_POINT('',#2771);
#708=VERTEX_POINT('',#2772);
#709=VERTEX_POINT('',#2774);
#710=VERTEX_POINT('',#2776);
#711=VERTEX_POINT('',#2778);
#712=VERTEX_POINT('',#2780);
#713=VERTEX_POINT('',#2782);
#714=VERTEX_POINT('',#2784);
#715=VERTEX_POINT('',#2787);
#716=VERTEX_POINT('',#2788);
#717=VERTEX_POINT('',#2790);
#718=VERTEX_POINT('',#2792);
#719=VERTEX_POINT('',#2794);
#720=VERTEX_POINT('',#2796);
#721=VERTEX_POINT('',#2798);
#722=VERTEX_POINT('',#2800);
#723=VERTEX_POINT('',#2802);
#724=VERTEX_POINT('',#2806);
#725=VERTEX_POINT('',#2808);
#726=VERTEX_POINT('',#2812);
#727=VERTEX_POINT('',#2814);
#728=VERTEX_POINT('',#2817);
#729=VERTEX_POINT('',#2822);
#730=VERTEX_POINT('',#2823);
#731=VERTEX_POINT('',#2825);
#732=VERTEX_POINT('',#2827);
#733=VERTEX_POINT('',#2829);
#734=VERTEX_POINT('',#2832);
#735=VERTEX_POINT('',#2834);
#736=VERTEX_POINT('',#2838);
#737=VERTEX_POINT('',#2840);
#738=VERTEX_POINT('',#2844);
#739=VERTEX_POINT('',#2848);
#740=VERTEX_POINT('',#2852);
#741=VERTEX_POINT('',#2856);
#742=VERTEX_POINT('',#2860);
#743=VERTEX_POINT('',#2864);
#744=VERTEX_POINT('',#2868);
#745=VERTEX_POINT('',#2872);
#746=VERTEX_POINT('',#2876);
#747=VERTEX_POINT('',#2880);
#748=VERTEX_POINT('',#2887);
#749=VERTEX_POINT('',#2889);
#750=VERTEX_POINT('',#2893);
#751=VERTEX_POINT('',#2897);
#752=VERTEX_POINT('',#2901);
#753=VERTEX_POINT('',#2905);
#754=VERTEX_POINT('',#2909);
#755=VERTEX_POINT('',#2913);
#756=VERTEX_POINT('',#2917);
#757=VERTEX_POINT('',#2921);
#758=VERTEX_POINT('',#2925);
#759=VERTEX_POINT('',#2929);
#760=VERTEX_POINT('',#2936);
#761=VERTEX_POINT('',#2938);
#762=VERTEX_POINT('',#2942);
#763=VERTEX_POINT('',#2946);
#764=VERTEX_POINT('',#2953);
#765=VERTEX_POINT('',#2955);
#766=VERTEX_POINT('',#2959);
#767=VERTEX_POINT('',#2963);
#768=VERTEX_POINT('',#2970);
#769=VERTEX_POINT('',#2972);
#770=VERTEX_POINT('',#2976);
#771=VERTEX_POINT('',#2980);
#772=VERTEX_POINT('',#2987);
#773=VERTEX_POINT('',#2989);
#774=VERTEX_POINT('',#2993);
#775=VERTEX_POINT('',#2997);
#776=VERTEX_POINT('',#3004);
#777=VERTEX_POINT('',#3006);
#778=VERTEX_POINT('',#3010);
#779=VERTEX_POINT('',#3014);
#780=VERTEX_POINT('',#3021);
#781=VERTEX_POINT('',#3023);
#782=VERTEX_POINT('',#3027);
#783=VERTEX_POINT('',#3031);
#784=VERTEX_POINT('',#3038);
#785=VERTEX_POINT('',#3040);
#786=VERTEX_POINT('',#3044);
#787=VERTEX_POINT('',#3048);
#788=VERTEX_POINT('',#3052);
#789=VERTEX_POINT('',#3056);
#790=VERTEX_POINT('',#3060);
#791=VERTEX_POINT('',#3064);
#792=VERTEX_POINT('',#3071);
#793=VERTEX_POINT('',#3073);
#794=VERTEX_POINT('',#3077);
#795=VERTEX_POINT('',#3081);
#796=LINE('',#2664,#1001);
#797=LINE('',#2667,#1002);
#798=LINE('',#2669,#1003);
#799=LINE('',#2671,#1004);
#800=LINE('',#2672,#1005);
#801=LINE('',#2675,#1006);
#802=LINE('',#2677,#1007);
#803=LINE('',#2679,#1008);
#804=LINE('',#2680,#1009);
#805=LINE('',#2683,#1010);
#806=LINE('',#2685,#1011);
#807=LINE('',#2687,#1012);
#808=LINE('',#2688,#1013);
#809=LINE('',#2691,#1014);
#810=LINE('',#2693,#1015);
#811=LINE('',#2695,#1016);
#812=LINE('',#2696,#1017);
#813=LINE('',#2699,#1018);
#814=LINE('',#2701,#1019);
#815=LINE('',#2703,#1020);
#816=LINE('',#2704,#1021);
#817=LINE('',#2707,#1022);
#818=LINE('',#2709,#1023);
#819=LINE('',#2711,#1024);
#820=LINE('',#2712,#1025);
#821=LINE('',#2715,#1026);
#822=LINE('',#2717,#1027);
#823=LINE('',#2719,#1028);
#824=LINE('',#2720,#1029);
#825=LINE('',#2723,#1030);
#826=LINE('',#2725,#1031);
#827=LINE('',#2727,#1032);
#828=LINE('',#2729,#1033);
#829=LINE('',#2731,#1034);
#830=LINE('',#2733,#1035);
#831=LINE('',#2735,#1036);
#832=LINE('',#2737,#1037);
#833=LINE('',#2739,#1038);
#834=LINE('',#2741,#1039);
#835=LINE('',#2743,#1040);
#836=LINE('',#2746,#1041);
#837=LINE('',#2749,#1042);
#838=LINE('',#2751,#1043);
#839=LINE('',#2753,#1044);
#840=LINE('',#2755,#1045);
#841=LINE('',#2757,#1046);
#842=LINE('',#2759,#1047);
#843=LINE('',#2761,#1048);
#844=LINE('',#2763,#1049);
#845=LINE('',#2765,#1050);
#846=LINE('',#2767,#1051);
#847=LINE('',#2769,#1052);
#848=LINE('',#2770,#1053);
#849=LINE('',#2773,#1054);
#850=LINE('',#2775,#1055);
#851=LINE('',#2777,#1056);
#852=LINE('',#2779,#1057);
#853=LINE('',#2781,#1058);
#854=LINE('',#2783,#1059);
#855=LINE('',#2785,#1060);
#856=LINE('',#2786,#1061);
#857=LINE('',#2789,#1062);
#858=LINE('',#2791,#1063);
#859=LINE('',#2793,#1064);
#860=LINE('',#2795,#1065);
#861=LINE('',#2799,#1066);
#862=LINE('',#2801,#1067);
#863=LINE('',#2803,#1068);
#864=LINE('',#2805,#1069);
#865=LINE('',#2809,#1070);
#866=LINE('',#2821,#1071);
#867=LINE('',#2824,#1072);
#868=LINE('',#2826,#1073);
#869=LINE('',#2828,#1074);
#870=LINE('',#2830,#1075);
#871=LINE('',#2831,#1076);
#872=LINE('',#2833,#1077);
#873=LINE('',#2835,#1078);
#874=LINE('',#2837,#1079);
#875=LINE('',#2839,#1080);
#876=LINE('',#2841,#1081);
#877=LINE('',#2843,#1082);
#878=LINE('',#2845,#1083);
#879=LINE('',#2847,#1084);
#880=LINE('',#2849,#1085);
#881=LINE('',#2851,#1086);
#882=LINE('',#2853,#1087);
#883=LINE('',#2855,#1088);
#884=LINE('',#2857,#1089);
#885=LINE('',#2859,#1090);
#886=LINE('',#2861,#1091);
#887=LINE('',#2863,#1092);
#888=LINE('',#2865,#1093);
#889=LINE('',#2867,#1094);
#890=LINE('',#2869,#1095);
#891=LINE('',#2871,#1096);
#892=LINE('',#2873,#1097);
#893=LINE('',#2875,#1098);
#894=LINE('',#2877,#1099);
#895=LINE('',#2879,#1100);
#896=LINE('',#2881,#1101);
#897=LINE('',#2883,#1102);
#898=LINE('',#2886,#1103);
#899=LINE('',#2888,#1104);
#900=LINE('',#2890,#1105);
#901=LINE('',#2892,#1106);
#902=LINE('',#2894,#1107);
#903=LINE('',#2896,#1108);
#904=LINE('',#2898,#1109);
#905=LINE('',#2900,#1110);
#906=LINE('',#2902,#1111);
#907=LINE('',#2904,#1112);
#908=LINE('',#2906,#1113);
#909=LINE('',#2908,#1114);
#910=LINE('',#2910,#1115);
#911=LINE('',#2912,#1116);
#912=LINE('',#2914,#1117);
#913=LINE('',#2916,#1118);
#914=LINE('',#2918,#1119);
#915=LINE('',#2920,#1120);
#916=LINE('',#2922,#1121);
#917=LINE('',#2924,#1122);
#918=LINE('',#2926,#1123);
#919=LINE('',#2928,#1124);
#920=LINE('',#2930,#1125);
#921=LINE('',#2932,#1126);
#922=LINE('',#2935,#1127);
#923=LINE('',#2937,#1128);
#924=LINE('',#2939,#1129);
#925=LINE('',#2941,#1130);
#926=LINE('',#2943,#1131);
#927=LINE('',#2945,#1132);
#928=LINE('',#2947,#1133);
#929=LINE('',#2949,#1134);
#930=LINE('',#2952,#1135);
#931=LINE('',#2954,#1136);
#932=LINE('',#2956,#1137);
#933=LINE('',#2958,#1138);
#934=LINE('',#2960,#1139);
#935=LINE('',#2962,#1140);
#936=LINE('',#2964,#1141);
#937=LINE('',#2966,#1142);
#938=LINE('',#2969,#1143);
#939=LINE('',#2971,#1144);
#940=LINE('',#2973,#1145);
#941=LINE('',#2975,#1146);
#942=LINE('',#2977,#1147);
#943=LINE('',#2979,#1148);
#944=LINE('',#2981,#1149);
#945=LINE('',#2983,#1150);
#946=LINE('',#2986,#1151);
#947=LINE('',#2988,#1152);
#948=LINE('',#2990,#1153);
#949=LINE('',#2992,#1154);
#950=LINE('',#2994,#1155);
#951=LINE('',#2996,#1156);
#952=LINE('',#2998,#1157);
#953=LINE('',#3000,#1158);
#954=LINE('',#3003,#1159);
#955=LINE('',#3005,#1160);
#956=LINE('',#3007,#1161);
#957=LINE('',#3009,#1162);
#958=LINE('',#3011,#1163);
#959=LINE('',#3013,#1164);
#960=LINE('',#3015,#1165);
#961=LINE('',#3017,#1166);
#962=LINE('',#3020,#1167);
#963=LINE('',#3022,#1168);
#964=LINE('',#3024,#1169);
#965=LINE('',#3026,#1170);
#966=LINE('',#3028,#1171);
#967=LINE('',#3030,#1172);
#968=LINE('',#3032,#1173);
#969=LINE('',#3034,#1174);
#970=LINE('',#3037,#1175);
#971=LINE('',#3039,#1176);
#972=LINE('',#3041,#1177);
#973=LINE('',#3043,#1178);
#974=LINE('',#3045,#1179);
#975=LINE('',#3047,#1180);
#976=LINE('',#3049,#1181);
#977=LINE('',#3051,#1182);
#978=LINE('',#3053,#1183);
#979=LINE('',#3055,#1184);
#980=LINE('',#3057,#1185);
#981=LINE('',#3059,#1186);
#982=LINE('',#3061,#1187);
#983=LINE('',#3063,#1188);
#984=LINE('',#3065,#1189);
#985=LINE('',#3067,#1190);
#986=LINE('',#3070,#1191);
#987=LINE('',#3072,#1192);
#988=LINE('',#3074,#1193);
#989=LINE('',#3076,#1194);
#990=LINE('',#3078,#1195);
#991=LINE('',#3080,#1196);
#992=LINE('',#3082,#1197);
#993=LINE('',#3084,#1198);
#994=LINE('',#3087,#1199);
#995=LINE('',#3089,#1200);
#996=LINE('',#3090,#1201);
#997=LINE('',#3092,#1202);
#998=LINE('',#3095,#1203);
#999=LINE('',#3097,#1204);
#1000=LINE('',#3099,#1205);
#1001=VECTOR('',#2277,1.);
#1002=VECTOR('',#2278,1.);
#1003=VECTOR('',#2279,1.);
#1004=VECTOR('',#2280,1.);
#1005=VECTOR('',#2281,1.);
#1006=VECTOR('',#2282,1.);
#1007=VECTOR('',#2283,1.);
#1008=VECTOR('',#2284,1.);
#1009=VECTOR('',#2285,1.);
#1010=VECTOR('',#2286,1.);
#1011=VECTOR('',#2287,1.);
#1012=VECTOR('',#2288,1.);
#1013=VECTOR('',#2289,1.);
#1014=VECTOR('',#2290,1.);
#1015=VECTOR('',#2291,1.);
#1016=VECTOR('',#2292,1.);
#1017=VECTOR('',#2293,1.);
#1018=VECTOR('',#2294,1.);
#1019=VECTOR('',#2295,1.);
#1020=VECTOR('',#2296,1.);
#1021=VECTOR('',#2297,1.);
#1022=VECTOR('',#2298,1.);
#1023=VECTOR('',#2299,1.);
#1024=VECTOR('',#2300,1.);
#1025=VECTOR('',#2301,1.);
#1026=VECTOR('',#2302,1.);
#1027=VECTOR('',#2303,1.);
#1028=VECTOR('',#2304,1.);
#1029=VECTOR('',#2305,1.);
#1030=VECTOR('',#2306,1.);
#1031=VECTOR('',#2307,1.);
#1032=VECTOR('',#2308,1.);
#1033=VECTOR('',#2309,1.);
#1034=VECTOR('',#2310,1.);
#1035=VECTOR('',#2311,1.);
#1036=VECTOR('',#2312,1.);
#1037=VECTOR('',#2313,1.);
#1038=VECTOR('',#2314,1.);
#1039=VECTOR('',#2315,1.);
#1040=VECTOR('',#2316,1.);
#1041=VECTOR('',#2319,1.);
#1042=VECTOR('',#2320,1.);
#1043=VECTOR('',#2321,1.);
#1044=VECTOR('',#2322,1.);
#1045=VECTOR('',#2323,1.);
#1046=VECTOR('',#2324,1.);
#1047=VECTOR('',#2325,1.);
#1048=VECTOR('',#2326,1.);
#1049=VECTOR('',#2327,1.);
#1050=VECTOR('',#2328,1.);
#1051=VECTOR('',#2329,1.);
#1052=VECTOR('',#2330,1.);
#1053=VECTOR('',#2331,1.);
#1054=VECTOR('',#2332,1.);
#1055=VECTOR('',#2333,1.);
#1056=VECTOR('',#2334,1.);
#1057=VECTOR('',#2335,1.);
#1058=VECTOR('',#2336,1.);
#1059=VECTOR('',#2337,1.);
#1060=VECTOR('',#2338,1.);
#1061=VECTOR('',#2339,1.);
#1062=VECTOR('',#2340,1.);
#1063=VECTOR('',#2341,1.);
#1064=VECTOR('',#2342,1.);
#1065=VECTOR('',#2343,1.);
#1066=VECTOR('',#2346,1.);
#1067=VECTOR('',#2347,1.);
#1068=VECTOR('',#2348,1.);
#1069=VECTOR('',#2351,1.);
#1070=VECTOR('',#2354,1.);
#1071=VECTOR('',#2371,1.);
#1072=VECTOR('',#2372,1.);
#1073=VECTOR('',#2373,1.);
#1074=VECTOR('',#2374,1.);
#1075=VECTOR('',#2375,1.);
#1076=VECTOR('',#2376,1.);
#1077=VECTOR('',#2377,1.);
#1078=VECTOR('',#2378,1.);
#1079=VECTOR('',#2381,1.);
#1080=VECTOR('',#2382,1.);
#1081=VECTOR('',#2383,1.);
#1082=VECTOR('',#2386,1.);
#1083=VECTOR('',#2387,1.);
#1084=VECTOR('',#2390,1.);
#1085=VECTOR('',#2391,1.);
#1086=VECTOR('',#2394,1.);
#1087=VECTOR('',#2395,1.);
#1088=VECTOR('',#2398,1.);
#1089=VECTOR('',#2399,1.);
#1090=VECTOR('',#2402,1.);
#1091=VECTOR('',#2403,1.);
#1092=VECTOR('',#2406,1.);
#1093=VECTOR('',#2407,1.);
#1094=VECTOR('',#2410,1.);
#1095=VECTOR('',#2411,1.);
#1096=VECTOR('',#2414,1.);
#1097=VECTOR('',#2415,1.);
#1098=VECTOR('',#2418,1.);
#1099=VECTOR('',#2419,1.);
#1100=VECTOR('',#2422,1.);
#1101=VECTOR('',#2423,1.);
#1102=VECTOR('',#2426,1.);
#1103=VECTOR('',#2431,1.);
#1104=VECTOR('',#2432,1.);
#1105=VECTOR('',#2433,1.);
#1106=VECTOR('',#2436,1.);
#1107=VECTOR('',#2437,1.);
#1108=VECTOR('',#2440,1.);
#1109=VECTOR('',#2441,1.);
#1110=VECTOR('',#2444,1.);
#1111=VECTOR('',#2445,1.);
#1112=VECTOR('',#2448,1.);
#1113=VECTOR('',#2449,1.);
#1114=VECTOR('',#2452,1.);
#1115=VECTOR('',#2453,1.);
#1116=VECTOR('',#2456,1.);
#1117=VECTOR('',#2457,1.);
#1118=VECTOR('',#2460,1.);
#1119=VECTOR('',#2461,1.);
#1120=VECTOR('',#2464,1.);
#1121=VECTOR('',#2465,1.);
#1122=VECTOR('',#2468,1.);
#1123=VECTOR('',#2469,1.);
#1124=VECTOR('',#2472,1.);
#1125=VECTOR('',#2473,1.);
#1126=VECTOR('',#2476,1.);
#1127=VECTOR('',#2481,1.);
#1128=VECTOR('',#2482,1.);
#1129=VECTOR('',#2483,1.);
#1130=VECTOR('',#2486,1.);
#1131=VECTOR('',#2487,1.);
#1132=VECTOR('',#2490,1.);
#1133=VECTOR('',#2491,1.);
#1134=VECTOR('',#2494,1.);
#1135=VECTOR('',#2499,1.);
#1136=VECTOR('',#2500,1.);
#1137=VECTOR('',#2501,1.);
#1138=VECTOR('',#2504,1.);
#1139=VECTOR('',#2505,1.);
#1140=VECTOR('',#2508,1.);
#1141=VECTOR('',#2509,1.);
#1142=VECTOR('',#2512,1.);
#1143=VECTOR('',#2517,1.);
#1144=VECTOR('',#2518,1.);
#1145=VECTOR('',#2519,1.);
#1146=VECTOR('',#2522,1.);
#1147=VECTOR('',#2523,1.);
#1148=VECTOR('',#2526,1.);
#1149=VECTOR('',#2527,1.);
#1150=VECTOR('',#2530,1.);
#1151=VECTOR('',#2535,1.);
#1152=VECTOR('',#2536,1.);
#1153=VECTOR('',#2537,1.);
#1154=VECTOR('',#2540,1.);
#1155=VECTOR('',#2541,1.);
#1156=VECTOR('',#2544,1.);
#1157=VECTOR('',#2545,1.);
#1158=VECTOR('',#2548,1.);
#1159=VECTOR('',#2553,1.);
#1160=VECTOR('',#2554,1.);
#1161=VECTOR('',#2555,1.);
#1162=VECTOR('',#2558,1.);
#1163=VECTOR('',#2559,1.);
#1164=VECTOR('',#2562,1.);
#1165=VECTOR('',#2563,1.);
#1166=VECTOR('',#2566,1.);
#1167=VECTOR('',#2571,1.);
#1168=VECTOR('',#2572,1.);
#1169=VECTOR('',#2573,1.);
#1170=VECTOR('',#2576,1.);
#1171=VECTOR('',#2577,1.);
#1172=VECTOR('',#2580,1.);
#1173=VECTOR('',#2581,1.);
#1174=VECTOR('',#2584,1.);
#1175=VECTOR('',#2589,1.);
#1176=VECTOR('',#2590,1.);
#1177=VECTOR('',#2591,1.);
#1178=VECTOR('',#2594,1.);
#1179=VECTOR('',#2595,1.);
#1180=VECTOR('',#2598,1.);
#1181=VECTOR('',#2599,1.);
#1182=VECTOR('',#2602,1.);
#1183=VECTOR('',#2603,1.);
#1184=VECTOR('',#2606,1.);
#1185=VECTOR('',#2607,1.);
#1186=VECTOR('',#2610,1.);
#1187=VECTOR('',#2611,1.);
#1188=VECTOR('',#2614,1.);
#1189=VECTOR('',#2615,1.);
#1190=VECTOR('',#2618,1.);
#1191=VECTOR('',#2623,1.);
#1192=VECTOR('',#2624,1.);
#1193=VECTOR('',#2625,1.);
#1194=VECTOR('',#2628,1.);
#1195=VECTOR('',#2629,1.);
#1196=VECTOR('',#2632,1.);
#1197=VECTOR('',#2633,1.);
#1198=VECTOR('',#2636,1.);
#1199=VECTOR('',#2641,1.);
#1200=VECTOR('',#2644,1.);
#1201=VECTOR('',#2645,1.);
#1202=VECTOR('',#2648,1.);
#1203=VECTOR('',#2653,1.);
#1204=VECTOR('',#2656,1.);
#1205=VECTOR('',#2659,1.);
#1206=EDGE_LOOP('',(#21,#22,#23,#24));
#1207=EDGE_LOOP('',(#25,#26,#27,#28));
#1208=EDGE_LOOP('',(#29,#30,#31,#32));
#1209=EDGE_LOOP('',(#33,#34,#35,#36));
#1210=EDGE_LOOP('',(#37,#38,#39,#40));
#1211=EDGE_LOOP('',(#41,#42,#43,#44));
#1212=EDGE_LOOP('',(#45,#46,#47,#48));
#1213=EDGE_LOOP('',(#49,#50,#51,#52,#53,#54,#55,#56,#57,#58,#59,#60));
#1214=EDGE_LOOP('',(#61));
#1215=EDGE_LOOP('',(#62,#63,#64,#65,#66,#67,#68,#69,#70,#71,#72,#73));
#1216=EDGE_LOOP('',(#74,#75,#76,#77,#78,#79,#80,#81));
#1217=EDGE_LOOP('',(#82,#83,#84,#85,#86,#87,#88,#89,#90));
#1218=EDGE_LOOP('',(#91,#92,#93,#94));
#1219=EDGE_LOOP('',(#95));
#1220=EDGE_LOOP('',(#96));
#1221=EDGE_LOOP('',(#97));
#1222=EDGE_LOOP('',(#98));
#1223=EDGE_LOOP('',(#99));
#1224=EDGE_LOOP('',(#100));
#1225=EDGE_LOOP('',(#101));
#1226=EDGE_LOOP('',(#102,#103,#104,#105,#106,#107,#108,#109,#110));
#1227=EDGE_LOOP('',(#111,#112,#113,#114));
#1228=EDGE_LOOP('',(#115,#116,#117,#118));
#1229=EDGE_LOOP('',(#119,#120,#121,#122));
#1230=EDGE_LOOP('',(#123,#124,#125,#126));
#1231=EDGE_LOOP('',(#127,#128,#129,#130));
#1232=EDGE_LOOP('',(#131,#132,#133,#134));
#1233=EDGE_LOOP('',(#135,#136,#137,#138));
#1234=EDGE_LOOP('',(#139,#140,#141,#142));
#1235=EDGE_LOOP('',(#143,#144,#145,#146));
#1236=EDGE_LOOP('',(#147,#148,#149,#150));
#1237=EDGE_LOOP('',(#151,#152,#153,#154));
#1238=EDGE_LOOP('',(#155,#156,#157,#158));
#1239=EDGE_LOOP('',(#159,#160,#161,#162,#163,#164,#165,#166,#167,#168,#169,
#170));
#1240=EDGE_LOOP('',(#171,#172,#173,#174));
#1241=EDGE_LOOP('',(#175,#176,#177,#178));
#1242=EDGE_LOOP('',(#179,#180,#181,#182));
#1243=EDGE_LOOP('',(#183,#184,#185,#186));
#1244=EDGE_LOOP('',(#187,#188,#189,#190));
#1245=EDGE_LOOP('',(#191,#192,#193,#194));
#1246=EDGE_LOOP('',(#195,#196,#197,#198));
#1247=EDGE_LOOP('',(#199,#200,#201,#202));
#1248=EDGE_LOOP('',(#203,#204,#205,#206));
#1249=EDGE_LOOP('',(#207,#208,#209,#210));
#1250=EDGE_LOOP('',(#211,#212,#213,#214));
#1251=EDGE_LOOP('',(#215,#216,#217,#218));
#1252=EDGE_LOOP('',(#219,#220,#221,#222,#223,#224,#225,#226,#227,#228,#229,
#230));
#1253=EDGE_LOOP('',(#231,#232,#233,#234));
#1254=EDGE_LOOP('',(#235,#236,#237,#238));
#1255=EDGE_LOOP('',(#239,#240,#241,#242));
#1256=EDGE_LOOP('',(#243,#244,#245,#246));
#1257=EDGE_LOOP('',(#247,#248,#249,#250));
#1258=EDGE_LOOP('',(#251,#252,#253,#254));
#1259=EDGE_LOOP('',(#255,#256,#257,#258));
#1260=EDGE_LOOP('',(#259,#260,#261,#262));
#1261=EDGE_LOOP('',(#263,#264,#265,#266));
#1262=EDGE_LOOP('',(#267,#268,#269,#270));
#1263=EDGE_LOOP('',(#271,#272,#273,#274));
#1264=EDGE_LOOP('',(#275,#276,#277,#278));
#1265=EDGE_LOOP('',(#279,#280,#281,#282));
#1266=EDGE_LOOP('',(#283,#284,#285,#286));
#1267=EDGE_LOOP('',(#287,#288,#289,#290));
#1268=EDGE_LOOP('',(#291,#292,#293,#294));
#1269=EDGE_LOOP('',(#295,#296,#297,#298));
#1270=EDGE_LOOP('',(#299,#300,#301,#302));
#1271=EDGE_LOOP('',(#303,#304,#305,#306));
#1272=EDGE_LOOP('',(#307,#308,#309,#310));
#1273=EDGE_LOOP('',(#311,#312,#313,#314));
#1274=EDGE_LOOP('',(#315,#316,#317,#318));
#1275=EDGE_LOOP('',(#319,#320,#321,#322));
#1276=EDGE_LOOP('',(#323,#324,#325,#326));
#1277=EDGE_LOOP('',(#327,#328,#329,#330));
#1278=EDGE_LOOP('',(#331,#332,#333,#334));
#1279=EDGE_LOOP('',(#335,#336,#337,#338));
#1280=EDGE_LOOP('',(#339,#340,#341,#342));
#1281=EDGE_LOOP('',(#343,#344,#345,#346));
#1282=EDGE_LOOP('',(#347,#348,#349,#350));
#1283=EDGE_LOOP('',(#351,#352,#353,#354));
#1284=EDGE_LOOP('',(#355,#356,#357,#358));
#1285=EDGE_LOOP('',(#359,#360,#361,#362));
#1286=EDGE_LOOP('',(#363,#364,#365,#366));
#1287=EDGE_LOOP('',(#367,#368,#369,#370));
#1288=EDGE_LOOP('',(#371,#372,#373,#374));
#1289=EDGE_LOOP('',(#375,#376,#377,#378));
#1290=EDGE_LOOP('',(#379,#380,#381,#382));
#1291=EDGE_LOOP('',(#383,#384,#385,#386,#387,#388,#389,#390));
#1292=EDGE_LOOP('',(#391,#392,#393,#394));
#1293=EDGE_LOOP('',(#395,#396,#397,#398));
#1294=EDGE_LOOP('',(#399,#400,#401,#402));
#1295=EDGE_LOOP('',(#403,#404,#405,#406));
#1296=EDGE_LOOP('',(#407,#408,#409,#410));
#1297=EDGE_LOOP('',(#411,#412,#413,#414));
#1298=EDGE_LOOP('',(#415,#416,#417,#418));
#1299=EDGE_LOOP('',(#419,#420,#421,#422));
#1300=EDGE_LOOP('',(#423,#424,#425,#426));
#1301=EDGE_LOOP('',(#427,#428,#429,#430));
#1302=EDGE_LOOP('',(#431,#432,#433,#434));
#1303=EDGE_LOOP('',(#435,#436,#437,#438));
#1304=EDGE_LOOP('',(#439,#440,#441,#442));
#1305=FACE_BOUND('',#1206,.T.);
#1306=FACE_BOUND('',#1207,.T.);
#1307=FACE_BOUND('',#1208,.T.);
#1308=FACE_BOUND('',#1209,.T.);
#1309=FACE_BOUND('',#1210,.T.);
#1310=FACE_BOUND('',#1211,.T.);
#1311=FACE_BOUND('',#1212,.T.);
#1312=FACE_BOUND('',#1213,.T.);
#1313=FACE_BOUND('',#1214,.T.);
#1314=FACE_BOUND('',#1215,.T.);
#1315=FACE_BOUND('',#1216,.T.);
#1316=FACE_BOUND('',#1217,.T.);
#1317=FACE_BOUND('',#1218,.T.);
#1318=FACE_BOUND('',#1219,.T.);
#1319=FACE_BOUND('',#1220,.T.);
#1320=FACE_BOUND('',#1221,.T.);
#1321=FACE_BOUND('',#1222,.T.);
#1322=FACE_BOUND('',#1223,.T.);
#1323=FACE_BOUND('',#1224,.T.);
#1324=FACE_BOUND('',#1225,.T.);
#1325=FACE_BOUND('',#1226,.T.);
#1326=FACE_BOUND('',#1227,.T.);
#1327=FACE_BOUND('',#1228,.T.);
#1328=FACE_BOUND('',#1229,.T.);
#1329=FACE_BOUND('',#1230,.T.);
#1330=FACE_BOUND('',#1231,.T.);
#1331=FACE_BOUND('',#1232,.T.);
#1332=FACE_BOUND('',#1233,.T.);
#1333=FACE_BOUND('',#1234,.T.);
#1334=FACE_BOUND('',#1235,.T.);
#1335=FACE_BOUND('',#1236,.T.);
#1336=FACE_BOUND('',#1237,.T.);
#1337=FACE_BOUND('',#1238,.T.);
#1338=FACE_BOUND('',#1239,.T.);
#1339=FACE_BOUND('',#1240,.T.);
#1340=FACE_BOUND('',#1241,.T.);
#1341=FACE_BOUND('',#1242,.T.);
#1342=FACE_BOUND('',#1243,.T.);
#1343=FACE_BOUND('',#1244,.T.);
#1344=FACE_BOUND('',#1245,.T.);
#1345=FACE_BOUND('',#1246,.T.);
#1346=FACE_BOUND('',#1247,.T.);
#1347=FACE_BOUND('',#1248,.T.);
#1348=FACE_BOUND('',#1249,.T.);
#1349=FACE_BOUND('',#1250,.T.);
#1350=FACE_BOUND('',#1251,.T.);
#1351=FACE_BOUND('',#1252,.T.);
#1352=FACE_BOUND('',#1253,.T.);
#1353=FACE_BOUND('',#1254,.T.);
#1354=FACE_BOUND('',#1255,.T.);
#1355=FACE_BOUND('',#1256,.T.);
#1356=FACE_BOUND('',#1257,.T.);
#1357=FACE_BOUND('',#1258,.T.);
#1358=FACE_BOUND('',#1259,.T.);
#1359=FACE_BOUND('',#1260,.T.);
#1360=FACE_BOUND('',#1261,.T.);
#1361=FACE_BOUND('',#1262,.T.);
#1362=FACE_BOUND('',#1263,.T.);
#1363=FACE_BOUND('',#1264,.T.);
#1364=FACE_BOUND('',#1265,.T.);
#1365=FACE_BOUND('',#1266,.T.);
#1366=FACE_BOUND('',#1267,.T.);
#1367=FACE_BOUND('',#1268,.T.);
#1368=FACE_BOUND('',#1269,.T.);
#1369=FACE_BOUND('',#1270,.T.);
#1370=FACE_BOUND('',#1271,.T.);
#1371=FACE_BOUND('',#1272,.T.);
#1372=FACE_BOUND('',#1273,.T.);
#1373=FACE_BOUND('',#1274,.T.);
#1374=FACE_BOUND('',#1275,.T.);
#1375=FACE_BOUND('',#1276,.T.);
#1376=FACE_BOUND('',#1277,.T.);
#1377=FACE_BOUND('',#1278,.T.);
#1378=FACE_BOUND('',#1279,.T.);
#1379=FACE_BOUND('',#1280,.T.);
#1380=FACE_BOUND('',#1281,.T.);
#1381=FACE_BOUND('',#1282,.T.);
#1382=FACE_BOUND('',#1283,.T.);
#1383=FACE_BOUND('',#1284,.T.);
#1384=FACE_BOUND('',#1285,.T.);
#1385=FACE_BOUND('',#1286,.T.);
#1386=FACE_BOUND('',#1287,.T.);
#1387=FACE_BOUND('',#1288,.T.);
#1388=FACE_BOUND('',#1289,.T.);
#1389=FACE_BOUND('',#1290,.T.);
#1390=FACE_BOUND('',#1291,.T.);
#1391=FACE_BOUND('',#1292,.T.);
#1392=FACE_BOUND('',#1293,.T.);
#1393=FACE_BOUND('',#1294,.T.);
#1394=FACE_BOUND('',#1295,.T.);
#1395=FACE_BOUND('',#1296,.T.);
#1396=FACE_BOUND('',#1297,.T.);
#1397=FACE_BOUND('',#1298,.T.);
#1398=FACE_BOUND('',#1299,.T.);
#1399=FACE_BOUND('',#1300,.T.);
#1400=FACE_BOUND('',#1301,.T.);
#1401=FACE_BOUND('',#1302,.T.);
#1402=FACE_BOUND('',#1303,.T.);
#1403=FACE_BOUND('',#1304,.T.);
#1404=PLANE('',#2182);
#1405=PLANE('',#2190);
#1406=PLANE('',#2192);
#1407=PLANE('',#2194);
#1408=PLANE('',#2195);
#1409=PLANE('',#2196);
#1410=PLANE('',#2197);
#1411=PLANE('',#2198);
#1412=PLANE('',#2199);
#1413=PLANE('',#2200);
#1414=PLANE('',#2201);
#1415=PLANE('',#2202);
#1416=PLANE('',#2203);
#1417=PLANE('',#2204);
#1418=PLANE('',#2205);
#1419=PLANE('',#2206);
#1420=PLANE('',#2207);
#1421=PLANE('',#2208);
#1422=PLANE('',#2209);
#1423=PLANE('',#2210);
#1424=PLANE('',#2211);
#1425=PLANE('',#2212);
#1426=PLANE('',#2213);
#1427=PLANE('',#2214);
#1428=PLANE('',#2215);
#1429=PLANE('',#2216);
#1430=PLANE('',#2217);
#1431=PLANE('',#2218);
#1432=PLANE('',#2219);
#1433=PLANE('',#2220);
#1434=PLANE('',#2221);
#1435=PLANE('',#2222);
#1436=PLANE('',#2223);
#1437=PLANE('',#2224);
#1438=PLANE('',#2225);
#1439=PLANE('',#2226);
#1440=PLANE('',#2227);
#1441=PLANE('',#2228);
#1442=PLANE('',#2229);
#1443=PLANE('',#2230);
#1444=PLANE('',#2231);
#1445=PLANE('',#2232);
#1446=PLANE('',#2233);
#1447=PLANE('',#2234);
#1448=PLANE('',#2235);
#1449=PLANE('',#2236);
#1450=PLANE('',#2237);
#1451=PLANE('',#2238);
#1452=PLANE('',#2239);
#1453=PLANE('',#2240);
#1454=PLANE('',#2241);
#1455=PLANE('',#2242);
#1456=PLANE('',#2243);
#1457=PLANE('',#2244);
#1458=PLANE('',#2245);
#1459=PLANE('',#2246);
#1460=PLANE('',#2247);
#1461=PLANE('',#2248);
#1462=PLANE('',#2249);
#1463=PLANE('',#2250);
#1464=PLANE('',#2251);
#1465=PLANE('',#2252);
#1466=PLANE('',#2253);
#1467=PLANE('',#2254);
#1468=PLANE('',#2255);
#1469=PLANE('',#2256);
#1470=PLANE('',#2257);
#1471=PLANE('',#2258);
#1472=PLANE('',#2259);
#1473=PLANE('',#2260);
#1474=PLANE('',#2261);
#1475=PLANE('',#2262);
#1476=PLANE('',#2263);
#1477=PLANE('',#2264);
#1478=PLANE('',#2265);
#1479=PLANE('',#2266);
#1480=PLANE('',#2267);
#1481=PLANE('',#2268);
#1482=PLANE('',#2269);
#1483=PLANE('',#2270);
#1484=PLANE('',#2271);
#1485=PLANE('',#2272);
#1486=OVER_RIDING_STYLED_ITEM('',(#1661),#1573,#1659);
#1487=OVER_RIDING_STYLED_ITEM('',(#1662),#1574,#1659);
#1488=OVER_RIDING_STYLED_ITEM('',(#1663),#1575,#1659);
#1489=OVER_RIDING_STYLED_ITEM('',(#1664),#1576,#1659);
#1490=OVER_RIDING_STYLED_ITEM('',(#1665),#1577,#1659);
#1491=OVER_RIDING_STYLED_ITEM('',(#1666),#1578,#1659);
#1492=OVER_RIDING_STYLED_ITEM('',(#1667),#1579,#1659);
#1493=OVER_RIDING_STYLED_ITEM('',(#1668),#1580,#1659);
#1494=OVER_RIDING_STYLED_ITEM('',(#1669),#1581,#1659);
#1495=OVER_RIDING_STYLED_ITEM('',(#1670),#1582,#1659);
#1496=OVER_RIDING_STYLED_ITEM('',(#1671),#1583,#1659);
#1497=OVER_RIDING_STYLED_ITEM('',(#1672),#1584,#1659);
#1498=OVER_RIDING_STYLED_ITEM('',(#1673),#1585,#1659);
#1499=OVER_RIDING_STYLED_ITEM('',(#1674),#1586,#1659);
#1500=OVER_RIDING_STYLED_ITEM('',(#1675),#1587,#1659);
#1501=OVER_RIDING_STYLED_ITEM('',(#1676),#1588,#1659);
#1502=OVER_RIDING_STYLED_ITEM('',(#1677),#1589,#1659);
#1503=OVER_RIDING_STYLED_ITEM('',(#1678),#1590,#1659);
#1504=OVER_RIDING_STYLED_ITEM('',(#1679),#1591,#1659);
#1505=OVER_RIDING_STYLED_ITEM('',(#1680),#1592,#1659);
#1506=OVER_RIDING_STYLED_ITEM('',(#1681),#1593,#1659);
#1507=OVER_RIDING_STYLED_ITEM('',(#1682),#1594,#1659);
#1508=OVER_RIDING_STYLED_ITEM('',(#1683),#1595,#1659);
#1509=OVER_RIDING_STYLED_ITEM('',(#1684),#1596,#1659);
#1510=OVER_RIDING_STYLED_ITEM('',(#1685),#1597,#1659);
#1511=OVER_RIDING_STYLED_ITEM('',(#1686),#1598,#1659);
#1512=OVER_RIDING_STYLED_ITEM('',(#1687),#1599,#1659);
#1513=OVER_RIDING_STYLED_ITEM('',(#1688),#1600,#1659);
#1514=OVER_RIDING_STYLED_ITEM('',(#1689),#1601,#1659);
#1515=OVER_RIDING_STYLED_ITEM('',(#1690),#1602,#1659);
#1516=OVER_RIDING_STYLED_ITEM('',(#1691),#1603,#1659);
#1517=OVER_RIDING_STYLED_ITEM('',(#1692),#1604,#1659);
#1518=OVER_RIDING_STYLED_ITEM('',(#1693),#1605,#1659);
#1519=OVER_RIDING_STYLED_ITEM('',(#1694),#1606,#1659);
#1520=OVER_RIDING_STYLED_ITEM('',(#1695),#1607,#1659);
#1521=OVER_RIDING_STYLED_ITEM('',(#1696),#1608,#1659);
#1522=OVER_RIDING_STYLED_ITEM('',(#1697),#1609,#1659);
#1523=OVER_RIDING_STYLED_ITEM('',(#1698),#1610,#1659);
#1524=OVER_RIDING_STYLED_ITEM('',(#1699),#1611,#1659);
#1525=OVER_RIDING_STYLED_ITEM('',(#1700),#1612,#1659);
#1526=OVER_RIDING_STYLED_ITEM('',(#1701),#1613,#1659);
#1527=OVER_RIDING_STYLED_ITEM('',(#1702),#1614,#1659);
#1528=OVER_RIDING_STYLED_ITEM('',(#1703),#1615,#1659);
#1529=OVER_RIDING_STYLED_ITEM('',(#1704),#1616,#1659);
#1530=OVER_RIDING_STYLED_ITEM('',(#1705),#1617,#1659);
#1531=OVER_RIDING_STYLED_ITEM('',(#1706),#1618,#1659);
#1532=OVER_RIDING_STYLED_ITEM('',(#1707),#1619,#1659);
#1533=OVER_RIDING_STYLED_ITEM('',(#1708),#1620,#1659);
#1534=OVER_RIDING_STYLED_ITEM('',(#1709),#1621,#1659);
#1535=OVER_RIDING_STYLED_ITEM('',(#1710),#1622,#1659);
#1536=OVER_RIDING_STYLED_ITEM('',(#1711),#1623,#1659);
#1537=OVER_RIDING_STYLED_ITEM('',(#1712),#1624,#1659);
#1538=OVER_RIDING_STYLED_ITEM('',(#1713),#1625,#1659);
#1539=OVER_RIDING_STYLED_ITEM('',(#1714),#1626,#1659);
#1540=OVER_RIDING_STYLED_ITEM('',(#1715),#1627,#1659);
#1541=OVER_RIDING_STYLED_ITEM('',(#1716),#1628,#1659);
#1542=OVER_RIDING_STYLED_ITEM('',(#1717),#1629,#1659);
#1543=OVER_RIDING_STYLED_ITEM('',(#1718),#1630,#1659);
#1544=OVER_RIDING_STYLED_ITEM('',(#1719),#1631,#1659);
#1545=OVER_RIDING_STYLED_ITEM('',(#1720),#1632,#1659);
#1546=OVER_RIDING_STYLED_ITEM('',(#1721),#1633,#1659);
#1547=OVER_RIDING_STYLED_ITEM('',(#1722),#1634,#1659);
#1548=OVER_RIDING_STYLED_ITEM('',(#1723),#1635,#1659);
#1549=OVER_RIDING_STYLED_ITEM('',(#1724),#1636,#1659);
#1550=OVER_RIDING_STYLED_ITEM('',(#1725),#1637,#1659);
#1551=OVER_RIDING_STYLED_ITEM('',(#1726),#1638,#1659);
#1552=OVER_RIDING_STYLED_ITEM('',(#1727),#1639,#1659);
#1553=OVER_RIDING_STYLED_ITEM('',(#1728),#1640,#1659);
#1554=OVER_RIDING_STYLED_ITEM('',(#1729),#1641,#1659);
#1555=OVER_RIDING_STYLED_ITEM('',(#1730),#1642,#1659);
#1556=OVER_RIDING_STYLED_ITEM('',(#1731),#1643,#1659);
#1557=OVER_RIDING_STYLED_ITEM('',(#1732),#1644,#1659);
#1558=OVER_RIDING_STYLED_ITEM('',(#1733),#1645,#1659);
#1559=OVER_RIDING_STYLED_ITEM('',(#1734),#1646,#1659);
#1560=OVER_RIDING_STYLED_ITEM('',(#1735),#1647,#1659);
#1561=OVER_RIDING_STYLED_ITEM('',(#1736),#1648,#1659);
#1562=OVER_RIDING_STYLED_ITEM('',(#1737),#1649,#1659);
#1563=OVER_RIDING_STYLED_ITEM('',(#1738),#1650,#1659);
#1564=OVER_RIDING_STYLED_ITEM('',(#1739),#1651,#1659);
#1565=OVER_RIDING_STYLED_ITEM('',(#1740),#1652,#1659);
#1566=OVER_RIDING_STYLED_ITEM('',(#1741),#1653,#1659);
#1567=OVER_RIDING_STYLED_ITEM('',(#1742),#1654,#1659);
#1568=OVER_RIDING_STYLED_ITEM('',(#1743),#1655,#1659);
#1569=OVER_RIDING_STYLED_ITEM('',(#1744),#1656,#1659);
#1570=OVER_RIDING_STYLED_ITEM('',(#1745),#1657,#1659);
#1571=DRAUGHTING_PRE_DEFINED_COLOUR('white');
#1572=DRAUGHTING_PRE_DEFINED_COLOUR('black');
#1573=ADVANCED_FACE('Face appearance 2',(#1305,#1306,#1307,#1308,#1309,
#1310,#1311,#1312,#1313,#1314,#1315,#1316),#1404,.T.);
#1574=ADVANCED_FACE('Face appearance 3',(#1317),#12,.T.);
#1575=ADVANCED_FACE('Face appearance 1',(#1318,#1319),#13,.T.);
#1576=ADVANCED_FACE('Face appearance 1',(#1320,#1321),#1405,.T.);
#1577=ADVANCED_FACE('Face appearance 1',(#1322),#1406,.F.);
#1578=ADVANCED_FACE('Face appearance 3',(#1323,#1324),#14,.F.);
#1579=ADVANCED_FACE('Face appearance 3',(#1325),#1407,.T.);
#1580=ADVANCED_FACE('Face appearance 3',(#1326),#1408,.T.);
#1581=ADVANCED_FACE('Face appearance 3',(#1327),#1409,.T.);
#1582=ADVANCED_FACE('Face appearance 3',(#1328),#1410,.T.);
#1583=ADVANCED_FACE('Face appearance 3',(#1329),#1411,.F.);
#1584=ADVANCED_FACE('Face appearance 3',(#1330),#1412,.F.);
#1585=ADVANCED_FACE('Face appearance 3',(#1331),#1413,.F.);
#1586=ADVANCED_FACE('Face appearance 3',(#1332),#1414,.T.);
#1587=ADVANCED_FACE('Face appearance 3',(#1333),#1415,.T.);
#1588=ADVANCED_FACE('Face appearance 3',(#1334),#1416,.T.);
#1589=ADVANCED_FACE('Face appearance 3',(#1335),#1417,.F.);
#1590=ADVANCED_FACE('Face appearance 3',(#1336),#1418,.F.);
#1591=ADVANCED_FACE('Face appearance 3',(#1337),#1419,.F.);
#1592=ADVANCED_FACE('Face appearance 3',(#1338),#1420,.T.);
#1593=ADVANCED_FACE('Face appearance 3',(#1339),#1421,.F.);
#1594=ADVANCED_FACE('Face appearance 3',(#1340),#1422,.F.);
#1595=ADVANCED_FACE('Face appearance 3',(#1341),#1423,.T.);
#1596=ADVANCED_FACE('Face appearance 3',(#1342),#1424,.T.);
#1597=ADVANCED_FACE('Face appearance 3',(#1343),#1425,.T.);
#1598=ADVANCED_FACE('Face appearance 3',(#1344),#1426,.F.);
#1599=ADVANCED_FACE('Face appearance 3',(#1345),#1427,.F.);
#1600=ADVANCED_FACE('Face appearance 3',(#1346),#1428,.F.);
#1601=ADVANCED_FACE('Face appearance 3',(#1347),#1429,.T.);
#1602=ADVANCED_FACE('Face appearance 3',(#1348),#1430,.T.);
#1603=ADVANCED_FACE('Face appearance 3',(#1349),#1431,.T.);
#1604=ADVANCED_FACE('Face appearance 3',(#1350),#1432,.F.);
#1605=ADVANCED_FACE('Face appearance 3',(#1351),#1433,.T.);
#1606=ADVANCED_FACE('Face appearance 3',(#1352),#1434,.T.);
#1607=ADVANCED_FACE('Face appearance 3',(#1353),#1435,.F.);
#1608=ADVANCED_FACE('Face appearance 3',(#1354),#1436,.F.);
#1609=ADVANCED_FACE('Face appearance 3',(#1355),#1437,.T.);
#1610=ADVANCED_FACE('Face appearance 3',(#1356),#1438,.T.);
#1611=ADVANCED_FACE('Face appearance 3',(#1357),#1439,.T.);
#1612=ADVANCED_FACE('Face appearance 3',(#1358),#1440,.F.);
#1613=ADVANCED_FACE('Face appearance 3',(#1359),#1441,.F.);
#1614=ADVANCED_FACE('Face appearance 3',(#1360),#1442,.T.);
#1615=ADVANCED_FACE('Face appearance 3',(#1361),#1443,.T.);
#1616=ADVANCED_FACE('Face appearance 3',(#1362),#1444,.T.);
#1617=ADVANCED_FACE('Face appearance 3',(#1363),#1445,.F.);
#1618=ADVANCED_FACE('Face appearance 3',(#1364),#1446,.F.);
#1619=ADVANCED_FACE('Face appearance 3',(#1365),#1447,.T.);
#1620=ADVANCED_FACE('Face appearance 3',(#1366),#1448,.T.);
#1621=ADVANCED_FACE('Face appearance 3',(#1367),#1449,.T.);
#1622=ADVANCED_FACE('Face appearance 3',(#1368),#1450,.F.);
#1623=ADVANCED_FACE('Face appearance 3',(#1369),#1451,.F.);
#1624=ADVANCED_FACE('Face appearance 3',(#1370),#1452,.T.);
#1625=ADVANCED_FACE('Face appearance 3',(#1371),#1453,.T.);
#1626=ADVANCED_FACE('Face appearance 3',(#1372),#1454,.T.);
#1627=ADVANCED_FACE('Face appearance 3',(#1373),#1455,.F.);
#1628=ADVANCED_FACE('Face appearance 3',(#1374),#1456,.F.);
#1629=ADVANCED_FACE('Face appearance 3',(#1375),#1457,.T.);
#1630=ADVANCED_FACE('Face appearance 3',(#1376),#1458,.T.);
#1631=ADVANCED_FACE('Face appearance 3',(#1377),#1459,.T.);
#1632=ADVANCED_FACE('Face appearance 3',(#1378),#1460,.F.);
#1633=ADVANCED_FACE('Face appearance 3',(#1379),#1461,.F.);
#1634=ADVANCED_FACE('Face appearance 3',(#1380),#1462,.T.);
#1635=ADVANCED_FACE('Face appearance 3',(#1381),#1463,.T.);
#1636=ADVANCED_FACE('Face appearance 3',(#1382),#1464,.F.);
#1637=ADVANCED_FACE('Face appearance 3',(#1383),#1465,.T.);
#1638=ADVANCED_FACE('Face appearance 3',(#1384),#1466,.T.);
#1639=ADVANCED_FACE('Face appearance 3',(#1385),#1467,.T.);
#1640=ADVANCED_FACE('Face appearance 3',(#1386),#1468,.T.);
#1641=ADVANCED_FACE('Face appearance 3',(#1387),#1469,.F.);
#1642=ADVANCED_FACE('Face appearance 3',(#1388),#1470,.F.);
#1643=ADVANCED_FACE('Face appearance 3',(#1389),#1471,.F.);
#1644=ADVANCED_FACE('Face appearance 3',(#1390),#1472,.T.);
#1645=ADVANCED_FACE('Face appearance 3',(#1391),#1473,.T.);
#1646=ADVANCED_FACE('Face appearance 3',(#1392),#1474,.F.);
#1647=ADVANCED_FACE('Face appearance 3',(#1393),#1475,.F.);
#1648=ADVANCED_FACE('Face appearance 3',(#1394),#1476,.T.);
#1649=ADVANCED_FACE('Face appearance 3',(#1395),#1477,.T.);
#1650=ADVANCED_FACE('Face appearance 3',(#1396),#1478,.F.);
#1651=ADVANCED_FACE('Face appearance 3',(#1397),#1479,.F.);
#1652=ADVANCED_FACE('Face appearance 3',(#1398),#1480,.F.);
#1653=ADVANCED_FACE('Face appearance 3',(#1399),#1481,.F.);
#1654=ADVANCED_FACE('Face appearance 3',(#1400),#1482,.T.);
#1655=ADVANCED_FACE('Face appearance 3',(#1401),#1483,.T.);
#1656=ADVANCED_FACE('Face appearance 3',(#1402),#1484,.T.);
#1657=ADVANCED_FACE('Face appearance 3',(#1403),#1485,.T.);
#1658=CLOSED_SHELL('',(#1573,#1574,#1575,#1576,#1577,#1578,#1579,#1580,
#1581,#1582,#1583,#1584,#1585,#1586,#1587,#1588,#1589,#1590,#1591,#1592,
#1593,#1594,#1595,#1596,#1597,#1598,#1599,#1600,#1601,#1602,#1603,#1604,
#1605,#1606,#1607,#1608,#1609,#1610,#1611,#1612,#1613,#1614,#1615,#1616,
#1617,#1618,#1619,#1620,#1621,#1622,#1623,#1624,#1625,#1626,#1627,#1628,
#1629,#1630,#1631,#1632,#1633,#1634,#1635,#1636,#1637,#1638,#1639,#1640,
#1641,#1642,#1643,#1644,#1645,#1646,#1647,#1648,#1649,#1650,#1651,#1652,
#1653,#1654,#1655,#1656,#1657));
#1659=STYLED_ITEM('',(#1660),#2178);
#1660=PRESENTATION_STYLE_ASSIGNMENT((#1746));
#1661=PRESENTATION_STYLE_ASSIGNMENT((#1747));
#1662=PRESENTATION_STYLE_ASSIGNMENT((#1748));
#1663=PRESENTATION_STYLE_ASSIGNMENT((#1749));
#1664=PRESENTATION_STYLE_ASSIGNMENT((#1750));
#1665=PRESENTATION_STYLE_ASSIGNMENT((#1751));
#1666=PRESENTATION_STYLE_ASSIGNMENT((#1752));
#1667=PRESENTATION_STYLE_ASSIGNMENT((#1753));
#1668=PRESENTATION_STYLE_ASSIGNMENT((#1754));
#1669=PRESENTATION_STYLE_ASSIGNMENT((#1755));
#1670=PRESENTATION_STYLE_ASSIGNMENT((#1756));
#1671=PRESENTATION_STYLE_ASSIGNMENT((#1757));
#1672=PRESENTATION_STYLE_ASSIGNMENT((#1758));
#1673=PRESENTATION_STYLE_ASSIGNMENT((#1759));
#1674=PRESENTATION_STYLE_ASSIGNMENT((#1760));
#1675=PRESENTATION_STYLE_ASSIGNMENT((#1761));
#1676=PRESENTATION_STYLE_ASSIGNMENT((#1762));
#1677=PRESENTATION_STYLE_ASSIGNMENT((#1763));
#1678=PRESENTATION_STYLE_ASSIGNMENT((#1764));
#1679=PRESENTATION_STYLE_ASSIGNMENT((#1765));
#1680=PRESENTATION_STYLE_ASSIGNMENT((#1766));
#1681=PRESENTATION_STYLE_ASSIGNMENT((#1767));
#1682=PRESENTATION_STYLE_ASSIGNMENT((#1768));
#1683=PRESENTATION_STYLE_ASSIGNMENT((#1769));
#1684=PRESENTATION_STYLE_ASSIGNMENT((#1770));
#1685=PRESENTATION_STYLE_ASSIGNMENT((#1771));
#1686=PRESENTATION_STYLE_ASSIGNMENT((#1772));
#1687=PRESENTATION_STYLE_ASSIGNMENT((#1773));
#1688=PRESENTATION_STYLE_ASSIGNMENT((#1774));
#1689=PRESENTATION_STYLE_ASSIGNMENT((#1775));
#1690=PRESENTATION_STYLE_ASSIGNMENT((#1776));
#1691=PRESENTATION_STYLE_ASSIGNMENT((#1777));
#1692=PRESENTATION_STYLE_ASSIGNMENT((#1778));
#1693=PRESENTATION_STYLE_ASSIGNMENT((#1779));
#1694=PRESENTATION_STYLE_ASSIGNMENT((#1780));
#1695=PRESENTATION_STYLE_ASSIGNMENT((#1781));
#1696=PRESENTATION_STYLE_ASSIGNMENT((#1782));
#1697=PRESENTATION_STYLE_ASSIGNMENT((#1783));
#1698=PRESENTATION_STYLE_ASSIGNMENT((#1784));
#1699=PRESENTATION_STYLE_ASSIGNMENT((#1785));
#1700=PRESENTATION_STYLE_ASSIGNMENT((#1786));
#1701=PRESENTATION_STYLE_ASSIGNMENT((#1787));
#1702=PRESENTATION_STYLE_ASSIGNMENT((#1788));
#1703=PRESENTATION_STYLE_ASSIGNMENT((#1789));
#1704=PRESENTATION_STYLE_ASSIGNMENT((#1790));
#1705=PRESENTATION_STYLE_ASSIGNMENT((#1791));
#1706=PRESENTATION_STYLE_ASSIGNMENT((#1792));
#1707=PRESENTATION_STYLE_ASSIGNMENT((#1793));
#1708=PRESENTATION_STYLE_ASSIGNMENT((#1794));
#1709=PRESENTATION_STYLE_ASSIGNMENT((#1795));
#1710=PRESENTATION_STYLE_ASSIGNMENT((#1796));
#1711=PRESENTATION_STYLE_ASSIGNMENT((#1797));
#1712=PRESENTATION_STYLE_ASSIGNMENT((#1798));
#1713=PRESENTATION_STYLE_ASSIGNMENT((#1799));
#1714=PRESENTATION_STYLE_ASSIGNMENT((#1800));
#1715=PRESENTATION_STYLE_ASSIGNMENT((#1801));
#1716=PRESENTATION_STYLE_ASSIGNMENT((#1802));
#1717=PRESENTATION_STYLE_ASSIGNMENT((#1803));
#1718=PRESENTATION_STYLE_ASSIGNMENT((#1804));
#1719=PRESENTATION_STYLE_ASSIGNMENT((#1805));
#1720=PRESENTATION_STYLE_ASSIGNMENT((#1806));
#1721=PRESENTATION_STYLE_ASSIGNMENT((#1807));
#1722=PRESENTATION_STYLE_ASSIGNMENT((#1808));
#1723=PRESENTATION_STYLE_ASSIGNMENT((#1809));
#1724=PRESENTATION_STYLE_ASSIGNMENT((#1810));
#1725=PRESENTATION_STYLE_ASSIGNMENT((#1811));
#1726=PRESENTATION_STYLE_ASSIGNMENT((#1812));
#1727=PRESENTATION_STYLE_ASSIGNMENT((#1813));
#1728=PRESENTATION_STYLE_ASSIGNMENT((#1814));
#1729=PRESENTATION_STYLE_ASSIGNMENT((#1815));
#1730=PRESENTATION_STYLE_ASSIGNMENT((#1816));
#1731=PRESENTATION_STYLE_ASSIGNMENT((#1817));
#1732=PRESENTATION_STYLE_ASSIGNMENT((#1818));
#1733=PRESENTATION_STYLE_ASSIGNMENT((#1819));
#1734=PRESENTATION_STYLE_ASSIGNMENT((#1820));
#1735=PRESENTATION_STYLE_ASSIGNMENT((#1821));
#1736=PRESENTATION_STYLE_ASSIGNMENT((#1822));
#1737=PRESENTATION_STYLE_ASSIGNMENT((#1823));
#1738=PRESENTATION_STYLE_ASSIGNMENT((#1824));
#1739=PRESENTATION_STYLE_ASSIGNMENT((#1825));
#1740=PRESENTATION_STYLE_ASSIGNMENT((#1826));
#1741=PRESENTATION_STYLE_ASSIGNMENT((#1827));
#1742=PRESENTATION_STYLE_ASSIGNMENT((#1828));
#1743=PRESENTATION_STYLE_ASSIGNMENT((#1829));
#1744=PRESENTATION_STYLE_ASSIGNMENT((#1830));
#1745=PRESENTATION_STYLE_ASSIGNMENT((#1831));
#1746=SURFACE_STYLE_USAGE(.BOTH.,#1832);
#1747=SURFACE_STYLE_USAGE(.BOTH.,#1833);
#1748=SURFACE_STYLE_USAGE(.BOTH.,#1834);
#1749=SURFACE_STYLE_USAGE(.BOTH.,#1835);
#1750=SURFACE_STYLE_USAGE(.BOTH.,#1836);
#1751=SURFACE_STYLE_USAGE(.BOTH.,#1837);
#1752=SURFACE_STYLE_USAGE(.BOTH.,#1838);
#1753=SURFACE_STYLE_USAGE(.BOTH.,#1839);
#1754=SURFACE_STYLE_USAGE(.BOTH.,#1840);
#1755=SURFACE_STYLE_USAGE(.BOTH.,#1841);
#1756=SURFACE_STYLE_USAGE(.BOTH.,#1842);
#1757=SURFACE_STYLE_USAGE(.BOTH.,#1843);
#1758=SURFACE_STYLE_USAGE(.BOTH.,#1844);
#1759=SURFACE_STYLE_USAGE(.BOTH.,#1845);
#1760=SURFACE_STYLE_USAGE(.BOTH.,#1846);
#1761=SURFACE_STYLE_USAGE(.BOTH.,#1847);
#1762=SURFACE_STYLE_USAGE(.BOTH.,#1848);
#1763=SURFACE_STYLE_USAGE(.BOTH.,#1849);
#1764=SURFACE_STYLE_USAGE(.BOTH.,#1850);
#1765=SURFACE_STYLE_USAGE(.BOTH.,#1851);
#1766=SURFACE_STYLE_USAGE(.BOTH.,#1852);
#1767=SURFACE_STYLE_USAGE(.BOTH.,#1853);
#1768=SURFACE_STYLE_USAGE(.BOTH.,#1854);
#1769=SURFACE_STYLE_USAGE(.BOTH.,#1855);
#1770=SURFACE_STYLE_USAGE(.BOTH.,#1856);
#1771=SURFACE_STYLE_USAGE(.BOTH.,#1857);
#1772=SURFACE_STYLE_USAGE(.BOTH.,#1858);
#1773=SURFACE_STYLE_USAGE(.BOTH.,#1859);
#1774=SURFACE_STYLE_USAGE(.BOTH.,#1860);
#1775=SURFACE_STYLE_USAGE(.BOTH.,#1861);
#1776=SURFACE_STYLE_USAGE(.BOTH.,#1862);
#1777=SURFACE_STYLE_USAGE(.BOTH.,#1863);
#1778=SURFACE_STYLE_USAGE(.BOTH.,#1864);
#1779=SURFACE_STYLE_USAGE(.BOTH.,#1865);
#1780=SURFACE_STYLE_USAGE(.BOTH.,#1866);
#1781=SURFACE_STYLE_USAGE(.BOTH.,#1867);
#1782=SURFACE_STYLE_USAGE(.BOTH.,#1868);
#1783=SURFACE_STYLE_USAGE(.BOTH.,#1869);
#1784=SURFACE_STYLE_USAGE(.BOTH.,#1870);
#1785=SURFACE_STYLE_USAGE(.BOTH.,#1871);
#1786=SURFACE_STYLE_USAGE(.BOTH.,#1872);
#1787=SURFACE_STYLE_USAGE(.BOTH.,#1873);
#1788=SURFACE_STYLE_USAGE(.BOTH.,#1874);
#1789=SURFACE_STYLE_USAGE(.BOTH.,#1875);
#1790=SURFACE_STYLE_USAGE(.BOTH.,#1876);
#1791=SURFACE_STYLE_USAGE(.BOTH.,#1877);
#1792=SURFACE_STYLE_USAGE(.BOTH.,#1878);
#1793=SURFACE_STYLE_USAGE(.BOTH.,#1879);
#1794=SURFACE_STYLE_USAGE(.BOTH.,#1880);
#1795=SURFACE_STYLE_USAGE(.BOTH.,#1881);
#1796=SURFACE_STYLE_USAGE(.BOTH.,#1882);
#1797=SURFACE_STYLE_USAGE(.BOTH.,#1883);
#1798=SURFACE_STYLE_USAGE(.BOTH.,#1884);
#1799=SURFACE_STYLE_USAGE(.BOTH.,#1885);
#1800=SURFACE_STYLE_USAGE(.BOTH.,#1886);
#1801=SURFACE_STYLE_USAGE(.BOTH.,#1887);
#1802=SURFACE_STYLE_USAGE(.BOTH.,#1888);
#1803=SURFACE_STYLE_USAGE(.BOTH.,#1889);
#1804=SURFACE_STYLE_USAGE(.BOTH.,#1890);
#1805=SURFACE_STYLE_USAGE(.BOTH.,#1891);
#1806=SURFACE_STYLE_USAGE(.BOTH.,#1892);
#1807=SURFACE_STYLE_USAGE(.BOTH.,#1893);
#1808=SURFACE_STYLE_USAGE(.BOTH.,#1894);
#1809=SURFACE_STYLE_USAGE(.BOTH.,#1895);
#1810=SURFACE_STYLE_USAGE(.BOTH.,#1896);
#1811=SURFACE_STYLE_USAGE(.BOTH.,#1897);
#1812=SURFACE_STYLE_USAGE(.BOTH.,#1898);
#1813=SURFACE_STYLE_USAGE(.BOTH.,#1899);
#1814=SURFACE_STYLE_USAGE(.BOTH.,#1900);
#1815=SURFACE_STYLE_USAGE(.BOTH.,#1901);
#1816=SURFACE_STYLE_USAGE(.BOTH.,#1902);
#1817=SURFACE_STYLE_USAGE(.BOTH.,#1903);
#1818=SURFACE_STYLE_USAGE(.BOTH.,#1904);
#1819=SURFACE_STYLE_USAGE(.BOTH.,#1905);
#1820=SURFACE_STYLE_USAGE(.BOTH.,#1906);
#1821=SURFACE_STYLE_USAGE(.BOTH.,#1907);
#1822=SURFACE_STYLE_USAGE(.BOTH.,#1908);
#1823=SURFACE_STYLE_USAGE(.BOTH.,#1909);
#1824=SURFACE_STYLE_USAGE(.BOTH.,#1910);
#1825=SURFACE_STYLE_USAGE(.BOTH.,#1911);
#1826=SURFACE_STYLE_USAGE(.BOTH.,#1912);
#1827=SURFACE_STYLE_USAGE(.BOTH.,#1913);
#1828=SURFACE_STYLE_USAGE(.BOTH.,#1914);
#1829=SURFACE_STYLE_USAGE(.BOTH.,#1915);
#1830=SURFACE_STYLE_USAGE(.BOTH.,#1916);
#1831=SURFACE_STYLE_USAGE(.BOTH.,#1917);
#1832=SURFACE_SIDE_STYLE('',(#1918));
#1833=SURFACE_SIDE_STYLE('',(#1919));
#1834=SURFACE_SIDE_STYLE('',(#1920));
#1835=SURFACE_SIDE_STYLE('',(#1921));
#1836=SURFACE_SIDE_STYLE('',(#1922));
#1837=SURFACE_SIDE_STYLE('',(#1923));
#1838=SURFACE_SIDE_STYLE('',(#1924));
#1839=SURFACE_SIDE_STYLE('',(#1925));
#1840=SURFACE_SIDE_STYLE('',(#1926));
#1841=SURFACE_SIDE_STYLE('',(#1927));
#1842=SURFACE_SIDE_STYLE('',(#1928));
#1843=SURFACE_SIDE_STYLE('',(#1929));
#1844=SURFACE_SIDE_STYLE('',(#1930));
#1845=SURFACE_SIDE_STYLE('',(#1931));
#1846=SURFACE_SIDE_STYLE('',(#1932));
#1847=SURFACE_SIDE_STYLE('',(#1933));
#1848=SURFACE_SIDE_STYLE('',(#1934));
#1849=SURFACE_SIDE_STYLE('',(#1935));
#1850=SURFACE_SIDE_STYLE('',(#1936));
#1851=SURFACE_SIDE_STYLE('',(#1937));
#1852=SURFACE_SIDE_STYLE('',(#1938));
#1853=SURFACE_SIDE_STYLE('',(#1939));
#1854=SURFACE_SIDE_STYLE('',(#1940));
#1855=SURFACE_SIDE_STYLE('',(#1941));
#1856=SURFACE_SIDE_STYLE('',(#1942));
#1857=SURFACE_SIDE_STYLE('',(#1943));
#1858=SURFACE_SIDE_STYLE('',(#1944));
#1859=SURFACE_SIDE_STYLE('',(#1945));
#1860=SURFACE_SIDE_STYLE('',(#1946));
#1861=SURFACE_SIDE_STYLE('',(#1947));
#1862=SURFACE_SIDE_STYLE('',(#1948));
#1863=SURFACE_SIDE_STYLE('',(#1949));
#1864=SURFACE_SIDE_STYLE('',(#1950));
#1865=SURFACE_SIDE_STYLE('',(#1951));
#1866=SURFACE_SIDE_STYLE('',(#1952));
#1867=SURFACE_SIDE_STYLE('',(#1953));
#1868=SURFACE_SIDE_STYLE('',(#1954));
#1869=SURFACE_SIDE_STYLE('',(#1955));
#1870=SURFACE_SIDE_STYLE('',(#1956));
#1871=SURFACE_SIDE_STYLE('',(#1957));
#1872=SURFACE_SIDE_STYLE('',(#1958));
#1873=SURFACE_SIDE_STYLE('',(#1959));
#1874=SURFACE_SIDE_STYLE('',(#1960));
#1875=SURFACE_SIDE_STYLE('',(#1961));
#1876=SURFACE_SIDE_STYLE('',(#1962));
#1877=SURFACE_SIDE_STYLE('',(#1963));
#1878=SURFACE_SIDE_STYLE('',(#1964));
#1879=SURFACE_SIDE_STYLE('',(#1965));
#1880=SURFACE_SIDE_STYLE('',(#1966));
#1881=SURFACE_SIDE_STYLE('',(#1967));
#1882=SURFACE_SIDE_STYLE('',(#1968));
#1883=SURFACE_SIDE_STYLE('',(#1969));
#1884=SURFACE_SIDE_STYLE('',(#1970));
#1885=SURFACE_SIDE_STYLE('',(#1971));
#1886=SURFACE_SIDE_STYLE('',(#1972));
#1887=SURFACE_SIDE_STYLE('',(#1973));
#1888=SURFACE_SIDE_STYLE('',(#1974));
#1889=SURFACE_SIDE_STYLE('',(#1975));
#1890=SURFACE_SIDE_STYLE('',(#1976));
#1891=SURFACE_SIDE_STYLE('',(#1977));
#1892=SURFACE_SIDE_STYLE('',(#1978));
#1893=SURFACE_SIDE_STYLE('',(#1979));
#1894=SURFACE_SIDE_STYLE('',(#1980));
#1895=SURFACE_SIDE_STYLE('',(#1981));
#1896=SURFACE_SIDE_STYLE('',(#1982));
#1897=SURFACE_SIDE_STYLE('',(#1983));
#1898=SURFACE_SIDE_STYLE('',(#1984));
#1899=SURFACE_SIDE_STYLE('',(#1985));
#1900=SURFACE_SIDE_STYLE('',(#1986));
#1901=SURFACE_SIDE_STYLE('',(#1987));
#1902=SURFACE_SIDE_STYLE('',(#1988));
#1903=SURFACE_SIDE_STYLE('',(#1989));
#1904=SURFACE_SIDE_STYLE('',(#1990));
#1905=SURFACE_SIDE_STYLE('',(#1991));
#1906=SURFACE_SIDE_STYLE('',(#1992));
#1907=SURFACE_SIDE_STYLE('',(#1993));
#1908=SURFACE_SIDE_STYLE('',(#1994));
#1909=SURFACE_SIDE_STYLE('',(#1995));
#1910=SURFACE_SIDE_STYLE('',(#1996));
#1911=SURFACE_SIDE_STYLE('',(#1997));
#1912=SURFACE_SIDE_STYLE('',(#1998));
#1913=SURFACE_SIDE_STYLE('',(#1999));
#1914=SURFACE_SIDE_STYLE('',(#2000));
#1915=SURFACE_SIDE_STYLE('',(#2001));
#1916=SURFACE_SIDE_STYLE('',(#2002));
#1917=SURFACE_SIDE_STYLE('',(#2003));
#1918=SURFACE_STYLE_FILL_AREA(#2004);
#1919=SURFACE_STYLE_FILL_AREA(#2005);
#1920=SURFACE_STYLE_FILL_AREA(#2006);
#1921=SURFACE_STYLE_FILL_AREA(#2007);
#1922=SURFACE_STYLE_FILL_AREA(#2008);
#1923=SURFACE_STYLE_FILL_AREA(#2009);
#1924=SURFACE_STYLE_FILL_AREA(#2010);
#1925=SURFACE_STYLE_FILL_AREA(#2011);
#1926=SURFACE_STYLE_FILL_AREA(#2012);
#1927=SURFACE_STYLE_FILL_AREA(#2013);
#1928=SURFACE_STYLE_FILL_AREA(#2014);
#1929=SURFACE_STYLE_FILL_AREA(#2015);
#1930=SURFACE_STYLE_FILL_AREA(#2016);
#1931=SURFACE_STYLE_FILL_AREA(#2017);
#1932=SURFACE_STYLE_FILL_AREA(#2018);
#1933=SURFACE_STYLE_FILL_AREA(#2019);
#1934=SURFACE_STYLE_FILL_AREA(#2020);
#1935=SURFACE_STYLE_FILL_AREA(#2021);
#1936=SURFACE_STYLE_FILL_AREA(#2022);
#1937=SURFACE_STYLE_FILL_AREA(#2023);
#1938=SURFACE_STYLE_FILL_AREA(#2024);
#1939=SURFACE_STYLE_FILL_AREA(#2025);
#1940=SURFACE_STYLE_FILL_AREA(#2026);
#1941=SURFACE_STYLE_FILL_AREA(#2027);
#1942=SURFACE_STYLE_FILL_AREA(#2028);
#1943=SURFACE_STYLE_FILL_AREA(#2029);
#1944=SURFACE_STYLE_FILL_AREA(#2030);
#1945=SURFACE_STYLE_FILL_AREA(#2031);
#1946=SURFACE_STYLE_FILL_AREA(#2032);
#1947=SURFACE_STYLE_FILL_AREA(#2033);
#1948=SURFACE_STYLE_FILL_AREA(#2034);
#1949=SURFACE_STYLE_FILL_AREA(#2035);
#1950=SURFACE_STYLE_FILL_AREA(#2036);
#1951=SURFACE_STYLE_FILL_AREA(#2037);
#1952=SURFACE_STYLE_FILL_AREA(#2038);
#1953=SURFACE_STYLE_FILL_AREA(#2039);
#1954=SURFACE_STYLE_FILL_AREA(#2040);
#1955=SURFACE_STYLE_FILL_AREA(#2041);
#1956=SURFACE_STYLE_FILL_AREA(#2042);
#1957=SURFACE_STYLE_FILL_AREA(#2043);
#1958=SURFACE_STYLE_FILL_AREA(#2044);
#1959=SURFACE_STYLE_FILL_AREA(#2045);
#1960=SURFACE_STYLE_FILL_AREA(#2046);
#1961=SURFACE_STYLE_FILL_AREA(#2047);
#1962=SURFACE_STYLE_FILL_AREA(#2048);
#1963=SURFACE_STYLE_FILL_AREA(#2049);
#1964=SURFACE_STYLE_FILL_AREA(#2050);
#1965=SURFACE_STYLE_FILL_AREA(#2051);
#1966=SURFACE_STYLE_FILL_AREA(#2052);
#1967=SURFACE_STYLE_FILL_AREA(#2053);
#1968=SURFACE_STYLE_FILL_AREA(#2054);
#1969=SURFACE_STYLE_FILL_AREA(#2055);
#1970=SURFACE_STYLE_FILL_AREA(#2056);
#1971=SURFACE_STYLE_FILL_AREA(#2057);
#1972=SURFACE_STYLE_FILL_AREA(#2058);
#1973=SURFACE_STYLE_FILL_AREA(#2059);
#1974=SURFACE_STYLE_FILL_AREA(#2060);
#1975=SURFACE_STYLE_FILL_AREA(#2061);
#1976=SURFACE_STYLE_FILL_AREA(#2062);
#1977=SURFACE_STYLE_FILL_AREA(#2063);
#1978=SURFACE_STYLE_FILL_AREA(#2064);
#1979=SURFACE_STYLE_FILL_AREA(#2065);
#1980=SURFACE_STYLE_FILL_AREA(#2066);
#1981=SURFACE_STYLE_FILL_AREA(#2067);
#1982=SURFACE_STYLE_FILL_AREA(#2068);
#1983=SURFACE_STYLE_FILL_AREA(#2069);
#1984=SURFACE_STYLE_FILL_AREA(#2070);
#1985=SURFACE_STYLE_FILL_AREA(#2071);
#1986=SURFACE_STYLE_FILL_AREA(#2072);
#1987=SURFACE_STYLE_FILL_AREA(#2073);
#1988=SURFACE_STYLE_FILL_AREA(#2074);
#1989=SURFACE_STYLE_FILL_AREA(#2075);
#1990=SURFACE_STYLE_FILL_AREA(#2076);
#1991=SURFACE_STYLE_FILL_AREA(#2077);
#1992=SURFACE_STYLE_FILL_AREA(#2078);
#1993=SURFACE_STYLE_FILL_AREA(#2079);
#1994=SURFACE_STYLE_FILL_AREA(#2080);
#1995=SURFACE_STYLE_FILL_AREA(#2081);
#1996=SURFACE_STYLE_FILL_AREA(#2082);
#1997=SURFACE_STYLE_FILL_AREA(#2083);
#1998=SURFACE_STYLE_FILL_AREA(#2084);
#1999=SURFACE_STYLE_FILL_AREA(#2085);
#2000=SURFACE_STYLE_FILL_AREA(#2086);
#2001=SURFACE_STYLE_FILL_AREA(#2087);
#2002=SURFACE_STYLE_FILL_AREA(#2088);
#2003=SURFACE_STYLE_FILL_AREA(#2089);
#2004=FILL_AREA_STYLE('',(#2090));
#2005=FILL_AREA_STYLE('',(#2091));
#2006=FILL_AREA_STYLE('',(#2092));
#2007=FILL_AREA_STYLE('',(#2093));
#2008=FILL_AREA_STYLE('',(#2094));
#2009=FILL_AREA_STYLE('',(#2095));
#2010=FILL_AREA_STYLE('',(#2096));
#2011=FILL_AREA_STYLE('',(#2097));
#2012=FILL_AREA_STYLE('',(#2098));
#2013=FILL_AREA_STYLE('',(#2099));
#2014=FILL_AREA_STYLE('',(#2100));
#2015=FILL_AREA_STYLE('',(#2101));
#2016=FILL_AREA_STYLE('',(#2102));
#2017=FILL_AREA_STYLE('',(#2103));
#2018=FILL_AREA_STYLE('',(#2104));
#2019=FILL_AREA_STYLE('',(#2105));
#2020=FILL_AREA_STYLE('',(#2106));
#2021=FILL_AREA_STYLE('',(#2107));
#2022=FILL_AREA_STYLE('',(#2108));
#2023=FILL_AREA_STYLE('',(#2109));
#2024=FILL_AREA_STYLE('',(#2110));
#2025=FILL_AREA_STYLE('',(#2111));
#2026=FILL_AREA_STYLE('',(#2112));
#2027=FILL_AREA_STYLE('',(#2113));
#2028=FILL_AREA_STYLE('',(#2114));
#2029=FILL_AREA_STYLE('',(#2115));
#2030=FILL_AREA_STYLE('',(#2116));
#2031=FILL_AREA_STYLE('',(#2117));
#2032=FILL_AREA_STYLE('',(#2118));
#2033=FILL_AREA_STYLE('',(#2119));
#2034=FILL_AREA_STYLE('',(#2120));
#2035=FILL_AREA_STYLE('',(#2121));
#2036=FILL_AREA_STYLE('',(#2122));
#2037=FILL_AREA_STYLE('',(#2123));
#2038=FILL_AREA_STYLE('',(#2124));
#2039=FILL_AREA_STYLE('',(#2125));
#2040=FILL_AREA_STYLE('',(#2126));
#2041=FILL_AREA_STYLE('',(#2127));
#2042=FILL_AREA_STYLE('',(#2128));
#2043=FILL_AREA_STYLE('',(#2129));
#2044=FILL_AREA_STYLE('',(#2130));
#2045=FILL_AREA_STYLE('',(#2131));
#2046=FILL_AREA_STYLE('',(#2132));
#2047=FILL_AREA_STYLE('',(#2133));
#2048=FILL_AREA_STYLE('',(#2134));
#2049=FILL_AREA_STYLE('',(#2135));
#2050=FILL_AREA_STYLE('',(#2136));
#2051=FILL_AREA_STYLE('',(#2137));
#2052=FILL_AREA_STYLE('',(#2138));
#2053=FILL_AREA_STYLE('',(#2139));
#2054=FILL_AREA_STYLE('',(#2140));
#2055=FILL_AREA_STYLE('',(#2141));
#2056=FILL_AREA_STYLE('',(#2142));
#2057=FILL_AREA_STYLE('',(#2143));
#2058=FILL_AREA_STYLE('',(#2144));
#2059=FILL_AREA_STYLE('',(#2145));
#2060=FILL_AREA_STYLE('',(#2146));
#2061=FILL_AREA_STYLE('',(#2147));
#2062=FILL_AREA_STYLE('',(#2148));
#2063=FILL_AREA_STYLE('',(#2149));
#2064=FILL_AREA_STYLE('',(#2150));
#2065=FILL_AREA_STYLE('',(#2151));
#2066=FILL_AREA_STYLE('',(#2152));
#2067=FILL_AREA_STYLE('',(#2153));
#2068=FILL_AREA_STYLE('',(#2154));
#2069=FILL_AREA_STYLE('',(#2155));
#2070=FILL_AREA_STYLE('',(#2156));
#2071=FILL_AREA_STYLE('',(#2157));
#2072=FILL_AREA_STYLE('',(#2158));
#2073=FILL_AREA_STYLE('',(#2159));
#2074=FILL_AREA_STYLE('',(#2160));
#2075=FILL_AREA_STYLE('',(#2161));
#2076=FILL_AREA_STYLE('',(#2162));
#2077=FILL_AREA_STYLE('',(#2163));
#2078=FILL_AREA_STYLE('',(#2164));
#2079=FILL_AREA_STYLE('',(#2165));
#2080=FILL_AREA_STYLE('',(#2166));
#2081=FILL_AREA_STYLE('',(#2167));
#2082=FILL_AREA_STYLE('',(#2168));
#2083=FILL_AREA_STYLE('',(#2169));
#2084=FILL_AREA_STYLE('',(#2170));
#2085=FILL_AREA_STYLE('',(#2171));
#2086=FILL_AREA_STYLE('',(#2172));
#2087=FILL_AREA_STYLE('',(#2173));
#2088=FILL_AREA_STYLE('',(#2174));
#2089=FILL_AREA_STYLE('',(#2175));
#2090=FILL_AREA_STYLE_COLOUR('',#2176);
#2091=FILL_AREA_STYLE_COLOUR('',#1571);
#2092=FILL_AREA_STYLE_COLOUR('',#1572);
#2093=FILL_AREA_STYLE_COLOUR('',#2177);
#2094=FILL_AREA_STYLE_COLOUR('',#2177);
#2095=FILL_AREA_STYLE_COLOUR('',#2177);
#2096=FILL_AREA_STYLE_COLOUR('',#1572);
#2097=FILL_AREA_STYLE_COLOUR('',#1572);
#2098=FILL_AREA_STYLE_COLOUR('',#1572);
#2099=FILL_AREA_STYLE_COLOUR('',#1572);
#2100=FILL_AREA_STYLE_COLOUR('',#1572);
#2101=FILL_AREA_STYLE_COLOUR('',#1572);
#2102=FILL_AREA_STYLE_COLOUR('',#1572);
#2103=FILL_AREA_STYLE_COLOUR('',#1572);
#2104=FILL_AREA_STYLE_COLOUR('',#1572);
#2105=FILL_AREA_STYLE_COLOUR('',#1572);
#2106=FILL_AREA_STYLE_COLOUR('',#1572);
#2107=FILL_AREA_STYLE_COLOUR('',#1572);
#2108=FILL_AREA_STYLE_COLOUR('',#1572);
#2109=FILL_AREA_STYLE_COLOUR('',#1572);
#2110=FILL_AREA_STYLE_COLOUR('',#1572);
#2111=FILL_AREA_STYLE_COLOUR('',#1572);
#2112=FILL_AREA_STYLE_COLOUR('',#1572);
#2113=FILL_AREA_STYLE_COLOUR('',#1572);
#2114=FILL_AREA_STYLE_COLOUR('',#1572);
#2115=FILL_AREA_STYLE_COLOUR('',#1572);
#2116=FILL_AREA_STYLE_COLOUR('',#1572);
#2117=FILL_AREA_STYLE_COLOUR('',#1572);
#2118=FILL_AREA_STYLE_COLOUR('',#1572);
#2119=FILL_AREA_STYLE_COLOUR('',#1572);
#2120=FILL_AREA_STYLE_COLOUR('',#1572);
#2121=FILL_AREA_STYLE_COLOUR('',#1572);
#2122=FILL_AREA_STYLE_COLOUR('',#1572);
#2123=FILL_AREA_STYLE_COLOUR('',#1572);
#2124=FILL_AREA_STYLE_COLOUR('',#1572);
#2125=FILL_AREA_STYLE_COLOUR('',#1572);
#2126=FILL_AREA_STYLE_COLOUR('',#1572);
#2127=FILL_AREA_STYLE_COLOUR('',#1572);
#2128=FILL_AREA_STYLE_COLOUR('',#1572);
#2129=FILL_AREA_STYLE_COLOUR('',#1572);
#2130=FILL_AREA_STYLE_COLOUR('',#1572);
#2131=FILL_AREA_STYLE_COLOUR('',#1572);
#2132=FILL_AREA_STYLE_COLOUR('',#1572);
#2133=FILL_AREA_STYLE_COLOUR('',#1572);
#2134=FILL_AREA_STYLE_COLOUR('',#1572);
#2135=FILL_AREA_STYLE_COLOUR('',#1572);
#2136=FILL_AREA_STYLE_COLOUR('',#1572);
#2137=FILL_AREA_STYLE_COLOUR('',#1572);
#2138=FILL_AREA_STYLE_COLOUR('',#1572);
#2139=FILL_AREA_STYLE_COLOUR('',#1572);
#2140=FILL_AREA_STYLE_COLOUR('',#1572);
#2141=FILL_AREA_STYLE_COLOUR('',#1572);
#2142=FILL_AREA_STYLE_COLOUR('',#1572);
#2143=FILL_AREA_STYLE_COLOUR('',#1572);
#2144=FILL_AREA_STYLE_COLOUR('',#1572);
#2145=FILL_AREA_STYLE_COLOUR('',#1572);
#2146=FILL_AREA_STYLE_COLOUR('',#1572);
#2147=FILL_AREA_STYLE_COLOUR('',#1572);
#2148=FILL_AREA_STYLE_COLOUR('',#1572);
#2149=FILL_AREA_STYLE_COLOUR('',#1572);
#2150=FILL_AREA_STYLE_COLOUR('',#1572);
#2151=FILL_AREA_STYLE_COLOUR('',#1572);
#2152=FILL_AREA_STYLE_COLOUR('',#1572);
#2153=FILL_AREA_STYLE_COLOUR('',#1572);
#2154=FILL_AREA_STYLE_COLOUR('',#1572);
#2155=FILL_AREA_STYLE_COLOUR('',#1572);
#2156=FILL_AREA_STYLE_COLOUR('',#1572);
#2157=FILL_AREA_STYLE_COLOUR('',#1572);
#2158=FILL_AREA_STYLE_COLOUR('',#1572);
#2159=FILL_AREA_STYLE_COLOUR('',#1572);
#2160=FILL_AREA_STYLE_COLOUR('',#1572);
#2161=FILL_AREA_STYLE_COLOUR('',#1572);
#2162=FILL_AREA_STYLE_COLOUR('',#1572);
#2163=FILL_AREA_STYLE_COLOUR('',#1572);
#2164=FILL_AREA_STYLE_COLOUR('',#1572);
#2165=FILL_AREA_STYLE_COLOUR('',#1572);
#2166=FILL_AREA_STYLE_COLOUR('',#1572);
#2167=FILL_AREA_STYLE_COLOUR('',#1572);
#2168=FILL_AREA_STYLE_COLOUR('',#1572);
#2169=FILL_AREA_STYLE_COLOUR('',#1572);
#2170=FILL_AREA_STYLE_COLOUR('',#1572);
#2171=FILL_AREA_STYLE_COLOUR('',#1572);
#2172=FILL_AREA_STYLE_COLOUR('',#1572);
#2173=FILL_AREA_STYLE_COLOUR('',#1572);
#2174=FILL_AREA_STYLE_COLOUR('',#1572);
#2175=FILL_AREA_STYLE_COLOUR('',#1572);
#2176=COLOUR_RGB('',0.615686274509804,0.811764705882353,0.929411764705882);
#2177=COLOUR_RGB('',0.650980392156863,0.415686274509804,0.247058823529412);
#2178=MANIFOLD_SOLID_BREP('Part 1',#1658);
#2179=SHAPE_DEFINITION_REPRESENTATION(#3107,#2180);
#2180=SHAPE_REPRESENTATION('Part 1',(#2181),#3102);
#2181=AXIS2_PLACEMENT_3D('',#2662,#2273,#2274);
#2182=AXIS2_PLACEMENT_3D('',#2663,#2275,#2276);
#2183=AXIS2_PLACEMENT_3D('',#2744,#2317,#2318);
#2184=AXIS2_PLACEMENT_3D('',#2797,#2344,#2345);
#2185=AXIS2_PLACEMENT_3D('',#2804,#2349,#2350);
#2186=AXIS2_PLACEMENT_3D('',#2807,#2352,#2353);
#2187=AXIS2_PLACEMENT_3D('',#2810,#2355,#2356);
#2188=AXIS2_PLACEMENT_3D('',#2811,#2357,#2358);
#2189=AXIS2_PLACEMENT_3D('',#2813,#2359,#2360);
#2190=AXIS2_PLACEMENT_3D('',#2815,#2361,#2362);
#2191=AXIS2_PLACEMENT_3D('',#2816,#2363,#2364);
#2192=AXIS2_PLACEMENT_3D('',#2818,#2365,#2366);
#2193=AXIS2_PLACEMENT_3D('',#2819,#2367,#2368);
#2194=AXIS2_PLACEMENT_3D('',#2820,#2369,#2370);
#2195=AXIS2_PLACEMENT_3D('',#2836,#2379,#2380);
#2196=AXIS2_PLACEMENT_3D('',#2842,#2384,#2385);
#2197=AXIS2_PLACEMENT_3D('',#2846,#2388,#2389);
#2198=AXIS2_PLACEMENT_3D('',#2850,#2392,#2393);
#2199=AXIS2_PLACEMENT_3D('',#2854,#2396,#2397);
#2200=AXIS2_PLACEMENT_3D('',#2858,#2400,#2401);
#2201=AXIS2_PLACEMENT_3D('',#2862,#2404,#2405);
#2202=AXIS2_PLACEMENT_3D('',#2866,#2408,#2409);
#2203=AXIS2_PLACEMENT_3D('',#2870,#2412,#2413);
#2204=AXIS2_PLACEMENT_3D('',#2874,#2416,#2417);
#2205=AXIS2_PLACEMENT_3D('',#2878,#2420,#2421);
#2206=AXIS2_PLACEMENT_3D('',#2882,#2424,#2425);
#2207=AXIS2_PLACEMENT_3D('',#2884,#2427,#2428);
#2208=AXIS2_PLACEMENT_3D('',#2885,#2429,#2430);
#2209=AXIS2_PLACEMENT_3D('',#2891,#2434,#2435);
#2210=AXIS2_PLACEMENT_3D('',#2895,#2438,#2439);
#2211=AXIS2_PLACEMENT_3D('',#2899,#2442,#2443);
#2212=AXIS2_PLACEMENT_3D('',#2903,#2446,#2447);
#2213=AXIS2_PLACEMENT_3D('',#2907,#2450,#2451);
#2214=AXIS2_PLACEMENT_3D('',#2911,#2454,#2455);
#2215=AXIS2_PLACEMENT_3D('',#2915,#2458,#2459);
#2216=AXIS2_PLACEMENT_3D('',#2919,#2462,#2463);
#2217=AXIS2_PLACEMENT_3D('',#2923,#2466,#2467);
#2218=AXIS2_PLACEMENT_3D('',#2927,#2470,#2471);
#2219=AXIS2_PLACEMENT_3D('',#2931,#2474,#2475);
#2220=AXIS2_PLACEMENT_3D('',#2933,#2477,#2478);
#2221=AXIS2_PLACEMENT_3D('',#2934,#2479,#2480);
#2222=AXIS2_PLACEMENT_3D('',#2940,#2484,#2485);
#2223=AXIS2_PLACEMENT_3D('',#2944,#2488,#2489);
#2224=AXIS2_PLACEMENT_3D('',#2948,#2492,#2493);
#2225=AXIS2_PLACEMENT_3D('',#2950,#2495,#2496);
#2226=AXIS2_PLACEMENT_3D('',#2951,#2497,#2498);
#2227=AXIS2_PLACEMENT_3D('',#2957,#2502,#2503);
#2228=AXIS2_PLACEMENT_3D('',#2961,#2506,#2507);
#2229=AXIS2_PLACEMENT_3D('',#2965,#2510,#2511);
#2230=AXIS2_PLACEMENT_3D('',#2967,#2513,#2514);
#2231=AXIS2_PLACEMENT_3D('',#2968,#2515,#2516);
#2232=AXIS2_PLACEMENT_3D('',#2974,#2520,#2521);
#2233=AXIS2_PLACEMENT_3D('',#2978,#2524,#2525);
#2234=AXIS2_PLACEMENT_3D('',#2982,#2528,#2529);
#2235=AXIS2_PLACEMENT_3D('',#2984,#2531,#2532);
#2236=AXIS2_PLACEMENT_3D('',#2985,#2533,#2534);
#2237=AXIS2_PLACEMENT_3D('',#2991,#2538,#2539);
#2238=AXIS2_PLACEMENT_3D('',#2995,#2542,#2543);
#2239=AXIS2_PLACEMENT_3D('',#2999,#2546,#2547);
#2240=AXIS2_PLACEMENT_3D('',#3001,#2549,#2550);
#2241=AXIS2_PLACEMENT_3D('',#3002,#2551,#2552);
#2242=AXIS2_PLACEMENT_3D('',#3008,#2556,#2557);
#2243=AXIS2_PLACEMENT_3D('',#3012,#2560,#2561);
#2244=AXIS2_PLACEMENT_3D('',#3016,#2564,#2565);
#2245=AXIS2_PLACEMENT_3D('',#3018,#2567,#2568);
#2246=AXIS2_PLACEMENT_3D('',#3019,#2569,#2570);
#2247=AXIS2_PLACEMENT_3D('',#3025,#2574,#2575);
#2248=AXIS2_PLACEMENT_3D('',#3029,#2578,#2579);
#2249=AXIS2_PLACEMENT_3D('',#3033,#2582,#2583);
#2250=AXIS2_PLACEMENT_3D('',#3035,#2585,#2586);
#2251=AXIS2_PLACEMENT_3D('',#3036,#2587,#2588);
#2252=AXIS2_PLACEMENT_3D('',#3042,#2592,#2593);
#2253=AXIS2_PLACEMENT_3D('',#3046,#2596,#2597);
#2254=AXIS2_PLACEMENT_3D('',#3050,#2600,#2601);
#2255=AXIS2_PLACEMENT_3D('',#3054,#2604,#2605);
#2256=AXIS2_PLACEMENT_3D('',#3058,#2608,#2609);
#2257=AXIS2_PLACEMENT_3D('',#3062,#2612,#2613);
#2258=AXIS2_PLACEMENT_3D('',#3066,#2616,#2617);
#2259=AXIS2_PLACEMENT_3D('',#3068,#2619,#2620);
#2260=AXIS2_PLACEMENT_3D('',#3069,#2621,#2622);
#2261=AXIS2_PLACEMENT_3D('',#3075,#2626,#2627);
#2262=AXIS2_PLACEMENT_3D('',#3079,#2630,#2631);
#2263=AXIS2_PLACEMENT_3D('',#3083,#2634,#2635);
#2264=AXIS2_PLACEMENT_3D('',#3085,#2637,#2638);
#2265=AXIS2_PLACEMENT_3D('',#3086,#2639,#2640);
#2266=AXIS2_PLACEMENT_3D('',#3088,#2642,#2643);
#2267=AXIS2_PLACEMENT_3D('',#3091,#2646,#2647);
#2268=AXIS2_PLACEMENT_3D('',#3093,#2649,#2650);
#2269=AXIS2_PLACEMENT_3D('',#3094,#2651,#2652);
#2270=AXIS2_PLACEMENT_3D('',#3096,#2654,#2655);
#2271=AXIS2_PLACEMENT_3D('',#3098,#2657,#2658);
#2272=AXIS2_PLACEMENT_3D('',#3100,#2660,#2661);
#2273=DIRECTION('',(0.,0.,1.));
#2274=DIRECTION('',(1.,0.,0.));
#2275=DIRECTION('',(0.,-1.,0.));
#2276=DIRECTION('',(1.,0.,0.));
#2277=DIRECTION('',(-1.,0.,0.));
#2278=DIRECTION('',(0.,0.,1.));
#2279=DIRECTION('',(-1.,0.,0.));
#2280=DIRECTION('',(0.,0.,1.));
#2281=DIRECTION('',(1.,0.,0.));
#2282=DIRECTION('',(0.,0.,-1.));
#2283=DIRECTION('',(1.,0.,0.));
#2284=DIRECTION('',(0.,0.,-1.));
#2285=DIRECTION('',(-1.,0.,0.));
#2286=DIRECTION('',(0.,0.,1.));
#2287=DIRECTION('',(-1.,0.,0.));
#2288=DIRECTION('',(0.,0.,1.));
#2289=DIRECTION('',(-1.,0.,0.));
#2290=DIRECTION('',(0.,0.,1.));
#2291=DIRECTION('',(-1.,0.,0.));
#2292=DIRECTION('',(0.,0.,1.));
#2293=DIRECTION('',(-1.,0.,0.));
#2294=DIRECTION('',(0.,0.,1.));
#2295=DIRECTION('',(-1.,0.,0.));
#2296=DIRECTION('',(0.,0.,1.));
#2297=DIRECTION('',(1.,0.,0.));
#2298=DIRECTION('',(0.,0.,-1.));
#2299=DIRECTION('',(1.,0.,0.));
#2300=DIRECTION('',(0.,0.,-1.));
#2301=DIRECTION('',(1.,0.,0.));
#2302=DIRECTION('',(0.,0.,-1.));
#2303=DIRECTION('',(1.,0.,0.));
#2304=DIRECTION('',(0.,0.,-1.));
#2305=DIRECTION('',(-0.546622507322505,0.,-0.837379146198697));
#2306=DIRECTION('',(-0.536875464983654,0.,0.843661505047247));
#2307=DIRECTION('',(0.843661505047247,0.,0.536875464983654));
#2308=DIRECTION('',(0.536875464983654,0.,-0.843661505047247));
#2309=DIRECTION('',(-0.546622507322505,0.,-0.837379146198697));
#2310=DIRECTION('',(-0.837379146198697,0.,0.546622507322505));
#2311=DIRECTION('',(0.546622507322505,0.,0.837379146198697));
#2312=DIRECTION('',(0.536875464983654,0.,-0.843661505047247));
#2313=DIRECTION('',(-0.843661505047246,0.,-0.536875464983655));
#2314=DIRECTION('',(-0.536875464983654,0.,0.843661505047247));
#2315=DIRECTION('',(0.546622507322505,0.,0.837379146198697));
#2316=DIRECTION('',(0.837379146198696,0.,-0.546622507322506));
#2317=DIRECTION('',(0.,-1.,0.));
#2318=DIRECTION('',(0.,0.,-1.));
#2319=DIRECTION('',(0.569209941453117,0.,-0.822192217520294));
#2320=DIRECTION('',(-0.822192217520294,0.,-0.569209941453118));
#2321=DIRECTION('',(-0.569209941453117,0.,0.822192217520294));
#2322=DIRECTION('',(0.554449079217218,0.,0.832217650951468));
#2323=DIRECTION('',(0.832217650951468,0.,-0.554449079217218));
#2324=DIRECTION('',(-0.554449079217218,0.,-0.832217650951468));
#2325=DIRECTION('',(-0.569209941453118,0.,0.822192217520294));
#2326=DIRECTION('',(0.822192217520294,0.,0.569209941453117));
#2327=DIRECTION('',(0.569209941453118,0.,-0.822192217520294));
#2328=DIRECTION('',(-0.554449079217218,0.,-0.832217650951468));
#2329=DIRECTION('',(-0.832217650951468,0.,0.554449079217218));
#2330=DIRECTION('',(0.554449079217218,0.,0.832217650951468));
#2331=DIRECTION('',(-0.918325104924675,0.,0.395826984508491));
#2332=DIRECTION('',(0.883115716395454,0.,0.469155231725432));
#2333=DIRECTION('',(0.469155231725432,0.,-0.883115716395454));
#2334=DIRECTION('',(-0.883115716395455,0.,-0.469155231725431));
#2335=DIRECTION('',(-0.469155231725432,0.,0.883115716395454));
#2336=DIRECTION('',(0.395826984508492,0.,0.918325104924674));
#2337=DIRECTION('',(0.918325104924674,0.,-0.395826984508492));
#2338=DIRECTION('',(-0.395826984508492,0.,-0.918325104924674));
#2339=DIRECTION('',(-0.764164320707943,0.,0.645021620534512));
#2340=DIRECTION('',(0.731902032166068,0.,0.681409873212283));
#2341=DIRECTION('',(0.99702490127037,0.,0.0770801287415231));
#2342=DIRECTION('',(-0.200074392372434,0.,-0.979780708891945));
#2343=DIRECTION('',(-0.731902032166068,0.,-0.681409873212283));
#2344=DIRECTION('',(0.,-1.,0.));
#2345=DIRECTION('',(0.,0.,-1.));
#2346=DIRECTION('',(0.764164320707943,0.,-0.645021620534512));
#2347=DIRECTION('',(0.37155919162775,0.,-0.928409267035252));
#2348=DIRECTION('',(-0.961523947640823,0.,0.274721127897378));
#2349=DIRECTION('',(0.,1.,0.));
#2350=DIRECTION('',(0.,0.,1.));
#2351=DIRECTION('',(0.,1.,0.));
#2352=DIRECTION('',(0.,-1.,0.));
#2353=DIRECTION('',(0.,0.,-1.));
#2354=DIRECTION('',(0.,1.,0.));
#2355=DIRECTION('',(0.,1.,0.));
#2356=DIRECTION('',(0.,0.,1.));
#2357=DIRECTION('',(0.,-1.,0.));
#2358=DIRECTION('',(0.,0.,-1.));
#2359=DIRECTION('',(0.,-1.,0.));
#2360=DIRECTION('',(0.,0.,-1.));
#2361=DIRECTION('',(0.,-1.,0.));
#2362=DIRECTION('',(1.,0.,0.));
#2363=DIRECTION('',(0.,-1.,0.));
#2364=DIRECTION('',(0.,0.,-1.));
#2365=DIRECTION('',(0.,-1.,0.));
#2366=DIRECTION('',(1.,0.,0.));
#2367=DIRECTION('',(0.,-1.,0.));
#2368=DIRECTION('',(0.,0.,-1.));
#2369=DIRECTION('',(0.,-1.,0.));
#2370=DIRECTION('',(1.,0.,0.));
#2371=DIRECTION('',(0.731902032166068,0.,0.681409873212283));
#2372=DIRECTION('',(-0.764164320707943,0.,0.645021620534512));
#2373=DIRECTION('',(-0.961523947640823,0.,0.274721127897378));
#2374=DIRECTION('',(0.37155919162775,0.,-0.928409267035252));
#2375=DIRECTION('',(0.764164320707943,0.,-0.645021620534512));
#2376=DIRECTION('',(-0.731902032166068,0.,-0.681409873212283));
#2377=DIRECTION('',(-0.200074392372434,0.,-0.979780708891945));
#2378=DIRECTION('',(0.99702490127037,0.,0.0770801287415231));
#2379=DIRECTION('',(0.837379146198697,0.,-0.546622507322505));
#2380=DIRECTION('',(-0.546622507322505,0.,-0.837379146198697));
#2381=DIRECTION('',(0.,1.,0.));
#2382=DIRECTION('',(-0.546622507322505,0.,-0.837379146198697));
#2383=DIRECTION('',(0.,1.,0.));
#2384=DIRECTION('',(0.546622507322506,0.,0.837379146198696));
#2385=DIRECTION('',(0.837379146198696,0.,-0.546622507322506));
#2386=DIRECTION('',(0.,1.,0.));
#2387=DIRECTION('',(0.837379146198696,0.,-0.546622507322506));
#2388=DIRECTION('',(-0.837379146198697,0.,0.546622507322505));
#2389=DIRECTION('',(0.546622507322505,0.,0.837379146198697));
#2390=DIRECTION('',(0.,1.,0.));
#2391=DIRECTION('',(0.546622507322505,0.,0.837379146198697));
#2392=DIRECTION('',(-0.843661505047247,0.,-0.536875464983654));
#2393=DIRECTION('',(-0.536875464983654,0.,0.843661505047247));
#2394=DIRECTION('',(0.,1.,0.));
#2395=DIRECTION('',(-0.536875464983654,0.,0.843661505047247));
#2396=DIRECTION('',(0.536875464983655,0.,-0.843661505047246));
#2397=DIRECTION('',(-0.843661505047246,0.,-0.536875464983655));
#2398=DIRECTION('',(0.,1.,0.));
#2399=DIRECTION('',(-0.843661505047246,0.,-0.536875464983655));
#2400=DIRECTION('',(0.843661505047247,0.,0.536875464983654));
#2401=DIRECTION('',(0.536875464983654,0.,-0.843661505047247));
#2402=DIRECTION('',(0.,1.,0.));
#2403=DIRECTION('',(0.536875464983654,0.,-0.843661505047247));
#2404=DIRECTION('',(-0.837379146198697,0.,0.546622507322505));
#2405=DIRECTION('',(0.546622507322505,0.,0.837379146198697));
#2406=DIRECTION('',(0.,1.,0.));
#2407=DIRECTION('',(0.546622507322505,0.,0.837379146198697));
#2408=DIRECTION('',(-0.546622507322505,0.,-0.837379146198697));
#2409=DIRECTION('',(-0.837379146198697,0.,0.546622507322505));
#2410=DIRECTION('',(0.,1.,0.));
#2411=DIRECTION('',(-0.837379146198697,0.,0.546622507322505));
#2412=DIRECTION('',(0.837379146198697,0.,-0.546622507322505));
#2413=DIRECTION('',(-0.546622507322505,0.,-0.837379146198697));
#2414=DIRECTION('',(0.,1.,0.));
#2415=DIRECTION('',(-0.546622507322505,0.,-0.837379146198697));
#2416=DIRECTION('',(0.843661505047247,0.,0.536875464983654));
#2417=DIRECTION('',(0.536875464983654,0.,-0.843661505047247));
#2418=DIRECTION('',(0.,1.,0.));
#2419=DIRECTION('',(0.536875464983654,0.,-0.843661505047247));
#2420=DIRECTION('',(-0.536875464983654,0.,0.843661505047247));
#2421=DIRECTION('',(0.843661505047247,0.,0.536875464983654));
#2422=DIRECTION('',(0.,1.,0.));
#2423=DIRECTION('',(0.843661505047247,0.,0.536875464983654));
#2424=DIRECTION('',(-0.843661505047247,0.,-0.536875464983654));
#2425=DIRECTION('',(-0.536875464983654,0.,0.843661505047247));
#2426=DIRECTION('',(-0.536875464983654,0.,0.843661505047247));
#2427=DIRECTION('',(0.,-1.,0.));
#2428=DIRECTION('',(1.,0.,0.));
#2429=DIRECTION('',(0.569209941453118,0.,-0.822192217520294));
#2430=DIRECTION('',(-0.822192217520294,0.,-0.569209941453118));
#2431=DIRECTION('',(0.,1.,0.));
#2432=DIRECTION('',(-0.822192217520294,0.,-0.569209941453118));
#2433=DIRECTION('',(0.,1.,0.));
#2434=DIRECTION('',(0.822192217520294,0.,0.569209941453117));
#2435=DIRECTION('',(0.569209941453117,0.,-0.822192217520294));
#2436=DIRECTION('',(0.,1.,0.));
#2437=DIRECTION('',(0.569209941453117,0.,-0.822192217520294));
#2438=DIRECTION('',(-0.832217650951468,0.,0.554449079217218));
#2439=DIRECTION('',(0.554449079217218,0.,0.832217650951468));
#2440=DIRECTION('',(0.,1.,0.));
#2441=DIRECTION('',(0.554449079217218,0.,0.832217650951468));
#2442=DIRECTION('',(-0.554449079217218,0.,-0.832217650951468));
#2443=DIRECTION('',(-0.832217650951468,0.,0.554449079217218));
#2444=DIRECTION('',(0.,1.,0.));
#2445=DIRECTION('',(-0.832217650951468,0.,0.554449079217218));
#2446=DIRECTION('',(0.832217650951468,0.,-0.554449079217218));
#2447=DIRECTION('',(-0.554449079217218,0.,-0.832217650951468));
#2448=DIRECTION('',(0.,1.,0.));
#2449=DIRECTION('',(-0.554449079217218,0.,-0.832217650951468));
#2450=DIRECTION('',(0.822192217520294,0.,0.569209941453118));
#2451=DIRECTION('',(0.569209941453118,0.,-0.822192217520294));
#2452=DIRECTION('',(0.,1.,0.));
#2453=DIRECTION('',(0.569209941453118,0.,-0.822192217520294));
#2454=DIRECTION('',(-0.569209941453117,0.,0.822192217520294));
#2455=DIRECTION('',(0.822192217520294,0.,0.569209941453117));
#2456=DIRECTION('',(0.,1.,0.));
#2457=DIRECTION('',(0.822192217520294,0.,0.569209941453117));
#2458=DIRECTION('',(-0.822192217520294,0.,-0.569209941453118));
#2459=DIRECTION('',(-0.569209941453118,0.,0.822192217520294));
#2460=DIRECTION('',(0.,1.,0.));
#2461=DIRECTION('',(-0.569209941453118,0.,0.822192217520294));
#2462=DIRECTION('',(0.832217650951468,0.,-0.554449079217218));
#2463=DIRECTION('',(-0.554449079217218,0.,-0.832217650951468));
#2464=DIRECTION('',(0.,1.,0.));
#2465=DIRECTION('',(-0.554449079217218,0.,-0.832217650951468));
#2466=DIRECTION('',(0.554449079217218,0.,0.832217650951468));
#2467=DIRECTION('',(0.832217650951468,0.,-0.554449079217218));
#2468=DIRECTION('',(0.,1.,0.));
#2469=DIRECTION('',(0.832217650951468,0.,-0.554449079217218));
#2470=DIRECTION('',(-0.832217650951468,0.,0.554449079217218));
#2471=DIRECTION('',(0.554449079217218,0.,0.832217650951468));
#2472=DIRECTION('',(0.,1.,0.));
#2473=DIRECTION('',(0.554449079217218,0.,0.832217650951468));
#2474=DIRECTION('',(-0.822192217520294,0.,-0.569209941453118));
#2475=DIRECTION('',(-0.569209941453118,0.,0.822192217520294));
#2476=DIRECTION('',(-0.569209941453117,0.,0.822192217520294));
#2477=DIRECTION('',(0.,-1.,0.));
#2478=DIRECTION('',(1.,0.,0.));
#2479=DIRECTION('',(0.,0.,1.));
#2480=DIRECTION('',(1.,0.,0.));
#2481=DIRECTION('',(0.,1.,0.));
#2482=DIRECTION('',(1.,0.,0.));
#2483=DIRECTION('',(0.,1.,0.));
#2484=DIRECTION('',(1.,0.,0.));
#2485=DIRECTION('',(0.,0.,-1.));
#2486=DIRECTION('',(0.,1.,0.));
#2487=DIRECTION('',(0.,0.,-1.));
#2488=DIRECTION('',(0.,0.,1.));
#2489=DIRECTION('',(1.,0.,0.));
#2490=DIRECTION('',(0.,1.,0.));
#2491=DIRECTION('',(1.,0.,0.));
#2492=DIRECTION('',(1.,0.,0.));
#2493=DIRECTION('',(0.,0.,-1.));
#2494=DIRECTION('',(0.,0.,-1.));
#2495=DIRECTION('',(0.,-1.,0.));
#2496=DIRECTION('',(1.,0.,0.));
#2497=DIRECTION('',(0.,0.,1.));
#2498=DIRECTION('',(1.,0.,0.));
#2499=DIRECTION('',(0.,1.,0.));
#2500=DIRECTION('',(1.,0.,0.));
#2501=DIRECTION('',(0.,1.,0.));
#2502=DIRECTION('',(1.,0.,0.));
#2503=DIRECTION('',(0.,0.,-1.));
#2504=DIRECTION('',(0.,1.,0.));
#2505=DIRECTION('',(0.,0.,-1.));
#2506=DIRECTION('',(0.,0.,1.));
#2507=DIRECTION('',(1.,0.,0.));
#2508=DIRECTION('',(0.,1.,0.));
#2509=DIRECTION('',(1.,0.,0.));
#2510=DIRECTION('',(1.,0.,0.));
#2511=DIRECTION('',(0.,0.,-1.));
#2512=DIRECTION('',(0.,0.,-1.));
#2513=DIRECTION('',(0.,-1.,0.));
#2514=DIRECTION('',(1.,0.,0.));
#2515=DIRECTION('',(0.,0.,-1.));
#2516=DIRECTION('',(-1.,0.,0.));
#2517=DIRECTION('',(0.,1.,0.));
#2518=DIRECTION('',(-1.,0.,0.));
#2519=DIRECTION('',(0.,1.,0.));
#2520=DIRECTION('',(-1.,0.,0.));
#2521=DIRECTION('',(0.,0.,1.));
#2522=DIRECTION('',(0.,1.,0.));
#2523=DIRECTION('',(0.,0.,1.));
#2524=DIRECTION('',(0.,0.,-1.));
#2525=DIRECTION('',(-1.,0.,0.));
#2526=DIRECTION('',(0.,1.,0.));
#2527=DIRECTION('',(-1.,0.,0.));
#2528=DIRECTION('',(-1.,0.,0.));
#2529=DIRECTION('',(0.,0.,1.));
#2530=DIRECTION('',(0.,0.,1.));
#2531=DIRECTION('',(0.,-1.,0.));
#2532=DIRECTION('',(1.,0.,0.));
#2533=DIRECTION('',(0.,0.,-1.));
#2534=DIRECTION('',(-1.,0.,0.));
#2535=DIRECTION('',(0.,1.,0.));
#2536=DIRECTION('',(-1.,0.,0.));
#2537=DIRECTION('',(0.,1.,0.));
#2538=DIRECTION('',(-1.,0.,0.));
#2539=DIRECTION('',(0.,0.,1.));
#2540=DIRECTION('',(0.,1.,0.));
#2541=DIRECTION('',(0.,0.,1.));
#2542=DIRECTION('',(0.,0.,-1.));
#2543=DIRECTION('',(-1.,0.,0.));
#2544=DIRECTION('',(0.,1.,0.));
#2545=DIRECTION('',(-1.,0.,0.));
#2546=DIRECTION('',(-1.,0.,0.));
#2547=DIRECTION('',(0.,0.,1.));
#2548=DIRECTION('',(0.,0.,1.));
#2549=DIRECTION('',(0.,-1.,0.));
#2550=DIRECTION('',(1.,0.,0.));
#2551=DIRECTION('',(0.,0.,-1.));
#2552=DIRECTION('',(-1.,0.,0.));
#2553=DIRECTION('',(0.,1.,0.));
#2554=DIRECTION('',(-1.,0.,0.));
#2555=DIRECTION('',(0.,1.,0.));
#2556=DIRECTION('',(-1.,0.,0.));
#2557=DIRECTION('',(0.,0.,1.));
#2558=DIRECTION('',(0.,1.,0.));
#2559=DIRECTION('',(0.,0.,1.));
#2560=DIRECTION('',(0.,0.,-1.));
#2561=DIRECTION('',(-1.,0.,0.));
#2562=DIRECTION('',(0.,1.,0.));
#2563=DIRECTION('',(-1.,0.,0.));
#2564=DIRECTION('',(-1.,0.,0.));
#2565=DIRECTION('',(0.,0.,1.));
#2566=DIRECTION('',(0.,0.,1.));
#2567=DIRECTION('',(0.,-1.,0.));
#2568=DIRECTION('',(1.,0.,0.));
#2569=DIRECTION('',(0.,0.,1.));
#2570=DIRECTION('',(1.,0.,0.));
#2571=DIRECTION('',(0.,1.,0.));
#2572=DIRECTION('',(1.,0.,0.));
#2573=DIRECTION('',(0.,1.,0.));
#2574=DIRECTION('',(1.,0.,0.));
#2575=DIRECTION('',(0.,0.,-1.));
#2576=DIRECTION('',(0.,1.,0.));
#2577=DIRECTION('',(0.,0.,-1.));
#2578=DIRECTION('',(0.,0.,1.));
#2579=DIRECTION('',(1.,0.,0.));
#2580=DIRECTION('',(0.,1.,0.));
#2581=DIRECTION('',(1.,0.,0.));
#2582=DIRECTION('',(1.,0.,0.));
#2583=DIRECTION('',(0.,0.,-1.));
#2584=DIRECTION('',(0.,0.,-1.));
#2585=DIRECTION('',(0.,-1.,0.));
#2586=DIRECTION('',(1.,0.,0.));
#2587=DIRECTION('',(-0.469155231725432,0.,0.883115716395454));
#2588=DIRECTION('',(0.883115716395454,0.,0.469155231725432));
#2589=DIRECTION('',(0.,1.,0.));
#2590=DIRECTION('',(0.883115716395454,0.,0.469155231725432));
#2591=DIRECTION('',(0.,1.,0.));
#2592=DIRECTION('',(-0.395826984508491,0.,-0.918325104924675));
#2593=DIRECTION('',(-0.918325104924675,0.,0.395826984508491));
#2594=DIRECTION('',(0.,1.,0.));
#2595=DIRECTION('',(-0.918325104924675,0.,0.395826984508491));
#2596=DIRECTION('',(0.918325104924674,0.,-0.395826984508492));
#2597=DIRECTION('',(-0.395826984508492,0.,-0.918325104924674));
#2598=DIRECTION('',(0.,1.,0.));
#2599=DIRECTION('',(-0.395826984508492,0.,-0.918325104924674));
#2600=DIRECTION('',(0.395826984508492,0.,0.918325104924674));
#2601=DIRECTION('',(0.918325104924674,0.,-0.395826984508492));
#2602=DIRECTION('',(0.,1.,0.));
#2603=DIRECTION('',(0.918325104924674,0.,-0.395826984508492));
#2604=DIRECTION('',(-0.918325104924674,0.,0.395826984508492));
#2605=DIRECTION('',(0.395826984508492,0.,0.918325104924674));
#2606=DIRECTION('',(0.,1.,0.));
#2607=DIRECTION('',(0.395826984508492,0.,0.918325104924674));
#2608=DIRECTION('',(-0.883115716395454,0.,-0.469155231725432));
#2609=DIRECTION('',(-0.469155231725432,0.,0.883115716395454));
#2610=DIRECTION('',(0.,1.,0.));
#2611=DIRECTION('',(-0.469155231725432,0.,0.883115716395454));
#2612=DIRECTION('',(0.469155231725431,0.,-0.883115716395455));
#2613=DIRECTION('',(-0.883115716395455,0.,-0.469155231725431));
#2614=DIRECTION('',(0.,1.,0.));
#2615=DIRECTION('',(-0.883115716395455,0.,-0.469155231725431));
#2616=DIRECTION('',(0.883115716395454,0.,0.469155231725432));
#2617=DIRECTION('',(0.469155231725432,0.,-0.883115716395454));
#2618=DIRECTION('',(0.469155231725432,0.,-0.883115716395454));
#2619=DIRECTION('',(0.,-1.,0.));
#2620=DIRECTION('',(1.,0.,0.));
#2621=DIRECTION('',(0.,0.,-1.));
#2622=DIRECTION('',(-1.,0.,0.));
#2623=DIRECTION('',(0.,1.,0.));
#2624=DIRECTION('',(-1.,0.,0.));
#2625=DIRECTION('',(0.,1.,0.));
#2626=DIRECTION('',(-1.,0.,0.));
#2627=DIRECTION('',(0.,0.,1.));
#2628=DIRECTION('',(0.,1.,0.));
#2629=DIRECTION('',(0.,0.,1.));
#2630=DIRECTION('',(0.,0.,-1.));
#2631=DIRECTION('',(-1.,0.,0.));
#2632=DIRECTION('',(0.,1.,0.));
#2633=DIRECTION('',(-1.,0.,0.));
#2634=DIRECTION('',(-1.,0.,0.));
#2635=DIRECTION('',(0.,0.,1.));
#2636=DIRECTION('',(0.,0.,1.));
#2637=DIRECTION('',(0.,-1.,0.));
#2638=DIRECTION('',(1.,0.,0.));
#2639=DIRECTION('',(0.645021620534512,0.,0.764164320707943));
#2640=DIRECTION('',(0.764164320707943,0.,-0.645021620534512));
#2641=DIRECTION('',(0.,1.,0.));
#2642=DIRECTION('',(-0.645021620534512,0.,-0.764164320707943));
#2643=DIRECTION('',(-0.764164320707943,0.,0.645021620534512));
#2644=DIRECTION('',(0.,1.,0.));
#2645=DIRECTION('',(0.,1.,0.));
#2646=DIRECTION('',(-0.274721127897378,0.,-0.961523947640823));
#2647=DIRECTION('',(-0.961523947640823,0.,0.274721127897378));
#2648=DIRECTION('',(0.,1.,0.));
#2649=DIRECTION('',(0.928409267035252,0.,0.37155919162775));
#2650=DIRECTION('',(0.37155919162775,0.,-0.928409267035252));
#2651=DIRECTION('',(0.681409873212283,0.,-0.731902032166068));
#2652=DIRECTION('',(-0.731902032166068,0.,-0.681409873212283));
#2653=DIRECTION('',(0.,1.,0.));
#2654=DIRECTION('',(-0.681409873212283,0.,0.731902032166068));
#2655=DIRECTION('',(0.731902032166068,0.,0.681409873212283));
#2656=DIRECTION('',(0.,1.,0.));
#2657=DIRECTION('',(-0.0770801287415231,0.,0.99702490127037));
#2658=DIRECTION('',(0.99702490127037,0.,0.0770801287415231));
#2659=DIRECTION('',(0.,1.,0.));
#2660=DIRECTION('',(0.979780708891944,0.,-0.200074392372434));
#2661=DIRECTION('',(-0.200074392372434,0.,-0.979780708891944));
#2662=CARTESIAN_POINT('',(0.,0.,0.));
#2663=CARTESIAN_POINT('',(0.,-0.003,0.));
#2664=CARTESIAN_POINT('',(0.0125155467540026,-0.003,-0.00450997985899448));
#2665=CARTESIAN_POINT('',(0.0133849931880832,-0.003,-0.00450997985899448));
#2666=CARTESIAN_POINT('',(0.011646100319922,-0.003,-0.00450997985899448));
#2667=CARTESIAN_POINT('',(0.011646100319922,-0.003,0.));
#2668=CARTESIAN_POINT('',(0.011646100319922,-0.003,0.00450997985899448));
#2669=CARTESIAN_POINT('',(0.0125155467540026,-0.003,0.00450997985899448));
#2670=CARTESIAN_POINT('',(0.0133849931880832,-0.003,0.00450997985899448));
#2671=CARTESIAN_POINT('',(0.0133849931880832,-0.003,0.));
#2672=CARTESIAN_POINT('',(0.0053426125086844,-0.003,-0.0129870837554336));
#2673=CARTESIAN_POINT('',(0.0046905274502933,-0.003,-0.0129870837554336));
#2674=CARTESIAN_POINT('',(0.00599469756707549,-0.003,-0.0129870837554336));
#2675=CARTESIAN_POINT('',(0.00599469756707549,-0.003,-0.0168995936401188));
#2676=CARTESIAN_POINT('',(0.00599469756707549,-0.003,-0.0208121035248041));
#2677=CARTESIAN_POINT('',(0.0053426125086844,-0.003,-0.0208121035248041));
#2678=CARTESIAN_POINT('',(0.0046905274502933,-0.003,-0.0208121035248041));
#2679=CARTESIAN_POINT('',(0.0046905274502933,-0.003,-0.0168995936401188));
#2680=CARTESIAN_POINT('',(-0.02005485445261,-0.003,-0.00387652707286179));
#2681=CARTESIAN_POINT('',(-0.0191944241523743,-0.003,-0.00387652707286179));
#2682=CARTESIAN_POINT('',(-0.0209152847528458,-0.003,-0.00387652707286179));
#2683=CARTESIAN_POINT('',(-0.0209152847528458,-0.003,0.));
#2684=CARTESIAN_POINT('',(-0.0209152847528458,-0.003,0.00387652707286179));
#2685=CARTESIAN_POINT('',(-0.02005485445261,-0.003,0.00387652707286179));
#2686=CARTESIAN_POINT('',(-0.0191944241523743,-0.003,0.00387652707286179));
#2687=CARTESIAN_POINT('',(-0.0191944241523743,-0.003,0.));
#2688=CARTESIAN_POINT('',(0.0188190340995789,-0.003,-0.00450997985899448));
#2689=CARTESIAN_POINT('',(0.0196884796023369,-0.003,-0.00450997985899448));
#2690=CARTESIAN_POINT('',(0.0179495885968208,-0.003,-0.00450997985899448));
#2691=CARTESIAN_POINT('',(0.0179495885968208,-0.003,0.));
#2692=CARTESIAN_POINT('',(0.0179495885968208,-0.003,0.00450997985899448));
#2693=CARTESIAN_POINT('',(0.0188190340995789,-0.003,0.00450997985899448));
#2694=CARTESIAN_POINT('',(0.0196884796023369,-0.003,0.00450997985899448));
#2695=CARTESIAN_POINT('',(0.0196884796023369,-0.003,0.));
#2696=CARTESIAN_POINT('',(0.015993332490325,-0.003,-0.00450997985899448));
#2697=CARTESIAN_POINT('',(0.0168627798557281,-0.003,-0.00450997985899448));
#2698=CARTESIAN_POINT('',(0.0151238851249218,-0.003,-0.00450997985899448));
#2699=CARTESIAN_POINT('',(0.0151238851249218,-0.003,0.));
#2700=CARTESIAN_POINT('',(0.0151238851249218,-0.003,0.00450997985899448));
#2701=CARTESIAN_POINT('',(0.015993332490325,-0.003,0.00450997985899448));
#2702=CARTESIAN_POINT('',(0.0168627798557281,-0.003,0.00450997985899448));
#2703=CARTESIAN_POINT('',(0.0168627798557281,-0.003,0.));
#2704=CARTESIAN_POINT('',(0.00263396854279563,-0.003,0.0207202564924955));
#2705=CARTESIAN_POINT('',(0.00164310110267251,-0.003,0.0207202564924955));
#2706=CARTESIAN_POINT('',(0.00362483598291874,-0.003,0.0207202564924955));
#2707=CARTESIAN_POINT('',(0.00362483598291874,-0.003,0.0171531336382032));
#2708=CARTESIAN_POINT('',(0.00362483598291874,-0.003,0.0135860107839107));
#2709=CARTESIAN_POINT('',(0.00263396854279563,-0.003,0.0135860107839107));
#2710=CARTESIAN_POINT('',(0.00164310110267251,-0.003,0.0135860107839107));
#2711=CARTESIAN_POINT('',(0.00164310110267251,-0.003,0.0171531336382032));
#2712=CARTESIAN_POINT('',(-4.13735106121749E-5,-0.003,0.0207202564924955));
#2713=CARTESIAN_POINT('',(-0.00103224092163145,-0.003,0.0207202564924955));
#2714=CARTESIAN_POINT('',(0.000949493900407106,-0.003,0.0207202564924955));
#2715=CARTESIAN_POINT('',(0.000949493900407106,-0.003,0.0171531336382032));
#2716=CARTESIAN_POINT('',(0.000949493900407106,-0.003,0.0135860107839107));
#2717=CARTESIAN_POINT('',(-4.13735106121749E-5,-0.003,0.0135860107839107));
#2718=CARTESIAN_POINT('',(-0.00103224092163145,-0.003,0.0135860107839107));
#2719=CARTESIAN_POINT('',(-0.00103224092163145,-0.003,0.0171531336382032));
#2720=CARTESIAN_POINT('',(-0.0029581727250277,-0.003,0.0188914707292399));
#2721=CARTESIAN_POINT('',(-0.00202310830354691,-0.003,0.0203239098191261));
#2722=CARTESIAN_POINT('',(-0.0038932371465085,-0.003,0.0174590316393537));
#2723=CARTESIAN_POINT('',(-0.00288123484118298,-0.003,0.015868742189177));
#2724=CARTESIAN_POINT('',(-0.00186923253585745,-0.003,0.0142784527390003));
#2725=CARTESIAN_POINT('',(-0.0024911475612464,-0.003,0.013882688660115));
#2726=CARTESIAN_POINT('',(-0.00311306258663535,-0.003,0.0134869245812297));
#2727=CARTESIAN_POINT('',(-0.00394559497960067,-0.003,0.0147951898633302));
#2728=CARTESIAN_POINT('',(-0.00477812737256599,-0.003,0.0161034551454308));
#2729=CARTESIAN_POINT('',(-0.00572915640674687,-0.003,0.0146465596279861));
#2730=CARTESIAN_POINT('',(-0.00668018544092774,-0.003,0.0131896641105413));
#2731=CARTESIAN_POINT('',(-0.00724519298385995,-0.003,0.0135584884849908));
#2732=CARTESIAN_POINT('',(-0.00781020052679216,-0.003,0.0139273128594402));
#2733=CARTESIAN_POINT('',(-0.00669191811695075,-0.003,0.0156404263097971));
#2734=CARTESIAN_POINT('',(-0.00557363570710934,-0.003,0.0173535397601541));
#2735=CARTESIAN_POINT('',(-0.00642417081187624,-0.003,0.0186900950199572));
#2736=CARTESIAN_POINT('',(-0.00727470591664314,-0.003,0.0200266502797604));
#2737=CARTESIAN_POINT('',(-0.00665279089125419,-0.003,0.0204224143586457));
#2738=CARTESIAN_POINT('',(-0.00603087586586524,-0.003,0.020818178437531));
#2739=CARTESIAN_POINT('',(-0.00535981067345855,-0.003,0.019763647345804));
#2740=CARTESIAN_POINT('',(-0.00468874548105186,-0.003,0.018709116254077));
#2741=CARTESIAN_POINT('',(-0.00392093443523159,-0.003,0.019885337411051));
#2742=CARTESIAN_POINT('',(-0.00315312338941132,-0.003,0.021061558568025));
#2743=CARTESIAN_POINT('',(-0.00258811584647911,-0.003,0.0206927341935755));
#2744=CARTESIAN_POINT('',(0.,-0.003,1.3582674748432E-18));
#2745=CARTESIAN_POINT('',(0.,-0.003,-0.0221821912373246));
#2746=CARTESIAN_POINT('',(-0.0170341413656399,-0.003,0.00191012143310292));
#2747=CARTESIAN_POINT('',(-0.0181905869394541,-0.003,0.00358054297976196));
#2748=CARTESIAN_POINT('',(-0.0158776957918257,-0.003,0.000239699886443873));
#2749=CARTESIAN_POINT('',(-0.017642492355505,-0.003,0.00395999303948321));
#2750=CARTESIAN_POINT('',(-0.0170943977715559,-0.003,0.00433944309920445));
#2751=CARTESIAN_POINT('',(-0.0160884328561577,-0.003,0.00288638252470457));
#2752=CARTESIAN_POINT('',(-0.0150824679407594,-0.003,0.0014333219502047));
#2753=CARTESIAN_POINT('',(-0.0141028024627855,-0.003,0.00290378142675165));
#2754=CARTESIAN_POINT('',(-0.0131231369848116,-0.003,0.0043742409032986));
#2755=CARTESIAN_POINT('',(-0.0125274741491701,-0.003,0.00397739194153028));
#2756=CARTESIAN_POINT('',(-0.0119318113135286,-0.003,0.00358054297976196));
#2757=CARTESIAN_POINT('',(-0.013068857431006,-0.003,0.00187385812017754));
#2758=CARTESIAN_POINT('',(-0.0142059035484834,-0.003,0.000167173260593129));
#2759=CARTESIAN_POINT('',(-0.013068857431006,-0.003,-0.00147522684641309));
#2760=CARTESIAN_POINT('',(-0.0119318113135286,-0.003,-0.0031176269534193));
#2761=CARTESIAN_POINT('',(-0.0124799058974776,-0.003,-0.00349707701314054));
#2762=CARTESIAN_POINT('',(-0.0130280004814267,-0.003,-0.00387652707286179));
#2763=CARTESIAN_POINT('',(-0.0140145659404882,-0.003,-0.00245148793801475));
#2764=CARTESIAN_POINT('',(-0.0150011313995497,-0.003,-0.0010264488031677));
#2765=CARTESIAN_POINT('',(-0.0159505364443251,-0.003,-0.00245148793801475));
#2766=CARTESIAN_POINT('',(-0.0168999414891004,-0.003,-0.00387652707286179));
#2767=CARTESIAN_POINT('',(-0.017495604324742,-0.003,-0.00347967811109347));
#2768=CARTESIAN_POINT('',(-0.0180912671603835,-0.003,-0.00308282914932515));
#2769=CARTESIAN_POINT('',(-0.0169844814761046,-0.003,-0.00142156463144064));
#2770=CARTESIAN_POINT('',(-0.00037544218895786,-0.003,-0.0206444450065691));
#2771=CARTESIAN_POINT('',(1.35283268872671E-5,-0.003,-0.0208121035248041));
#2772=CARTESIAN_POINT('',(-0.000764412704802989,-0.003,-0.0204767864883341));
#2773=CARTESIAN_POINT('',(-0.00108000520474461,-0.003,-0.0206444450065691));
#2774=CARTESIAN_POINT('',(-0.00139559770468622,-0.003,-0.0208121035248041));
#2775=CARTESIAN_POINT('',(-0.00324317190097645,-0.003,-0.0173343168571591));
#2776=CARTESIAN_POINT('',(-0.00509074609726667,-0.003,-0.0138565301895142));
#2777=CARTESIAN_POINT('',(-0.00438618308147992,-0.003,-0.0134822310814813));
#2778=CARTESIAN_POINT('',(-0.00368162006569318,-0.003,-0.0131079319734485));
#2779=CARTESIAN_POINT('',(-0.00213394779603268,-0.003,-0.0160211973763301));
#2780=CARTESIAN_POINT('',(-0.00058627552637218,-0.003,-0.0189344627792117));
#2781=CARTESIAN_POINT('',(0.000805868350536975,-0.003,-0.0157046661209058));
#2782=CARTESIAN_POINT('',(0.00219801222744613,-0.003,-0.0124748694625999));
#2783=CARTESIAN_POINT('',(0.00279218501330927,-0.003,-0.0127309766090167));
#2784=CARTESIAN_POINT('',(0.0033863577991724,-0.003,-0.0129870837554336));
#2785=CARTESIAN_POINT('',(0.00169994306302984,-0.003,-0.0168995936401188));
#2786=CARTESIAN_POINT('',(-0.00407310016453266,-0.003,0.00499752850531019));
#2787=CARTESIAN_POINT('',(-8.67361737988404E-19,-0.003,0.00155947519984795));
#2788=CARTESIAN_POINT('',(-0.00814620032906532,-0.003,0.00843558181077242));
#2789=CARTESIAN_POINT('',(0.00502094579860568,-0.003,0.00623403803704656));
#2790=CARTESIAN_POINT('',(0.0100418915972114,-0.003,0.0109086008742452));
#2791=CARTESIAN_POINT('',(0.0107548562809825,-0.003,0.0109637202695012));
#2792=CARTESIAN_POINT('',(0.0114678209647536,-0.003,0.0110188396647572));
#2793=CARTESIAN_POINT('',(0.0113303415685894,-0.003,0.0103455917861325));
#2794=CARTESIAN_POINT('',(0.0111928621724251,-0.003,0.00967234390750786));
#2795=CARTESIAN_POINT('',(0.0061719163738194,-0.003,0.00499778107030925));
#2796=CARTESIAN_POINT('',(0.00144188988558066,-0.003,0.000594067720719608));
#2797=CARTESIAN_POINT('',(0.,-0.003,9.54903155921736E-20));
#2798=CARTESIAN_POINT('',(-0.0014255079856833,-0.003,0.0006323684698765));
#2799=CARTESIAN_POINT('',(-0.00512316011590646,-0.003,0.00375351074854222));
#2800=CARTESIAN_POINT('',(-0.00919626028043912,-0.003,0.00719156405400446));
#2801=CARTESIAN_POINT('',(-0.0095451205444976,-0.003,0.00806325585802998));
#2802=CARTESIAN_POINT('',(-0.00989398080855608,-0.003,0.0089349476620555));
#2803=CARTESIAN_POINT('',(-0.0090200905688107,-0.003,0.00868526473641396));
#2804=CARTESIAN_POINT('',(0.,-0.005,9.54903155921736E-20));
#2805=CARTESIAN_POINT('',(0.00144188988558066,-0.005,0.000594067720719608));
#2806=CARTESIAN_POINT('',(0.00144188988558066,-0.005,0.000594067720719608));
#2807=CARTESIAN_POINT('',(0.,-0.005,9.54903155921736E-20));
#2808=CARTESIAN_POINT('',(-0.0014255079856833,-0.005,0.0006323684698765));
#2809=CARTESIAN_POINT('',(-0.0014255079856833,-0.005,0.0006323684698765));
#2810=CARTESIAN_POINT('',(0.,-0.005,1.53881826671283E-18));
#2811=CARTESIAN_POINT('',(0.,-0.005,1.53881826671283E-18));
#2812=CARTESIAN_POINT('',(0.,-0.005,-0.0251308094347564));
#2813=CARTESIAN_POINT('',(0.,0.,1.53881826671283E-18));
#2814=CARTESIAN_POINT('',(0.,0.,-0.0251308094347564));
#2815=CARTESIAN_POINT('',(0.,-0.005,0.));
#2816=CARTESIAN_POINT('',(0.,-0.005,1.3582674748432E-18));
#2817=CARTESIAN_POINT('',(0.,-0.005,-0.0221821912373246));
#2818=CARTESIAN_POINT('',(0.,0.,0.));
#2819=CARTESIAN_POINT('',(0.,-0.003,1.3582674748432E-18));
#2820=CARTESIAN_POINT('',(0.,-0.005,0.));
#2821=CARTESIAN_POINT('',(0.00502094579860568,-0.005,0.00623403803704656));
#2822=CARTESIAN_POINT('',(-8.67361737988404E-19,-0.005,0.00155947519984795));
#2823=CARTESIAN_POINT('',(0.0100418915972114,-0.005,0.0109086008742452));
#2824=CARTESIAN_POINT('',(-0.00407310016453266,-0.005,0.00499752850531019));
#2825=CARTESIAN_POINT('',(-0.00814620032906532,-0.005,0.00843558181077242));
#2826=CARTESIAN_POINT('',(-0.0090200905688107,-0.005,0.00868526473641396));
#2827=CARTESIAN_POINT('',(-0.00989398080855608,-0.005,0.00893494766205549));
#2828=CARTESIAN_POINT('',(-0.0095451205444976,-0.005,0.00806325585802998));
#2829=CARTESIAN_POINT('',(-0.00919626028043912,-0.005,0.00719156405400446));
#2830=CARTESIAN_POINT('',(-0.00512316011590646,-0.005,0.00375351074854222));
#2831=CARTESIAN_POINT('',(0.0061719163738194,-0.005,0.00499778107030925));
#2832=CARTESIAN_POINT('',(0.0111928621724251,-0.005,0.00967234390750786));
#2833=CARTESIAN_POINT('',(0.0113303415685894,-0.005,0.0103455917861325));
#2834=CARTESIAN_POINT('',(0.0114678209647536,-0.005,0.0110188396647572));
#2835=CARTESIAN_POINT('',(0.0107548562809825,-0.005,0.0109637202695012));
#2836=CARTESIAN_POINT('',(-0.0029581727250277,-0.005,0.0188914707292399));
#2837=CARTESIAN_POINT('',(-0.00202310830354691,-0.005,0.0203239098191261));
#2838=CARTESIAN_POINT('',(-0.00202310830354691,-0.005,0.0203239098191261));
#2839=CARTESIAN_POINT('',(-0.0029581727250277,-0.005,0.0188914707292399));
#2840=CARTESIAN_POINT('',(-0.0038932371465085,-0.005,0.0174590316393537));
#2841=CARTESIAN_POINT('',(-0.0038932371465085,-0.005,0.0174590316393537));
#2842=CARTESIAN_POINT('',(-0.00258811584647911,-0.005,0.0206927341935755));
#2843=CARTESIAN_POINT('',(-0.00315312338941132,-0.005,0.021061558568025));
#2844=CARTESIAN_POINT('',(-0.00315312338941132,-0.005,0.021061558568025));
#2845=CARTESIAN_POINT('',(-0.00258811584647911,-0.005,0.0206927341935755));
#2846=CARTESIAN_POINT('',(-0.00392093443523159,-0.005,0.019885337411051));
#2847=CARTESIAN_POINT('',(-0.00468874548105186,-0.005,0.018709116254077));
#2848=CARTESIAN_POINT('',(-0.00468874548105186,-0.005,0.018709116254077));
#2849=CARTESIAN_POINT('',(-0.00392093443523159,-0.005,0.019885337411051));
#2850=CARTESIAN_POINT('',(-0.00535981067345855,-0.005,0.019763647345804));
#2851=CARTESIAN_POINT('',(-0.00603087586586524,-0.005,0.020818178437531));
#2852=CARTESIAN_POINT('',(-0.00603087586586524,-0.005,0.020818178437531));
#2853=CARTESIAN_POINT('',(-0.00535981067345855,-0.005,0.019763647345804));
#2854=CARTESIAN_POINT('',(-0.00665279089125419,-0.005,0.0204224143586457));
#2855=CARTESIAN_POINT('',(-0.00727470591664314,-0.005,0.0200266502797604));
#2856=CARTESIAN_POINT('',(-0.00727470591664314,-0.005,0.0200266502797604));
#2857=CARTESIAN_POINT('',(-0.00665279089125419,-0.005,0.0204224143586457));
#2858=CARTESIAN_POINT('',(-0.00642417081187624,-0.005,0.0186900950199572));
#2859=CARTESIAN_POINT('',(-0.00557363570710934,-0.005,0.0173535397601541));
#2860=CARTESIAN_POINT('',(-0.00557363570710934,-0.005,0.0173535397601541));
#2861=CARTESIAN_POINT('',(-0.00642417081187624,-0.005,0.0186900950199572));
#2862=CARTESIAN_POINT('',(-0.00669191811695075,-0.005,0.0156404263097971));
#2863=CARTESIAN_POINT('',(-0.00781020052679216,-0.005,0.0139273128594402));
#2864=CARTESIAN_POINT('',(-0.00781020052679216,-0.005,0.0139273128594402));
#2865=CARTESIAN_POINT('',(-0.00669191811695075,-0.005,0.0156404263097971));
#2866=CARTESIAN_POINT('',(-0.00724519298385995,-0.005,0.0135584884849908));
#2867=CARTESIAN_POINT('',(-0.00668018544092774,-0.005,0.0131896641105413));
#2868=CARTESIAN_POINT('',(-0.00668018544092774,-0.005,0.0131896641105413));
#2869=CARTESIAN_POINT('',(-0.00724519298385995,-0.005,0.0135584884849908));
#2870=CARTESIAN_POINT('',(-0.00572915640674687,-0.005,0.0146465596279861));
#2871=CARTESIAN_POINT('',(-0.00477812737256599,-0.005,0.0161034551454308));
#2872=CARTESIAN_POINT('',(-0.00477812737256599,-0.005,0.0161034551454308));
#2873=CARTESIAN_POINT('',(-0.00572915640674687,-0.005,0.0146465596279861));
#2874=CARTESIAN_POINT('',(-0.00394559497960067,-0.005,0.0147951898633302));
#2875=CARTESIAN_POINT('',(-0.00311306258663535,-0.005,0.0134869245812297));
#2876=CARTESIAN_POINT('',(-0.00311306258663535,-0.005,0.0134869245812297));
#2877=CARTESIAN_POINT('',(-0.00394559497960067,-0.005,0.0147951898633302));
#2878=CARTESIAN_POINT('',(-0.0024911475612464,-0.005,0.013882688660115));
#2879=CARTESIAN_POINT('',(-0.00186923253585745,-0.005,0.0142784527390003));
#2880=CARTESIAN_POINT('',(-0.00186923253585745,-0.005,0.0142784527390003));
#2881=CARTESIAN_POINT('',(-0.0024911475612464,-0.005,0.013882688660115));
#2882=CARTESIAN_POINT('',(-0.00288123484118298,-0.005,0.015868742189177));
#2883=CARTESIAN_POINT('',(-0.00288123484118298,-0.005,0.015868742189177));
#2884=CARTESIAN_POINT('',(0.,-0.005,0.));
#2885=CARTESIAN_POINT('',(-0.017642492355505,-0.005,0.00395999303948321));
#2886=CARTESIAN_POINT('',(-0.0181905869394541,-0.005,0.00358054297976196));
#2887=CARTESIAN_POINT('',(-0.0181905869394541,-0.005,0.00358054297976196));
#2888=CARTESIAN_POINT('',(-0.017642492355505,-0.005,0.00395999303948321));
#2889=CARTESIAN_POINT('',(-0.0170943977715559,-0.005,0.00433944309920445));
#2890=CARTESIAN_POINT('',(-0.0170943977715559,-0.005,0.00433944309920445));
#2891=CARTESIAN_POINT('',(-0.0170341413656399,-0.005,0.00191012143310292));
#2892=CARTESIAN_POINT('',(-0.0158776957918257,-0.005,0.000239699886443873));
#2893=CARTESIAN_POINT('',(-0.0158776957918257,-0.005,0.000239699886443873));
#2894=CARTESIAN_POINT('',(-0.0170341413656399,-0.005,0.00191012143310292));
#2895=CARTESIAN_POINT('',(-0.0169844814761046,-0.005,-0.00142156463144064));
#2896=CARTESIAN_POINT('',(-0.0180912671603835,-0.005,-0.00308282914932515));
#2897=CARTESIAN_POINT('',(-0.0180912671603835,-0.005,-0.00308282914932515));
#2898=CARTESIAN_POINT('',(-0.0169844814761046,-0.005,-0.00142156463144064));
#2899=CARTESIAN_POINT('',(-0.017495604324742,-0.005,-0.00347967811109347));
#2900=CARTESIAN_POINT('',(-0.0168999414891004,-0.005,-0.00387652707286179));
#2901=CARTESIAN_POINT('',(-0.0168999414891004,-0.005,-0.00387652707286179));
#2902=CARTESIAN_POINT('',(-0.017495604324742,-0.005,-0.00347967811109347));
#2903=CARTESIAN_POINT('',(-0.0159505364443251,-0.005,-0.00245148793801475));
#2904=CARTESIAN_POINT('',(-0.0150011313995497,-0.005,-0.0010264488031677));
#2905=CARTESIAN_POINT('',(-0.0150011313995497,-0.005,-0.0010264488031677));
#2906=CARTESIAN_POINT('',(-0.0159505364443251,-0.005,-0.00245148793801475));
#2907=CARTESIAN_POINT('',(-0.0140145659404882,-0.005,-0.00245148793801475));
#2908=CARTESIAN_POINT('',(-0.0130280004814267,-0.005,-0.00387652707286179));
#2909=CARTESIAN_POINT('',(-0.0130280004814267,-0.005,-0.00387652707286179));
#2910=CARTESIAN_POINT('',(-0.0140145659404882,-0.005,-0.00245148793801475));
#2911=CARTESIAN_POINT('',(-0.0124799058974776,-0.005,-0.00349707701314054));
#2912=CARTESIAN_POINT('',(-0.0119318113135286,-0.005,-0.0031176269534193));
#2913=CARTESIAN_POINT('',(-0.0119318113135286,-0.005,-0.0031176269534193));
#2914=CARTESIAN_POINT('',(-0.0124799058974776,-0.005,-0.00349707701314054));
#2915=CARTESIAN_POINT('',(-0.013068857431006,-0.005,-0.00147522684641309));
#2916=CARTESIAN_POINT('',(-0.0142059035484834,-0.005,0.000167173260593129));
#2917=CARTESIAN_POINT('',(-0.0142059035484834,-0.005,0.000167173260593129));
#2918=CARTESIAN_POINT('',(-0.013068857431006,-0.005,-0.00147522684641309));
#2919=CARTESIAN_POINT('',(-0.013068857431006,-0.005,0.00187385812017754));
#2920=CARTESIAN_POINT('',(-0.0119318113135286,-0.005,0.00358054297976196));
#2921=CARTESIAN_POINT('',(-0.0119318113135286,-0.005,0.00358054297976196));
#2922=CARTESIAN_POINT('',(-0.013068857431006,-0.005,0.00187385812017754));
#2923=CARTESIAN_POINT('',(-0.0125274741491701,-0.005,0.00397739194153028));
#2924=CARTESIAN_POINT('',(-0.0131231369848116,-0.005,0.0043742409032986));
#2925=CARTESIAN_POINT('',(-0.0131231369848116,-0.005,0.0043742409032986));
#2926=CARTESIAN_POINT('',(-0.0125274741491701,-0.005,0.00397739194153028));
#2927=CARTESIAN_POINT('',(-0.0141028024627855,-0.005,0.00290378142675165));
#2928=CARTESIAN_POINT('',(-0.0150824679407594,-0.005,0.0014333219502047));
#2929=CARTESIAN_POINT('',(-0.0150824679407594,-0.005,0.0014333219502047));
#2930=CARTESIAN_POINT('',(-0.0141028024627855,-0.005,0.00290378142675165));
#2931=CARTESIAN_POINT('',(-0.0160884328561577,-0.005,0.00288638252470457));
#2932=CARTESIAN_POINT('',(-0.0160884328561577,-0.005,0.00288638252470457));
#2933=CARTESIAN_POINT('',(0.,-0.005,0.));
#2934=CARTESIAN_POINT('',(-4.13735106121749E-5,-0.005,0.0207202564924955));
#2935=CARTESIAN_POINT('',(-0.00103224092163145,-0.005,0.0207202564924955));
#2936=CARTESIAN_POINT('',(-0.00103224092163145,-0.005,0.0207202564924955));
#2937=CARTESIAN_POINT('',(-4.13735106121749E-5,-0.005,0.0207202564924955));
#2938=CARTESIAN_POINT('',(0.000949493900407106,-0.005,0.0207202564924955));
#2939=CARTESIAN_POINT('',(0.000949493900407106,-0.005,0.0207202564924955));
#2940=CARTESIAN_POINT('',(-0.00103224092163145,-0.005,0.0171531336382032));
#2941=CARTESIAN_POINT('',(-0.00103224092163145,-0.005,0.0135860107839107));
#2942=CARTESIAN_POINT('',(-0.00103224092163145,-0.005,0.0135860107839107));
#2943=CARTESIAN_POINT('',(-0.00103224092163145,-0.005,0.0171531336382032));
#2944=CARTESIAN_POINT('',(-4.13735106121749E-5,-0.005,0.0135860107839107));
#2945=CARTESIAN_POINT('',(0.000949493900407106,-0.005,0.0135860107839107));
#2946=CARTESIAN_POINT('',(0.000949493900407106,-0.005,0.0135860107839107));
#2947=CARTESIAN_POINT('',(-4.13735106121749E-5,-0.005,0.0135860107839107));
#2948=CARTESIAN_POINT('',(0.000949493900407106,-0.005,0.0171531336382032));
#2949=CARTESIAN_POINT('',(0.000949493900407106,-0.005,0.0171531336382032));
#2950=CARTESIAN_POINT('',(0.,-0.005,0.));
#2951=CARTESIAN_POINT('',(0.00263396854279563,-0.005,0.0207202564924955));
#2952=CARTESIAN_POINT('',(0.00164310110267251,-0.005,0.0207202564924955));
#2953=CARTESIAN_POINT('',(0.00164310110267251,-0.005,0.0207202564924955));
#2954=CARTESIAN_POINT('',(0.00263396854279563,-0.005,0.0207202564924955));
#2955=CARTESIAN_POINT('',(0.00362483598291874,-0.005,0.0207202564924955));
#2956=CARTESIAN_POINT('',(0.00362483598291874,-0.005,0.0207202564924955));
#2957=CARTESIAN_POINT('',(0.00164310110267251,-0.005,0.0171531336382032));
#2958=CARTESIAN_POINT('',(0.00164310110267251,-0.005,0.0135860107839107));
#2959=CARTESIAN_POINT('',(0.00164310110267251,-0.005,0.0135860107839107));
#2960=CARTESIAN_POINT('',(0.00164310110267251,-0.005,0.0171531336382032));
#2961=CARTESIAN_POINT('',(0.00263396854279563,-0.005,0.0135860107839107));
#2962=CARTESIAN_POINT('',(0.00362483598291874,-0.005,0.0135860107839107));
#2963=CARTESIAN_POINT('',(0.00362483598291874,-0.005,0.0135860107839107));
#2964=CARTESIAN_POINT('',(0.00263396854279563,-0.005,0.0135860107839107));
#2965=CARTESIAN_POINT('',(0.00362483598291874,-0.005,0.0171531336382032));
#2966=CARTESIAN_POINT('',(0.00362483598291874,-0.005,0.0171531336382032));
#2967=CARTESIAN_POINT('',(0.,-0.005,0.));
#2968=CARTESIAN_POINT('',(0.015993332490325,-0.005,-0.00450997985899448));
#2969=CARTESIAN_POINT('',(0.0168627798557281,-0.005,-0.00450997985899448));
#2970=CARTESIAN_POINT('',(0.0168627798557281,-0.005,-0.00450997985899448));
#2971=CARTESIAN_POINT('',(0.015993332490325,-0.005,-0.00450997985899448));
#2972=CARTESIAN_POINT('',(0.0151238851249218,-0.005,-0.00450997985899448));
#2973=CARTESIAN_POINT('',(0.0151238851249218,-0.005,-0.00450997985899448));
#2974=CARTESIAN_POINT('',(0.0168627798557281,-0.005,0.));
#2975=CARTESIAN_POINT('',(0.0168627798557281,-0.005,0.00450997985899448));
#2976=CARTESIAN_POINT('',(0.0168627798557281,-0.005,0.00450997985899448));
#2977=CARTESIAN_POINT('',(0.0168627798557281,-0.005,0.));
#2978=CARTESIAN_POINT('',(0.015993332490325,-0.005,0.00450997985899448));
#2979=CARTESIAN_POINT('',(0.0151238851249218,-0.005,0.00450997985899448));
#2980=CARTESIAN_POINT('',(0.0151238851249218,-0.005,0.00450997985899448));
#2981=CARTESIAN_POINT('',(0.015993332490325,-0.005,0.00450997985899448));
#2982=CARTESIAN_POINT('',(0.0151238851249218,-0.005,0.));
#2983=CARTESIAN_POINT('',(0.0151238851249218,-0.005,0.));
#2984=CARTESIAN_POINT('',(0.,-0.005,0.));
#2985=CARTESIAN_POINT('',(0.0188190340995789,-0.005,-0.00450997985899448));
#2986=CARTESIAN_POINT('',(0.0196884796023369,-0.005,-0.00450997985899448));
#2987=CARTESIAN_POINT('',(0.0196884796023369,-0.005,-0.00450997985899448));
#2988=CARTESIAN_POINT('',(0.0188190340995789,-0.005,-0.00450997985899448));
#2989=CARTESIAN_POINT('',(0.0179495885968208,-0.005,-0.00450997985899448));
#2990=CARTESIAN_POINT('',(0.0179495885968208,-0.005,-0.00450997985899448));
#2991=CARTESIAN_POINT('',(0.0196884796023369,-0.005,0.));
#2992=CARTESIAN_POINT('',(0.0196884796023369,-0.005,0.00450997985899448));
#2993=CARTESIAN_POINT('',(0.0196884796023369,-0.005,0.00450997985899448));
#2994=CARTESIAN_POINT('',(0.0196884796023369,-0.005,0.));
#2995=CARTESIAN_POINT('',(0.0188190340995789,-0.005,0.00450997985899448));
#2996=CARTESIAN_POINT('',(0.0179495885968208,-0.005,0.00450997985899448));
#2997=CARTESIAN_POINT('',(0.0179495885968208,-0.005,0.00450997985899448));
#2998=CARTESIAN_POINT('',(0.0188190340995789,-0.005,0.00450997985899448));
#2999=CARTESIAN_POINT('',(0.0179495885968208,-0.005,0.));
#3000=CARTESIAN_POINT('',(0.0179495885968208,-0.005,0.));
#3001=CARTESIAN_POINT('',(0.,-0.005,0.));
#3002=CARTESIAN_POINT('',(-0.02005485445261,-0.005,-0.00387652707286179));
#3003=CARTESIAN_POINT('',(-0.0191944241523743,-0.005,-0.00387652707286179));
#3004=CARTESIAN_POINT('',(-0.0191944241523743,-0.005,-0.00387652707286179));
#3005=CARTESIAN_POINT('',(-0.02005485445261,-0.005,-0.00387652707286179));
#3006=CARTESIAN_POINT('',(-0.0209152847528458,-0.005,-0.00387652707286179));
#3007=CARTESIAN_POINT('',(-0.0209152847528458,-0.005,-0.00387652707286179));
#3008=CARTESIAN_POINT('',(-0.0191944241523743,-0.005,0.));
#3009=CARTESIAN_POINT('',(-0.0191944241523743,-0.005,0.00387652707286179));
#3010=CARTESIAN_POINT('',(-0.0191944241523743,-0.005,0.00387652707286179));
#3011=CARTESIAN_POINT('',(-0.0191944241523743,-0.005,0.));
#3012=CARTESIAN_POINT('',(-0.02005485445261,-0.005,0.00387652707286179));
#3013=CARTESIAN_POINT('',(-0.0209152847528458,-0.005,0.00387652707286179));
#3014=CARTESIAN_POINT('',(-0.0209152847528458,-0.005,0.00387652707286179));
#3015=CARTESIAN_POINT('',(-0.02005485445261,-0.005,0.00387652707286179));
#3016=CARTESIAN_POINT('',(-0.0209152847528458,-0.005,0.));
#3017=CARTESIAN_POINT('',(-0.0209152847528458,-0.005,0.));
#3018=CARTESIAN_POINT('',(0.,-0.005,0.));
#3019=CARTESIAN_POINT('',(0.0053426125086844,-0.005,-0.0129870837554336));
#3020=CARTESIAN_POINT('',(0.0046905274502933,-0.005,-0.0129870837554336));
#3021=CARTESIAN_POINT('',(0.0046905274502933,-0.005,-0.0129870837554336));
#3022=CARTESIAN_POINT('',(0.0053426125086844,-0.005,-0.0129870837554336));
#3023=CARTESIAN_POINT('',(0.00599469756707549,-0.005,-0.0129870837554336));
#3024=CARTESIAN_POINT('',(0.00599469756707549,-0.005,-0.0129870837554336));
#3025=CARTESIAN_POINT('',(0.0046905274502933,-0.005,-0.0168995936401188));
#3026=CARTESIAN_POINT('',(0.0046905274502933,-0.005,-0.0208121035248041));
#3027=CARTESIAN_POINT('',(0.0046905274502933,-0.005,-0.0208121035248041));
#3028=CARTESIAN_POINT('',(0.0046905274502933,-0.005,-0.0168995936401188));
#3029=CARTESIAN_POINT('',(0.0053426125086844,-0.005,-0.0208121035248041));
#3030=CARTESIAN_POINT('',(0.00599469756707549,-0.005,-0.0208121035248041));
#3031=CARTESIAN_POINT('',(0.00599469756707549,-0.005,-0.0208121035248041));
#3032=CARTESIAN_POINT('',(0.0053426125086844,-0.005,-0.0208121035248041));
#3033=CARTESIAN_POINT('',(0.00599469756707549,-0.005,-0.0168995936401188));
#3034=CARTESIAN_POINT('',(0.00599469756707549,-0.005,-0.0168995936401188));
#3035=CARTESIAN_POINT('',(0.,-0.005,0.));
#3036=CARTESIAN_POINT('',(-0.00108000520474461,-0.005,-0.0206444450065691));
#3037=CARTESIAN_POINT('',(-0.000764412704802989,-0.005,-0.0204767864883341));
#3038=CARTESIAN_POINT('',(-0.000764412704802989,-0.005,-0.0204767864883341));
#3039=CARTESIAN_POINT('',(-0.00108000520474461,-0.005,-0.0206444450065691));
#3040=CARTESIAN_POINT('',(-0.00139559770468622,-0.005,-0.0208121035248041));
#3041=CARTESIAN_POINT('',(-0.00139559770468622,-0.005,-0.0208121035248041));
#3042=CARTESIAN_POINT('',(-0.00037544218895786,-0.005,-0.0206444450065691));
#3043=CARTESIAN_POINT('',(1.35283268872671E-5,-0.005,-0.0208121035248041));
#3044=CARTESIAN_POINT('',(1.35283268872671E-5,-0.005,-0.0208121035248041));
#3045=CARTESIAN_POINT('',(-0.00037544218895786,-0.005,-0.0206444450065691));
#3046=CARTESIAN_POINT('',(0.00169994306302984,-0.005,-0.0168995936401188));
#3047=CARTESIAN_POINT('',(0.0033863577991724,-0.005,-0.0129870837554336));
#3048=CARTESIAN_POINT('',(0.0033863577991724,-0.005,-0.0129870837554336));
#3049=CARTESIAN_POINT('',(0.00169994306302984,-0.005,-0.0168995936401188));
#3050=CARTESIAN_POINT('',(0.00279218501330927,-0.005,-0.0127309766090167));
#3051=CARTESIAN_POINT('',(0.00219801222744613,-0.005,-0.0124748694625999));
#3052=CARTESIAN_POINT('',(0.00219801222744613,-0.005,-0.0124748694625999));
#3053=CARTESIAN_POINT('',(0.00279218501330927,-0.005,-0.0127309766090167));
#3054=CARTESIAN_POINT('',(0.000805868350536975,-0.005,-0.0157046661209058));
#3055=CARTESIAN_POINT('',(-0.00058627552637218,-0.005,-0.0189344627792117));
#3056=CARTESIAN_POINT('',(-0.00058627552637218,-0.005,-0.0189344627792117));
#3057=CARTESIAN_POINT('',(0.000805868350536975,-0.005,-0.0157046661209058));
#3058=CARTESIAN_POINT('',(-0.00213394779603268,-0.005,-0.0160211973763301));
#3059=CARTESIAN_POINT('',(-0.00368162006569318,-0.005,-0.0131079319734485));
#3060=CARTESIAN_POINT('',(-0.00368162006569318,-0.005,-0.0131079319734485));
#3061=CARTESIAN_POINT('',(-0.00213394779603268,-0.005,-0.0160211973763301));
#3062=CARTESIAN_POINT('',(-0.00438618308147992,-0.005,-0.0134822310814813));
#3063=CARTESIAN_POINT('',(-0.00509074609726667,-0.005,-0.0138565301895142));
#3064=CARTESIAN_POINT('',(-0.00509074609726667,-0.005,-0.0138565301895142));
#3065=CARTESIAN_POINT('',(-0.00438618308147992,-0.005,-0.0134822310814813));
#3066=CARTESIAN_POINT('',(-0.00324317190097645,-0.005,-0.0173343168571591));
#3067=CARTESIAN_POINT('',(-0.00324317190097645,-0.005,-0.0173343168571591));
#3068=CARTESIAN_POINT('',(0.,-0.005,0.));
#3069=CARTESIAN_POINT('',(0.0125155467540026,-0.005,-0.00450997985899448));
#3070=CARTESIAN_POINT('',(0.0133849931880832,-0.005,-0.00450997985899448));
#3071=CARTESIAN_POINT('',(0.0133849931880832,-0.005,-0.00450997985899448));
#3072=CARTESIAN_POINT('',(0.0125155467540026,-0.005,-0.00450997985899448));
#3073=CARTESIAN_POINT('',(0.011646100319922,-0.005,-0.00450997985899448));
#3074=CARTESIAN_POINT('',(0.011646100319922,-0.005,-0.00450997985899448));
#3075=CARTESIAN_POINT('',(0.0133849931880832,-0.005,0.));
#3076=CARTESIAN_POINT('',(0.0133849931880832,-0.005,0.00450997985899448));
#3077=CARTESIAN_POINT('',(0.0133849931880832,-0.005,0.00450997985899448));
#3078=CARTESIAN_POINT('',(0.0133849931880832,-0.005,0.));
#3079=CARTESIAN_POINT('',(0.0125155467540026,-0.005,0.00450997985899448));
#3080=CARTESIAN_POINT('',(0.011646100319922,-0.005,0.00450997985899448));
#3081=CARTESIAN_POINT('',(0.011646100319922,-0.005,0.00450997985899448));
#3082=CARTESIAN_POINT('',(0.0125155467540026,-0.005,0.00450997985899448));
#3083=CARTESIAN_POINT('',(0.011646100319922,-0.005,0.));
#3084=CARTESIAN_POINT('',(0.011646100319922,-0.005,0.));
#3085=CARTESIAN_POINT('',(0.,-0.005,0.));
#3086=CARTESIAN_POINT('',(-0.00512316011590646,-0.005,0.00375351074854222));
#3087=CARTESIAN_POINT('',(-0.00919626028043912,-0.005,0.00719156405400446));
#3088=CARTESIAN_POINT('',(-0.00407310016453266,-0.005,0.00499752850531019));
#3089=CARTESIAN_POINT('',(-0.00814620032906532,-0.005,0.00843558181077242));
#3090=CARTESIAN_POINT('',(-8.67361737988404E-19,-0.005,0.00155947519984795));
#3091=CARTESIAN_POINT('',(-0.0090200905688107,-0.005,0.00868526473641396));
#3092=CARTESIAN_POINT('',(-0.00989398080855608,-0.005,0.00893494766205549));
#3093=CARTESIAN_POINT('',(-0.0095451205444976,-0.005,0.00806325585802998));
#3094=CARTESIAN_POINT('',(0.0061719163738194,-0.005,0.00499778107030925));
#3095=CARTESIAN_POINT('',(0.0111928621724251,-0.005,0.00967234390750786));
#3096=CARTESIAN_POINT('',(0.00502094579860568,-0.005,0.00623403803704656));
#3097=CARTESIAN_POINT('',(0.0100418915972114,-0.005,0.0109086008742452));
#3098=CARTESIAN_POINT('',(0.0107548562809825,-0.005,0.0109637202695012));
#3099=CARTESIAN_POINT('',(0.0114678209647536,-0.005,0.0110188396647572));
#3100=CARTESIAN_POINT('',(0.0113303415685894,-0.005,0.0103455917861325));
#3101=MECHANICAL_DESIGN_GEOMETRIC_PRESENTATION_REPRESENTATION('',(#1659,
#1486,#1487,#1488,#1489,#1490,#1491,#1492,#1493,#1494,#1495,#1496,#1497,
#1498,#1499,#1500,#1501,#1502,#1503,#1504,#1505,#1506,#1507,#1508,#1509,
#1510,#1511,#1512,#1513,#1514,#1515,#1516,#1517,#1518,#1519,#1520,#1521,
#1522,#1523,#1524,#1525,#1526,#1527,#1528,#1529,#1530,#1531,#1532,#1533,
#1534,#1535,#1536,#1537,#1538,#1539,#1540,#1541,#1542,#1543,#1544,#1545,
#1546,#1547,#1548,#1549,#1550,#1551,#1552,#1553,#1554,#1555,#1556,#1557,
#1558,#1559,#1560,#1561,#1562,#1563,#1564,#1565,#1566,#1567,#1568,#1569,
#1570),#3102);
#3102=(
GEOMETRIC_REPRESENTATION_CONTEXT(3)
GLOBAL_UNCERTAINTY_ASSIGNED_CONTEXT((#3103))
GLOBAL_UNIT_ASSIGNED_CONTEXT((#3106,#3105,#3104))
REPRESENTATION_CONTEXT('Part 1','TOP_LEVEL_ASSEMBLY_PART')
);
#3103=UNCERTAINTY_MEASURE_WITH_UNIT(LENGTH_MEASURE(1.E-8),#3106,
'DISTANCE_ACCURACY_VALUE','Maximum Tolerance applied to model');
#3104=(
NAMED_UNIT(*)
SI_UNIT($,.STERADIAN.)
SOLID_ANGLE_UNIT()
);
#3105=(
NAMED_UNIT(*)
PLANE_ANGLE_UNIT()
SI_UNIT($,.RADIAN.)
);
#3106=(
LENGTH_UNIT()
NAMED_UNIT(*)
SI_UNIT($,.METRE.)
);
#3107=PRODUCT_DEFINITION_SHAPE('','',#3108);
#3108=PRODUCT_DEFINITION('','',#3110,#3109);
#3109=PRODUCT_DEFINITION_CONTEXT('',#3116,'design');
#3110=PRODUCT_DEFINITION_FORMATION_WITH_SPECIFIED_SOURCE('','',#3112,
 .NOT_KNOWN.);
#3111=PRODUCT_RELATED_PRODUCT_CATEGORY('','',(#3112));
#3112=PRODUCT('Part 1','Part 1','Part 1',(#3114));
#3113=PRODUCT_CATEGORY('','');
#3114=PRODUCT_CONTEXT('',#3116,'mechanical');
#3115=APPLICATION_PROTOCOL_DEFINITION('international standard',
'ap242_managed_model_based_3d_engineering',2020,#3116);
#3116=APPLICATION_CONTEXT('managed model based 3d engineering');
ENDSEC;
END-ISO-10303-21;
