ISO-10303-21;
HEADER;
/* Generated by software containing ST-Developer
 * from STEP Tools, Inc. (www.steptools.com) 
 */
/* OPTION: using custom renumber hook */

FILE_DESCRIPTION(
/* description */ ('STEP AP242 Edition 2',
'CAx-IF Rec.Pracs.---Representation and Presentation of Product Manufa
cturing Information (PMI)---4.0---2014-10-13',
'CAx-IF Rec.Pracs.---3D Tessellated Geometry---0.4---2014-09-14','2;1',
'CAx-IF Rec.Pracs.---User Defined Attributes---1.5---2016-08-15'),
/* implementation_level */ '2;1');

FILE_NAME(
/* name */ 'Part Studio 6',
/* time_stamp */ '2026-09-06T10:35:58Z',
/* author */ (''),
/* organization */ (''),
/* preprocessor_version */ 'ST-DEVELOPER v20',
/* originating_system */ 'ONSHAPE BY PTC INC, 1.220',
/* authorisation */ '  ');

FILE_SCHEMA (('AP242_MANAGED_MODEL_BASED_3D_ENGINEERING_MIM_LF { 1 0 10303 442 3 1 4 }'));
ENDSEC;

DATA;
#10=CIRCLE('',#3036,0.000656976852507697);
#11=CIRCLE('',#3123,0.000656976852507697);
#12=ELLIPSE('',#3020,0.000989949493661167,0.0007);
#13=ELLIPSE('',#3021,0.000989949493661167,0.0007);
#14=ELLIPSE('',#3023,0.000989949493661167,0.0007);
#15=ELLIPSE('',#3025,0.000989949493661167,0.0007);
#16=ELLIPSE('',#3052,0.000141421356237309,0.0001);
#17=ELLIPSE('',#3053,0.000141421356237309,0.0001);
#18=ELLIPSE('',#3055,0.000141421356237309,0.0001);
#19=ELLIPSE('',#3057,0.000141421356237309,0.0001);
#20=ELLIPSE('',#3061,0.000141421356237309,0.0001);
#21=ELLIPSE('',#3062,0.000141421356237309,0.0001);
#22=ELLIPSE('',#3064,0.000141421356237309,0.0001);
#23=ELLIPSE('',#3066,0.000141421356237309,0.0001);
#24=ELLIPSE('',#3069,0.000141421356237309,0.0001);
#25=ELLIPSE('',#3070,0.000141421356237309,0.0001);
#26=ELLIPSE('',#3072,0.000141421356237309,0.0001);
#27=ELLIPSE('',#3074,0.000141421356237309,0.0001);
#28=ELLIPSE('',#3077,0.000141421356237309,0.0001);
#29=ELLIPSE('',#3078,0.000141421356237309,0.0001);
#30=ELLIPSE('',#3080,0.000141421356237309,0.0001);
#31=ELLIPSE('',#3082,0.000141421356237309,0.0001);
#32=CYLINDRICAL_SURFACE('',#3019,0.0007);
#33=CYLINDRICAL_SURFACE('',#3022,0.0007);
#34=CYLINDRICAL_SURFACE('',#3024,0.0007);
#35=CYLINDRICAL_SURFACE('',#3026,0.0007);
#36=CYLINDRICAL_SURFACE('',#3051,0.0001);
#37=CYLINDRICAL_SURFACE('',#3054,0.0001);
#38=CYLINDRICAL_SURFACE('',#3056,0.0001);
#39=CYLINDRICAL_SURFACE('',#3058,0.0001);
#40=CYLINDRICAL_SURFACE('',#3060,0.0001);
#41=CYLINDRICAL_SURFACE('',#3063,0.0001);
#42=CYLINDRICAL_SURFACE('',#3065,0.0001);
#43=CYLINDRICAL_SURFACE('',#3067,0.0001);
#44=CYLINDRICAL_SURFACE('',#3068,0.0001);
#45=CYLINDRICAL_SURFACE('',#3071,0.0001);
#46=CYLINDRICAL_SURFACE('',#3073,0.0001);
#47=CYLINDRICAL_SURFACE('',#3075,0.0001);
#48=CYLINDRICAL_SURFACE('',#3076,0.0001);
#49=CYLINDRICAL_SURFACE('',#3079,0.0001);
#50=CYLINDRICAL_SURFACE('',#3081,0.0001);
#51=CYLINDRICAL_SURFACE('',#3083,0.0001);
#52=CYLINDRICAL_SURFACE('',#3122,0.000656976852507697);
#53=DRAUGHTING_PRE_DEFINED_COLOUR('white');
#54=DRAUGHTING_PRE_DEFINED_COLOUR('black');
#55=SHAPE_REPRESENTATION_RELATIONSHIP('','',#2970,#60);
#56=SHAPE_REPRESENTATION_RELATIONSHIP('','',#2971,#61);
#57=SHAPE_REPRESENTATION_RELATIONSHIP('','',#2972,#62);
#58=SHAPE_REPRESENTATION_RELATIONSHIP('','',#2973,#63);
#59=SHAPE_REPRESENTATION_RELATIONSHIP('','',#2974,#64);
#60=ADVANCED_BREP_SHAPE_REPRESENTATION('',(#2960),#4298);
#61=ADVANCED_BREP_SHAPE_REPRESENTATION('',(#2961),#4299);
#62=ADVANCED_BREP_SHAPE_REPRESENTATION('',(#2962),#4300);
#63=ADVANCED_BREP_SHAPE_REPRESENTATION('',(#2963),#4301);
#64=ADVANCED_BREP_SHAPE_REPRESENTATION('',(#2964),#4302);
#65=ORIENTED_EDGE('',*,*,#641,.T.);
#66=ORIENTED_EDGE('',*,*,#642,.F.);
#67=ORIENTED_EDGE('',*,*,#643,.F.);
#68=ORIENTED_EDGE('',*,*,#644,.T.);
#69=ORIENTED_EDGE('',*,*,#645,.T.);
#70=ORIENTED_EDGE('',*,*,#646,.F.);
#71=ORIENTED_EDGE('',*,*,#647,.F.);
#72=ORIENTED_EDGE('',*,*,#642,.T.);
#73=ORIENTED_EDGE('',*,*,#648,.T.);
#74=ORIENTED_EDGE('',*,*,#649,.F.);
#75=ORIENTED_EDGE('',*,*,#650,.F.);
#76=ORIENTED_EDGE('',*,*,#646,.T.);
#77=ORIENTED_EDGE('',*,*,#651,.T.);
#78=ORIENTED_EDGE('',*,*,#652,.F.);
#79=ORIENTED_EDGE('',*,*,#653,.F.);
#80=ORIENTED_EDGE('',*,*,#649,.T.);
#81=ORIENTED_EDGE('',*,*,#654,.F.);
#82=ORIENTED_EDGE('',*,*,#655,.F.);
#83=ORIENTED_EDGE('',*,*,#656,.T.);
#84=ORIENTED_EDGE('',*,*,#652,.T.);
#85=ORIENTED_EDGE('',*,*,#657,.T.);
#86=ORIENTED_EDGE('',*,*,#658,.F.);
#87=ORIENTED_EDGE('',*,*,#659,.F.);
#88=ORIENTED_EDGE('',*,*,#655,.T.);
#89=ORIENTED_EDGE('',*,*,#660,.F.);
#90=ORIENTED_EDGE('',*,*,#661,.F.);
#91=ORIENTED_EDGE('',*,*,#662,.T.);
#92=ORIENTED_EDGE('',*,*,#658,.T.);
#93=ORIENTED_EDGE('',*,*,#663,.F.);
#94=ORIENTED_EDGE('',*,*,#644,.F.);
#95=ORIENTED_EDGE('',*,*,#664,.T.);
#96=ORIENTED_EDGE('',*,*,#661,.T.);
#97=ORIENTED_EDGE('',*,*,#643,.T.);
#98=ORIENTED_EDGE('',*,*,#647,.T.);
#99=ORIENTED_EDGE('',*,*,#650,.T.);
#100=ORIENTED_EDGE('',*,*,#653,.T.);
#101=ORIENTED_EDGE('',*,*,#656,.F.);
#102=ORIENTED_EDGE('',*,*,#659,.T.);
#103=ORIENTED_EDGE('',*,*,#662,.F.);
#104=ORIENTED_EDGE('',*,*,#664,.F.);
#105=ORIENTED_EDGE('',*,*,#641,.F.);
#106=ORIENTED_EDGE('',*,*,#663,.T.);
#107=ORIENTED_EDGE('',*,*,#660,.T.);
#108=ORIENTED_EDGE('',*,*,#657,.F.);
#109=ORIENTED_EDGE('',*,*,#654,.T.);
#110=ORIENTED_EDGE('',*,*,#651,.F.);
#111=ORIENTED_EDGE('',*,*,#648,.F.);
#112=ORIENTED_EDGE('',*,*,#645,.F.);
#113=ORIENTED_EDGE('',*,*,#665,.F.);
#114=ORIENTED_EDGE('',*,*,#666,.F.);
#115=ORIENTED_EDGE('',*,*,#667,.T.);
#116=ORIENTED_EDGE('',*,*,#668,.T.);
#117=ORIENTED_EDGE('',*,*,#669,.T.);
#118=ORIENTED_EDGE('',*,*,#670,.F.);
#119=ORIENTED_EDGE('',*,*,#671,.F.);
#120=ORIENTED_EDGE('',*,*,#666,.T.);
#121=ORIENTED_EDGE('',*,*,#672,.T.);
#122=ORIENTED_EDGE('',*,*,#673,.F.);
#123=ORIENTED_EDGE('',*,*,#674,.F.);
#124=ORIENTED_EDGE('',*,*,#670,.T.);
#125=ORIENTED_EDGE('',*,*,#675,.F.);
#126=ORIENTED_EDGE('',*,*,#668,.F.);
#127=ORIENTED_EDGE('',*,*,#676,.T.);
#128=ORIENTED_EDGE('',*,*,#673,.T.);
#129=ORIENTED_EDGE('',*,*,#667,.F.);
#130=ORIENTED_EDGE('',*,*,#671,.T.);
#131=ORIENTED_EDGE('',*,*,#674,.T.);
#132=ORIENTED_EDGE('',*,*,#676,.F.);
#133=ORIENTED_EDGE('',*,*,#665,.T.);
#134=ORIENTED_EDGE('',*,*,#675,.T.);
#135=ORIENTED_EDGE('',*,*,#672,.F.);
#136=ORIENTED_EDGE('',*,*,#669,.F.);
#137=ORIENTED_EDGE('',*,*,#677,.F.);
#138=ORIENTED_EDGE('',*,*,#678,.F.);
#139=ORIENTED_EDGE('',*,*,#679,.T.);
#140=ORIENTED_EDGE('',*,*,#680,.T.);
#141=ORIENTED_EDGE('',*,*,#681,.T.);
#142=ORIENTED_EDGE('',*,*,#682,.F.);
#143=ORIENTED_EDGE('',*,*,#683,.F.);
#144=ORIENTED_EDGE('',*,*,#678,.T.);
#145=ORIENTED_EDGE('',*,*,#684,.F.);
#146=ORIENTED_EDGE('',*,*,#685,.F.);
#147=ORIENTED_EDGE('',*,*,#686,.T.);
#148=ORIENTED_EDGE('',*,*,#682,.T.);
#149=ORIENTED_EDGE('',*,*,#687,.F.);
#150=ORIENTED_EDGE('',*,*,#680,.F.);
#151=ORIENTED_EDGE('',*,*,#688,.T.);
#152=ORIENTED_EDGE('',*,*,#685,.T.);
#153=ORIENTED_EDGE('',*,*,#679,.F.);
#154=ORIENTED_EDGE('',*,*,#683,.T.);
#155=ORIENTED_EDGE('',*,*,#686,.F.);
#156=ORIENTED_EDGE('',*,*,#688,.F.);
#157=ORIENTED_EDGE('',*,*,#677,.T.);
#158=ORIENTED_EDGE('',*,*,#687,.T.);
#159=ORIENTED_EDGE('',*,*,#684,.T.);
#160=ORIENTED_EDGE('',*,*,#681,.F.);
#161=ORIENTED_EDGE('',*,*,#689,.F.);
#162=ORIENTED_EDGE('',*,*,#690,.F.);
#163=ORIENTED_EDGE('',*,*,#691,.T.);
#164=ORIENTED_EDGE('',*,*,#692,.T.);
#165=ORIENTED_EDGE('',*,*,#693,.T.);
#166=ORIENTED_EDGE('',*,*,#694,.F.);
#167=ORIENTED_EDGE('',*,*,#695,.F.);
#168=ORIENTED_EDGE('',*,*,#690,.T.);
#169=ORIENTED_EDGE('',*,*,#696,.T.);
#170=ORIENTED_EDGE('',*,*,#697,.F.);
#171=ORIENTED_EDGE('',*,*,#698,.F.);
#172=ORIENTED_EDGE('',*,*,#694,.T.);
#173=ORIENTED_EDGE('',*,*,#699,.F.);
#174=ORIENTED_EDGE('',*,*,#692,.F.);
#175=ORIENTED_EDGE('',*,*,#700,.T.);
#176=ORIENTED_EDGE('',*,*,#697,.T.);
#177=ORIENTED_EDGE('',*,*,#691,.F.);
#178=ORIENTED_EDGE('',*,*,#695,.T.);
#179=ORIENTED_EDGE('',*,*,#698,.T.);
#180=ORIENTED_EDGE('',*,*,#700,.F.);
#181=ORIENTED_EDGE('',*,*,#689,.T.);
#182=ORIENTED_EDGE('',*,*,#699,.T.);
#183=ORIENTED_EDGE('',*,*,#696,.F.);
#184=ORIENTED_EDGE('',*,*,#693,.F.);
#185=ORIENTED_EDGE('',*,*,#701,.T.);
#186=ORIENTED_EDGE('',*,*,#702,.T.);
#187=ORIENTED_EDGE('',*,*,#703,.T.);
#188=ORIENTED_EDGE('',*,*,#704,.T.);
#189=ORIENTED_EDGE('',*,*,#705,.T.);
#190=ORIENTED_EDGE('',*,*,#706,.T.);
#191=ORIENTED_EDGE('',*,*,#707,.T.);
#192=ORIENTED_EDGE('',*,*,#708,.F.);
#193=ORIENTED_EDGE('',*,*,#709,.F.);
#194=ORIENTED_EDGE('',*,*,#710,.T.);
#195=ORIENTED_EDGE('',*,*,#711,.T.);
#196=ORIENTED_EDGE('',*,*,#712,.T.);
#197=ORIENTED_EDGE('',*,*,#713,.F.);
#198=ORIENTED_EDGE('',*,*,#714,.T.);
#199=ORIENTED_EDGE('',*,*,#715,.T.);
#200=ORIENTED_EDGE('',*,*,#716,.F.);
#201=ORIENTED_EDGE('',*,*,#717,.F.);
#202=ORIENTED_EDGE('',*,*,#718,.T.);
#203=ORIENTED_EDGE('',*,*,#719,.T.);
#204=ORIENTED_EDGE('',*,*,#709,.T.);
#205=ORIENTED_EDGE('',*,*,#720,.T.);
#206=ORIENTED_EDGE('',*,*,#721,.F.);
#207=ORIENTED_EDGE('',*,*,#722,.F.);
#208=ORIENTED_EDGE('',*,*,#717,.T.);
#209=ORIENTED_EDGE('',*,*,#723,.T.);
#210=ORIENTED_EDGE('',*,*,#724,.T.);
#211=ORIENTED_EDGE('',*,*,#725,.F.);
#212=ORIENTED_EDGE('',*,*,#726,.T.);
#213=ORIENTED_EDGE('',*,*,#727,.F.);
#214=ORIENTED_EDGE('',*,*,#714,.F.);
#215=ORIENTED_EDGE('',*,*,#728,.T.);
#216=ORIENTED_EDGE('',*,*,#729,.T.);
#217=ORIENTED_EDGE('',*,*,#730,.T.);
#218=ORIENTED_EDGE('',*,*,#731,.T.);
#219=ORIENTED_EDGE('',*,*,#723,.F.);
#220=ORIENTED_EDGE('',*,*,#721,.T.);
#221=ORIENTED_EDGE('',*,*,#732,.T.);
#222=ORIENTED_EDGE('',*,*,#733,.F.);
#223=ORIENTED_EDGE('',*,*,#726,.F.);
#224=ORIENTED_EDGE('',*,*,#734,.F.);
#225=ORIENTED_EDGE('',*,*,#735,.T.);
#226=ORIENTED_EDGE('',*,*,#736,.T.);
#227=ORIENTED_EDGE('',*,*,#737,.F.);
#228=ORIENTED_EDGE('',*,*,#738,.F.);
#229=ORIENTED_EDGE('',*,*,#739,.T.);
#230=ORIENTED_EDGE('',*,*,#740,.F.);
#231=ORIENTED_EDGE('',*,*,#741,.F.);
#232=ORIENTED_EDGE('',*,*,#738,.T.);
#233=ORIENTED_EDGE('',*,*,#742,.T.);
#234=ORIENTED_EDGE('',*,*,#743,.T.);
#235=ORIENTED_EDGE('',*,*,#744,.F.);
#236=ORIENTED_EDGE('',*,*,#740,.T.);
#237=ORIENTED_EDGE('',*,*,#744,.T.);
#238=ORIENTED_EDGE('',*,*,#745,.T.);
#239=ORIENTED_EDGE('',*,*,#735,.F.);
#240=ORIENTED_EDGE('',*,*,#741,.T.);
#241=ORIENTED_EDGE('',*,*,#737,.T.);
#242=ORIENTED_EDGE('',*,*,#746,.T.);
#243=ORIENTED_EDGE('',*,*,#742,.F.);
#244=ORIENTED_EDGE('',*,*,#739,.F.);
#245=ORIENTED_EDGE('',*,*,#747,.F.);
#246=ORIENTED_EDGE('',*,*,#746,.F.);
#247=ORIENTED_EDGE('',*,*,#748,.F.);
#248=ORIENTED_EDGE('',*,*,#730,.F.);
#249=ORIENTED_EDGE('',*,*,#748,.T.);
#250=ORIENTED_EDGE('',*,*,#736,.F.);
#251=ORIENTED_EDGE('',*,*,#749,.F.);
#252=ORIENTED_EDGE('',*,*,#731,.F.);
#253=ORIENTED_EDGE('',*,*,#747,.T.);
#254=ORIENTED_EDGE('',*,*,#729,.F.);
#255=ORIENTED_EDGE('',*,*,#750,.F.);
#256=ORIENTED_EDGE('',*,*,#743,.F.);
#257=ORIENTED_EDGE('',*,*,#749,.T.);
#258=ORIENTED_EDGE('',*,*,#745,.F.);
#259=ORIENTED_EDGE('',*,*,#750,.T.);
#260=ORIENTED_EDGE('',*,*,#728,.F.);
#261=ORIENTED_EDGE('',*,*,#733,.T.);
#262=ORIENTED_EDGE('',*,*,#751,.F.);
#263=ORIENTED_EDGE('',*,*,#715,.F.);
#264=ORIENTED_EDGE('',*,*,#727,.T.);
#265=ORIENTED_EDGE('',*,*,#732,.F.);
#266=ORIENTED_EDGE('',*,*,#720,.F.);
#267=ORIENTED_EDGE('',*,*,#716,.T.);
#268=ORIENTED_EDGE('',*,*,#751,.T.);
#269=ORIENTED_EDGE('',*,*,#752,.T.);
#270=ORIENTED_EDGE('',*,*,#734,.T.);
#271=ORIENTED_EDGE('',*,*,#753,.F.);
#272=ORIENTED_EDGE('',*,*,#754,.F.);
#273=ORIENTED_EDGE('',*,*,#755,.F.);
#274=ORIENTED_EDGE('',*,*,#756,.F.);
#275=ORIENTED_EDGE('',*,*,#724,.F.);
#276=ORIENTED_EDGE('',*,*,#752,.F.);
#277=ORIENTED_EDGE('',*,*,#757,.T.);
#278=ORIENTED_EDGE('',*,*,#758,.T.);
#279=ORIENTED_EDGE('',*,*,#711,.F.);
#280=ORIENTED_EDGE('',*,*,#713,.T.);
#281=ORIENTED_EDGE('',*,*,#759,.F.);
#282=ORIENTED_EDGE('',*,*,#760,.F.);
#283=ORIENTED_EDGE('',*,*,#753,.T.);
#284=ORIENTED_EDGE('',*,*,#725,.T.);
#285=ORIENTED_EDGE('',*,*,#712,.F.);
#286=ORIENTED_EDGE('',*,*,#758,.F.);
#287=ORIENTED_EDGE('',*,*,#761,.T.);
#288=ORIENTED_EDGE('',*,*,#759,.T.);
#289=ORIENTED_EDGE('',*,*,#757,.F.);
#290=ORIENTED_EDGE('',*,*,#754,.T.);
#291=ORIENTED_EDGE('',*,*,#760,.T.);
#292=ORIENTED_EDGE('',*,*,#761,.F.);
#293=ORIENTED_EDGE('',*,*,#710,.F.);
#294=ORIENTED_EDGE('',*,*,#719,.F.);
#295=ORIENTED_EDGE('',*,*,#762,.T.);
#296=ORIENTED_EDGE('',*,*,#755,.T.);
#297=ORIENTED_EDGE('',*,*,#763,.F.);
#298=ORIENTED_EDGE('',*,*,#764,.T.);
#299=ORIENTED_EDGE('',*,*,#765,.T.);
#300=ORIENTED_EDGE('',*,*,#766,.F.);
#301=ORIENTED_EDGE('',*,*,#767,.F.);
#302=ORIENTED_EDGE('',*,*,#768,.T.);
#303=ORIENTED_EDGE('',*,*,#769,.T.);
#304=ORIENTED_EDGE('',*,*,#770,.F.);
#305=ORIENTED_EDGE('',*,*,#771,.F.);
#306=ORIENTED_EDGE('',*,*,#772,.T.);
#307=ORIENTED_EDGE('',*,*,#773,.T.);
#308=ORIENTED_EDGE('',*,*,#774,.T.);
#309=ORIENTED_EDGE('',*,*,#775,.F.);
#310=ORIENTED_EDGE('',*,*,#776,.F.);
#311=ORIENTED_EDGE('',*,*,#777,.F.);
#312=ORIENTED_EDGE('',*,*,#778,.T.);
#313=ORIENTED_EDGE('',*,*,#779,.T.);
#314=ORIENTED_EDGE('',*,*,#780,.F.);
#315=ORIENTED_EDGE('',*,*,#781,.F.);
#316=ORIENTED_EDGE('',*,*,#782,.T.);
#317=ORIENTED_EDGE('',*,*,#783,.T.);
#318=ORIENTED_EDGE('',*,*,#784,.F.);
#319=ORIENTED_EDGE('',*,*,#785,.F.);
#320=ORIENTED_EDGE('',*,*,#786,.T.);
#321=ORIENTED_EDGE('',*,*,#787,.T.);
#322=ORIENTED_EDGE('',*,*,#788,.F.);
#323=ORIENTED_EDGE('',*,*,#789,.F.);
#324=ORIENTED_EDGE('',*,*,#790,.T.);
#325=ORIENTED_EDGE('',*,*,#791,.T.);
#326=ORIENTED_EDGE('',*,*,#792,.F.);
#327=ORIENTED_EDGE('',*,*,#793,.F.);
#328=ORIENTED_EDGE('',*,*,#762,.F.);
#329=ORIENTED_EDGE('',*,*,#718,.F.);
#330=ORIENTED_EDGE('',*,*,#722,.T.);
#331=ORIENTED_EDGE('',*,*,#756,.T.);
#332=ORIENTED_EDGE('',*,*,#794,.F.);
#333=ORIENTED_EDGE('',*,*,#795,.T.);
#334=ORIENTED_EDGE('',*,*,#796,.T.);
#335=ORIENTED_EDGE('',*,*,#797,.F.);
#336=ORIENTED_EDGE('',*,*,#798,.F.);
#337=ORIENTED_EDGE('',*,*,#799,.T.);
#338=ORIENTED_EDGE('',*,*,#800,.T.);
#339=ORIENTED_EDGE('',*,*,#790,.F.);
#340=ORIENTED_EDGE('',*,*,#801,.F.);
#341=ORIENTED_EDGE('',*,*,#802,.T.);
#342=ORIENTED_EDGE('',*,*,#798,.T.);
#343=ORIENTED_EDGE('',*,*,#793,.T.);
#344=ORIENTED_EDGE('',*,*,#803,.F.);
#345=ORIENTED_EDGE('',*,*,#804,.T.);
#346=ORIENTED_EDGE('',*,*,#801,.T.);
#347=ORIENTED_EDGE('',*,*,#792,.T.);
#348=ORIENTED_EDGE('',*,*,#800,.F.);
#349=ORIENTED_EDGE('',*,*,#805,.T.);
#350=ORIENTED_EDGE('',*,*,#803,.T.);
#351=ORIENTED_EDGE('',*,*,#791,.F.);
#352=ORIENTED_EDGE('',*,*,#806,.T.);
#353=ORIENTED_EDGE('',*,*,#807,.T.);
#354=ORIENTED_EDGE('',*,*,#808,.T.);
#355=ORIENTED_EDGE('',*,*,#809,.T.);
#356=ORIENTED_EDGE('',*,*,#810,.F.);
#357=ORIENTED_EDGE('',*,*,#811,.T.);
#358=ORIENTED_EDGE('',*,*,#812,.T.);
#359=ORIENTED_EDGE('',*,*,#786,.F.);
#360=ORIENTED_EDGE('',*,*,#813,.F.);
#361=ORIENTED_EDGE('',*,*,#814,.T.);
#362=ORIENTED_EDGE('',*,*,#810,.T.);
#363=ORIENTED_EDGE('',*,*,#789,.T.);
#364=ORIENTED_EDGE('',*,*,#815,.F.);
#365=ORIENTED_EDGE('',*,*,#816,.T.);
#366=ORIENTED_EDGE('',*,*,#813,.T.);
#367=ORIENTED_EDGE('',*,*,#788,.T.);
#368=ORIENTED_EDGE('',*,*,#812,.F.);
#369=ORIENTED_EDGE('',*,*,#817,.T.);
#370=ORIENTED_EDGE('',*,*,#815,.T.);
#371=ORIENTED_EDGE('',*,*,#787,.F.);
#372=ORIENTED_EDGE('',*,*,#818,.T.);
#373=ORIENTED_EDGE('',*,*,#819,.T.);
#374=ORIENTED_EDGE('',*,*,#820,.T.);
#375=ORIENTED_EDGE('',*,*,#821,.T.);
#376=ORIENTED_EDGE('',*,*,#822,.F.);
#377=ORIENTED_EDGE('',*,*,#823,.T.);
#378=ORIENTED_EDGE('',*,*,#824,.T.);
#379=ORIENTED_EDGE('',*,*,#782,.F.);
#380=ORIENTED_EDGE('',*,*,#825,.F.);
#381=ORIENTED_EDGE('',*,*,#826,.T.);
#382=ORIENTED_EDGE('',*,*,#822,.T.);
#383=ORIENTED_EDGE('',*,*,#785,.T.);
#384=ORIENTED_EDGE('',*,*,#827,.F.);
#385=ORIENTED_EDGE('',*,*,#828,.T.);
#386=ORIENTED_EDGE('',*,*,#825,.T.);
#387=ORIENTED_EDGE('',*,*,#784,.T.);
#388=ORIENTED_EDGE('',*,*,#824,.F.);
#389=ORIENTED_EDGE('',*,*,#829,.T.);
#390=ORIENTED_EDGE('',*,*,#827,.T.);
#391=ORIENTED_EDGE('',*,*,#783,.F.);
#392=ORIENTED_EDGE('',*,*,#830,.F.);
#393=ORIENTED_EDGE('',*,*,#706,.F.);
#394=ORIENTED_EDGE('',*,*,#831,.F.);
#395=ORIENTED_EDGE('',*,*,#826,.F.);
#396=ORIENTED_EDGE('',*,*,#831,.T.);
#397=ORIENTED_EDGE('',*,*,#705,.F.);
#398=ORIENTED_EDGE('',*,*,#832,.F.);
#399=ORIENTED_EDGE('',*,*,#823,.F.);
#400=ORIENTED_EDGE('',*,*,#830,.T.);
#401=ORIENTED_EDGE('',*,*,#828,.F.);
#402=ORIENTED_EDGE('',*,*,#833,.F.);
#403=ORIENTED_EDGE('',*,*,#703,.F.);
#404=ORIENTED_EDGE('',*,*,#834,.F.);
#405=ORIENTED_EDGE('',*,*,#707,.F.);
#406=ORIENTED_EDGE('',*,*,#832,.T.);
#407=ORIENTED_EDGE('',*,*,#704,.F.);
#408=ORIENTED_EDGE('',*,*,#833,.T.);
#409=ORIENTED_EDGE('',*,*,#829,.F.);
#410=ORIENTED_EDGE('',*,*,#835,.T.);
#411=ORIENTED_EDGE('',*,*,#836,.T.);
#412=ORIENTED_EDGE('',*,*,#837,.T.);
#413=ORIENTED_EDGE('',*,*,#838,.T.);
#414=ORIENTED_EDGE('',*,*,#839,.F.);
#415=ORIENTED_EDGE('',*,*,#835,.F.);
#416=ORIENTED_EDGE('',*,*,#840,.F.);
#417=ORIENTED_EDGE('',*,*,#781,.T.);
#418=ORIENTED_EDGE('',*,*,#840,.T.);
#419=ORIENTED_EDGE('',*,*,#838,.F.);
#420=ORIENTED_EDGE('',*,*,#841,.F.);
#421=ORIENTED_EDGE('',*,*,#778,.F.);
#422=ORIENTED_EDGE('',*,*,#839,.T.);
#423=ORIENTED_EDGE('',*,*,#780,.T.);
#424=ORIENTED_EDGE('',*,*,#842,.F.);
#425=ORIENTED_EDGE('',*,*,#836,.F.);
#426=ORIENTED_EDGE('',*,*,#841,.T.);
#427=ORIENTED_EDGE('',*,*,#837,.F.);
#428=ORIENTED_EDGE('',*,*,#842,.T.);
#429=ORIENTED_EDGE('',*,*,#779,.F.);
#430=ORIENTED_EDGE('',*,*,#843,.F.);
#431=ORIENTED_EDGE('',*,*,#806,.F.);
#432=ORIENTED_EDGE('',*,*,#844,.F.);
#433=ORIENTED_EDGE('',*,*,#802,.F.);
#434=ORIENTED_EDGE('',*,*,#844,.T.);
#435=ORIENTED_EDGE('',*,*,#809,.F.);
#436=ORIENTED_EDGE('',*,*,#845,.F.);
#437=ORIENTED_EDGE('',*,*,#799,.F.);
#438=ORIENTED_EDGE('',*,*,#843,.T.);
#439=ORIENTED_EDGE('',*,*,#804,.F.);
#440=ORIENTED_EDGE('',*,*,#846,.F.);
#441=ORIENTED_EDGE('',*,*,#807,.F.);
#442=ORIENTED_EDGE('',*,*,#845,.T.);
#443=ORIENTED_EDGE('',*,*,#808,.F.);
#444=ORIENTED_EDGE('',*,*,#846,.T.);
#445=ORIENTED_EDGE('',*,*,#805,.F.);
#446=ORIENTED_EDGE('',*,*,#847,.F.);
#447=ORIENTED_EDGE('',*,*,#818,.F.);
#448=ORIENTED_EDGE('',*,*,#848,.F.);
#449=ORIENTED_EDGE('',*,*,#814,.F.);
#450=ORIENTED_EDGE('',*,*,#848,.T.);
#451=ORIENTED_EDGE('',*,*,#821,.F.);
#452=ORIENTED_EDGE('',*,*,#849,.F.);
#453=ORIENTED_EDGE('',*,*,#811,.F.);
#454=ORIENTED_EDGE('',*,*,#847,.T.);
#455=ORIENTED_EDGE('',*,*,#816,.F.);
#456=ORIENTED_EDGE('',*,*,#850,.F.);
#457=ORIENTED_EDGE('',*,*,#819,.F.);
#458=ORIENTED_EDGE('',*,*,#849,.T.);
#459=ORIENTED_EDGE('',*,*,#820,.F.);
#460=ORIENTED_EDGE('',*,*,#850,.T.);
#461=ORIENTED_EDGE('',*,*,#817,.F.);
#462=ORIENTED_EDGE('',*,*,#772,.F.);
#463=ORIENTED_EDGE('',*,*,#851,.F.);
#464=ORIENTED_EDGE('',*,*,#852,.T.);
#465=ORIENTED_EDGE('',*,*,#853,.T.);
#466=ORIENTED_EDGE('',*,*,#777,.T.);
#467=ORIENTED_EDGE('',*,*,#854,.F.);
#468=ORIENTED_EDGE('',*,*,#855,.F.);
#469=ORIENTED_EDGE('',*,*,#851,.T.);
#470=ORIENTED_EDGE('',*,*,#776,.T.);
#471=ORIENTED_EDGE('',*,*,#856,.T.);
#472=ORIENTED_EDGE('',*,*,#857,.F.);
#473=ORIENTED_EDGE('',*,*,#854,.T.);
#474=ORIENTED_EDGE('',*,*,#858,.F.);
#475=ORIENTED_EDGE('',*,*,#773,.F.);
#476=ORIENTED_EDGE('',*,*,#853,.F.);
#477=ORIENTED_EDGE('',*,*,#859,.T.);
#478=ORIENTED_EDGE('',*,*,#860,.F.);
#479=ORIENTED_EDGE('',*,*,#859,.F.);
#480=ORIENTED_EDGE('',*,*,#852,.F.);
#481=ORIENTED_EDGE('',*,*,#855,.T.);
#482=ORIENTED_EDGE('',*,*,#857,.T.);
#483=ORIENTED_EDGE('',*,*,#861,.T.);
#484=ORIENTED_EDGE('',*,*,#860,.T.);
#485=ORIENTED_EDGE('',*,*,#862,.F.);
#486=ORIENTED_EDGE('',*,*,#774,.F.);
#487=ORIENTED_EDGE('',*,*,#858,.T.);
#488=ORIENTED_EDGE('',*,*,#861,.F.);
#489=ORIENTED_EDGE('',*,*,#856,.F.);
#490=ORIENTED_EDGE('',*,*,#775,.T.);
#491=ORIENTED_EDGE('',*,*,#862,.T.);
#492=ORIENTED_EDGE('',*,*,#768,.F.);
#493=ORIENTED_EDGE('',*,*,#863,.F.);
#494=ORIENTED_EDGE('',*,*,#864,.T.);
#495=ORIENTED_EDGE('',*,*,#865,.T.);
#496=ORIENTED_EDGE('',*,*,#771,.T.);
#497=ORIENTED_EDGE('',*,*,#866,.F.);
#498=ORIENTED_EDGE('',*,*,#867,.F.);
#499=ORIENTED_EDGE('',*,*,#863,.T.);
#500=ORIENTED_EDGE('',*,*,#770,.T.);
#501=ORIENTED_EDGE('',*,*,#868,.F.);
#502=ORIENTED_EDGE('',*,*,#869,.F.);
#503=ORIENTED_EDGE('',*,*,#866,.T.);
#504=ORIENTED_EDGE('',*,*,#769,.F.);
#505=ORIENTED_EDGE('',*,*,#865,.F.);
#506=ORIENTED_EDGE('',*,*,#870,.T.);
#507=ORIENTED_EDGE('',*,*,#868,.T.);
#508=ORIENTED_EDGE('',*,*,#864,.F.);
#509=ORIENTED_EDGE('',*,*,#867,.T.);
#510=ORIENTED_EDGE('',*,*,#869,.T.);
#511=ORIENTED_EDGE('',*,*,#870,.F.);
#512=ORIENTED_EDGE('',*,*,#764,.F.);
#513=ORIENTED_EDGE('',*,*,#871,.F.);
#514=ORIENTED_EDGE('',*,*,#872,.T.);
#515=ORIENTED_EDGE('',*,*,#873,.T.);
#516=ORIENTED_EDGE('',*,*,#767,.T.);
#517=ORIENTED_EDGE('',*,*,#874,.F.);
#518=ORIENTED_EDGE('',*,*,#875,.F.);
#519=ORIENTED_EDGE('',*,*,#871,.T.);
#520=ORIENTED_EDGE('',*,*,#766,.T.);
#521=ORIENTED_EDGE('',*,*,#876,.F.);
#522=ORIENTED_EDGE('',*,*,#877,.F.);
#523=ORIENTED_EDGE('',*,*,#874,.T.);
#524=ORIENTED_EDGE('',*,*,#765,.F.);
#525=ORIENTED_EDGE('',*,*,#873,.F.);
#526=ORIENTED_EDGE('',*,*,#878,.T.);
#527=ORIENTED_EDGE('',*,*,#876,.T.);
#528=ORIENTED_EDGE('',*,*,#872,.F.);
#529=ORIENTED_EDGE('',*,*,#875,.T.);
#530=ORIENTED_EDGE('',*,*,#877,.T.);
#531=ORIENTED_EDGE('',*,*,#878,.F.);
#532=ORIENTED_EDGE('',*,*,#879,.T.);
#533=ORIENTED_EDGE('',*,*,#880,.F.);
#534=ORIENTED_EDGE('',*,*,#881,.F.);
#535=ORIENTED_EDGE('',*,*,#882,.T.);
#536=ORIENTED_EDGE('',*,*,#883,.F.);
#537=ORIENTED_EDGE('',*,*,#884,.F.);
#538=ORIENTED_EDGE('',*,*,#885,.T.);
#539=ORIENTED_EDGE('',*,*,#880,.T.);
#540=ORIENTED_EDGE('',*,*,#886,.T.);
#541=ORIENTED_EDGE('',*,*,#887,.F.);
#542=ORIENTED_EDGE('',*,*,#888,.F.);
#543=ORIENTED_EDGE('',*,*,#884,.T.);
#544=ORIENTED_EDGE('',*,*,#889,.T.);
#545=ORIENTED_EDGE('',*,*,#890,.F.);
#546=ORIENTED_EDGE('',*,*,#891,.F.);
#547=ORIENTED_EDGE('',*,*,#887,.T.);
#548=ORIENTED_EDGE('',*,*,#892,.T.);
#549=ORIENTED_EDGE('',*,*,#893,.F.);
#550=ORIENTED_EDGE('',*,*,#894,.F.);
#551=ORIENTED_EDGE('',*,*,#890,.T.);
#552=ORIENTED_EDGE('',*,*,#795,.F.);
#553=ORIENTED_EDGE('',*,*,#895,.F.);
#554=ORIENTED_EDGE('',*,*,#893,.T.);
#555=ORIENTED_EDGE('',*,*,#896,.T.);
#556=ORIENTED_EDGE('',*,*,#897,.T.);
#557=ORIENTED_EDGE('',*,*,#797,.T.);
#558=ORIENTED_EDGE('',*,*,#898,.F.);
#559=ORIENTED_EDGE('',*,*,#899,.F.);
#560=ORIENTED_EDGE('',*,*,#900,.F.);
#561=ORIENTED_EDGE('',*,*,#901,.F.);
#562=ORIENTED_EDGE('',*,*,#902,.T.);
#563=ORIENTED_EDGE('',*,*,#899,.T.);
#564=ORIENTED_EDGE('',*,*,#903,.T.);
#565=ORIENTED_EDGE('',*,*,#904,.F.);
#566=ORIENTED_EDGE('',*,*,#905,.F.);
#567=ORIENTED_EDGE('',*,*,#901,.T.);
#568=ORIENTED_EDGE('',*,*,#906,.F.);
#569=ORIENTED_EDGE('',*,*,#907,.F.);
#570=ORIENTED_EDGE('',*,*,#908,.T.);
#571=ORIENTED_EDGE('',*,*,#904,.T.);
#572=ORIENTED_EDGE('',*,*,#909,.F.);
#573=ORIENTED_EDGE('',*,*,#910,.F.);
#574=ORIENTED_EDGE('',*,*,#911,.T.);
#575=ORIENTED_EDGE('',*,*,#907,.T.);
#576=ORIENTED_EDGE('',*,*,#912,.F.);
#577=ORIENTED_EDGE('',*,*,#913,.F.);
#578=ORIENTED_EDGE('',*,*,#914,.T.);
#579=ORIENTED_EDGE('',*,*,#910,.T.);
#580=ORIENTED_EDGE('',*,*,#915,.T.);
#581=ORIENTED_EDGE('',*,*,#882,.F.);
#582=ORIENTED_EDGE('',*,*,#916,.F.);
#583=ORIENTED_EDGE('',*,*,#913,.T.);
#584=ORIENTED_EDGE('',*,*,#895,.T.);
#585=ORIENTED_EDGE('',*,*,#794,.T.);
#586=ORIENTED_EDGE('',*,*,#897,.F.);
#587=ORIENTED_EDGE('',*,*,#902,.F.);
#588=ORIENTED_EDGE('',*,*,#905,.T.);
#589=ORIENTED_EDGE('',*,*,#908,.F.);
#590=ORIENTED_EDGE('',*,*,#911,.F.);
#591=ORIENTED_EDGE('',*,*,#914,.F.);
#592=ORIENTED_EDGE('',*,*,#916,.T.);
#593=ORIENTED_EDGE('',*,*,#881,.T.);
#594=ORIENTED_EDGE('',*,*,#885,.F.);
#595=ORIENTED_EDGE('',*,*,#888,.T.);
#596=ORIENTED_EDGE('',*,*,#891,.T.);
#597=ORIENTED_EDGE('',*,*,#894,.T.);
#598=ORIENTED_EDGE('',*,*,#796,.F.);
#599=ORIENTED_EDGE('',*,*,#896,.F.);
#600=ORIENTED_EDGE('',*,*,#892,.F.);
#601=ORIENTED_EDGE('',*,*,#889,.F.);
#602=ORIENTED_EDGE('',*,*,#886,.F.);
#603=ORIENTED_EDGE('',*,*,#883,.T.);
#604=ORIENTED_EDGE('',*,*,#879,.F.);
#605=ORIENTED_EDGE('',*,*,#915,.F.);
#606=ORIENTED_EDGE('',*,*,#912,.T.);
#607=ORIENTED_EDGE('',*,*,#909,.T.);
#608=ORIENTED_EDGE('',*,*,#906,.T.);
#609=ORIENTED_EDGE('',*,*,#903,.F.);
#610=ORIENTED_EDGE('',*,*,#900,.T.);
#611=ORIENTED_EDGE('',*,*,#898,.T.);
#612=ORIENTED_EDGE('',*,*,#917,.F.);
#613=ORIENTED_EDGE('',*,*,#834,.T.);
#614=ORIENTED_EDGE('',*,*,#918,.T.);
#615=ORIENTED_EDGE('',*,*,#919,.F.);
#616=ORIENTED_EDGE('',*,*,#702,.F.);
#617=ORIENTED_EDGE('',*,*,#920,.F.);
#618=ORIENTED_EDGE('',*,*,#921,.T.);
#619=ORIENTED_EDGE('',*,*,#922,.T.);
#620=ORIENTED_EDGE('',*,*,#918,.F.);
#621=ORIENTED_EDGE('',*,*,#701,.F.);
#622=ORIENTED_EDGE('',*,*,#923,.F.);
#623=ORIENTED_EDGE('',*,*,#924,.T.);
#624=ORIENTED_EDGE('',*,*,#920,.T.);
#625=ORIENTED_EDGE('',*,*,#708,.T.);
#626=ORIENTED_EDGE('',*,*,#917,.T.);
#627=ORIENTED_EDGE('',*,*,#925,.F.);
#628=ORIENTED_EDGE('',*,*,#926,.F.);
#629=ORIENTED_EDGE('',*,*,#923,.T.);
#630=ORIENTED_EDGE('',*,*,#919,.T.);
#631=ORIENTED_EDGE('',*,*,#922,.F.);
#632=ORIENTED_EDGE('',*,*,#927,.F.);
#633=ORIENTED_EDGE('',*,*,#925,.T.);
#634=ORIENTED_EDGE('',*,*,#921,.F.);
#635=ORIENTED_EDGE('',*,*,#924,.F.);
#636=ORIENTED_EDGE('',*,*,#926,.T.);
#637=ORIENTED_EDGE('',*,*,#927,.T.);
#638=ORIENTED_EDGE('',*,*,#928,.F.);
#639=ORIENTED_EDGE('',*,*,#763,.T.);
#640=ORIENTED_EDGE('',*,*,#928,.T.);
#641=EDGE_CURVE('',#929,#930,#1115,.T.);
#642=EDGE_CURVE('',#931,#930,#1116,.T.);
#643=EDGE_CURVE('',#932,#931,#1117,.T.);
#644=EDGE_CURVE('',#932,#929,#1118,.T.);
#645=EDGE_CURVE('',#930,#933,#1119,.T.);
#646=EDGE_CURVE('',#934,#933,#1120,.T.);
#647=EDGE_CURVE('',#931,#934,#1121,.T.);
#648=EDGE_CURVE('',#933,#935,#1122,.T.);
#649=EDGE_CURVE('',#936,#935,#1123,.T.);
#650=EDGE_CURVE('',#934,#936,#1124,.T.);
#651=EDGE_CURVE('',#935,#937,#1125,.T.);
#652=EDGE_CURVE('',#938,#937,#1126,.T.);
#653=EDGE_CURVE('',#936,#938,#1127,.T.);
#654=EDGE_CURVE('',#939,#937,#1128,.T.);
#655=EDGE_CURVE('',#940,#939,#1129,.T.);
#656=EDGE_CURVE('',#940,#938,#1130,.T.);
#657=EDGE_CURVE('',#939,#941,#1131,.T.);
#658=EDGE_CURVE('',#942,#941,#1132,.T.);
#659=EDGE_CURVE('',#940,#942,#1133,.T.);
#660=EDGE_CURVE('',#943,#941,#1134,.T.);
#661=EDGE_CURVE('',#944,#943,#1135,.T.);
#662=EDGE_CURVE('',#944,#942,#1136,.T.);
#663=EDGE_CURVE('',#929,#943,#1137,.T.);
#664=EDGE_CURVE('',#932,#944,#1138,.T.);
#665=EDGE_CURVE('',#945,#946,#1139,.T.);
#666=EDGE_CURVE('',#947,#945,#1140,.T.);
#667=EDGE_CURVE('',#947,#948,#1141,.T.);
#668=EDGE_CURVE('',#948,#946,#1142,.T.);
#669=EDGE_CURVE('',#945,#949,#1143,.T.);
#670=EDGE_CURVE('',#950,#949,#1144,.T.);
#671=EDGE_CURVE('',#947,#950,#1145,.T.);
#672=EDGE_CURVE('',#949,#951,#1146,.T.);
#673=EDGE_CURVE('',#952,#951,#1147,.T.);
#674=EDGE_CURVE('',#950,#952,#1148,.T.);
#675=EDGE_CURVE('',#946,#951,#1149,.T.);
#676=EDGE_CURVE('',#948,#952,#1150,.T.);
#677=EDGE_CURVE('',#953,#954,#1151,.T.);
#678=EDGE_CURVE('',#955,#953,#1152,.T.);
#679=EDGE_CURVE('',#955,#956,#1153,.T.);
#680=EDGE_CURVE('',#956,#954,#1154,.T.);
#681=EDGE_CURVE('',#953,#957,#1155,.T.);
#682=EDGE_CURVE('',#958,#957,#1156,.T.);
#683=EDGE_CURVE('',#955,#958,#1157,.T.);
#684=EDGE_CURVE('',#959,#957,#1158,.F.);
#685=EDGE_CURVE('',#960,#959,#1159,.T.);
#686=EDGE_CURVE('',#960,#958,#1160,.F.);
#687=EDGE_CURVE('',#954,#959,#1161,.T.);
#688=EDGE_CURVE('',#956,#960,#1162,.T.);
#689=EDGE_CURVE('',#961,#962,#1163,.T.);
#690=EDGE_CURVE('',#963,#961,#1164,.T.);
#691=EDGE_CURVE('',#963,#964,#1165,.T.);
#692=EDGE_CURVE('',#964,#962,#1166,.T.);
#693=EDGE_CURVE('',#961,#965,#1167,.T.);
#694=EDGE_CURVE('',#966,#965,#1168,.T.);
#695=EDGE_CURVE('',#963,#966,#1169,.T.);
#696=EDGE_CURVE('',#965,#967,#1170,.T.);
#697=EDGE_CURVE('',#968,#967,#1171,.T.);
#698=EDGE_CURVE('',#966,#968,#1172,.T.);
#699=EDGE_CURVE('',#962,#967,#1173,.T.);
#700=EDGE_CURVE('',#964,#968,#1174,.T.);
#701=EDGE_CURVE('',#969,#970,#1175,.T.);
#702=EDGE_CURVE('',#970,#971,#1176,.T.);
#703=EDGE_CURVE('',#971,#972,#1177,.T.);
#704=EDGE_CURVE('',#972,#973,#1178,.F.);
#705=EDGE_CURVE('',#973,#974,#1179,.F.);
#706=EDGE_CURVE('',#974,#975,#1180,.T.);
#707=EDGE_CURVE('',#975,#976,#1181,.T.);
#708=EDGE_CURVE('',#969,#976,#1182,.T.);
#709=EDGE_CURVE('',#977,#978,#1183,.T.);
#710=EDGE_CURVE('',#977,#979,#1184,.T.);
#711=EDGE_CURVE('',#979,#980,#1185,.T.);
#712=EDGE_CURVE('',#980,#981,#1186,.T.);
#713=EDGE_CURVE('',#982,#981,#1187,.T.);
#714=EDGE_CURVE('',#982,#983,#1188,.T.);
#715=EDGE_CURVE('',#983,#984,#1189,.T.);
#716=EDGE_CURVE('',#978,#984,#1190,.T.);
#717=EDGE_CURVE('',#985,#986,#1191,.T.);
#718=EDGE_CURVE('',#985,#987,#1192,.T.);
#719=EDGE_CURVE('',#987,#977,#1193,.T.);
#720=EDGE_CURVE('',#978,#988,#1194,.T.);
#721=EDGE_CURVE('',#986,#988,#1195,.T.);
#722=EDGE_CURVE('',#985,#989,#1196,.T.);
#723=EDGE_CURVE('',#986,#990,#1197,.T.);
#724=EDGE_CURVE('',#990,#989,#1198,.T.);
#725=EDGE_CURVE('',#991,#982,#1199,.T.);
#726=EDGE_CURVE('',#991,#992,#1200,.T.);
#727=EDGE_CURVE('',#983,#992,#1201,.T.);
#728=EDGE_CURVE('',#993,#994,#1202,.T.);
#729=EDGE_CURVE('',#994,#995,#1203,.T.);
#730=EDGE_CURVE('',#995,#996,#1204,.F.);
#731=EDGE_CURVE('',#996,#993,#1205,.F.);
#732=EDGE_CURVE('',#988,#997,#1206,.T.);
#733=EDGE_CURVE('',#992,#997,#1207,.T.);
#734=EDGE_CURVE('',#990,#991,#1208,.T.);
#735=EDGE_CURVE('',#998,#999,#1209,.T.);
#736=EDGE_CURVE('',#999,#1000,#1210,.T.);
#737=EDGE_CURVE('',#1001,#1000,#1211,.T.);
#738=EDGE_CURVE('',#998,#1001,#1212,.T.);
#739=EDGE_CURVE('',#1001,#1002,#1213,.T.);
#740=EDGE_CURVE('',#1003,#1002,#1214,.T.);
#741=EDGE_CURVE('',#998,#1003,#1215,.T.);
#742=EDGE_CURVE('',#1002,#1004,#1216,.T.);
#743=EDGE_CURVE('',#1004,#1005,#1217,.F.);
#744=EDGE_CURVE('',#1003,#1005,#1218,.T.);
#745=EDGE_CURVE('',#1005,#999,#1219,.F.);
#746=EDGE_CURVE('',#1000,#1004,#1220,.T.);
#747=EDGE_CURVE('',#1004,#995,#12,.T.);
#748=EDGE_CURVE('',#996,#1000,#13,.F.);
#749=EDGE_CURVE('',#993,#999,#14,.F.);
#750=EDGE_CURVE('',#1005,#994,#15,.T.);
#751=EDGE_CURVE('',#984,#997,#1221,.T.);
#752=EDGE_CURVE('',#1006,#990,#1222,.T.);
#753=EDGE_CURVE('',#1007,#991,#1223,.T.);
#754=EDGE_CURVE('',#1006,#1007,#1224,.T.);
#755=EDGE_CURVE('',#1008,#979,#1225,.T.);
#756=EDGE_CURVE('',#989,#1008,#1226,.T.);
#757=EDGE_CURVE('',#1006,#1009,#1227,.T.);
#758=EDGE_CURVE('',#1009,#980,#1228,.T.);
#759=EDGE_CURVE('',#1010,#981,#1229,.T.);
#760=EDGE_CURVE('',#1007,#1010,#1230,.T.);
#761=EDGE_CURVE('',#1009,#1010,#1231,.T.);
#762=EDGE_CURVE('',#987,#1008,#1232,.T.);
#763=EDGE_CURVE('',#1011,#1011,#10,.T.);
#764=EDGE_CURVE('',#1012,#1013,#1233,.T.);
#765=EDGE_CURVE('',#1013,#1014,#1234,.T.);
#766=EDGE_CURVE('',#1015,#1014,#1235,.T.);
#767=EDGE_CURVE('',#1012,#1015,#1236,.T.);
#768=EDGE_CURVE('',#1016,#1017,#1237,.T.);
#769=EDGE_CURVE('',#1017,#1018,#1238,.T.);
#770=EDGE_CURVE('',#1019,#1018,#1239,.T.);
#771=EDGE_CURVE('',#1016,#1019,#1240,.T.);
#772=EDGE_CURVE('',#1020,#1021,#1241,.T.);
#773=EDGE_CURVE('',#1021,#1022,#1242,.T.);
#774=EDGE_CURVE('',#1022,#1023,#1243,.T.);
#775=EDGE_CURVE('',#1024,#1023,#1244,.T.);
#776=EDGE_CURVE('',#1025,#1024,#1245,.T.);
#777=EDGE_CURVE('',#1020,#1025,#1246,.T.);
#778=EDGE_CURVE('',#1026,#1027,#1247,.T.);
#779=EDGE_CURVE('',#1027,#1028,#1248,.T.);
#780=EDGE_CURVE('',#1029,#1028,#1249,.T.);
#781=EDGE_CURVE('',#1026,#1029,#1250,.T.);
#782=EDGE_CURVE('',#1030,#1031,#1251,.T.);
#783=EDGE_CURVE('',#1031,#1032,#1252,.T.);
#784=EDGE_CURVE('',#1033,#1032,#1253,.T.);
#785=EDGE_CURVE('',#1030,#1033,#1254,.T.);
#786=EDGE_CURVE('',#1034,#1035,#1255,.T.);
#787=EDGE_CURVE('',#1035,#1036,#1256,.T.);
#788=EDGE_CURVE('',#1037,#1036,#1257,.T.);
#789=EDGE_CURVE('',#1034,#1037,#1258,.T.);
#790=EDGE_CURVE('',#1038,#1039,#1259,.T.);
#791=EDGE_CURVE('',#1039,#1040,#1260,.T.);
#792=EDGE_CURVE('',#1041,#1040,#1261,.T.);
#793=EDGE_CURVE('',#1038,#1041,#1262,.T.);
#794=EDGE_CURVE('',#1042,#1043,#1263,.T.);
#795=EDGE_CURVE('',#1042,#1044,#1264,.T.);
#796=EDGE_CURVE('',#1044,#1045,#1265,.T.);
#797=EDGE_CURVE('',#1043,#1045,#1266,.T.);
#798=EDGE_CURVE('',#1046,#1038,#1267,.T.);
#799=EDGE_CURVE('',#1046,#1047,#1268,.T.);
#800=EDGE_CURVE('',#1047,#1039,#1269,.T.);
#801=EDGE_CURVE('',#1048,#1041,#1270,.T.);
#802=EDGE_CURVE('',#1048,#1046,#1271,.F.);
#803=EDGE_CURVE('',#1049,#1040,#1272,.T.);
#804=EDGE_CURVE('',#1049,#1048,#1273,.F.);
#805=EDGE_CURVE('',#1047,#1049,#1274,.T.);
#806=EDGE_CURVE('',#1050,#1051,#1275,.T.);
#807=EDGE_CURVE('',#1051,#1052,#1276,.T.);
#808=EDGE_CURVE('',#1052,#1053,#1277,.F.);
#809=EDGE_CURVE('',#1053,#1050,#1278,.F.);
#810=EDGE_CURVE('',#1054,#1034,#1279,.T.);
#811=EDGE_CURVE('',#1054,#1055,#1280,.T.);
#812=EDGE_CURVE('',#1055,#1035,#1281,.T.);
#813=EDGE_CURVE('',#1056,#1037,#1282,.T.);
#814=EDGE_CURVE('',#1056,#1054,#1283,.F.);
#815=EDGE_CURVE('',#1057,#1036,#1284,.T.);
#816=EDGE_CURVE('',#1057,#1056,#1285,.F.);
#817=EDGE_CURVE('',#1055,#1057,#1286,.T.);
#818=EDGE_CURVE('',#1058,#1059,#1287,.T.);
#819=EDGE_CURVE('',#1059,#1060,#1288,.T.);
#820=EDGE_CURVE('',#1060,#1061,#1289,.F.);
#821=EDGE_CURVE('',#1061,#1058,#1290,.F.);
#822=EDGE_CURVE('',#1062,#1030,#1291,.T.);
#823=EDGE_CURVE('',#1062,#1063,#1292,.T.);
#824=EDGE_CURVE('',#1063,#1031,#1293,.T.);
#825=EDGE_CURVE('',#1064,#1033,#1294,.T.);
#826=EDGE_CURVE('',#1064,#1062,#1295,.F.);
#827=EDGE_CURVE('',#1065,#1032,#1296,.T.);
#828=EDGE_CURVE('',#1065,#1064,#1297,.F.);
#829=EDGE_CURVE('',#1063,#1065,#1298,.T.);
#830=EDGE_CURVE('',#975,#1064,#16,.F.);
#831=EDGE_CURVE('',#1062,#974,#17,.T.);
#832=EDGE_CURVE('',#1063,#973,#18,.T.);
#833=EDGE_CURVE('',#972,#1065,#19,.F.);
#834=EDGE_CURVE('',#976,#971,#1299,.T.);
#835=EDGE_CURVE('',#1066,#1067,#1300,.T.);
#836=EDGE_CURVE('',#1067,#1068,#1301,.T.);
#837=EDGE_CURVE('',#1068,#1069,#1302,.F.);
#838=EDGE_CURVE('',#1069,#1066,#1303,.F.);
#839=EDGE_CURVE('',#1067,#1029,#20,.F.);
#840=EDGE_CURVE('',#1026,#1066,#21,.T.);
#841=EDGE_CURVE('',#1027,#1069,#22,.T.);
#842=EDGE_CURVE('',#1068,#1028,#23,.F.);
#843=EDGE_CURVE('',#1051,#1048,#24,.F.);
#844=EDGE_CURVE('',#1046,#1050,#25,.T.);
#845=EDGE_CURVE('',#1047,#1053,#26,.T.);
#846=EDGE_CURVE('',#1052,#1049,#27,.F.);
#847=EDGE_CURVE('',#1059,#1056,#28,.F.);
#848=EDGE_CURVE('',#1054,#1058,#29,.T.);
#849=EDGE_CURVE('',#1055,#1061,#30,.T.);
#850=EDGE_CURVE('',#1060,#1057,#31,.F.);
#851=EDGE_CURVE('',#1070,#1020,#1304,.T.);
#852=EDGE_CURVE('',#1070,#1071,#1305,.T.);
#853=EDGE_CURVE('',#1071,#1021,#1306,.T.);
#854=EDGE_CURVE('',#1072,#1025,#1307,.T.);
#855=EDGE_CURVE('',#1070,#1072,#1308,.T.);
#856=EDGE_CURVE('',#1024,#1073,#1309,.T.);
#857=EDGE_CURVE('',#1072,#1073,#1310,.T.);
#858=EDGE_CURVE('',#1022,#1074,#1311,.T.);
#859=EDGE_CURVE('',#1071,#1074,#1312,.T.);
#860=EDGE_CURVE('',#1074,#1075,#1313,.T.);
#861=EDGE_CURVE('',#1073,#1075,#1314,.T.);
#862=EDGE_CURVE('',#1023,#1075,#1315,.T.);
#863=EDGE_CURVE('',#1076,#1016,#1316,.T.);
#864=EDGE_CURVE('',#1076,#1077,#1317,.T.);
#865=EDGE_CURVE('',#1077,#1017,#1318,.T.);
#866=EDGE_CURVE('',#1078,#1019,#1319,.T.);
#867=EDGE_CURVE('',#1076,#1078,#1320,.T.);
#868=EDGE_CURVE('',#1079,#1018,#1321,.T.);
#869=EDGE_CURVE('',#1078,#1079,#1322,.T.);
#870=EDGE_CURVE('',#1077,#1079,#1323,.T.);
#871=EDGE_CURVE('',#1080,#1012,#1324,.T.);
#872=EDGE_CURVE('',#1080,#1081,#1325,.T.);
#873=EDGE_CURVE('',#1081,#1013,#1326,.T.);
#874=EDGE_CURVE('',#1082,#1015,#1327,.T.);
#875=EDGE_CURVE('',#1080,#1082,#1328,.T.);
#876=EDGE_CURVE('',#1083,#1014,#1329,.T.);
#877=EDGE_CURVE('',#1082,#1083,#1330,.T.);
#878=EDGE_CURVE('',#1081,#1083,#1331,.T.);
#879=EDGE_CURVE('',#1084,#1085,#1332,.T.);
#880=EDGE_CURVE('',#1086,#1085,#1333,.T.);
#881=EDGE_CURVE('',#1087,#1086,#1334,.T.);
#882=EDGE_CURVE('',#1087,#1084,#1335,.T.);
#883=EDGE_CURVE('',#1088,#1085,#1336,.T.);
#884=EDGE_CURVE('',#1089,#1088,#1337,.T.);
#885=EDGE_CURVE('',#1089,#1086,#1338,.T.);
#886=EDGE_CURVE('',#1088,#1090,#1339,.T.);
#887=EDGE_CURVE('',#1091,#1090,#1340,.T.);
#888=EDGE_CURVE('',#1089,#1091,#1341,.T.);
#889=EDGE_CURVE('',#1090,#1092,#1342,.T.);
#890=EDGE_CURVE('',#1093,#1092,#1343,.T.);
#891=EDGE_CURVE('',#1091,#1093,#1344,.T.);
#892=EDGE_CURVE('',#1092,#1094,#1345,.T.);
#893=EDGE_CURVE('',#1095,#1094,#1346,.T.);
#894=EDGE_CURVE('',#1093,#1095,#1347,.T.);
#895=EDGE_CURVE('',#1095,#1042,#1348,.T.);
#896=EDGE_CURVE('',#1094,#1044,#1349,.T.);
#897=EDGE_CURVE('',#1096,#1043,#1350,.T.);
#898=EDGE_CURVE('',#1097,#1045,#1351,.T.);
#899=EDGE_CURVE('',#1096,#1097,#1352,.T.);
#900=EDGE_CURVE('',#1098,#1097,#1353,.T.);
#901=EDGE_CURVE('',#1099,#1098,#1354,.T.);
#902=EDGE_CURVE('',#1099,#1096,#1355,.T.);
#903=EDGE_CURVE('',#1098,#1100,#1356,.T.);
#904=EDGE_CURVE('',#1101,#1100,#1357,.T.);
#905=EDGE_CURVE('',#1099,#1101,#1358,.T.);
#906=EDGE_CURVE('',#1102,#1100,#1359,.T.);
#907=EDGE_CURVE('',#1103,#1102,#1360,.T.);
#908=EDGE_CURVE('',#1103,#1101,#1361,.T.);
#909=EDGE_CURVE('',#1104,#1102,#1362,.T.);
#910=EDGE_CURVE('',#1105,#1104,#1363,.T.);
#911=EDGE_CURVE('',#1105,#1103,#1364,.T.);
#912=EDGE_CURVE('',#1106,#1104,#1365,.T.);
#913=EDGE_CURVE('',#1107,#1106,#1366,.T.);
#914=EDGE_CURVE('',#1107,#1105,#1367,.T.);
#915=EDGE_CURVE('',#1106,#1084,#1368,.T.);
#916=EDGE_CURVE('',#1107,#1087,#1369,.T.);
#917=EDGE_CURVE('',#976,#1108,#1370,.T.);
#918=EDGE_CURVE('',#971,#1109,#1371,.T.);
#919=EDGE_CURVE('',#1108,#1109,#1372,.T.);
#920=EDGE_CURVE('',#1110,#970,#1373,.T.);
#921=EDGE_CURVE('',#1110,#1111,#1374,.T.);
#922=EDGE_CURVE('',#1111,#1109,#1375,.T.);
#923=EDGE_CURVE('',#1112,#969,#1376,.T.);
#924=EDGE_CURVE('',#1112,#1110,#1377,.T.);
#925=EDGE_CURVE('',#1113,#1108,#1378,.T.);
#926=EDGE_CURVE('',#1112,#1113,#1379,.T.);
#927=EDGE_CURVE('',#1113,#1111,#1380,.T.);
#928=EDGE_CURVE('',#1114,#1114,#11,.T.);
#929=VERTEX_POINT('',#3694);
#930=VERTEX_POINT('',#3695);
#931=VERTEX_POINT('',#3697);
#932=VERTEX_POINT('',#3699);
#933=VERTEX_POINT('',#3703);
#934=VERTEX_POINT('',#3705);
#935=VERTEX_POINT('',#3709);
#936=VERTEX_POINT('',#3711);
#937=VERTEX_POINT('',#3715);
#938=VERTEX_POINT('',#3717);
#939=VERTEX_POINT('',#3721);
#940=VERTEX_POINT('',#3723);
#941=VERTEX_POINT('',#3727);
#942=VERTEX_POINT('',#3729);
#943=VERTEX_POINT('',#3733);
#944=VERTEX_POINT('',#3735);
#945=VERTEX_POINT('',#3745);
#946=VERTEX_POINT('',#3746);
#947=VERTEX_POINT('',#3748);
#948=VERTEX_POINT('',#3750);
#949=VERTEX_POINT('',#3754);
#950=VERTEX_POINT('',#3756);
#951=VERTEX_POINT('',#3760);
#952=VERTEX_POINT('',#3762);
#953=VERTEX_POINT('',#3772);
#954=VERTEX_POINT('',#3773);
#955=VERTEX_POINT('',#3775);
#956=VERTEX_POINT('',#3777);
#957=VERTEX_POINT('',#3781);
#958=VERTEX_POINT('',#3783);
#959=VERTEX_POINT('',#3787);
#960=VERTEX_POINT('',#3789);
#961=VERTEX_POINT('',#3799);
#962=VERTEX_POINT('',#3800);
#963=VERTEX_POINT('',#3802);
#964=VERTEX_POINT('',#3804);
#965=VERTEX_POINT('',#3808);
#966=VERTEX_POINT('',#3810);
#967=VERTEX_POINT('',#3814);
#968=VERTEX_POINT('',#3816);
#969=VERTEX_POINT('',#3826);
#970=VERTEX_POINT('',#3827);
#971=VERTEX_POINT('',#3829);
#972=VERTEX_POINT('',#3831);
#973=VERTEX_POINT('',#3833);
#974=VERTEX_POINT('',#3835);
#975=VERTEX_POINT('',#3837);
#976=VERTEX_POINT('',#3839);
#977=VERTEX_POINT('',#3843);
#978=VERTEX_POINT('',#3844);
#979=VERTEX_POINT('',#3846);
#980=VERTEX_POINT('',#3848);
#981=VERTEX_POINT('',#3850);
#982=VERTEX_POINT('',#3852);
#983=VERTEX_POINT('',#3854);
#984=VERTEX_POINT('',#3856);
#985=VERTEX_POINT('',#3860);
#986=VERTEX_POINT('',#3861);
#987=VERTEX_POINT('',#3863);
#988=VERTEX_POINT('',#3866);
#989=VERTEX_POINT('',#3870);
#990=VERTEX_POINT('',#3872);
#991=VERTEX_POINT('',#3876);
#992=VERTEX_POINT('',#3878);
#993=VERTEX_POINT('',#3882);
#994=VERTEX_POINT('',#3883);
#995=VERTEX_POINT('',#3885);
#996=VERTEX_POINT('',#3887);
#997=VERTEX_POINT('',#3890);
#998=VERTEX_POINT('',#3895);
#999=VERTEX_POINT('',#3896);
#1000=VERTEX_POINT('',#3898);
#1001=VERTEX_POINT('',#3900);
#1002=VERTEX_POINT('',#3904);
#1003=VERTEX_POINT('',#3906);
#1004=VERTEX_POINT('',#3910);
#1005=VERTEX_POINT('',#3912);
#1006=VERTEX_POINT('',#3931);
#1007=VERTEX_POINT('',#3933);
#1008=VERTEX_POINT('',#3937);
#1009=VERTEX_POINT('',#3940);
#1010=VERTEX_POINT('',#3944);
#1011=VERTEX_POINT('',#3953);
#1012=VERTEX_POINT('',#3955);
#1013=VERTEX_POINT('',#3956);
#1014=VERTEX_POINT('',#3958);
#1015=VERTEX_POINT('',#3960);
#1016=VERTEX_POINT('',#3963);
#1017=VERTEX_POINT('',#3964);
#1018=VERTEX_POINT('',#3966);
#1019=VERTEX_POINT('',#3968);
#1020=VERTEX_POINT('',#3971);
#1021=VERTEX_POINT('',#3972);
#1022=VERTEX_POINT('',#3974);
#1023=VERTEX_POINT('',#3976);
#1024=VERTEX_POINT('',#3978);
#1025=VERTEX_POINT('',#3980);
#1026=VERTEX_POINT('',#3983);
#1027=VERTEX_POINT('',#3984);
#1028=VERTEX_POINT('',#3986);
#1029=VERTEX_POINT('',#3988);
#1030=VERTEX_POINT('',#3991);
#1031=VERTEX_POINT('',#3992);
#1032=VERTEX_POINT('',#3994);
#1033=VERTEX_POINT('',#3996);
#1034=VERTEX_POINT('',#3999);
#1035=VERTEX_POINT('',#4000);
#1036=VERTEX_POINT('',#4002);
#1037=VERTEX_POINT('',#4004);
#1038=VERTEX_POINT('',#4007);
#1039=VERTEX_POINT('',#4008);
#1040=VERTEX_POINT('',#4010);
#1041=VERTEX_POINT('',#4012);
#1042=VERTEX_POINT('',#4016);
#1043=VERTEX_POINT('',#4017);
#1044=VERTEX_POINT('',#4019);
#1045=VERTEX_POINT('',#4021);
#1046=VERTEX_POINT('',#4024);
#1047=VERTEX_POINT('',#4026);
#1048=VERTEX_POINT('',#4030);
#1049=VERTEX_POINT('',#4034);
#1050=VERTEX_POINT('',#4040);
#1051=VERTEX_POINT('',#4041);
#1052=VERTEX_POINT('',#4043);
#1053=VERTEX_POINT('',#4045);
#1054=VERTEX_POINT('',#4049);
#1055=VERTEX_POINT('',#4051);
#1056=VERTEX_POINT('',#4055);
#1057=VERTEX_POINT('',#4059);
#1058=VERTEX_POINT('',#4065);
#1059=VERTEX_POINT('',#4066);
#1060=VERTEX_POINT('',#4068);
#1061=VERTEX_POINT('',#4070);
#1062=VERTEX_POINT('',#4074);
#1063=VERTEX_POINT('',#4076);
#1064=VERTEX_POINT('',#4080);
#1065=VERTEX_POINT('',#4084);
#1066=VERTEX_POINT('',#4099);
#1067=VERTEX_POINT('',#4100);
#1068=VERTEX_POINT('',#4102);
#1069=VERTEX_POINT('',#4104);
#1070=VERTEX_POINT('',#4132);
#1071=VERTEX_POINT('',#4134);
#1072=VERTEX_POINT('',#4138);
#1073=VERTEX_POINT('',#4142);
#1074=VERTEX_POINT('',#4146);
#1075=VERTEX_POINT('',#4150);
#1076=VERTEX_POINT('',#4157);
#1077=VERTEX_POINT('',#4159);
#1078=VERTEX_POINT('',#4163);
#1079=VERTEX_POINT('',#4167);
#1080=VERTEX_POINT('',#4174);
#1081=VERTEX_POINT('',#4176);
#1082=VERTEX_POINT('',#4180);
#1083=VERTEX_POINT('',#4184);
#1084=VERTEX_POINT('',#4191);
#1085=VERTEX_POINT('',#4192);
#1086=VERTEX_POINT('',#4194);
#1087=VERTEX_POINT('',#4196);
#1088=VERTEX_POINT('',#4200);
#1089=VERTEX_POINT('',#4202);
#1090=VERTEX_POINT('',#4206);
#1091=VERTEX_POINT('',#4208);
#1092=VERTEX_POINT('',#4212);
#1093=VERTEX_POINT('',#4214);
#1094=VERTEX_POINT('',#4218);
#1095=VERTEX_POINT('',#4220);
#1096=VERTEX_POINT('',#4227);
#1097=VERTEX_POINT('',#4229);
#1098=VERTEX_POINT('',#4233);
#1099=VERTEX_POINT('',#4235);
#1100=VERTEX_POINT('',#4239);
#1101=VERTEX_POINT('',#4241);
#1102=VERTEX_POINT('',#4245);
#1103=VERTEX_POINT('',#4247);
#1104=VERTEX_POINT('',#4251);
#1105=VERTEX_POINT('',#4253);
#1106=VERTEX_POINT('',#4257);
#1107=VERTEX_POINT('',#4259);
#1108=VERTEX_POINT('',#4268);
#1109=VERTEX_POINT('',#4270);
#1110=VERTEX_POINT('',#4274);
#1111=VERTEX_POINT('',#4276);
#1112=VERTEX_POINT('',#4280);
#1113=VERTEX_POINT('',#4284);
#1114=VERTEX_POINT('',#4291);
#1115=LINE('',#3693,#1381);
#1116=LINE('',#3696,#1382);
#1117=LINE('',#3698,#1383);
#1118=LINE('',#3700,#1384);
#1119=LINE('',#3702,#1385);
#1120=LINE('',#3704,#1386);
#1121=LINE('',#3706,#1387);
#1122=LINE('',#3708,#1388);
#1123=LINE('',#3710,#1389);
#1124=LINE('',#3712,#1390);
#1125=LINE('',#3714,#1391);
#1126=LINE('',#3716,#1392);
#1127=LINE('',#3718,#1393);
#1128=LINE('',#3720,#1394);
#1129=LINE('',#3722,#1395);
#1130=LINE('',#3724,#1396);
#1131=LINE('',#3726,#1397);
#1132=LINE('',#3728,#1398);
#1133=LINE('',#3730,#1399);
#1134=LINE('',#3732,#1400);
#1135=LINE('',#3734,#1401);
#1136=LINE('',#3736,#1402);
#1137=LINE('',#3738,#1403);
#1138=LINE('',#3739,#1404);
#1139=LINE('',#3744,#1405);
#1140=LINE('',#3747,#1406);
#1141=LINE('',#3749,#1407);
#1142=LINE('',#3751,#1408);
#1143=LINE('',#3753,#1409);
#1144=LINE('',#3755,#1410);
#1145=LINE('',#3757,#1411);
#1146=LINE('',#3759,#1412);
#1147=LINE('',#3761,#1413);
#1148=LINE('',#3763,#1414);
#1149=LINE('',#3765,#1415);
#1150=LINE('',#3766,#1416);
#1151=LINE('',#3771,#1417);
#1152=LINE('',#3774,#1418);
#1153=LINE('',#3776,#1419);
#1154=LINE('',#3778,#1420);
#1155=LINE('',#3780,#1421);
#1156=LINE('',#3782,#1422);
#1157=LINE('',#3784,#1423);
#1158=LINE('',#3786,#1424);
#1159=LINE('',#3788,#1425);
#1160=LINE('',#3790,#1426);
#1161=LINE('',#3792,#1427);
#1162=LINE('',#3793,#1428);
#1163=LINE('',#3798,#1429);
#1164=LINE('',#3801,#1430);
#1165=LINE('',#3803,#1431);
#1166=LINE('',#3805,#1432);
#1167=LINE('',#3807,#1433);
#1168=LINE('',#3809,#1434);
#1169=LINE('',#3811,#1435);
#1170=LINE('',#3813,#1436);
#1171=LINE('',#3815,#1437);
#1172=LINE('',#3817,#1438);
#1173=LINE('',#3819,#1439);
#1174=LINE('',#3820,#1440);
#1175=LINE('',#3825,#1441);
#1176=LINE('',#3828,#1442);
#1177=LINE('',#3830,#1443);
#1178=LINE('',#3832,#1444);
#1179=LINE('',#3834,#1445);
#1180=LINE('',#3836,#1446);
#1181=LINE('',#3838,#1447);
#1182=LINE('',#3840,#1448);
#1183=LINE('',#3842,#1449);
#1184=LINE('',#3845,#1450);
#1185=LINE('',#3847,#1451);
#1186=LINE('',#3849,#1452);
#1187=LINE('',#3851,#1453);
#1188=LINE('',#3853,#1454);
#1189=LINE('',#3855,#1455);
#1190=LINE('',#3857,#1456);
#1191=LINE('',#3859,#1457);
#1192=LINE('',#3862,#1458);
#1193=LINE('',#3864,#1459);
#1194=LINE('',#3865,#1460);
#1195=LINE('',#3867,#1461);
#1196=LINE('',#3869,#1462);
#1197=LINE('',#3871,#1463);
#1198=LINE('',#3873,#1464);
#1199=LINE('',#3875,#1465);
#1200=LINE('',#3877,#1466);
#1201=LINE('',#3879,#1467);
#1202=LINE('',#3881,#1468);
#1203=LINE('',#3884,#1469);
#1204=LINE('',#3886,#1470);
#1205=LINE('',#3888,#1471);
#1206=LINE('',#3889,#1472);
#1207=LINE('',#3891,#1473);
#1208=LINE('',#3892,#1474);
#1209=LINE('',#3894,#1475);
#1210=LINE('',#3897,#1476);
#1211=LINE('',#3899,#1477);
#1212=LINE('',#3901,#1478);
#1213=LINE('',#3903,#1479);
#1214=LINE('',#3905,#1480);
#1215=LINE('',#3907,#1481);
#1216=LINE('',#3909,#1482);
#1217=LINE('',#3911,#1483);
#1218=LINE('',#3913,#1484);
#1219=LINE('',#3915,#1485);
#1220=LINE('',#3917,#1486);
#1221=LINE('',#3927,#1487);
#1222=LINE('',#3930,#1488);
#1223=LINE('',#3932,#1489);
#1224=LINE('',#3934,#1490);
#1225=LINE('',#3936,#1491);
#1226=LINE('',#3938,#1492);
#1227=LINE('',#3939,#1493);
#1228=LINE('',#3941,#1494);
#1229=LINE('',#3943,#1495);
#1230=LINE('',#3945,#1496);
#1231=LINE('',#3947,#1497);
#1232=LINE('',#3950,#1498);
#1233=LINE('',#3954,#1499);
#1234=LINE('',#3957,#1500);
#1235=LINE('',#3959,#1501);
#1236=LINE('',#3961,#1502);
#1237=LINE('',#3962,#1503);
#1238=LINE('',#3965,#1504);
#1239=LINE('',#3967,#1505);
#1240=LINE('',#3969,#1506);
#1241=LINE('',#3970,#1507);
#1242=LINE('',#3973,#1508);
#1243=LINE('',#3975,#1509);
#1244=LINE('',#3977,#1510);
#1245=LINE('',#3979,#1511);
#1246=LINE('',#3981,#1512);
#1247=LINE('',#3982,#1513);
#1248=LINE('',#3985,#1514);
#1249=LINE('',#3987,#1515);
#1250=LINE('',#3989,#1516);
#1251=LINE('',#3990,#1517);
#1252=LINE('',#3993,#1518);
#1253=LINE('',#3995,#1519);
#1254=LINE('',#3997,#1520);
#1255=LINE('',#3998,#1521);
#1256=LINE('',#4001,#1522);
#1257=LINE('',#4003,#1523);
#1258=LINE('',#4005,#1524);
#1259=LINE('',#4006,#1525);
#1260=LINE('',#4009,#1526);
#1261=LINE('',#4011,#1527);
#1262=LINE('',#4013,#1528);
#1263=LINE('',#4015,#1529);
#1264=LINE('',#4018,#1530);
#1265=LINE('',#4020,#1531);
#1266=LINE('',#4022,#1532);
#1267=LINE('',#4023,#1533);
#1268=LINE('',#4025,#1534);
#1269=LINE('',#4027,#1535);
#1270=LINE('',#4029,#1536);
#1271=LINE('',#4031,#1537);
#1272=LINE('',#4033,#1538);
#1273=LINE('',#4035,#1539);
#1274=LINE('',#4037,#1540);
#1275=LINE('',#4039,#1541);
#1276=LINE('',#4042,#1542);
#1277=LINE('',#4044,#1543);
#1278=LINE('',#4046,#1544);
#1279=LINE('',#4048,#1545);
#1280=LINE('',#4050,#1546);
#1281=LINE('',#4052,#1547);
#1282=LINE('',#4054,#1548);
#1283=LINE('',#4056,#1549);
#1284=LINE('',#4058,#1550);
#1285=LINE('',#4060,#1551);
#1286=LINE('',#4062,#1552);
#1287=LINE('',#4064,#1553);
#1288=LINE('',#4067,#1554);
#1289=LINE('',#4069,#1555);
#1290=LINE('',#4071,#1556);
#1291=LINE('',#4073,#1557);
#1292=LINE('',#4075,#1558);
#1293=LINE('',#4077,#1559);
#1294=LINE('',#4079,#1560);
#1295=LINE('',#4081,#1561);
#1296=LINE('',#4083,#1562);
#1297=LINE('',#4085,#1563);
#1298=LINE('',#4087,#1564);
#1299=LINE('',#4095,#1565);
#1300=LINE('',#4098,#1566);
#1301=LINE('',#4101,#1567);
#1302=LINE('',#4103,#1568);
#1303=LINE('',#4105,#1569);
#1304=LINE('',#4131,#1570);
#1305=LINE('',#4133,#1571);
#1306=LINE('',#4135,#1572);
#1307=LINE('',#4137,#1573);
#1308=LINE('',#4139,#1574);
#1309=LINE('',#4141,#1575);
#1310=LINE('',#4143,#1576);
#1311=LINE('',#4145,#1577);
#1312=LINE('',#4147,#1578);
#1313=LINE('',#4149,#1579);
#1314=LINE('',#4151,#1580);
#1315=LINE('',#4153,#1581);
#1316=LINE('',#4156,#1582);
#1317=LINE('',#4158,#1583);
#1318=LINE('',#4160,#1584);
#1319=LINE('',#4162,#1585);
#1320=LINE('',#4164,#1586);
#1321=LINE('',#4166,#1587);
#1322=LINE('',#4168,#1588);
#1323=LINE('',#4170,#1589);
#1324=LINE('',#4173,#1590);
#1325=LINE('',#4175,#1591);
#1326=LINE('',#4177,#1592);
#1327=LINE('',#4179,#1593);
#1328=LINE('',#4181,#1594);
#1329=LINE('',#4183,#1595);
#1330=LINE('',#4185,#1596);
#1331=LINE('',#4187,#1597);
#1332=LINE('',#4190,#1598);
#1333=LINE('',#4193,#1599);
#1334=LINE('',#4195,#1600);
#1335=LINE('',#4197,#1601);
#1336=LINE('',#4199,#1602);
#1337=LINE('',#4201,#1603);
#1338=LINE('',#4203,#1604);
#1339=LINE('',#4205,#1605);
#1340=LINE('',#4207,#1606);
#1341=LINE('',#4209,#1607);
#1342=LINE('',#4211,#1608);
#1343=LINE('',#4213,#1609);
#1344=LINE('',#4215,#1610);
#1345=LINE('',#4217,#1611);
#1346=LINE('',#4219,#1612);
#1347=LINE('',#4221,#1613);
#1348=LINE('',#4223,#1614);
#1349=LINE('',#4224,#1615);
#1350=LINE('',#4226,#1616);
#1351=LINE('',#4228,#1617);
#1352=LINE('',#4230,#1618);
#1353=LINE('',#4232,#1619);
#1354=LINE('',#4234,#1620);
#1355=LINE('',#4236,#1621);
#1356=LINE('',#4238,#1622);
#1357=LINE('',#4240,#1623);
#1358=LINE('',#4242,#1624);
#1359=LINE('',#4244,#1625);
#1360=LINE('',#4246,#1626);
#1361=LINE('',#4248,#1627);
#1362=LINE('',#4250,#1628);
#1363=LINE('',#4252,#1629);
#1364=LINE('',#4254,#1630);
#1365=LINE('',#4256,#1631);
#1366=LINE('',#4258,#1632);
#1367=LINE('',#4260,#1633);
#1368=LINE('',#4262,#1634);
#1369=LINE('',#4263,#1635);
#1370=LINE('',#4267,#1636);
#1371=LINE('',#4269,#1637);
#1372=LINE('',#4271,#1638);
#1373=LINE('',#4273,#1639);
#1374=LINE('',#4275,#1640);
#1375=LINE('',#4277,#1641);
#1376=LINE('',#4279,#1642);
#1377=LINE('',#4281,#1643);
#1378=LINE('',#4283,#1644);
#1379=LINE('',#4285,#1645);
#1380=LINE('',#4287,#1646);
#1381=VECTOR('',#3129,1.);
#1382=VECTOR('',#3130,1.);
#1383=VECTOR('',#3131,1.);
#1384=VECTOR('',#3132,1.);
#1385=VECTOR('',#3135,1.);
#1386=VECTOR('',#3136,1.);
#1387=VECTOR('',#3137,1.);
#1388=VECTOR('',#3140,1.);
#1389=VECTOR('',#3141,1.);
#1390=VECTOR('',#3142,1.);
#1391=VECTOR('',#3145,1.);
#1392=VECTOR('',#3146,1.);
#1393=VECTOR('',#3147,1.);
#1394=VECTOR('',#3150,1.);
#1395=VECTOR('',#3151,1.);
#1396=VECTOR('',#3152,1.);
#1397=VECTOR('',#3155,1.);
#1398=VECTOR('',#3156,1.);
#1399=VECTOR('',#3157,1.);
#1400=VECTOR('',#3160,1.);
#1401=VECTOR('',#3161,1.);
#1402=VECTOR('',#3162,1.);
#1403=VECTOR('',#3165,1.);
#1404=VECTOR('',#3166,1.);
#1405=VECTOR('',#3175,1.);
#1406=VECTOR('',#3176,1.);
#1407=VECTOR('',#3177,1.);
#1408=VECTOR('',#3178,1.);
#1409=VECTOR('',#3181,1.);
#1410=VECTOR('',#3182,1.);
#1411=VECTOR('',#3183,1.);
#1412=VECTOR('',#3186,1.);
#1413=VECTOR('',#3187,1.);
#1414=VECTOR('',#3188,1.);
#1415=VECTOR('',#3191,1.);
#1416=VECTOR('',#3192,1.);
#1417=VECTOR('',#3201,1.);
#1418=VECTOR('',#3202,1.);
#1419=VECTOR('',#3203,1.);
#1420=VECTOR('',#3204,1.);
#1421=VECTOR('',#3207,1.);
#1422=VECTOR('',#3208,1.);
#1423=VECTOR('',#3209,1.);
#1424=VECTOR('',#3212,1.);
#1425=VECTOR('',#3213,1.);
#1426=VECTOR('',#3214,1.);
#1427=VECTOR('',#3217,1.);
#1428=VECTOR('',#3218,1.);
#1429=VECTOR('',#3227,1.);
#1430=VECTOR('',#3228,1.);
#1431=VECTOR('',#3229,1.);
#1432=VECTOR('',#3230,1.);
#1433=VECTOR('',#3233,1.);
#1434=VECTOR('',#3234,1.);
#1435=VECTOR('',#3235,1.);
#1436=VECTOR('',#3238,1.);
#1437=VECTOR('',#3239,1.);
#1438=VECTOR('',#3240,1.);
#1439=VECTOR('',#3243,1.);
#1440=VECTOR('',#3244,1.);
#1441=VECTOR('',#3253,1.);
#1442=VECTOR('',#3254,1.);
#1443=VECTOR('',#3255,1.);
#1444=VECTOR('',#3256,1.);
#1445=VECTOR('',#3257,1.);
#1446=VECTOR('',#3258,1.);
#1447=VECTOR('',#3259,1.);
#1448=VECTOR('',#3260,1.);
#1449=VECTOR('',#3263,1.);
#1450=VECTOR('',#3264,1.);
#1451=VECTOR('',#3265,1.);
#1452=VECTOR('',#3266,1.);
#1453=VECTOR('',#3267,1.);
#1454=VECTOR('',#3268,1.);
#1455=VECTOR('',#3269,1.);
#1456=VECTOR('',#3270,1.);
#1457=VECTOR('',#3273,1.);
#1458=VECTOR('',#3274,1.);
#1459=VECTOR('',#3275,1.);
#1460=VECTOR('',#3276,1.);
#1461=VECTOR('',#3277,1.);
#1462=VECTOR('',#3280,1.);
#1463=VECTOR('',#3281,1.);
#1464=VECTOR('',#3282,1.);
#1465=VECTOR('',#3285,1.);
#1466=VECTOR('',#3286,1.);
#1467=VECTOR('',#3287,1.);
#1468=VECTOR('',#3290,1.);
#1469=VECTOR('',#3291,1.);
#1470=VECTOR('',#3292,1.);
#1471=VECTOR('',#3293,1.);
#1472=VECTOR('',#3294,1.);
#1473=VECTOR('',#3295,1.);
#1474=VECTOR('',#3296,1.);
#1475=VECTOR('',#3299,1.);
#1476=VECTOR('',#3300,1.);
#1477=VECTOR('',#3301,1.);
#1478=VECTOR('',#3302,1.);
#1479=VECTOR('',#3305,1.);
#1480=VECTOR('',#3306,1.);
#1481=VECTOR('',#3307,1.);
#1482=VECTOR('',#3310,1.);
#1483=VECTOR('',#3311,1.);
#1484=VECTOR('',#3312,1.);
#1485=VECTOR('',#3315,1.);
#1486=VECTOR('',#3318,1.);
#1487=VECTOR('',#3337,1.);
#1488=VECTOR('',#3342,1.);
#1489=VECTOR('',#3343,1.);
#1490=VECTOR('',#3344,1.);
#1491=VECTOR('',#3347,1.);
#1492=VECTOR('',#3348,1.);
#1493=VECTOR('',#3349,1.);
#1494=VECTOR('',#3350,1.);
#1495=VECTOR('',#3353,1.);
#1496=VECTOR('',#3354,1.);
#1497=VECTOR('',#3357,1.);
#1498=VECTOR('',#3362,1.);
#1499=VECTOR('',#3367,1.);
#1500=VECTOR('',#3368,1.);
#1501=VECTOR('',#3369,1.);
#1502=VECTOR('',#3370,1.);
#1503=VECTOR('',#3371,1.);
#1504=VECTOR('',#3372,1.);
#1505=VECTOR('',#3373,1.);
#1506=VECTOR('',#3374,1.);
#1507=VECTOR('',#3375,1.);
#1508=VECTOR('',#3376,1.);
#1509=VECTOR('',#3377,1.);
#1510=VECTOR('',#3378,1.);
#1511=VECTOR('',#3379,1.);
#1512=VECTOR('',#3380,1.);
#1513=VECTOR('',#3381,1.);
#1514=VECTOR('',#3382,1.);
#1515=VECTOR('',#3383,1.);
#1516=VECTOR('',#3384,1.);
#1517=VECTOR('',#3385,1.);
#1518=VECTOR('',#3386,1.);
#1519=VECTOR('',#3387,1.);
#1520=VECTOR('',#3388,1.);
#1521=VECTOR('',#3389,1.);
#1522=VECTOR('',#3390,1.);
#1523=VECTOR('',#3391,1.);
#1524=VECTOR('',#3392,1.);
#1525=VECTOR('',#3393,1.);
#1526=VECTOR('',#3394,1.);
#1527=VECTOR('',#3395,1.);
#1528=VECTOR('',#3396,1.);
#1529=VECTOR('',#3399,1.);
#1530=VECTOR('',#3400,1.);
#1531=VECTOR('',#3401,1.);
#1532=VECTOR('',#3402,1.);
#1533=VECTOR('',#3403,1.);
#1534=VECTOR('',#3404,1.);
#1535=VECTOR('',#3405,1.);
#1536=VECTOR('',#3408,1.);
#1537=VECTOR('',#3409,1.);
#1538=VECTOR('',#3412,1.);
#1539=VECTOR('',#3413,1.);
#1540=VECTOR('',#3416,1.);
#1541=VECTOR('',#3419,1.);
#1542=VECTOR('',#3420,1.);
#1543=VECTOR('',#3421,1.);
#1544=VECTOR('',#3422,1.);
#1545=VECTOR('',#3425,1.);
#1546=VECTOR('',#3426,1.);
#1547=VECTOR('',#3427,1.);
#1548=VECTOR('',#3430,1.);
#1549=VECTOR('',#3431,1.);
#1550=VECTOR('',#3434,1.);
#1551=VECTOR('',#3435,1.);
#1552=VECTOR('',#3438,1.);
#1553=VECTOR('',#3441,1.);
#1554=VECTOR('',#3442,1.);
#1555=VECTOR('',#3443,1.);
#1556=VECTOR('',#3444,1.);
#1557=VECTOR('',#3447,1.);
#1558=VECTOR('',#3448,1.);
#1559=VECTOR('',#3449,1.);
#1560=VECTOR('',#3452,1.);
#1561=VECTOR('',#3453,1.);
#1562=VECTOR('',#3456,1.);
#1563=VECTOR('',#3457,1.);
#1564=VECTOR('',#3460,1.);
#1565=VECTOR('',#3475,1.);
#1566=VECTOR('',#3480,1.);
#1567=VECTOR('',#3481,1.);
#1568=VECTOR('',#3482,1.);
#1569=VECTOR('',#3483,1.);
#1570=VECTOR('',#3534,1.);
#1571=VECTOR('',#3535,1.);
#1572=VECTOR('',#3536,1.);
#1573=VECTOR('',#3539,1.);
#1574=VECTOR('',#3540,1.);
#1575=VECTOR('',#3543,1.);
#1576=VECTOR('',#3544,1.);
#1577=VECTOR('',#3547,1.);
#1578=VECTOR('',#3548,1.);
#1579=VECTOR('',#3551,1.);
#1580=VECTOR('',#3552,1.);
#1581=VECTOR('',#3555,1.);
#1582=VECTOR('',#3560,1.);
#1583=VECTOR('',#3561,1.);
#1584=VECTOR('',#3562,1.);
#1585=VECTOR('',#3565,1.);
#1586=VECTOR('',#3566,1.);
#1587=VECTOR('',#3569,1.);
#1588=VECTOR('',#3570,1.);
#1589=VECTOR('',#3573,1.);
#1590=VECTOR('',#3578,1.);
#1591=VECTOR('',#3579,1.);
#1592=VECTOR('',#3580,1.);
#1593=VECTOR('',#3583,1.);
#1594=VECTOR('',#3584,1.);
#1595=VECTOR('',#3587,1.);
#1596=VECTOR('',#3588,1.);
#1597=VECTOR('',#3591,1.);
#1598=VECTOR('',#3596,1.);
#1599=VECTOR('',#3597,1.);
#1600=VECTOR('',#3598,1.);
#1601=VECTOR('',#3599,1.);
#1602=VECTOR('',#3602,1.);
#1603=VECTOR('',#3603,1.);
#1604=VECTOR('',#3604,1.);
#1605=VECTOR('',#3607,1.);
#1606=VECTOR('',#3608,1.);
#1607=VECTOR('',#3609,1.);
#1608=VECTOR('',#3612,1.);
#1609=VECTOR('',#3613,1.);
#1610=VECTOR('',#3614,1.);
#1611=VECTOR('',#3617,1.);
#1612=VECTOR('',#3618,1.);
#1613=VECTOR('',#3619,1.);
#1614=VECTOR('',#3622,1.);
#1615=VECTOR('',#3623,1.);
#1616=VECTOR('',#3626,1.);
#1617=VECTOR('',#3627,1.);
#1618=VECTOR('',#3628,1.);
#1619=VECTOR('',#3631,1.);
#1620=VECTOR('',#3632,1.);
#1621=VECTOR('',#3633,1.);
#1622=VECTOR('',#3636,1.);
#1623=VECTOR('',#3637,1.);
#1624=VECTOR('',#3638,1.);
#1625=VECTOR('',#3641,1.);
#1626=VECTOR('',#3642,1.);
#1627=VECTOR('',#3643,1.);
#1628=VECTOR('',#3646,1.);
#1629=VECTOR('',#3647,1.);
#1630=VECTOR('',#3648,1.);
#1631=VECTOR('',#3651,1.);
#1632=VECTOR('',#3652,1.);
#1633=VECTOR('',#3653,1.);
#1634=VECTOR('',#3656,1.);
#1635=VECTOR('',#3657,1.);
#1636=VECTOR('',#3664,1.);
#1637=VECTOR('',#3665,1.);
#1638=VECTOR('',#3666,1.);
#1639=VECTOR('',#3669,1.);
#1640=VECTOR('',#3670,1.);
#1641=VECTOR('',#3671,1.);
#1642=VECTOR('',#3674,1.);
#1643=VECTOR('',#3675,1.);
#1644=VECTOR('',#3678,1.);
#1645=VECTOR('',#3679,1.);
#1646=VECTOR('',#3682,1.);
#1647=EDGE_LOOP('',(#65,#66,#67,#68));
#1648=EDGE_LOOP('',(#69,#70,#71,#72));
#1649=EDGE_LOOP('',(#73,#74,#75,#76));
#1650=EDGE_LOOP('',(#77,#78,#79,#80));
#1651=EDGE_LOOP('',(#81,#82,#83,#84));
#1652=EDGE_LOOP('',(#85,#86,#87,#88));
#1653=EDGE_LOOP('',(#89,#90,#91,#92));
#1654=EDGE_LOOP('',(#93,#94,#95,#96));
#1655=EDGE_LOOP('',(#97,#98,#99,#100,#101,#102,#103,#104));
#1656=EDGE_LOOP('',(#105,#106,#107,#108,#109,#110,#111,#112));
#1657=EDGE_LOOP('',(#113,#114,#115,#116));
#1658=EDGE_LOOP('',(#117,#118,#119,#120));
#1659=EDGE_LOOP('',(#121,#122,#123,#124));
#1660=EDGE_LOOP('',(#125,#126,#127,#128));
#1661=EDGE_LOOP('',(#129,#130,#131,#132));
#1662=EDGE_LOOP('',(#133,#134,#135,#136));
#1663=EDGE_LOOP('',(#137,#138,#139,#140));
#1664=EDGE_LOOP('',(#141,#142,#143,#144));
#1665=EDGE_LOOP('',(#145,#146,#147,#148));
#1666=EDGE_LOOP('',(#149,#150,#151,#152));
#1667=EDGE_LOOP('',(#153,#154,#155,#156));
#1668=EDGE_LOOP('',(#157,#158,#159,#160));
#1669=EDGE_LOOP('',(#161,#162,#163,#164));
#1670=EDGE_LOOP('',(#165,#166,#167,#168));
#1671=EDGE_LOOP('',(#169,#170,#171,#172));
#1672=EDGE_LOOP('',(#173,#174,#175,#176));
#1673=EDGE_LOOP('',(#177,#178,#179,#180));
#1674=EDGE_LOOP('',(#181,#182,#183,#184));
#1675=EDGE_LOOP('',(#185,#186,#187,#188,#189,#190,#191,#192));
#1676=EDGE_LOOP('',(#193,#194,#195,#196,#197,#198,#199,#200));
#1677=EDGE_LOOP('',(#201,#202,#203,#204,#205,#206));
#1678=EDGE_LOOP('',(#207,#208,#209,#210));
#1679=EDGE_LOOP('',(#211,#212,#213,#214));
#1680=EDGE_LOOP('',(#215,#216,#217,#218));
#1681=EDGE_LOOP('',(#219,#220,#221,#222,#223,#224));
#1682=EDGE_LOOP('',(#225,#226,#227,#228));
#1683=EDGE_LOOP('',(#229,#230,#231,#232));
#1684=EDGE_LOOP('',(#233,#234,#235,#236));
#1685=EDGE_LOOP('',(#237,#238,#239,#240));
#1686=EDGE_LOOP('',(#241,#242,#243,#244));
#1687=EDGE_LOOP('',(#245,#246,#247,#248));
#1688=EDGE_LOOP('',(#249,#250,#251,#252));
#1689=EDGE_LOOP('',(#253,#254,#255,#256));
#1690=EDGE_LOOP('',(#257,#258,#259,#260));
#1691=EDGE_LOOP('',(#261,#262,#263,#264));
#1692=EDGE_LOOP('',(#265,#266,#267,#268));
#1693=EDGE_LOOP('',(#269,#270,#271,#272));
#1694=EDGE_LOOP('',(#273,#274,#275,#276,#277,#278,#279));
#1695=EDGE_LOOP('',(#280,#281,#282,#283,#284));
#1696=EDGE_LOOP('',(#285,#286,#287,#288));
#1697=EDGE_LOOP('',(#289,#290,#291,#292));
#1698=EDGE_LOOP('',(#293,#294,#295,#296));
#1699=EDGE_LOOP('',(#297));
#1700=EDGE_LOOP('',(#298,#299,#300,#301));
#1701=EDGE_LOOP('',(#302,#303,#304,#305));
#1702=EDGE_LOOP('',(#306,#307,#308,#309,#310,#311));
#1703=EDGE_LOOP('',(#312,#313,#314,#315));
#1704=EDGE_LOOP('',(#316,#317,#318,#319));
#1705=EDGE_LOOP('',(#320,#321,#322,#323));
#1706=EDGE_LOOP('',(#324,#325,#326,#327));
#1707=EDGE_LOOP('',(#328,#329,#330,#331));
#1708=EDGE_LOOP('',(#332,#333,#334,#335));
#1709=EDGE_LOOP('',(#336,#337,#338,#339));
#1710=EDGE_LOOP('',(#340,#341,#342,#343));
#1711=EDGE_LOOP('',(#344,#345,#346,#347));
#1712=EDGE_LOOP('',(#348,#349,#350,#351));
#1713=EDGE_LOOP('',(#352,#353,#354,#355));
#1714=EDGE_LOOP('',(#356,#357,#358,#359));
#1715=EDGE_LOOP('',(#360,#361,#362,#363));
#1716=EDGE_LOOP('',(#364,#365,#366,#367));
#1717=EDGE_LOOP('',(#368,#369,#370,#371));
#1718=EDGE_LOOP('',(#372,#373,#374,#375));
#1719=EDGE_LOOP('',(#376,#377,#378,#379));
#1720=EDGE_LOOP('',(#380,#381,#382,#383));
#1721=EDGE_LOOP('',(#384,#385,#386,#387));
#1722=EDGE_LOOP('',(#388,#389,#390,#391));
#1723=EDGE_LOOP('',(#392,#393,#394,#395));
#1724=EDGE_LOOP('',(#396,#397,#398,#399));
#1725=EDGE_LOOP('',(#400,#401,#402,#403,#404,#405));
#1726=EDGE_LOOP('',(#406,#407,#408,#409));
#1727=EDGE_LOOP('',(#410,#411,#412,#413));
#1728=EDGE_LOOP('',(#414,#415,#416,#417));
#1729=EDGE_LOOP('',(#418,#419,#420,#421));
#1730=EDGE_LOOP('',(#422,#423,#424,#425));
#1731=EDGE_LOOP('',(#426,#427,#428,#429));
#1732=EDGE_LOOP('',(#430,#431,#432,#433));
#1733=EDGE_LOOP('',(#434,#435,#436,#437));
#1734=EDGE_LOOP('',(#438,#439,#440,#441));
#1735=EDGE_LOOP('',(#442,#443,#444,#445));
#1736=EDGE_LOOP('',(#446,#447,#448,#449));
#1737=EDGE_LOOP('',(#450,#451,#452,#453));
#1738=EDGE_LOOP('',(#454,#455,#456,#457));
#1739=EDGE_LOOP('',(#458,#459,#460,#461));
#1740=EDGE_LOOP('',(#462,#463,#464,#465));
#1741=EDGE_LOOP('',(#466,#467,#468,#469));
#1742=EDGE_LOOP('',(#470,#471,#472,#473));
#1743=EDGE_LOOP('',(#474,#475,#476,#477));
#1744=EDGE_LOOP('',(#478,#479,#480,#481,#482,#483));
#1745=EDGE_LOOP('',(#484,#485,#486,#487));
#1746=EDGE_LOOP('',(#488,#489,#490,#491));
#1747=EDGE_LOOP('',(#492,#493,#494,#495));
#1748=EDGE_LOOP('',(#496,#497,#498,#499));
#1749=EDGE_LOOP('',(#500,#501,#502,#503));
#1750=EDGE_LOOP('',(#504,#505,#506,#507));
#1751=EDGE_LOOP('',(#508,#509,#510,#511));
#1752=EDGE_LOOP('',(#512,#513,#514,#515));
#1753=EDGE_LOOP('',(#516,#517,#518,#519));
#1754=EDGE_LOOP('',(#520,#521,#522,#523));
#1755=EDGE_LOOP('',(#524,#525,#526,#527));
#1756=EDGE_LOOP('',(#528,#529,#530,#531));
#1757=EDGE_LOOP('',(#532,#533,#534,#535));
#1758=EDGE_LOOP('',(#536,#537,#538,#539));
#1759=EDGE_LOOP('',(#540,#541,#542,#543));
#1760=EDGE_LOOP('',(#544,#545,#546,#547));
#1761=EDGE_LOOP('',(#548,#549,#550,#551));
#1762=EDGE_LOOP('',(#552,#553,#554,#555));
#1763=EDGE_LOOP('',(#556,#557,#558,#559));
#1764=EDGE_LOOP('',(#560,#561,#562,#563));
#1765=EDGE_LOOP('',(#564,#565,#566,#567));
#1766=EDGE_LOOP('',(#568,#569,#570,#571));
#1767=EDGE_LOOP('',(#572,#573,#574,#575));
#1768=EDGE_LOOP('',(#576,#577,#578,#579));
#1769=EDGE_LOOP('',(#580,#581,#582,#583));
#1770=EDGE_LOOP('',(#584,#585,#586,#587,#588,#589,#590,#591,#592,#593,#594,
#595,#596,#597));
#1771=EDGE_LOOP('',(#598,#599,#600,#601,#602,#603,#604,#605,#606,#607,#608,
#609,#610,#611));
#1772=EDGE_LOOP('',(#612,#613,#614,#615));
#1773=EDGE_LOOP('',(#616,#617,#618,#619,#620));
#1774=EDGE_LOOP('',(#621,#622,#623,#624));
#1775=EDGE_LOOP('',(#625,#626,#627,#628,#629));
#1776=EDGE_LOOP('',(#630,#631,#632,#633));
#1777=EDGE_LOOP('',(#634,#635,#636,#637));
#1778=EDGE_LOOP('',(#638));
#1779=EDGE_LOOP('',(#639));
#1780=EDGE_LOOP('',(#640));
#1781=FACE_BOUND('',#1647,.T.);
#1782=FACE_BOUND('',#1648,.T.);
#1783=FACE_BOUND('',#1649,.T.);
#1784=FACE_BOUND('',#1650,.T.);
#1785=FACE_BOUND('',#1651,.T.);
#1786=FACE_BOUND('',#1652,.T.);
#1787=FACE_BOUND('',#1653,.T.);
#1788=FACE_BOUND('',#1654,.T.);
#1789=FACE_BOUND('',#1655,.T.);
#1790=FACE_BOUND('',#1656,.T.);
#1791=FACE_BOUND('',#1657,.T.);
#1792=FACE_BOUND('',#1658,.T.);
#1793=FACE_BOUND('',#1659,.T.);
#1794=FACE_BOUND('',#1660,.T.);
#1795=FACE_BOUND('',#1661,.T.);
#1796=FACE_BOUND('',#1662,.T.);
#1797=FACE_BOUND('',#1663,.T.);
#1798=FACE_BOUND('',#1664,.T.);
#1799=FACE_BOUND('',#1665,.T.);
#1800=FACE_BOUND('',#1666,.T.);
#1801=FACE_BOUND('',#1667,.T.);
#1802=FACE_BOUND('',#1668,.T.);
#1803=FACE_BOUND('',#1669,.T.);
#1804=FACE_BOUND('',#1670,.T.);
#1805=FACE_BOUND('',#1671,.T.);
#1806=FACE_BOUND('',#1672,.T.);
#1807=FACE_BOUND('',#1673,.T.);
#1808=FACE_BOUND('',#1674,.T.);
#1809=FACE_BOUND('',#1675,.T.);
#1810=FACE_BOUND('',#1676,.T.);
#1811=FACE_BOUND('',#1677,.T.);
#1812=FACE_BOUND('',#1678,.T.);
#1813=FACE_BOUND('',#1679,.T.);
#1814=FACE_BOUND('',#1680,.T.);
#1815=FACE_BOUND('',#1681,.T.);
#1816=FACE_BOUND('',#1682,.T.);
#1817=FACE_BOUND('',#1683,.T.);
#1818=FACE_BOUND('',#1684,.T.);
#1819=FACE_BOUND('',#1685,.T.);
#1820=FACE_BOUND('',#1686,.T.);
#1821=FACE_BOUND('',#1687,.T.);
#1822=FACE_BOUND('',#1688,.T.);
#1823=FACE_BOUND('',#1689,.T.);
#1824=FACE_BOUND('',#1690,.T.);
#1825=FACE_BOUND('',#1691,.T.);
#1826=FACE_BOUND('',#1692,.T.);
#1827=FACE_BOUND('',#1693,.T.);
#1828=FACE_BOUND('',#1694,.T.);
#1829=FACE_BOUND('',#1695,.T.);
#1830=FACE_BOUND('',#1696,.T.);
#1831=FACE_BOUND('',#1697,.T.);
#1832=FACE_BOUND('',#1698,.T.);
#1833=FACE_BOUND('',#1699,.T.);
#1834=FACE_BOUND('',#1700,.T.);
#1835=FACE_BOUND('',#1701,.T.);
#1836=FACE_BOUND('',#1702,.T.);
#1837=FACE_BOUND('',#1703,.T.);
#1838=FACE_BOUND('',#1704,.T.);
#1839=FACE_BOUND('',#1705,.T.);
#1840=FACE_BOUND('',#1706,.T.);
#1841=FACE_BOUND('',#1707,.T.);
#1842=FACE_BOUND('',#1708,.T.);
#1843=FACE_BOUND('',#1709,.T.);
#1844=FACE_BOUND('',#1710,.T.);
#1845=FACE_BOUND('',#1711,.T.);
#1846=FACE_BOUND('',#1712,.T.);
#1847=FACE_BOUND('',#1713,.T.);
#1848=FACE_BOUND('',#1714,.T.);
#1849=FACE_BOUND('',#1715,.T.);
#1850=FACE_BOUND('',#1716,.T.);
#1851=FACE_BOUND('',#1717,.T.);
#1852=FACE_BOUND('',#1718,.T.);
#1853=FACE_BOUND('',#1719,.T.);
#1854=FACE_BOUND('',#1720,.T.);
#1855=FACE_BOUND('',#1721,.T.);
#1856=FACE_BOUND('',#1722,.T.);
#1857=FACE_BOUND('',#1723,.T.);
#1858=FACE_BOUND('',#1724,.T.);
#1859=FACE_BOUND('',#1725,.T.);
#1860=FACE_BOUND('',#1726,.T.);
#1861=FACE_BOUND('',#1727,.T.);
#1862=FACE_BOUND('',#1728,.T.);
#1863=FACE_BOUND('',#1729,.T.);
#1864=FACE_BOUND('',#1730,.T.);
#1865=FACE_BOUND('',#1731,.T.);
#1866=FACE_BOUND('',#1732,.T.);
#1867=FACE_BOUND('',#1733,.T.);
#1868=FACE_BOUND('',#1734,.T.);
#1869=FACE_BOUND('',#1735,.T.);
#1870=FACE_BOUND('',#1736,.T.);
#1871=FACE_BOUND('',#1737,.T.);
#1872=FACE_BOUND('',#1738,.T.);
#1873=FACE_BOUND('',#1739,.T.);
#1874=FACE_BOUND('',#1740,.T.);
#1875=FACE_BOUND('',#1741,.T.);
#1876=FACE_BOUND('',#1742,.T.);
#1877=FACE_BOUND('',#1743,.T.);
#1878=FACE_BOUND('',#1744,.T.);
#1879=FACE_BOUND('',#1745,.T.);
#1880=FACE_BOUND('',#1746,.T.);
#1881=FACE_BOUND('',#1747,.T.);
#1882=FACE_BOUND('',#1748,.T.);
#1883=FACE_BOUND('',#1749,.T.);
#1884=FACE_BOUND('',#1750,.T.);
#1885=FACE_BOUND('',#1751,.T.);
#1886=FACE_BOUND('',#1752,.T.);
#1887=FACE_BOUND('',#1753,.T.);
#1888=FACE_BOUND('',#1754,.T.);
#1889=FACE_BOUND('',#1755,.T.);
#1890=FACE_BOUND('',#1756,.T.);
#1891=FACE_BOUND('',#1757,.T.);
#1892=FACE_BOUND('',#1758,.T.);
#1893=FACE_BOUND('',#1759,.T.);
#1894=FACE_BOUND('',#1760,.T.);
#1895=FACE_BOUND('',#1761,.T.);
#1896=FACE_BOUND('',#1762,.T.);
#1897=FACE_BOUND('',#1763,.T.);
#1898=FACE_BOUND('',#1764,.T.);
#1899=FACE_BOUND('',#1765,.T.);
#1900=FACE_BOUND('',#1766,.T.);
#1901=FACE_BOUND('',#1767,.T.);
#1902=FACE_BOUND('',#1768,.T.);
#1903=FACE_BOUND('',#1769,.T.);
#1904=FACE_BOUND('',#1770,.T.);
#1905=FACE_BOUND('',#1771,.T.);
#1906=FACE_BOUND('',#1772,.T.);
#1907=FACE_BOUND('',#1773,.T.);
#1908=FACE_BOUND('',#1774,.T.);
#1909=FACE_BOUND('',#1775,.T.);
#1910=FACE_BOUND('',#1776,.T.);
#1911=FACE_BOUND('',#1777,.T.);
#1912=FACE_BOUND('',#1778,.T.);
#1913=FACE_BOUND('',#1779,.T.);
#1914=FACE_BOUND('',#1780,.T.);
#1915=PLANE('',#2976);
#1916=PLANE('',#2977);
#1917=PLANE('',#2978);
#1918=PLANE('',#2979);
#1919=PLANE('',#2980);
#1920=PLANE('',#2981);
#1921=PLANE('',#2982);
#1922=PLANE('',#2983);
#1923=PLANE('',#2984);
#1924=PLANE('',#2985);
#1925=PLANE('',#2987);
#1926=PLANE('',#2988);
#1927=PLANE('',#2989);
#1928=PLANE('',#2990);
#1929=PLANE('',#2991);
#1930=PLANE('',#2992);
#1931=PLANE('',#2994);
#1932=PLANE('',#2995);
#1933=PLANE('',#2996);
#1934=PLANE('',#2997);
#1935=PLANE('',#2998);
#1936=PLANE('',#2999);
#1937=PLANE('',#3001);
#1938=PLANE('',#3002);
#1939=PLANE('',#3003);
#1940=PLANE('',#3004);
#1941=PLANE('',#3005);
#1942=PLANE('',#3006);
#1943=PLANE('',#3008);
#1944=PLANE('',#3009);
#1945=PLANE('',#3010);
#1946=PLANE('',#3011);
#1947=PLANE('',#3012);
#1948=PLANE('',#3013);
#1949=PLANE('',#3014);
#1950=PLANE('',#3015);
#1951=PLANE('',#3016);
#1952=PLANE('',#3017);
#1953=PLANE('',#3018);
#1954=PLANE('',#3027);
#1955=PLANE('',#3028);
#1956=PLANE('',#3029);
#1957=PLANE('',#3030);
#1958=PLANE('',#3031);
#1959=PLANE('',#3032);
#1960=PLANE('',#3033);
#1961=PLANE('',#3034);
#1962=PLANE('',#3035);
#1963=PLANE('',#3037);
#1964=PLANE('',#3038);
#1965=PLANE('',#3039);
#1966=PLANE('',#3040);
#1967=PLANE('',#3041);
#1968=PLANE('',#3042);
#1969=PLANE('',#3043);
#1970=PLANE('',#3044);
#1971=PLANE('',#3045);
#1972=PLANE('',#3046);
#1973=PLANE('',#3047);
#1974=PLANE('',#3048);
#1975=PLANE('',#3049);
#1976=PLANE('',#3050);
#1977=PLANE('',#3059);
#1978=PLANE('',#3084);
#1979=PLANE('',#3085);
#1980=PLANE('',#3086);
#1981=PLANE('',#3087);
#1982=PLANE('',#3088);
#1983=PLANE('',#3089);
#1984=PLANE('',#3090);
#1985=PLANE('',#3091);
#1986=PLANE('',#3092);
#1987=PLANE('',#3093);
#1988=PLANE('',#3094);
#1989=PLANE('',#3095);
#1990=PLANE('',#3096);
#1991=PLANE('',#3097);
#1992=PLANE('',#3098);
#1993=PLANE('',#3099);
#1994=PLANE('',#3100);
#1995=PLANE('',#3101);
#1996=PLANE('',#3102);
#1997=PLANE('',#3103);
#1998=PLANE('',#3104);
#1999=PLANE('',#3105);
#2000=PLANE('',#3106);
#2001=PLANE('',#3107);
#2002=PLANE('',#3108);
#2003=PLANE('',#3109);
#2004=PLANE('',#3110);
#2005=PLANE('',#3111);
#2006=PLANE('',#3112);
#2007=PLANE('',#3113);
#2008=PLANE('',#3114);
#2009=PLANE('',#3115);
#2010=PLANE('',#3116);
#2011=PLANE('',#3117);
#2012=PLANE('',#3118);
#2013=PLANE('',#3119);
#2014=PLANE('',#3120);
#2015=PLANE('',#3121);
#2016=PLANE('',#3124);
#2017=OVER_RIDING_STYLED_ITEM('',(#2261),#2127,#2255);
#2018=OVER_RIDING_STYLED_ITEM('',(#2262),#2128,#2255);
#2019=OVER_RIDING_STYLED_ITEM('',(#2263),#2129,#2255);
#2020=OVER_RIDING_STYLED_ITEM('',(#2264),#2130,#2255);
#2021=OVER_RIDING_STYLED_ITEM('',(#2265),#2131,#2255);
#2022=OVER_RIDING_STYLED_ITEM('',(#2266),#2132,#2255);
#2023=OVER_RIDING_STYLED_ITEM('',(#2267),#2133,#2255);
#2024=OVER_RIDING_STYLED_ITEM('',(#2268),#2134,#2255);
#2025=OVER_RIDING_STYLED_ITEM('',(#2269),#2135,#2255);
#2026=OVER_RIDING_STYLED_ITEM('',(#2271),#2137,#2256);
#2027=OVER_RIDING_STYLED_ITEM('',(#2272),#2138,#2256);
#2028=OVER_RIDING_STYLED_ITEM('',(#2273),#2140,#2256);
#2029=OVER_RIDING_STYLED_ITEM('',(#2274),#2141,#2256);
#2030=OVER_RIDING_STYLED_ITEM('',(#2276),#2143,#2257);
#2031=OVER_RIDING_STYLED_ITEM('',(#2277),#2144,#2257);
#2032=OVER_RIDING_STYLED_ITEM('',(#2278),#2145,#2257);
#2033=OVER_RIDING_STYLED_ITEM('',(#2279),#2146,#2257);
#2034=OVER_RIDING_STYLED_ITEM('',(#2280),#2147,#2257);
#2035=OVER_RIDING_STYLED_ITEM('',(#2282),#2149,#2258);
#2036=OVER_RIDING_STYLED_ITEM('',(#2283),#2150,#2258);
#2037=OVER_RIDING_STYLED_ITEM('',(#2284),#2151,#2258);
#2038=OVER_RIDING_STYLED_ITEM('',(#2285),#2152,#2258);
#2039=OVER_RIDING_STYLED_ITEM('',(#2286),#2153,#2258);
#2040=OVER_RIDING_STYLED_ITEM('',(#2288),#2155,#2259);
#2041=OVER_RIDING_STYLED_ITEM('',(#2289),#2156,#2259);
#2042=OVER_RIDING_STYLED_ITEM('',(#2290),#2158,#2259);
#2043=OVER_RIDING_STYLED_ITEM('',(#2291),#2159,#2259);
#2044=OVER_RIDING_STYLED_ITEM('',(#2292),#2160,#2259);
#2045=OVER_RIDING_STYLED_ITEM('',(#2293),#2161,#2259);
#2046=OVER_RIDING_STYLED_ITEM('',(#2294),#2162,#2259);
#2047=OVER_RIDING_STYLED_ITEM('',(#2295),#2163,#2259);
#2048=OVER_RIDING_STYLED_ITEM('',(#2296),#2164,#2259);
#2049=OVER_RIDING_STYLED_ITEM('',(#2297),#2165,#2259);
#2050=OVER_RIDING_STYLED_ITEM('',(#2298),#2166,#2259);
#2051=OVER_RIDING_STYLED_ITEM('',(#2299),#2167,#2259);
#2052=OVER_RIDING_STYLED_ITEM('',(#2300),#2168,#2259);
#2053=OVER_RIDING_STYLED_ITEM('',(#2301),#2169,#2259);
#2054=OVER_RIDING_STYLED_ITEM('',(#2302),#2170,#2259);
#2055=OVER_RIDING_STYLED_ITEM('',(#2303),#2171,#2259);
#2056=OVER_RIDING_STYLED_ITEM('',(#2304),#2172,#2259);
#2057=OVER_RIDING_STYLED_ITEM('',(#2305),#2173,#2259);
#2058=OVER_RIDING_STYLED_ITEM('',(#2306),#2174,#2259);
#2059=OVER_RIDING_STYLED_ITEM('',(#2307),#2175,#2259);
#2060=OVER_RIDING_STYLED_ITEM('',(#2308),#2176,#2259);
#2061=OVER_RIDING_STYLED_ITEM('',(#2309),#2178,#2259);
#2062=OVER_RIDING_STYLED_ITEM('',(#2310),#2179,#2259);
#2063=OVER_RIDING_STYLED_ITEM('',(#2311),#2180,#2259);
#2064=OVER_RIDING_STYLED_ITEM('',(#2312),#2181,#2259);
#2065=OVER_RIDING_STYLED_ITEM('',(#2313),#2182,#2259);
#2066=OVER_RIDING_STYLED_ITEM('',(#2314),#2183,#2259);
#2067=OVER_RIDING_STYLED_ITEM('',(#2315),#2184,#2259);
#2068=OVER_RIDING_STYLED_ITEM('',(#2316),#2185,#2259);
#2069=OVER_RIDING_STYLED_ITEM('',(#2317),#2186,#2259);
#2070=OVER_RIDING_STYLED_ITEM('',(#2318),#2187,#2259);
#2071=OVER_RIDING_STYLED_ITEM('',(#2319),#2188,#2259);
#2072=OVER_RIDING_STYLED_ITEM('',(#2320),#2189,#2259);
#2073=OVER_RIDING_STYLED_ITEM('',(#2321),#2190,#2259);
#2074=OVER_RIDING_STYLED_ITEM('',(#2322),#2191,#2259);
#2075=OVER_RIDING_STYLED_ITEM('',(#2323),#2192,#2259);
#2076=OVER_RIDING_STYLED_ITEM('',(#2324),#2193,#2259);
#2077=OVER_RIDING_STYLED_ITEM('',(#2325),#2194,#2259);
#2078=OVER_RIDING_STYLED_ITEM('',(#2326),#2195,#2259);
#2079=OVER_RIDING_STYLED_ITEM('',(#2327),#2196,#2259);
#2080=OVER_RIDING_STYLED_ITEM('',(#2328),#2197,#2259);
#2081=OVER_RIDING_STYLED_ITEM('',(#2329),#2198,#2259);
#2082=OVER_RIDING_STYLED_ITEM('',(#2330),#2199,#2259);
#2083=OVER_RIDING_STYLED_ITEM('',(#2331),#2200,#2259);
#2084=OVER_RIDING_STYLED_ITEM('',(#2332),#2201,#2259);
#2085=OVER_RIDING_STYLED_ITEM('',(#2333),#2202,#2259);
#2086=OVER_RIDING_STYLED_ITEM('',(#2334),#2203,#2259);
#2087=OVER_RIDING_STYLED_ITEM('',(#2335),#2204,#2259);
#2088=OVER_RIDING_STYLED_ITEM('',(#2336),#2205,#2259);
#2089=OVER_RIDING_STYLED_ITEM('',(#2337),#2206,#2259);
#2090=OVER_RIDING_STYLED_ITEM('',(#2338),#2207,#2259);
#2091=OVER_RIDING_STYLED_ITEM('',(#2339),#2208,#2259);
#2092=OVER_RIDING_STYLED_ITEM('',(#2340),#2209,#2259);
#2093=OVER_RIDING_STYLED_ITEM('',(#2341),#2210,#2259);
#2094=OVER_RIDING_STYLED_ITEM('',(#2342),#2211,#2259);
#2095=OVER_RIDING_STYLED_ITEM('',(#2343),#2212,#2259);
#2096=OVER_RIDING_STYLED_ITEM('',(#2344),#2213,#2259);
#2097=OVER_RIDING_STYLED_ITEM('',(#2345),#2214,#2259);
#2098=OVER_RIDING_STYLED_ITEM('',(#2346),#2215,#2259);
#2099=OVER_RIDING_STYLED_ITEM('',(#2347),#2216,#2259);
#2100=OVER_RIDING_STYLED_ITEM('',(#2348),#2217,#2259);
#2101=OVER_RIDING_STYLED_ITEM('',(#2349),#2218,#2259);
#2102=OVER_RIDING_STYLED_ITEM('',(#2350),#2219,#2259);
#2103=OVER_RIDING_STYLED_ITEM('',(#2351),#2220,#2259);
#2104=OVER_RIDING_STYLED_ITEM('',(#2352),#2221,#2259);
#2105=OVER_RIDING_STYLED_ITEM('',(#2353),#2222,#2259);
#2106=OVER_RIDING_STYLED_ITEM('',(#2354),#2223,#2259);
#2107=OVER_RIDING_STYLED_ITEM('',(#2355),#2224,#2259);
#2108=OVER_RIDING_STYLED_ITEM('',(#2356),#2225,#2259);
#2109=OVER_RIDING_STYLED_ITEM('',(#2357),#2226,#2259);
#2110=OVER_RIDING_STYLED_ITEM('',(#2358),#2227,#2259);
#2111=OVER_RIDING_STYLED_ITEM('',(#2359),#2228,#2259);
#2112=OVER_RIDING_STYLED_ITEM('',(#2360),#2229,#2259);
#2113=OVER_RIDING_STYLED_ITEM('',(#2361),#2233,#2259);
#2114=OVER_RIDING_STYLED_ITEM('',(#2362),#2234,#2259);
#2115=OVER_RIDING_STYLED_ITEM('',(#2363),#2235,#2259);
#2116=OVER_RIDING_STYLED_ITEM('',(#2364),#2236,#2259);
#2117=OVER_RIDING_STYLED_ITEM('',(#2365),#2237,#2259);
#2118=OVER_RIDING_STYLED_ITEM('',(#2366),#2238,#2259);
#2119=OVER_RIDING_STYLED_ITEM('',(#2367),#2240,#2259);
#2120=OVER_RIDING_STYLED_ITEM('',(#2368),#2243,#2259);
#2121=OVER_RIDING_STYLED_ITEM('',(#2369),#2244,#2259);
#2122=OVER_RIDING_STYLED_ITEM('',(#2370),#2245,#2259);
#2123=OVER_RIDING_STYLED_ITEM('',(#2371),#2246,#2259);
#2124=OVER_RIDING_STYLED_ITEM('',(#2372),#2247,#2259);
#2125=OVER_RIDING_STYLED_ITEM('',(#2373),#2248,#2259);
#2126=OVER_RIDING_STYLED_ITEM('',(#2374),#2249,#2259);
#2127=ADVANCED_FACE('Face appearance 9',(#1781),#1915,.F.);
#2128=ADVANCED_FACE('Face appearance 9',(#1782),#1916,.F.);
#2129=ADVANCED_FACE('Face appearance 9',(#1783),#1917,.F.);
#2130=ADVANCED_FACE('Face appearance 9',(#1784),#1918,.F.);
#2131=ADVANCED_FACE('Face appearance 9',(#1785),#1919,.T.);
#2132=ADVANCED_FACE('Face appearance 9',(#1786),#1920,.F.);
#2133=ADVANCED_FACE('Face appearance 9',(#1787),#1921,.T.);
#2134=ADVANCED_FACE('Face appearance 9',(#1788),#1922,.T.);
#2135=ADVANCED_FACE('Face appearance 9',(#1789),#1923,.T.);
#2136=ADVANCED_FACE('',(#1790),#1924,.F.);
#2137=ADVANCED_FACE('Face appearance 9',(#1791),#1925,.T.);
#2138=ADVANCED_FACE('Face appearance 9',(#1792),#1926,.F.);
#2139=ADVANCED_FACE('',(#1793),#1927,.F.);
#2140=ADVANCED_FACE('Face appearance 9',(#1794),#1928,.T.);
#2141=ADVANCED_FACE('Face appearance 9',(#1795),#1929,.T.);
#2142=ADVANCED_FACE('',(#1796),#1930,.F.);
#2143=ADVANCED_FACE('Face appearance 9',(#1797),#1931,.T.);
#2144=ADVANCED_FACE('Face appearance 9',(#1798),#1932,.F.);
#2145=ADVANCED_FACE('Face appearance 9',(#1799),#1933,.T.);
#2146=ADVANCED_FACE('Face appearance 9',(#1800),#1934,.T.);
#2147=ADVANCED_FACE('Face appearance 9',(#1801),#1935,.T.);
#2148=ADVANCED_FACE('',(#1802),#1936,.F.);
#2149=ADVANCED_FACE('Face appearance 9',(#1803),#1937,.T.);
#2150=ADVANCED_FACE('Face appearance 9',(#1804),#1938,.F.);
#2151=ADVANCED_FACE('Face appearance 9',(#1805),#1939,.F.);
#2152=ADVANCED_FACE('Face appearance 9',(#1806),#1940,.T.);
#2153=ADVANCED_FACE('Face appearance 9',(#1807),#1941,.T.);
#2154=ADVANCED_FACE('',(#1808),#1942,.F.);
#2155=ADVANCED_FACE('Face appearance 8',(#1809),#1943,.T.);
#2156=ADVANCED_FACE('Face appearance 1',(#1810),#1944,.T.);
#2157=ADVANCED_FACE('',(#1811),#1945,.T.);
#2158=ADVANCED_FACE('Face appearance 2',(#1812),#1946,.F.);
#2159=ADVANCED_FACE('Face appearance 1',(#1813),#1947,.F.);
#2160=ADVANCED_FACE('Face appearance 1',(#1814,#1815),#1948,.T.);
#2161=ADVANCED_FACE('Face appearance 1',(#1816),#1949,.T.);
#2162=ADVANCED_FACE('Face appearance 1',(#1817),#1950,.F.);
#2163=ADVANCED_FACE('Face appearance 1',(#1818),#1951,.F.);
#2164=ADVANCED_FACE('Face appearance 1',(#1819),#1952,.T.);
#2165=ADVANCED_FACE('Face appearance 1',(#1820),#1953,.F.);
#2166=ADVANCED_FACE('Face appearance 1',(#1821),#32,.T.);
#2167=ADVANCED_FACE('Face appearance 1',(#1822),#33,.T.);
#2168=ADVANCED_FACE('Face appearance 1',(#1823),#34,.T.);
#2169=ADVANCED_FACE('Face appearance 1',(#1824),#35,.T.);
#2170=ADVANCED_FACE('Face appearance 1',(#1825),#1954,.F.);
#2171=ADVANCED_FACE('Face appearance 1',(#1826),#1955,.T.);
#2172=ADVANCED_FACE('Face appearance 3',(#1827),#1956,.F.);
#2173=ADVANCED_FACE('Face appearance 3',(#1828),#1957,.T.);
#2174=ADVANCED_FACE('Face appearance 3',(#1829),#1958,.F.);
#2175=ADVANCED_FACE('Face appearance 3',(#1830),#1959,.T.);
#2176=ADVANCED_FACE('Face appearance 3',(#1831),#1960,.T.);
#2177=ADVANCED_FACE('',(#1832),#1961,.T.);
#2178=ADVANCED_FACE('Face appearance 4',(#1833,#1834,#1835,#1836,#1837,
#1838,#1839,#1840,#1841),#1962,.T.);
#2179=ADVANCED_FACE('Face appearance 5',(#1842,#1843),#1963,.T.);
#2180=ADVANCED_FACE('Face appearance 5',(#1844),#1964,.F.);
#2181=ADVANCED_FACE('Face appearance 5',(#1845),#1965,.F.);
#2182=ADVANCED_FACE('Face appearance 5',(#1846),#1966,.T.);
#2183=ADVANCED_FACE('Face appearance 5',(#1847),#1967,.T.);
#2184=ADVANCED_FACE('Face appearance 5',(#1848),#1968,.T.);
#2185=ADVANCED_FACE('Face appearance 5',(#1849),#1969,.F.);
#2186=ADVANCED_FACE('Face appearance 5',(#1850),#1970,.F.);
#2187=ADVANCED_FACE('Face appearance 5',(#1851),#1971,.T.);
#2188=ADVANCED_FACE('Face appearance 5',(#1852),#1972,.T.);
#2189=ADVANCED_FACE('Face appearance 8',(#1853),#1973,.T.);
#2190=ADVANCED_FACE('Face appearance 8',(#1854),#1974,.F.);
#2191=ADVANCED_FACE('Face appearance 8',(#1855),#1975,.F.);
#2192=ADVANCED_FACE('Face appearance 8',(#1856),#1976,.T.);
#2193=ADVANCED_FACE('Face appearance 8',(#1857),#36,.T.);
#2194=ADVANCED_FACE('Face appearance 8',(#1858),#37,.T.);
#2195=ADVANCED_FACE('Face appearance 8',(#1859),#38,.T.);
#2196=ADVANCED_FACE('Face appearance 8',(#1860),#39,.T.);
#2197=ADVANCED_FACE('Face appearance 6',(#1861),#1977,.T.);
#2198=ADVANCED_FACE('Face appearance 6',(#1862),#40,.T.);
#2199=ADVANCED_FACE('Face appearance 6',(#1863),#41,.T.);
#2200=ADVANCED_FACE('Face appearance 6',(#1864),#42,.T.);
#2201=ADVANCED_FACE('Face appearance 6',(#1865),#43,.T.);
#2202=ADVANCED_FACE('Face appearance 5',(#1866),#44,.T.);
#2203=ADVANCED_FACE('Face appearance 5',(#1867),#45,.T.);
#2204=ADVANCED_FACE('Face appearance 5',(#1868),#46,.T.);
#2205=ADVANCED_FACE('Face appearance 5',(#1869),#47,.T.);
#2206=ADVANCED_FACE('Face appearance 5',(#1870),#48,.T.);
#2207=ADVANCED_FACE('Face appearance 5',(#1871),#49,.T.);
#2208=ADVANCED_FACE('Face appearance 5',(#1872),#50,.T.);
#2209=ADVANCED_FACE('Face appearance 5',(#1873),#51,.T.);
#2210=ADVANCED_FACE('Face appearance 8',(#1874),#1978,.T.);
#2211=ADVANCED_FACE('Face appearance 8',(#1875),#1979,.F.);
#2212=ADVANCED_FACE('Face appearance 8',(#1876),#1980,.F.);
#2213=ADVANCED_FACE('Face appearance 8',(#1877),#1981,.T.);
#2214=ADVANCED_FACE('Face appearance 8',(#1878),#1982,.T.);
#2215=ADVANCED_FACE('Face appearance 8',(#1879),#1983,.F.);
#2216=ADVANCED_FACE('Face appearance 8',(#1880),#1984,.T.);
#2217=ADVANCED_FACE('Face appearance 8',(#1881),#1985,.T.);
#2218=ADVANCED_FACE('Face appearance 8',(#1882),#1986,.F.);
#2219=ADVANCED_FACE('Face appearance 8',(#1883),#1987,.F.);
#2220=ADVANCED_FACE('Face appearance 8',(#1884),#1988,.T.);
#2221=ADVANCED_FACE('Face appearance 8',(#1885),#1989,.T.);
#2222=ADVANCED_FACE('Face appearance 8',(#1886),#1990,.T.);
#2223=ADVANCED_FACE('Face appearance 8',(#1887),#1991,.F.);
#2224=ADVANCED_FACE('Face appearance 8',(#1888),#1992,.F.);
#2225=ADVANCED_FACE('Face appearance 8',(#1889),#1993,.T.);
#2226=ADVANCED_FACE('Face appearance 8',(#1890),#1994,.T.);
#2227=ADVANCED_FACE('Face appearance 9',(#1891),#1995,.F.);
#2228=ADVANCED_FACE('Face appearance 9',(#1892),#1996,.T.);
#2229=ADVANCED_FACE('Face appearance 9',(#1893),#1997,.F.);
#2230=ADVANCED_FACE('',(#1894),#1998,.F.);
#2231=ADVANCED_FACE('',(#1895),#1999,.F.);
#2232=ADVANCED_FACE('',(#1896),#2000,.F.);
#2233=ADVANCED_FACE('Face appearance 9',(#1897),#2001,.T.);
#2234=ADVANCED_FACE('Face appearance 9',(#1898),#2002,.T.);
#2235=ADVANCED_FACE('Face appearance 9',(#1899),#2003,.F.);
#2236=ADVANCED_FACE('Face appearance 9',(#1900),#2004,.T.);
#2237=ADVANCED_FACE('Face appearance 9',(#1901),#2005,.T.);
#2238=ADVANCED_FACE('Face appearance 9',(#1902),#2006,.T.);
#2239=ADVANCED_FACE('',(#1903),#2007,.F.);
#2240=ADVANCED_FACE('Face appearance 9',(#1904),#2008,.T.);
#2241=ADVANCED_FACE('',(#1905),#2009,.F.);
#2242=ADVANCED_FACE('',(#1906),#2010,.F.);
#2243=ADVANCED_FACE('Face appearance 9',(#1907),#2011,.T.);
#2244=ADVANCED_FACE('Face appearance 9',(#1908),#2012,.T.);
#2245=ADVANCED_FACE('Face appearance 9',(#1909),#2013,.F.);
#2246=ADVANCED_FACE('Face appearance 9',(#1910),#2014,.F.);
#2247=ADVANCED_FACE('Face appearance 9',(#1911),#2015,.T.);
#2248=ADVANCED_FACE('Face appearance 7',(#1912,#1913),#52,.T.);
#2249=ADVANCED_FACE('Face appearance 7',(#1914),#2016,.T.);
#2250=CLOSED_SHELL('',(#2127,#2128,#2129,#2130,#2131,#2132,#2133,#2134,
#2135,#2136));
#2251=CLOSED_SHELL('',(#2137,#2138,#2139,#2140,#2141,#2142));
#2252=CLOSED_SHELL('',(#2143,#2144,#2145,#2146,#2147,#2148));
#2253=CLOSED_SHELL('',(#2149,#2150,#2151,#2152,#2153,#2154));
#2254=CLOSED_SHELL('',(#2155,#2156,#2157,#2158,#2159,#2160,#2161,#2162,
#2163,#2164,#2165,#2166,#2167,#2168,#2169,#2170,#2171,#2172,#2173,#2174,
#2175,#2176,#2177,#2178,#2179,#2180,#2181,#2182,#2183,#2184,#2185,#2186,
#2187,#2188,#2189,#2190,#2191,#2192,#2193,#2194,#2195,#2196,#2197,#2198,
#2199,#2200,#2201,#2202,#2203,#2204,#2205,#2206,#2207,#2208,#2209,#2210,
#2211,#2212,#2213,#2214,#2215,#2216,#2217,#2218,#2219,#2220,#2221,#2222,
#2223,#2224,#2225,#2226,#2227,#2228,#2229,#2230,#2231,#2232,#2233,#2234,
#2235,#2236,#2237,#2238,#2239,#2240,#2241,#2242,#2243,#2244,#2245,#2246,
#2247,#2248,#2249));
#2255=STYLED_ITEM('',(#2260),#2960);
#2256=STYLED_ITEM('',(#2270),#2961);
#2257=STYLED_ITEM('',(#2275),#2962);
#2258=STYLED_ITEM('',(#2281),#2963);
#2259=STYLED_ITEM('',(#2287),#2964);
#2260=PRESENTATION_STYLE_ASSIGNMENT((#2375));
#2261=PRESENTATION_STYLE_ASSIGNMENT((#2376));
#2262=PRESENTATION_STYLE_ASSIGNMENT((#2377));
#2263=PRESENTATION_STYLE_ASSIGNMENT((#2378));
#2264=PRESENTATION_STYLE_ASSIGNMENT((#2379));
#2265=PRESENTATION_STYLE_ASSIGNMENT((#2380));
#2266=PRESENTATION_STYLE_ASSIGNMENT((#2381));
#2267=PRESENTATION_STYLE_ASSIGNMENT((#2382));
#2268=PRESENTATION_STYLE_ASSIGNMENT((#2383));
#2269=PRESENTATION_STYLE_ASSIGNMENT((#2384));
#2270=PRESENTATION_STYLE_ASSIGNMENT((#2385));
#2271=PRESENTATION_STYLE_ASSIGNMENT((#2386));
#2272=PRESENTATION_STYLE_ASSIGNMENT((#2387));
#2273=PRESENTATION_STYLE_ASSIGNMENT((#2388));
#2274=PRESENTATION_STYLE_ASSIGNMENT((#2389));
#2275=PRESENTATION_STYLE_ASSIGNMENT((#2390));
#2276=PRESENTATION_STYLE_ASSIGNMENT((#2391));
#2277=PRESENTATION_STYLE_ASSIGNMENT((#2392));
#2278=PRESENTATION_STYLE_ASSIGNMENT((#2393));
#2279=PRESENTATION_STYLE_ASSIGNMENT((#2394));
#2280=PRESENTATION_STYLE_ASSIGNMENT((#2395));
#2281=PRESENTATION_STYLE_ASSIGNMENT((#2396));
#2282=PRESENTATION_STYLE_ASSIGNMENT((#2397));
#2283=PRESENTATION_STYLE_ASSIGNMENT((#2398));
#2284=PRESENTATION_STYLE_ASSIGNMENT((#2399));
#2285=PRESENTATION_STYLE_ASSIGNMENT((#2400));
#2286=PRESENTATION_STYLE_ASSIGNMENT((#2401));
#2287=PRESENTATION_STYLE_ASSIGNMENT((#2402));
#2288=PRESENTATION_STYLE_ASSIGNMENT((#2403));
#2289=PRESENTATION_STYLE_ASSIGNMENT((#2404));
#2290=PRESENTATION_STYLE_ASSIGNMENT((#2405));
#2291=PRESENTATION_STYLE_ASSIGNMENT((#2406));
#2292=PRESENTATION_STYLE_ASSIGNMENT((#2407));
#2293=PRESENTATION_STYLE_ASSIGNMENT((#2408));
#2294=PRESENTATION_STYLE_ASSIGNMENT((#2409));
#2295=PRESENTATION_STYLE_ASSIGNMENT((#2410));
#2296=PRESENTATION_STYLE_ASSIGNMENT((#2411));
#2297=PRESENTATION_STYLE_ASSIGNMENT((#2412));
#2298=PRESENTATION_STYLE_ASSIGNMENT((#2413));
#2299=PRESENTATION_STYLE_ASSIGNMENT((#2414));
#2300=PRESENTATION_STYLE_ASSIGNMENT((#2415));
#2301=PRESENTATION_STYLE_ASSIGNMENT((#2416));
#2302=PRESENTATION_STYLE_ASSIGNMENT((#2417));
#2303=PRESENTATION_STYLE_ASSIGNMENT((#2418));
#2304=PRESENTATION_STYLE_ASSIGNMENT((#2419));
#2305=PRESENTATION_STYLE_ASSIGNMENT((#2420));
#2306=PRESENTATION_STYLE_ASSIGNMENT((#2421));
#2307=PRESENTATION_STYLE_ASSIGNMENT((#2422));
#2308=PRESENTATION_STYLE_ASSIGNMENT((#2423));
#2309=PRESENTATION_STYLE_ASSIGNMENT((#2424));
#2310=PRESENTATION_STYLE_ASSIGNMENT((#2425));
#2311=PRESENTATION_STYLE_ASSIGNMENT((#2426));
#2312=PRESENTATION_STYLE_ASSIGNMENT((#2427));
#2313=PRESENTATION_STYLE_ASSIGNMENT((#2428));
#2314=PRESENTATION_STYLE_ASSIGNMENT((#2429));
#2315=PRESENTATION_STYLE_ASSIGNMENT((#2430));
#2316=PRESENTATION_STYLE_ASSIGNMENT((#2431));
#2317=PRESENTATION_STYLE_ASSIGNMENT((#2432));
#2318=PRESENTATION_STYLE_ASSIGNMENT((#2433));
#2319=PRESENTATION_STYLE_ASSIGNMENT((#2434));
#2320=PRESENTATION_STYLE_ASSIGNMENT((#2435));
#2321=PRESENTATION_STYLE_ASSIGNMENT((#2436));
#2322=PRESENTATION_STYLE_ASSIGNMENT((#2437));
#2323=PRESENTATION_STYLE_ASSIGNMENT((#2438));
#2324=PRESENTATION_STYLE_ASSIGNMENT((#2439));
#2325=PRESENTATION_STYLE_ASSIGNMENT((#2440));
#2326=PRESENTATION_STYLE_ASSIGNMENT((#2441));
#2327=PRESENTATION_STYLE_ASSIGNMENT((#2442));
#2328=PRESENTATION_STYLE_ASSIGNMENT((#2443));
#2329=PRESENTATION_STYLE_ASSIGNMENT((#2444));
#2330=PRESENTATION_STYLE_ASSIGNMENT((#2445));
#2331=PRESENTATION_STYLE_ASSIGNMENT((#2446));
#2332=PRESENTATION_STYLE_ASSIGNMENT((#2447));
#2333=PRESENTATION_STYLE_ASSIGNMENT((#2448));
#2334=PRESENTATION_STYLE_ASSIGNMENT((#2449));
#2335=PRESENTATION_STYLE_ASSIGNMENT((#2450));
#2336=PRESENTATION_STYLE_ASSIGNMENT((#2451));
#2337=PRESENTATION_STYLE_ASSIGNMENT((#2452));
#2338=PRESENTATION_STYLE_ASSIGNMENT((#2453));
#2339=PRESENTATION_STYLE_ASSIGNMENT((#2454));
#2340=PRESENTATION_STYLE_ASSIGNMENT((#2455));
#2341=PRESENTATION_STYLE_ASSIGNMENT((#2456));
#2342=PRESENTATION_STYLE_ASSIGNMENT((#2457));
#2343=PRESENTATION_STYLE_ASSIGNMENT((#2458));
#2344=PRESENTATION_STYLE_ASSIGNMENT((#2459));
#2345=PRESENTATION_STYLE_ASSIGNMENT((#2460));
#2346=PRESENTATION_STYLE_ASSIGNMENT((#2461));
#2347=PRESENTATION_STYLE_ASSIGNMENT((#2462));
#2348=PRESENTATION_STYLE_ASSIGNMENT((#2463));
#2349=PRESENTATION_STYLE_ASSIGNMENT((#2464));
#2350=PRESENTATION_STYLE_ASSIGNMENT((#2465));
#2351=PRESENTATION_STYLE_ASSIGNMENT((#2466));
#2352=PRESENTATION_STYLE_ASSIGNMENT((#2467));
#2353=PRESENTATION_STYLE_ASSIGNMENT((#2468));
#2354=PRESENTATION_STYLE_ASSIGNMENT((#2469));
#2355=PRESENTATION_STYLE_ASSIGNMENT((#2470));
#2356=PRESENTATION_STYLE_ASSIGNMENT((#2471));
#2357=PRESENTATION_STYLE_ASSIGNMENT((#2472));
#2358=PRESENTATION_STYLE_ASSIGNMENT((#2473));
#2359=PRESENTATION_STYLE_ASSIGNMENT((#2474));
#2360=PRESENTATION_STYLE_ASSIGNMENT((#2475));
#2361=PRESENTATION_STYLE_ASSIGNMENT((#2476));
#2362=PRESENTATION_STYLE_ASSIGNMENT((#2477));
#2363=PRESENTATION_STYLE_ASSIGNMENT((#2478));
#2364=PRESENTATION_STYLE_ASSIGNMENT((#2479));
#2365=PRESENTATION_STYLE_ASSIGNMENT((#2480));
#2366=PRESENTATION_STYLE_ASSIGNMENT((#2481));
#2367=PRESENTATION_STYLE_ASSIGNMENT((#2482));
#2368=PRESENTATION_STYLE_ASSIGNMENT((#2483));
#2369=PRESENTATION_STYLE_ASSIGNMENT((#2484));
#2370=PRESENTATION_STYLE_ASSIGNMENT((#2485));
#2371=PRESENTATION_STYLE_ASSIGNMENT((#2486));
#2372=PRESENTATION_STYLE_ASSIGNMENT((#2487));
#2373=PRESENTATION_STYLE_ASSIGNMENT((#2488));
#2374=PRESENTATION_STYLE_ASSIGNMENT((#2489));
#2375=SURFACE_STYLE_USAGE(.BOTH.,#2490);
#2376=SURFACE_STYLE_USAGE(.BOTH.,#2491);
#2377=SURFACE_STYLE_USAGE(.BOTH.,#2492);
#2378=SURFACE_STYLE_USAGE(.BOTH.,#2493);
#2379=SURFACE_STYLE_USAGE(.BOTH.,#2494);
#2380=SURFACE_STYLE_USAGE(.BOTH.,#2495);
#2381=SURFACE_STYLE_USAGE(.BOTH.,#2496);
#2382=SURFACE_STYLE_USAGE(.BOTH.,#2497);
#2383=SURFACE_STYLE_USAGE(.BOTH.,#2498);
#2384=SURFACE_STYLE_USAGE(.BOTH.,#2499);
#2385=SURFACE_STYLE_USAGE(.BOTH.,#2500);
#2386=SURFACE_STYLE_USAGE(.BOTH.,#2501);
#2387=SURFACE_STYLE_USAGE(.BOTH.,#2502);
#2388=SURFACE_STYLE_USAGE(.BOTH.,#2503);
#2389=SURFACE_STYLE_USAGE(.BOTH.,#2504);
#2390=SURFACE_STYLE_USAGE(.BOTH.,#2505);
#2391=SURFACE_STYLE_USAGE(.BOTH.,#2506);
#2392=SURFACE_STYLE_USAGE(.BOTH.,#2507);
#2393=SURFACE_STYLE_USAGE(.BOTH.,#2508);
#2394=SURFACE_STYLE_USAGE(.BOTH.,#2509);
#2395=SURFACE_STYLE_USAGE(.BOTH.,#2510);
#2396=SURFACE_STYLE_USAGE(.BOTH.,#2511);
#2397=SURFACE_STYLE_USAGE(.BOTH.,#2512);
#2398=SURFACE_STYLE_USAGE(.BOTH.,#2513);
#2399=SURFACE_STYLE_USAGE(.BOTH.,#2514);
#2400=SURFACE_STYLE_USAGE(.BOTH.,#2515);
#2401=SURFACE_STYLE_USAGE(.BOTH.,#2516);
#2402=SURFACE_STYLE_USAGE(.BOTH.,#2517);
#2403=SURFACE_STYLE_USAGE(.BOTH.,#2518);
#2404=SURFACE_STYLE_USAGE(.BOTH.,#2519);
#2405=SURFACE_STYLE_USAGE(.BOTH.,#2520);
#2406=SURFACE_STYLE_USAGE(.BOTH.,#2521);
#2407=SURFACE_STYLE_USAGE(.BOTH.,#2522);
#2408=SURFACE_STYLE_USAGE(.BOTH.,#2523);
#2409=SURFACE_STYLE_USAGE(.BOTH.,#2524);
#2410=SURFACE_STYLE_USAGE(.BOTH.,#2525);
#2411=SURFACE_STYLE_USAGE(.BOTH.,#2526);
#2412=SURFACE_STYLE_USAGE(.BOTH.,#2527);
#2413=SURFACE_STYLE_USAGE(.BOTH.,#2528);
#2414=SURFACE_STYLE_USAGE(.BOTH.,#2529);
#2415=SURFACE_STYLE_USAGE(.BOTH.,#2530);
#2416=SURFACE_STYLE_USAGE(.BOTH.,#2531);
#2417=SURFACE_STYLE_USAGE(.BOTH.,#2532);
#2418=SURFACE_STYLE_USAGE(.BOTH.,#2533);
#2419=SURFACE_STYLE_USAGE(.BOTH.,#2534);
#2420=SURFACE_STYLE_USAGE(.BOTH.,#2535);
#2421=SURFACE_STYLE_USAGE(.BOTH.,#2536);
#2422=SURFACE_STYLE_USAGE(.BOTH.,#2537);
#2423=SURFACE_STYLE_USAGE(.BOTH.,#2538);
#2424=SURFACE_STYLE_USAGE(.BOTH.,#2539);
#2425=SURFACE_STYLE_USAGE(.BOTH.,#2540);
#2426=SURFACE_STYLE_USAGE(.BOTH.,#2541);
#2427=SURFACE_STYLE_USAGE(.BOTH.,#2542);
#2428=SURFACE_STYLE_USAGE(.BOTH.,#2543);
#2429=SURFACE_STYLE_USAGE(.BOTH.,#2544);
#2430=SURFACE_STYLE_USAGE(.BOTH.,#2545);
#2431=SURFACE_STYLE_USAGE(.BOTH.,#2546);
#2432=SURFACE_STYLE_USAGE(.BOTH.,#2547);
#2433=SURFACE_STYLE_USAGE(.BOTH.,#2548);
#2434=SURFACE_STYLE_USAGE(.BOTH.,#2549);
#2435=SURFACE_STYLE_USAGE(.BOTH.,#2550);
#2436=SURFACE_STYLE_USAGE(.BOTH.,#2551);
#2437=SURFACE_STYLE_USAGE(.BOTH.,#2552);
#2438=SURFACE_STYLE_USAGE(.BOTH.,#2553);
#2439=SURFACE_STYLE_USAGE(.BOTH.,#2554);
#2440=SURFACE_STYLE_USAGE(.BOTH.,#2555);
#2441=SURFACE_STYLE_USAGE(.BOTH.,#2556);
#2442=SURFACE_STYLE_USAGE(.BOTH.,#2557);
#2443=SURFACE_STYLE_USAGE(.BOTH.,#2558);
#2444=SURFACE_STYLE_USAGE(.BOTH.,#2559);
#2445=SURFACE_STYLE_USAGE(.BOTH.,#2560);
#2446=SURFACE_STYLE_USAGE(.BOTH.,#2561);
#2447=SURFACE_STYLE_USAGE(.BOTH.,#2562);
#2448=SURFACE_STYLE_USAGE(.BOTH.,#2563);
#2449=SURFACE_STYLE_USAGE(.BOTH.,#2564);
#2450=SURFACE_STYLE_USAGE(.BOTH.,#2565);
#2451=SURFACE_STYLE_USAGE(.BOTH.,#2566);
#2452=SURFACE_STYLE_USAGE(.BOTH.,#2567);
#2453=SURFACE_STYLE_USAGE(.BOTH.,#2568);
#2454=SURFACE_STYLE_USAGE(.BOTH.,#2569);
#2455=SURFACE_STYLE_USAGE(.BOTH.,#2570);
#2456=SURFACE_STYLE_USAGE(.BOTH.,#2571);
#2457=SURFACE_STYLE_USAGE(.BOTH.,#2572);
#2458=SURFACE_STYLE_USAGE(.BOTH.,#2573);
#2459=SURFACE_STYLE_USAGE(.BOTH.,#2574);
#2460=SURFACE_STYLE_USAGE(.BOTH.,#2575);
#2461=SURFACE_STYLE_USAGE(.BOTH.,#2576);
#2462=SURFACE_STYLE_USAGE(.BOTH.,#2577);
#2463=SURFACE_STYLE_USAGE(.BOTH.,#2578);
#2464=SURFACE_STYLE_USAGE(.BOTH.,#2579);
#2465=SURFACE_STYLE_USAGE(.BOTH.,#2580);
#2466=SURFACE_STYLE_USAGE(.BOTH.,#2581);
#2467=SURFACE_STYLE_USAGE(.BOTH.,#2582);
#2468=SURFACE_STYLE_USAGE(.BOTH.,#2583);
#2469=SURFACE_STYLE_USAGE(.BOTH.,#2584);
#2470=SURFACE_STYLE_USAGE(.BOTH.,#2585);
#2471=SURFACE_STYLE_USAGE(.BOTH.,#2586);
#2472=SURFACE_STYLE_USAGE(.BOTH.,#2587);
#2473=SURFACE_STYLE_USAGE(.BOTH.,#2588);
#2474=SURFACE_STYLE_USAGE(.BOTH.,#2589);
#2475=SURFACE_STYLE_USAGE(.BOTH.,#2590);
#2476=SURFACE_STYLE_USAGE(.BOTH.,#2591);
#2477=SURFACE_STYLE_USAGE(.BOTH.,#2592);
#2478=SURFACE_STYLE_USAGE(.BOTH.,#2593);
#2479=SURFACE_STYLE_USAGE(.BOTH.,#2594);
#2480=SURFACE_STYLE_USAGE(.BOTH.,#2595);
#2481=SURFACE_STYLE_USAGE(.BOTH.,#2596);
#2482=SURFACE_STYLE_USAGE(.BOTH.,#2597);
#2483=SURFACE_STYLE_USAGE(.BOTH.,#2598);
#2484=SURFACE_STYLE_USAGE(.BOTH.,#2599);
#2485=SURFACE_STYLE_USAGE(.BOTH.,#2600);
#2486=SURFACE_STYLE_USAGE(.BOTH.,#2601);
#2487=SURFACE_STYLE_USAGE(.BOTH.,#2602);
#2488=SURFACE_STYLE_USAGE(.BOTH.,#2603);
#2489=SURFACE_STYLE_USAGE(.BOTH.,#2604);
#2490=SURFACE_SIDE_STYLE('',(#2605));
#2491=SURFACE_SIDE_STYLE('',(#2606));
#2492=SURFACE_SIDE_STYLE('',(#2607));
#2493=SURFACE_SIDE_STYLE('',(#2608));
#2494=SURFACE_SIDE_STYLE('',(#2609));
#2495=SURFACE_SIDE_STYLE('',(#2610));
#2496=SURFACE_SIDE_STYLE('',(#2611));
#2497=SURFACE_SIDE_STYLE('',(#2612));
#2498=SURFACE_SIDE_STYLE('',(#2613));
#2499=SURFACE_SIDE_STYLE('',(#2614));
#2500=SURFACE_SIDE_STYLE('',(#2615));
#2501=SURFACE_SIDE_STYLE('',(#2616));
#2502=SURFACE_SIDE_STYLE('',(#2617));
#2503=SURFACE_SIDE_STYLE('',(#2618));
#2504=SURFACE_SIDE_STYLE('',(#2619));
#2505=SURFACE_SIDE_STYLE('',(#2620));
#2506=SURFACE_SIDE_STYLE('',(#2621));
#2507=SURFACE_SIDE_STYLE('',(#2622));
#2508=SURFACE_SIDE_STYLE('',(#2623));
#2509=SURFACE_SIDE_STYLE('',(#2624));
#2510=SURFACE_SIDE_STYLE('',(#2625));
#2511=SURFACE_SIDE_STYLE('',(#2626));
#2512=SURFACE_SIDE_STYLE('',(#2627));
#2513=SURFACE_SIDE_STYLE('',(#2628));
#2514=SURFACE_SIDE_STYLE('',(#2629));
#2515=SURFACE_SIDE_STYLE('',(#2630));
#2516=SURFACE_SIDE_STYLE('',(#2631));
#2517=SURFACE_SIDE_STYLE('',(#2632));
#2518=SURFACE_SIDE_STYLE('',(#2633));
#2519=SURFACE_SIDE_STYLE('',(#2634));
#2520=SURFACE_SIDE_STYLE('',(#2635));
#2521=SURFACE_SIDE_STYLE('',(#2636));
#2522=SURFACE_SIDE_STYLE('',(#2637));
#2523=SURFACE_SIDE_STYLE('',(#2638));
#2524=SURFACE_SIDE_STYLE('',(#2639));
#2525=SURFACE_SIDE_STYLE('',(#2640));
#2526=SURFACE_SIDE_STYLE('',(#2641));
#2527=SURFACE_SIDE_STYLE('',(#2642));
#2528=SURFACE_SIDE_STYLE('',(#2643));
#2529=SURFACE_SIDE_STYLE('',(#2644));
#2530=SURFACE_SIDE_STYLE('',(#2645));
#2531=SURFACE_SIDE_STYLE('',(#2646));
#2532=SURFACE_SIDE_STYLE('',(#2647));
#2533=SURFACE_SIDE_STYLE('',(#2648));
#2534=SURFACE_SIDE_STYLE('',(#2649));
#2535=SURFACE_SIDE_STYLE('',(#2650));
#2536=SURFACE_SIDE_STYLE('',(#2651));
#2537=SURFACE_SIDE_STYLE('',(#2652));
#2538=SURFACE_SIDE_STYLE('',(#2653));
#2539=SURFACE_SIDE_STYLE('',(#2654));
#2540=SURFACE_SIDE_STYLE('',(#2655));
#2541=SURFACE_SIDE_STYLE('',(#2656));
#2542=SURFACE_SIDE_STYLE('',(#2657));
#2543=SURFACE_SIDE_STYLE('',(#2658));
#2544=SURFACE_SIDE_STYLE('',(#2659));
#2545=SURFACE_SIDE_STYLE('',(#2660));
#2546=SURFACE_SIDE_STYLE('',(#2661));
#2547=SURFACE_SIDE_STYLE('',(#2662));
#2548=SURFACE_SIDE_STYLE('',(#2663));
#2549=SURFACE_SIDE_STYLE('',(#2664));
#2550=SURFACE_SIDE_STYLE('',(#2665));
#2551=SURFACE_SIDE_STYLE('',(#2666));
#2552=SURFACE_SIDE_STYLE('',(#2667));
#2553=SURFACE_SIDE_STYLE('',(#2668));
#2554=SURFACE_SIDE_STYLE('',(#2669));
#2555=SURFACE_SIDE_STYLE('',(#2670));
#2556=SURFACE_SIDE_STYLE('',(#2671));
#2557=SURFACE_SIDE_STYLE('',(#2672));
#2558=SURFACE_SIDE_STYLE('',(#2673));
#2559=SURFACE_SIDE_STYLE('',(#2674));
#2560=SURFACE_SIDE_STYLE('',(#2675));
#2561=SURFACE_SIDE_STYLE('',(#2676));
#2562=SURFACE_SIDE_STYLE('',(#2677));
#2563=SURFACE_SIDE_STYLE('',(#2678));
#2564=SURFACE_SIDE_STYLE('',(#2679));
#2565=SURFACE_SIDE_STYLE('',(#2680));
#2566=SURFACE_SIDE_STYLE('',(#2681));
#2567=SURFACE_SIDE_STYLE('',(#2682));
#2568=SURFACE_SIDE_STYLE('',(#2683));
#2569=SURFACE_SIDE_STYLE('',(#2684));
#2570=SURFACE_SIDE_STYLE('',(#2685));
#2571=SURFACE_SIDE_STYLE('',(#2686));
#2572=SURFACE_SIDE_STYLE('',(#2687));
#2573=SURFACE_SIDE_STYLE('',(#2688));
#2574=SURFACE_SIDE_STYLE('',(#2689));
#2575=SURFACE_SIDE_STYLE('',(#2690));
#2576=SURFACE_SIDE_STYLE('',(#2691));
#2577=SURFACE_SIDE_STYLE('',(#2692));
#2578=SURFACE_SIDE_STYLE('',(#2693));
#2579=SURFACE_SIDE_STYLE('',(#2694));
#2580=SURFACE_SIDE_STYLE('',(#2695));
#2581=SURFACE_SIDE_STYLE('',(#2696));
#2582=SURFACE_SIDE_STYLE('',(#2697));
#2583=SURFACE_SIDE_STYLE('',(#2698));
#2584=SURFACE_SIDE_STYLE('',(#2699));
#2585=SURFACE_SIDE_STYLE('',(#2700));
#2586=SURFACE_SIDE_STYLE('',(#2701));
#2587=SURFACE_SIDE_STYLE('',(#2702));
#2588=SURFACE_SIDE_STYLE('',(#2703));
#2589=SURFACE_SIDE_STYLE('',(#2704));
#2590=SURFACE_SIDE_STYLE('',(#2705));
#2591=SURFACE_SIDE_STYLE('',(#2706));
#2592=SURFACE_SIDE_STYLE('',(#2707));
#2593=SURFACE_SIDE_STYLE('',(#2708));
#2594=SURFACE_SIDE_STYLE('',(#2709));
#2595=SURFACE_SIDE_STYLE('',(#2710));
#2596=SURFACE_SIDE_STYLE('',(#2711));
#2597=SURFACE_SIDE_STYLE('',(#2712));
#2598=SURFACE_SIDE_STYLE('',(#2713));
#2599=SURFACE_SIDE_STYLE('',(#2714));
#2600=SURFACE_SIDE_STYLE('',(#2715));
#2601=SURFACE_SIDE_STYLE('',(#2716));
#2602=SURFACE_SIDE_STYLE('',(#2717));
#2603=SURFACE_SIDE_STYLE('',(#2718));
#2604=SURFACE_SIDE_STYLE('',(#2719));
#2605=SURFACE_STYLE_FILL_AREA(#2720);
#2606=SURFACE_STYLE_FILL_AREA(#2721);
#2607=SURFACE_STYLE_FILL_AREA(#2722);
#2608=SURFACE_STYLE_FILL_AREA(#2723);
#2609=SURFACE_STYLE_FILL_AREA(#2724);
#2610=SURFACE_STYLE_FILL_AREA(#2725);
#2611=SURFACE_STYLE_FILL_AREA(#2726);
#2612=SURFACE_STYLE_FILL_AREA(#2727);
#2613=SURFACE_STYLE_FILL_AREA(#2728);
#2614=SURFACE_STYLE_FILL_AREA(#2729);
#2615=SURFACE_STYLE_FILL_AREA(#2730);
#2616=SURFACE_STYLE_FILL_AREA(#2731);
#2617=SURFACE_STYLE_FILL_AREA(#2732);
#2618=SURFACE_STYLE_FILL_AREA(#2733);
#2619=SURFACE_STYLE_FILL_AREA(#2734);
#2620=SURFACE_STYLE_FILL_AREA(#2735);
#2621=SURFACE_STYLE_FILL_AREA(#2736);
#2622=SURFACE_STYLE_FILL_AREA(#2737);
#2623=SURFACE_STYLE_FILL_AREA(#2738);
#2624=SURFACE_STYLE_FILL_AREA(#2739);
#2625=SURFACE_STYLE_FILL_AREA(#2740);
#2626=SURFACE_STYLE_FILL_AREA(#2741);
#2627=SURFACE_STYLE_FILL_AREA(#2742);
#2628=SURFACE_STYLE_FILL_AREA(#2743);
#2629=SURFACE_STYLE_FILL_AREA(#2744);
#2630=SURFACE_STYLE_FILL_AREA(#2745);
#2631=SURFACE_STYLE_FILL_AREA(#2746);
#2632=SURFACE_STYLE_FILL_AREA(#2747);
#2633=SURFACE_STYLE_FILL_AREA(#2748);
#2634=SURFACE_STYLE_FILL_AREA(#2749);
#2635=SURFACE_STYLE_FILL_AREA(#2750);
#2636=SURFACE_STYLE_FILL_AREA(#2751);
#2637=SURFACE_STYLE_FILL_AREA(#2752);
#2638=SURFACE_STYLE_FILL_AREA(#2753);
#2639=SURFACE_STYLE_FILL_AREA(#2754);
#2640=SURFACE_STYLE_FILL_AREA(#2755);
#2641=SURFACE_STYLE_FILL_AREA(#2756);
#2642=SURFACE_STYLE_FILL_AREA(#2757);
#2643=SURFACE_STYLE_FILL_AREA(#2758);
#2644=SURFACE_STYLE_FILL_AREA(#2759);
#2645=SURFACE_STYLE_FILL_AREA(#2760);
#2646=SURFACE_STYLE_FILL_AREA(#2761);
#2647=SURFACE_STYLE_FILL_AREA(#2762);
#2648=SURFACE_STYLE_FILL_AREA(#2763);
#2649=SURFACE_STYLE_FILL_AREA(#2764);
#2650=SURFACE_STYLE_FILL_AREA(#2765);
#2651=SURFACE_STYLE_FILL_AREA(#2766);
#2652=SURFACE_STYLE_FILL_AREA(#2767);
#2653=SURFACE_STYLE_FILL_AREA(#2768);
#2654=SURFACE_STYLE_FILL_AREA(#2769);
#2655=SURFACE_STYLE_FILL_AREA(#2770);
#2656=SURFACE_STYLE_FILL_AREA(#2771);
#2657=SURFACE_STYLE_FILL_AREA(#2772);
#2658=SURFACE_STYLE_FILL_AREA(#2773);
#2659=SURFACE_STYLE_FILL_AREA(#2774);
#2660=SURFACE_STYLE_FILL_AREA(#2775);
#2661=SURFACE_STYLE_FILL_AREA(#2776);
#2662=SURFACE_STYLE_FILL_AREA(#2777);
#2663=SURFACE_STYLE_FILL_AREA(#2778);
#2664=SURFACE_STYLE_FILL_AREA(#2779);
#2665=SURFACE_STYLE_FILL_AREA(#2780);
#2666=SURFACE_STYLE_FILL_AREA(#2781);
#2667=SURFACE_STYLE_FILL_AREA(#2782);
#2668=SURFACE_STYLE_FILL_AREA(#2783);
#2669=SURFACE_STYLE_FILL_AREA(#2784);
#2670=SURFACE_STYLE_FILL_AREA(#2785);
#2671=SURFACE_STYLE_FILL_AREA(#2786);
#2672=SURFACE_STYLE_FILL_AREA(#2787);
#2673=SURFACE_STYLE_FILL_AREA(#2788);
#2674=SURFACE_STYLE_FILL_AREA(#2789);
#2675=SURFACE_STYLE_FILL_AREA(#2790);
#2676=SURFACE_STYLE_FILL_AREA(#2791);
#2677=SURFACE_STYLE_FILL_AREA(#2792);
#2678=SURFACE_STYLE_FILL_AREA(#2793);
#2679=SURFACE_STYLE_FILL_AREA(#2794);
#2680=SURFACE_STYLE_FILL_AREA(#2795);
#2681=SURFACE_STYLE_FILL_AREA(#2796);
#2682=SURFACE_STYLE_FILL_AREA(#2797);
#2683=SURFACE_STYLE_FILL_AREA(#2798);
#2684=SURFACE_STYLE_FILL_AREA(#2799);
#2685=SURFACE_STYLE_FILL_AREA(#2800);
#2686=SURFACE_STYLE_FILL_AREA(#2801);
#2687=SURFACE_STYLE_FILL_AREA(#2802);
#2688=SURFACE_STYLE_FILL_AREA(#2803);
#2689=SURFACE_STYLE_FILL_AREA(#2804);
#2690=SURFACE_STYLE_FILL_AREA(#2805);
#2691=SURFACE_STYLE_FILL_AREA(#2806);
#2692=SURFACE_STYLE_FILL_AREA(#2807);
#2693=SURFACE_STYLE_FILL_AREA(#2808);
#2694=SURFACE_STYLE_FILL_AREA(#2809);
#2695=SURFACE_STYLE_FILL_AREA(#2810);
#2696=SURFACE_STYLE_FILL_AREA(#2811);
#2697=SURFACE_STYLE_FILL_AREA(#2812);
#2698=SURFACE_STYLE_FILL_AREA(#2813);
#2699=SURFACE_STYLE_FILL_AREA(#2814);
#2700=SURFACE_STYLE_FILL_AREA(#2815);
#2701=SURFACE_STYLE_FILL_AREA(#2816);
#2702=SURFACE_STYLE_FILL_AREA(#2817);
#2703=SURFACE_STYLE_FILL_AREA(#2818);
#2704=SURFACE_STYLE_FILL_AREA(#2819);
#2705=SURFACE_STYLE_FILL_AREA(#2820);
#2706=SURFACE_STYLE_FILL_AREA(#2821);
#2707=SURFACE_STYLE_FILL_AREA(#2822);
#2708=SURFACE_STYLE_FILL_AREA(#2823);
#2709=SURFACE_STYLE_FILL_AREA(#2824);
#2710=SURFACE_STYLE_FILL_AREA(#2825);
#2711=SURFACE_STYLE_FILL_AREA(#2826);
#2712=SURFACE_STYLE_FILL_AREA(#2827);
#2713=SURFACE_STYLE_FILL_AREA(#2828);
#2714=SURFACE_STYLE_FILL_AREA(#2829);
#2715=SURFACE_STYLE_FILL_AREA(#2830);
#2716=SURFACE_STYLE_FILL_AREA(#2831);
#2717=SURFACE_STYLE_FILL_AREA(#2832);
#2718=SURFACE_STYLE_FILL_AREA(#2833);
#2719=SURFACE_STYLE_FILL_AREA(#2834);
#2720=FILL_AREA_STYLE('',(#2835));
#2721=FILL_AREA_STYLE('',(#2836));
#2722=FILL_AREA_STYLE('',(#2837));
#2723=FILL_AREA_STYLE('',(#2838));
#2724=FILL_AREA_STYLE('',(#2839));
#2725=FILL_AREA_STYLE('',(#2840));
#2726=FILL_AREA_STYLE('',(#2841));
#2727=FILL_AREA_STYLE('',(#2842));
#2728=FILL_AREA_STYLE('',(#2843));
#2729=FILL_AREA_STYLE('',(#2844));
#2730=FILL_AREA_STYLE('',(#2845));
#2731=FILL_AREA_STYLE('',(#2846));
#2732=FILL_AREA_STYLE('',(#2847));
#2733=FILL_AREA_STYLE('',(#2848));
#2734=FILL_AREA_STYLE('',(#2849));
#2735=FILL_AREA_STYLE('',(#2850));
#2736=FILL_AREA_STYLE('',(#2851));
#2737=FILL_AREA_STYLE('',(#2852));
#2738=FILL_AREA_STYLE('',(#2853));
#2739=FILL_AREA_STYLE('',(#2854));
#2740=FILL_AREA_STYLE('',(#2855));
#2741=FILL_AREA_STYLE('',(#2856));
#2742=FILL_AREA_STYLE('',(#2857));
#2743=FILL_AREA_STYLE('',(#2858));
#2744=FILL_AREA_STYLE('',(#2859));
#2745=FILL_AREA_STYLE('',(#2860));
#2746=FILL_AREA_STYLE('',(#2861));
#2747=FILL_AREA_STYLE('',(#2862));
#2748=FILL_AREA_STYLE('',(#2863));
#2749=FILL_AREA_STYLE('',(#2864));
#2750=FILL_AREA_STYLE('',(#2865));
#2751=FILL_AREA_STYLE('',(#2866));
#2752=FILL_AREA_STYLE('',(#2867));
#2753=FILL_AREA_STYLE('',(#2868));
#2754=FILL_AREA_STYLE('',(#2869));
#2755=FILL_AREA_STYLE('',(#2870));
#2756=FILL_AREA_STYLE('',(#2871));
#2757=FILL_AREA_STYLE('',(#2872));
#2758=FILL_AREA_STYLE('',(#2873));
#2759=FILL_AREA_STYLE('',(#2874));
#2760=FILL_AREA_STYLE('',(#2875));
#2761=FILL_AREA_STYLE('',(#2876));
#2762=FILL_AREA_STYLE('',(#2877));
#2763=FILL_AREA_STYLE('',(#2878));
#2764=FILL_AREA_STYLE('',(#2879));
#2765=FILL_AREA_STYLE('',(#2880));
#2766=FILL_AREA_STYLE('',(#2881));
#2767=FILL_AREA_STYLE('',(#2882));
#2768=FILL_AREA_STYLE('',(#2883));
#2769=FILL_AREA_STYLE('',(#2884));
#2770=FILL_AREA_STYLE('',(#2885));
#2771=FILL_AREA_STYLE('',(#2886));
#2772=FILL_AREA_STYLE('',(#2887));
#2773=FILL_AREA_STYLE('',(#2888));
#2774=FILL_AREA_STYLE('',(#2889));
#2775=FILL_AREA_STYLE('',(#2890));
#2776=FILL_AREA_STYLE('',(#2891));
#2777=FILL_AREA_STYLE('',(#2892));
#2778=FILL_AREA_STYLE('',(#2893));
#2779=FILL_AREA_STYLE('',(#2894));
#2780=FILL_AREA_STYLE('',(#2895));
#2781=FILL_AREA_STYLE('',(#2896));
#2782=FILL_AREA_STYLE('',(#2897));
#2783=FILL_AREA_STYLE('',(#2898));
#2784=FILL_AREA_STYLE('',(#2899));
#2785=FILL_AREA_STYLE('',(#2900));
#2786=FILL_AREA_STYLE('',(#2901));
#2787=FILL_AREA_STYLE('',(#2902));
#2788=FILL_AREA_STYLE('',(#2903));
#2789=FILL_AREA_STYLE('',(#2904));
#2790=FILL_AREA_STYLE('',(#2905));
#2791=FILL_AREA_STYLE('',(#2906));
#2792=FILL_AREA_STYLE('',(#2907));
#2793=FILL_AREA_STYLE('',(#2908));
#2794=FILL_AREA_STYLE('',(#2909));
#2795=FILL_AREA_STYLE('',(#2910));
#2796=FILL_AREA_STYLE('',(#2911));
#2797=FILL_AREA_STYLE('',(#2912));
#2798=FILL_AREA_STYLE('',(#2913));
#2799=FILL_AREA_STYLE('',(#2914));
#2800=FILL_AREA_STYLE('',(#2915));
#2801=FILL_AREA_STYLE('',(#2916));
#2802=FILL_AREA_STYLE('',(#2917));
#2803=FILL_AREA_STYLE('',(#2918));
#2804=FILL_AREA_STYLE('',(#2919));
#2805=FILL_AREA_STYLE('',(#2920));
#2806=FILL_AREA_STYLE('',(#2921));
#2807=FILL_AREA_STYLE('',(#2922));
#2808=FILL_AREA_STYLE('',(#2923));
#2809=FILL_AREA_STYLE('',(#2924));
#2810=FILL_AREA_STYLE('',(#2925));
#2811=FILL_AREA_STYLE('',(#2926));
#2812=FILL_AREA_STYLE('',(#2927));
#2813=FILL_AREA_STYLE('',(#2928));
#2814=FILL_AREA_STYLE('',(#2929));
#2815=FILL_AREA_STYLE('',(#2930));
#2816=FILL_AREA_STYLE('',(#2931));
#2817=FILL_AREA_STYLE('',(#2932));
#2818=FILL_AREA_STYLE('',(#2933));
#2819=FILL_AREA_STYLE('',(#2934));
#2820=FILL_AREA_STYLE('',(#2935));
#2821=FILL_AREA_STYLE('',(#2936));
#2822=FILL_AREA_STYLE('',(#2937));
#2823=FILL_AREA_STYLE('',(#2938));
#2824=FILL_AREA_STYLE('',(#2939));
#2825=FILL_AREA_STYLE('',(#2940));
#2826=FILL_AREA_STYLE('',(#2941));
#2827=FILL_AREA_STYLE('',(#2942));
#2828=FILL_AREA_STYLE('',(#2943));
#2829=FILL_AREA_STYLE('',(#2944));
#2830=FILL_AREA_STYLE('',(#2945));
#2831=FILL_AREA_STYLE('',(#2946));
#2832=FILL_AREA_STYLE('',(#2947));
#2833=FILL_AREA_STYLE('',(#2948));
#2834=FILL_AREA_STYLE('',(#2949));
#2835=FILL_AREA_STYLE_COLOUR('',#2950);
#2836=FILL_AREA_STYLE_COLOUR('',#2951);
#2837=FILL_AREA_STYLE_COLOUR('',#2951);
#2838=FILL_AREA_STYLE_COLOUR('',#2951);
#2839=FILL_AREA_STYLE_COLOUR('',#2951);
#2840=FILL_AREA_STYLE_COLOUR('',#2951);
#2841=FILL_AREA_STYLE_COLOUR('',#2951);
#2842=FILL_AREA_STYLE_COLOUR('',#2951);
#2843=FILL_AREA_STYLE_COLOUR('',#2951);
#2844=FILL_AREA_STYLE_COLOUR('',#2951);
#2845=FILL_AREA_STYLE_COLOUR('',#2952);
#2846=FILL_AREA_STYLE_COLOUR('',#2951);
#2847=FILL_AREA_STYLE_COLOUR('',#2951);
#2848=FILL_AREA_STYLE_COLOUR('',#2951);
#2849=FILL_AREA_STYLE_COLOUR('',#2951);
#2850=FILL_AREA_STYLE_COLOUR('',#2953);
#2851=FILL_AREA_STYLE_COLOUR('',#2951);
#2852=FILL_AREA_STYLE_COLOUR('',#2951);
#2853=FILL_AREA_STYLE_COLOUR('',#2951);
#2854=FILL_AREA_STYLE_COLOUR('',#2951);
#2855=FILL_AREA_STYLE_COLOUR('',#2951);
#2856=FILL_AREA_STYLE_COLOUR('',#2954);
#2857=FILL_AREA_STYLE_COLOUR('',#2951);
#2858=FILL_AREA_STYLE_COLOUR('',#2951);
#2859=FILL_AREA_STYLE_COLOUR('',#2951);
#2860=FILL_AREA_STYLE_COLOUR('',#2951);
#2861=FILL_AREA_STYLE_COLOUR('',#2951);
#2862=FILL_AREA_STYLE_COLOUR('',#2955);
#2863=FILL_AREA_STYLE_COLOUR('',#2956);
#2864=FILL_AREA_STYLE_COLOUR('',#53);
#2865=FILL_AREA_STYLE_COLOUR('',#53);
#2866=FILL_AREA_STYLE_COLOUR('',#53);
#2867=FILL_AREA_STYLE_COLOUR('',#53);
#2868=FILL_AREA_STYLE_COLOUR('',#53);
#2869=FILL_AREA_STYLE_COLOUR('',#53);
#2870=FILL_AREA_STYLE_COLOUR('',#53);
#2871=FILL_AREA_STYLE_COLOUR('',#53);
#2872=FILL_AREA_STYLE_COLOUR('',#53);
#2873=FILL_AREA_STYLE_COLOUR('',#53);
#2874=FILL_AREA_STYLE_COLOUR('',#53);
#2875=FILL_AREA_STYLE_COLOUR('',#53);
#2876=FILL_AREA_STYLE_COLOUR('',#53);
#2877=FILL_AREA_STYLE_COLOUR('',#53);
#2878=FILL_AREA_STYLE_COLOUR('',#53);
#2879=FILL_AREA_STYLE_COLOUR('',#54);
#2880=FILL_AREA_STYLE_COLOUR('',#54);
#2881=FILL_AREA_STYLE_COLOUR('',#54);
#2882=FILL_AREA_STYLE_COLOUR('',#54);
#2883=FILL_AREA_STYLE_COLOUR('',#54);
#2884=FILL_AREA_STYLE_COLOUR('',#2957);
#2885=FILL_AREA_STYLE_COLOUR('',#2958);
#2886=FILL_AREA_STYLE_COLOUR('',#2958);
#2887=FILL_AREA_STYLE_COLOUR('',#2958);
#2888=FILL_AREA_STYLE_COLOUR('',#2958);
#2889=FILL_AREA_STYLE_COLOUR('',#2958);
#2890=FILL_AREA_STYLE_COLOUR('',#2958);
#2891=FILL_AREA_STYLE_COLOUR('',#2958);
#2892=FILL_AREA_STYLE_COLOUR('',#2958);
#2893=FILL_AREA_STYLE_COLOUR('',#2958);
#2894=FILL_AREA_STYLE_COLOUR('',#2958);
#2895=FILL_AREA_STYLE_COLOUR('',#2956);
#2896=FILL_AREA_STYLE_COLOUR('',#2956);
#2897=FILL_AREA_STYLE_COLOUR('',#2956);
#2898=FILL_AREA_STYLE_COLOUR('',#2956);
#2899=FILL_AREA_STYLE_COLOUR('',#2956);
#2900=FILL_AREA_STYLE_COLOUR('',#2956);
#2901=FILL_AREA_STYLE_COLOUR('',#2956);
#2902=FILL_AREA_STYLE_COLOUR('',#2956);
#2903=FILL_AREA_STYLE_COLOUR('',#54);
#2904=FILL_AREA_STYLE_COLOUR('',#54);
#2905=FILL_AREA_STYLE_COLOUR('',#54);
#2906=FILL_AREA_STYLE_COLOUR('',#54);
#2907=FILL_AREA_STYLE_COLOUR('',#54);
#2908=FILL_AREA_STYLE_COLOUR('',#2958);
#2909=FILL_AREA_STYLE_COLOUR('',#2958);
#2910=FILL_AREA_STYLE_COLOUR('',#2958);
#2911=FILL_AREA_STYLE_COLOUR('',#2958);
#2912=FILL_AREA_STYLE_COLOUR('',#2958);
#2913=FILL_AREA_STYLE_COLOUR('',#2958);
#2914=FILL_AREA_STYLE_COLOUR('',#2958);
#2915=FILL_AREA_STYLE_COLOUR('',#2958);
#2916=FILL_AREA_STYLE_COLOUR('',#2956);
#2917=FILL_AREA_STYLE_COLOUR('',#2956);
#2918=FILL_AREA_STYLE_COLOUR('',#2956);
#2919=FILL_AREA_STYLE_COLOUR('',#2956);
#2920=FILL_AREA_STYLE_COLOUR('',#2956);
#2921=FILL_AREA_STYLE_COLOUR('',#2956);
#2922=FILL_AREA_STYLE_COLOUR('',#2956);
#2923=FILL_AREA_STYLE_COLOUR('',#2956);
#2924=FILL_AREA_STYLE_COLOUR('',#2956);
#2925=FILL_AREA_STYLE_COLOUR('',#2956);
#2926=FILL_AREA_STYLE_COLOUR('',#2956);
#2927=FILL_AREA_STYLE_COLOUR('',#2956);
#2928=FILL_AREA_STYLE_COLOUR('',#2956);
#2929=FILL_AREA_STYLE_COLOUR('',#2956);
#2930=FILL_AREA_STYLE_COLOUR('',#2956);
#2931=FILL_AREA_STYLE_COLOUR('',#2956);
#2932=FILL_AREA_STYLE_COLOUR('',#2956);
#2933=FILL_AREA_STYLE_COLOUR('',#2951);
#2934=FILL_AREA_STYLE_COLOUR('',#2951);
#2935=FILL_AREA_STYLE_COLOUR('',#2951);
#2936=FILL_AREA_STYLE_COLOUR('',#2951);
#2937=FILL_AREA_STYLE_COLOUR('',#2951);
#2938=FILL_AREA_STYLE_COLOUR('',#2951);
#2939=FILL_AREA_STYLE_COLOUR('',#2951);
#2940=FILL_AREA_STYLE_COLOUR('',#2951);
#2941=FILL_AREA_STYLE_COLOUR('',#2951);
#2942=FILL_AREA_STYLE_COLOUR('',#2951);
#2943=FILL_AREA_STYLE_COLOUR('',#2951);
#2944=FILL_AREA_STYLE_COLOUR('',#2951);
#2945=FILL_AREA_STYLE_COLOUR('',#2951);
#2946=FILL_AREA_STYLE_COLOUR('',#2951);
#2947=FILL_AREA_STYLE_COLOUR('',#2951);
#2948=FILL_AREA_STYLE_COLOUR('',#2959);
#2949=FILL_AREA_STYLE_COLOUR('',#2959);
#2950=COLOUR_RGB('',0.768627450980392,0.886274509803922,0.952941176470588);
#2951=COLOUR_RGB('',0.831372549019608,0.686274509803922,0.215686274509804);
#2952=COLOUR_RGB('',0.498039215686275,0.498039215686275,0.498039215686275);
#2953=COLOUR_RGB('',0.972549019607843,0.529411764705882,0.00392156862745098);
#2954=COLOUR_RGB('',0.647058823529412,0.647058823529412,0.647058823529412);
#2955=COLOUR_RGB('',0.615686274509804,0.811764705882353,0.929411764705882);
#2956=COLOUR_RGB('',0.752941176470588,0.752941176470588,0.752941176470588);
#2957=COLOUR_RGB('',0.00784313725490196,0.431372549019608,0.00392156862745098);
#2958=COLOUR_RGB('',0.00392156862745098,0.301960784313725,0.0235294117647059);
#2959=COLOUR_RGB('',0.549019607843137,0.549019607843137,0.549019607843137);
#2960=MANIFOLD_SOLID_BREP('Part 3',#2250);
#2961=MANIFOLD_SOLID_BREP('Part 5',#2251);
#2962=MANIFOLD_SOLID_BREP('Part 4',#2252);
#2963=MANIFOLD_SOLID_BREP('Part 2',#2253);
#2964=MANIFOLD_SOLID_BREP('Part 1',#2254);
#2965=SHAPE_DEFINITION_REPRESENTATION(#4323,#2970);
#2966=SHAPE_DEFINITION_REPRESENTATION(#4324,#2971);
#2967=SHAPE_DEFINITION_REPRESENTATION(#4325,#2972);
#2968=SHAPE_DEFINITION_REPRESENTATION(#4326,#2973);
#2969=SHAPE_DEFINITION_REPRESENTATION(#4327,#2974);
#2970=SHAPE_REPRESENTATION('Part 3',(#2975),#4298);
#2971=SHAPE_REPRESENTATION('Part 5',(#2986),#4299);
#2972=SHAPE_REPRESENTATION('Part 4',(#2993),#4300);
#2973=SHAPE_REPRESENTATION('Part 2',(#3000),#4301);
#2974=SHAPE_REPRESENTATION('Part 1',(#3007),#4302);
#2975=AXIS2_PLACEMENT_3D('',#3691,#3125,#3126);
#2976=AXIS2_PLACEMENT_3D('',#3692,#3127,#3128);
#2977=AXIS2_PLACEMENT_3D('',#3701,#3133,#3134);
#2978=AXIS2_PLACEMENT_3D('',#3707,#3138,#3139);
#2979=AXIS2_PLACEMENT_3D('',#3713,#3143,#3144);
#2980=AXIS2_PLACEMENT_3D('',#3719,#3148,#3149);
#2981=AXIS2_PLACEMENT_3D('',#3725,#3153,#3154);
#2982=AXIS2_PLACEMENT_3D('',#3731,#3158,#3159);
#2983=AXIS2_PLACEMENT_3D('',#3737,#3163,#3164);
#2984=AXIS2_PLACEMENT_3D('',#3740,#3167,#3168);
#2985=AXIS2_PLACEMENT_3D('',#3741,#3169,#3170);
#2986=AXIS2_PLACEMENT_3D('',#3742,#3171,#3172);
#2987=AXIS2_PLACEMENT_3D('',#3743,#3173,#3174);
#2988=AXIS2_PLACEMENT_3D('',#3752,#3179,#3180);
#2989=AXIS2_PLACEMENT_3D('',#3758,#3184,#3185);
#2990=AXIS2_PLACEMENT_3D('',#3764,#3189,#3190);
#2991=AXIS2_PLACEMENT_3D('',#3767,#3193,#3194);
#2992=AXIS2_PLACEMENT_3D('',#3768,#3195,#3196);
#2993=AXIS2_PLACEMENT_3D('',#3769,#3197,#3198);
#2994=AXIS2_PLACEMENT_3D('',#3770,#3199,#3200);
#2995=AXIS2_PLACEMENT_3D('',#3779,#3205,#3206);
#2996=AXIS2_PLACEMENT_3D('',#3785,#3210,#3211);
#2997=AXIS2_PLACEMENT_3D('',#3791,#3215,#3216);
#2998=AXIS2_PLACEMENT_3D('',#3794,#3219,#3220);
#2999=AXIS2_PLACEMENT_3D('',#3795,#3221,#3222);
#3000=AXIS2_PLACEMENT_3D('',#3796,#3223,#3224);
#3001=AXIS2_PLACEMENT_3D('',#3797,#3225,#3226);
#3002=AXIS2_PLACEMENT_3D('',#3806,#3231,#3232);
#3003=AXIS2_PLACEMENT_3D('',#3812,#3236,#3237);
#3004=AXIS2_PLACEMENT_3D('',#3818,#3241,#3242);
#3005=AXIS2_PLACEMENT_3D('',#3821,#3245,#3246);
#3006=AXIS2_PLACEMENT_3D('',#3822,#3247,#3248);
#3007=AXIS2_PLACEMENT_3D('',#3823,#3249,#3250);
#3008=AXIS2_PLACEMENT_3D('',#3824,#3251,#3252);
#3009=AXIS2_PLACEMENT_3D('',#3841,#3261,#3262);
#3010=AXIS2_PLACEMENT_3D('',#3858,#3271,#3272);
#3011=AXIS2_PLACEMENT_3D('',#3868,#3278,#3279);
#3012=AXIS2_PLACEMENT_3D('',#3874,#3283,#3284);
#3013=AXIS2_PLACEMENT_3D('',#3880,#3288,#3289);
#3014=AXIS2_PLACEMENT_3D('',#3893,#3297,#3298);
#3015=AXIS2_PLACEMENT_3D('',#3902,#3303,#3304);
#3016=AXIS2_PLACEMENT_3D('',#3908,#3308,#3309);
#3017=AXIS2_PLACEMENT_3D('',#3914,#3313,#3314);
#3018=AXIS2_PLACEMENT_3D('',#3916,#3316,#3317);
#3019=AXIS2_PLACEMENT_3D('',#3918,#3319,#3320);
#3020=AXIS2_PLACEMENT_3D('',#3919,#3321,#3322);
#3021=AXIS2_PLACEMENT_3D('',#3920,#3323,#3324);
#3022=AXIS2_PLACEMENT_3D('',#3921,#3325,#3326);
#3023=AXIS2_PLACEMENT_3D('',#3922,#3327,#3328);
#3024=AXIS2_PLACEMENT_3D('',#3923,#3329,#3330);
#3025=AXIS2_PLACEMENT_3D('',#3924,#3331,#3332);
#3026=AXIS2_PLACEMENT_3D('',#3925,#3333,#3334);
#3027=AXIS2_PLACEMENT_3D('',#3926,#3335,#3336);
#3028=AXIS2_PLACEMENT_3D('',#3928,#3338,#3339);
#3029=AXIS2_PLACEMENT_3D('',#3929,#3340,#3341);
#3030=AXIS2_PLACEMENT_3D('',#3935,#3345,#3346);
#3031=AXIS2_PLACEMENT_3D('',#3942,#3351,#3352);
#3032=AXIS2_PLACEMENT_3D('',#3946,#3355,#3356);
#3033=AXIS2_PLACEMENT_3D('',#3948,#3358,#3359);
#3034=AXIS2_PLACEMENT_3D('',#3949,#3360,#3361);
#3035=AXIS2_PLACEMENT_3D('',#3951,#3363,#3364);
#3036=AXIS2_PLACEMENT_3D('',#3952,#3365,#3366);
#3037=AXIS2_PLACEMENT_3D('',#4014,#3397,#3398);
#3038=AXIS2_PLACEMENT_3D('',#4028,#3406,#3407);
#3039=AXIS2_PLACEMENT_3D('',#4032,#3410,#3411);
#3040=AXIS2_PLACEMENT_3D('',#4036,#3414,#3415);
#3041=AXIS2_PLACEMENT_3D('',#4038,#3417,#3418);
#3042=AXIS2_PLACEMENT_3D('',#4047,#3423,#3424);
#3043=AXIS2_PLACEMENT_3D('',#4053,#3428,#3429);
#3044=AXIS2_PLACEMENT_3D('',#4057,#3432,#3433);
#3045=AXIS2_PLACEMENT_3D('',#4061,#3436,#3437);
#3046=AXIS2_PLACEMENT_3D('',#4063,#3439,#3440);
#3047=AXIS2_PLACEMENT_3D('',#4072,#3445,#3446);
#3048=AXIS2_PLACEMENT_3D('',#4078,#3450,#3451);
#3049=AXIS2_PLACEMENT_3D('',#4082,#3454,#3455);
#3050=AXIS2_PLACEMENT_3D('',#4086,#3458,#3459);
#3051=AXIS2_PLACEMENT_3D('',#4088,#3461,#3462);
#3052=AXIS2_PLACEMENT_3D('',#4089,#3463,#3464);
#3053=AXIS2_PLACEMENT_3D('',#4090,#3465,#3466);
#3054=AXIS2_PLACEMENT_3D('',#4091,#3467,#3468);
#3055=AXIS2_PLACEMENT_3D('',#4092,#3469,#3470);
#3056=AXIS2_PLACEMENT_3D('',#4093,#3471,#3472);
#3057=AXIS2_PLACEMENT_3D('',#4094,#3473,#3474);
#3058=AXIS2_PLACEMENT_3D('',#4096,#3476,#3477);
#3059=AXIS2_PLACEMENT_3D('',#4097,#3478,#3479);
#3060=AXIS2_PLACEMENT_3D('',#4106,#3484,#3485);
#3061=AXIS2_PLACEMENT_3D('',#4107,#3486,#3487);
#3062=AXIS2_PLACEMENT_3D('',#4108,#3488,#3489);
#3063=AXIS2_PLACEMENT_3D('',#4109,#3490,#3491);
#3064=AXIS2_PLACEMENT_3D('',#4110,#3492,#3493);
#3065=AXIS2_PLACEMENT_3D('',#4111,#3494,#3495);
#3066=AXIS2_PLACEMENT_3D('',#4112,#3496,#3497);
#3067=AXIS2_PLACEMENT_3D('',#4113,#3498,#3499);
#3068=AXIS2_PLACEMENT_3D('',#4114,#3500,#3501);
#3069=AXIS2_PLACEMENT_3D('',#4115,#3502,#3503);
#3070=AXIS2_PLACEMENT_3D('',#4116,#3504,#3505);
#3071=AXIS2_PLACEMENT_3D('',#4117,#3506,#3507);
#3072=AXIS2_PLACEMENT_3D('',#4118,#3508,#3509);
#3073=AXIS2_PLACEMENT_3D('',#4119,#3510,#3511);
#3074=AXIS2_PLACEMENT_3D('',#4120,#3512,#3513);
#3075=AXIS2_PLACEMENT_3D('',#4121,#3514,#3515);
#3076=AXIS2_PLACEMENT_3D('',#4122,#3516,#3517);
#3077=AXIS2_PLACEMENT_3D('',#4123,#3518,#3519);
#3078=AXIS2_PLACEMENT_3D('',#4124,#3520,#3521);
#3079=AXIS2_PLACEMENT_3D('',#4125,#3522,#3523);
#3080=AXIS2_PLACEMENT_3D('',#4126,#3524,#3525);
#3081=AXIS2_PLACEMENT_3D('',#4127,#3526,#3527);
#3082=AXIS2_PLACEMENT_3D('',#4128,#3528,#3529);
#3083=AXIS2_PLACEMENT_3D('',#4129,#3530,#3531);
#3084=AXIS2_PLACEMENT_3D('',#4130,#3532,#3533);
#3085=AXIS2_PLACEMENT_3D('',#4136,#3537,#3538);
#3086=AXIS2_PLACEMENT_3D('',#4140,#3541,#3542);
#3087=AXIS2_PLACEMENT_3D('',#4144,#3545,#3546);
#3088=AXIS2_PLACEMENT_3D('',#4148,#3549,#3550);
#3089=AXIS2_PLACEMENT_3D('',#4152,#3553,#3554);
#3090=AXIS2_PLACEMENT_3D('',#4154,#3556,#3557);
#3091=AXIS2_PLACEMENT_3D('',#4155,#3558,#3559);
#3092=AXIS2_PLACEMENT_3D('',#4161,#3563,#3564);
#3093=AXIS2_PLACEMENT_3D('',#4165,#3567,#3568);
#3094=AXIS2_PLACEMENT_3D('',#4169,#3571,#3572);
#3095=AXIS2_PLACEMENT_3D('',#4171,#3574,#3575);
#3096=AXIS2_PLACEMENT_3D('',#4172,#3576,#3577);
#3097=AXIS2_PLACEMENT_3D('',#4178,#3581,#3582);
#3098=AXIS2_PLACEMENT_3D('',#4182,#3585,#3586);
#3099=AXIS2_PLACEMENT_3D('',#4186,#3589,#3590);
#3100=AXIS2_PLACEMENT_3D('',#4188,#3592,#3593);
#3101=AXIS2_PLACEMENT_3D('',#4189,#3594,#3595);
#3102=AXIS2_PLACEMENT_3D('',#4198,#3600,#3601);
#3103=AXIS2_PLACEMENT_3D('',#4204,#3605,#3606);
#3104=AXIS2_PLACEMENT_3D('',#4210,#3610,#3611);
#3105=AXIS2_PLACEMENT_3D('',#4216,#3615,#3616);
#3106=AXIS2_PLACEMENT_3D('',#4222,#3620,#3621);
#3107=AXIS2_PLACEMENT_3D('',#4225,#3624,#3625);
#3108=AXIS2_PLACEMENT_3D('',#4231,#3629,#3630);
#3109=AXIS2_PLACEMENT_3D('',#4237,#3634,#3635);
#3110=AXIS2_PLACEMENT_3D('',#4243,#3639,#3640);
#3111=AXIS2_PLACEMENT_3D('',#4249,#3644,#3645);
#3112=AXIS2_PLACEMENT_3D('',#4255,#3649,#3650);
#3113=AXIS2_PLACEMENT_3D('',#4261,#3654,#3655);
#3114=AXIS2_PLACEMENT_3D('',#4264,#3658,#3659);
#3115=AXIS2_PLACEMENT_3D('',#4265,#3660,#3661);
#3116=AXIS2_PLACEMENT_3D('',#4266,#3662,#3663);
#3117=AXIS2_PLACEMENT_3D('',#4272,#3667,#3668);
#3118=AXIS2_PLACEMENT_3D('',#4278,#3672,#3673);
#3119=AXIS2_PLACEMENT_3D('',#4282,#3676,#3677);
#3120=AXIS2_PLACEMENT_3D('',#4286,#3680,#3681);
#3121=AXIS2_PLACEMENT_3D('',#4288,#3683,#3684);
#3122=AXIS2_PLACEMENT_3D('',#4289,#3685,#3686);
#3123=AXIS2_PLACEMENT_3D('',#4290,#3687,#3688);
#3124=AXIS2_PLACEMENT_3D('',#4292,#3689,#3690);
#3125=DIRECTION('',(0.,0.,1.));
#3126=DIRECTION('',(1.,0.,0.));
#3127=DIRECTION('',(0.,0.,-1.));
#3128=DIRECTION('',(-1.,0.,0.));
#3129=DIRECTION('',(0.,1.,0.));
#3130=DIRECTION('',(1.,0.,0.));
#3131=DIRECTION('',(0.,1.,0.));
#3132=DIRECTION('',(1.,0.,0.));
#3133=DIRECTION('',(0.,-0.49805725944238,-0.867144143909619));
#3134=DIRECTION('',(0.,0.867144143909619,-0.49805725944238));
#3135=DIRECTION('',(0.,0.867144143909619,-0.498057259442381));
#3136=DIRECTION('',(1.,0.,0.));
#3137=DIRECTION('',(0.,0.867144143909619,-0.498057259442381));
#3138=DIRECTION('',(0.,-1.,0.));
#3139=DIRECTION('',(0.,0.,-1.));
#3140=DIRECTION('',(0.,0.,-1.));
#3141=DIRECTION('',(1.,0.,0.));
#3142=DIRECTION('',(0.,0.,-1.));
#3143=DIRECTION('',(0.,0.,1.));
#3144=DIRECTION('',(1.,0.,0.));
#3145=DIRECTION('',(0.,-1.,0.));
#3146=DIRECTION('',(1.,0.,0.));
#3147=DIRECTION('',(0.,-1.,0.));
#3148=DIRECTION('',(0.,-1.,0.));
#3149=DIRECTION('',(0.,0.,-1.));
#3150=DIRECTION('',(0.,0.,-1.));
#3151=DIRECTION('',(1.,0.,0.));
#3152=DIRECTION('',(0.,0.,-1.));
#3153=DIRECTION('',(0.,0.49805725944238,0.867144143909619));
#3154=DIRECTION('',(0.,-0.867144143909619,0.49805725944238));
#3155=DIRECTION('',(0.,-0.867144143909619,0.49805725944238));
#3156=DIRECTION('',(1.,0.,0.));
#3157=DIRECTION('',(0.,-0.867144143909619,0.49805725944238));
#3158=DIRECTION('',(0.,0.,-1.));
#3159=DIRECTION('',(-1.,0.,0.));
#3160=DIRECTION('',(0.,1.,0.));
#3161=DIRECTION('',(1.,0.,0.));
#3162=DIRECTION('',(0.,1.,0.));
#3163=DIRECTION('',(0.,-1.,0.));
#3164=DIRECTION('',(0.,0.,-1.));
#3165=DIRECTION('',(0.,0.,-1.));
#3166=DIRECTION('',(0.,0.,-1.));
#3167=DIRECTION('',(-1.,0.,0.));
#3168=DIRECTION('',(0.,-1.,0.));
#3169=DIRECTION('',(-1.,0.,0.));
#3170=DIRECTION('',(0.,-1.,0.));
#3171=DIRECTION('',(0.,0.,1.));
#3172=DIRECTION('',(1.,0.,0.));
#3173=DIRECTION('',(0.,0.,1.));
#3174=DIRECTION('',(1.,0.,0.));
#3175=DIRECTION('',(0.,-1.,0.));
#3176=DIRECTION('',(1.,0.,0.));
#3177=DIRECTION('',(0.,-1.,0.));
#3178=DIRECTION('',(1.,0.,0.));
#3179=DIRECTION('',(0.,-1.,0.));
#3180=DIRECTION('',(0.,0.,-1.));
#3181=DIRECTION('',(0.,0.,-1.));
#3182=DIRECTION('',(1.,0.,0.));
#3183=DIRECTION('',(0.,0.,-1.));
#3184=DIRECTION('',(0.,0.,1.));
#3185=DIRECTION('',(1.,0.,0.));
#3186=DIRECTION('',(0.,-1.,0.));
#3187=DIRECTION('',(1.,0.,0.));
#3188=DIRECTION('',(0.,-1.,0.));
#3189=DIRECTION('',(0.,-1.,0.));
#3190=DIRECTION('',(0.,0.,-1.));
#3191=DIRECTION('',(0.,0.,-1.));
#3192=DIRECTION('',(0.,0.,-1.));
#3193=DIRECTION('',(-1.,0.,0.));
#3194=DIRECTION('',(0.,-1.,0.));
#3195=DIRECTION('',(-1.,0.,0.));
#3196=DIRECTION('',(0.,-1.,0.));
#3197=DIRECTION('',(0.,0.,1.));
#3198=DIRECTION('',(1.,0.,0.));
#3199=DIRECTION('',(0.,0.,1.));
#3200=DIRECTION('',(1.,0.,0.));
#3201=DIRECTION('',(0.,-1.,0.));
#3202=DIRECTION('',(1.,0.,0.));
#3203=DIRECTION('',(0.,-1.,0.));
#3204=DIRECTION('',(1.,0.,0.));
#3205=DIRECTION('',(0.,-1.,0.));
#3206=DIRECTION('',(0.,0.,-1.));
#3207=DIRECTION('',(0.,0.,-1.));
#3208=DIRECTION('',(1.,0.,0.));
#3209=DIRECTION('',(0.,0.,-1.));
#3210=DIRECTION('',(0.,0.,-1.));
#3211=DIRECTION('',(-1.,0.,0.));
#3212=DIRECTION('',(0.,-1.,0.));
#3213=DIRECTION('',(1.,0.,0.));
#3214=DIRECTION('',(0.,-1.,0.));
#3215=DIRECTION('',(0.,-1.,0.));
#3216=DIRECTION('',(0.,0.,-1.));
#3217=DIRECTION('',(0.,0.,-1.));
#3218=DIRECTION('',(0.,0.,-1.));
#3219=DIRECTION('',(-1.,0.,0.));
#3220=DIRECTION('',(0.,-1.,0.));
#3221=DIRECTION('',(-1.,0.,0.));
#3222=DIRECTION('',(0.,-1.,0.));
#3223=DIRECTION('',(0.,0.,1.));
#3224=DIRECTION('',(1.,0.,0.));
#3225=DIRECTION('',(0.,0.,1.));
#3226=DIRECTION('',(1.,0.,0.));
#3227=DIRECTION('',(0.,-1.,0.));
#3228=DIRECTION('',(1.,0.,0.));
#3229=DIRECTION('',(0.,-1.,0.));
#3230=DIRECTION('',(1.,0.,0.));
#3231=DIRECTION('',(0.,-1.,0.));
#3232=DIRECTION('',(0.,0.,-1.));
#3233=DIRECTION('',(0.,0.,-1.));
#3234=DIRECTION('',(1.,0.,0.));
#3235=DIRECTION('',(0.,0.,-1.));
#3236=DIRECTION('',(0.,0.,1.));
#3237=DIRECTION('',(1.,0.,0.));
#3238=DIRECTION('',(0.,-1.,0.));
#3239=DIRECTION('',(1.,0.,0.));
#3240=DIRECTION('',(0.,-1.,0.));
#3241=DIRECTION('',(0.,-1.,0.));
#3242=DIRECTION('',(0.,0.,-1.));
#3243=DIRECTION('',(0.,0.,-1.));
#3244=DIRECTION('',(0.,0.,-1.));
#3245=DIRECTION('',(-1.,0.,0.));
#3246=DIRECTION('',(0.,-1.,0.));
#3247=DIRECTION('',(-1.,0.,0.));
#3248=DIRECTION('',(0.,-1.,0.));
#3249=DIRECTION('',(0.,0.,1.));
#3250=DIRECTION('',(1.,0.,0.));
#3251=DIRECTION('',(-1.,0.,0.));
#3252=DIRECTION('',(0.,-1.,0.));
#3253=DIRECTION('',(0.,-1.,0.));
#3254=DIRECTION('',(0.,0.,-1.));
#3255=DIRECTION('',(0.,-1.,0.));
#3256=DIRECTION('',(0.,0.,-1.));
#3257=DIRECTION('',(0.,-1.,0.));
#3258=DIRECTION('',(0.,0.,-1.));
#3259=DIRECTION('',(0.,-1.,0.));
#3260=DIRECTION('',(0.,0.,-1.));
#3261=DIRECTION('',(-1.,0.,0.));
#3262=DIRECTION('',(0.,-1.,0.));
#3263=DIRECTION('',(0.,-1.,0.));
#3264=DIRECTION('',(0.,0.,-1.));
#3265=DIRECTION('',(0.,-1.,0.));
#3266=DIRECTION('',(0.,0.,-1.));
#3267=DIRECTION('',(0.,-1.,0.));
#3268=DIRECTION('',(0.,0.,-1.));
#3269=DIRECTION('',(0.,-1.,0.));
#3270=DIRECTION('',(0.,0.,-1.));
#3271=DIRECTION('',(0.,0.,-1.));
#3272=DIRECTION('',(-1.,0.,0.));
#3273=DIRECTION('',(-1.,0.,0.));
#3274=DIRECTION('',(0.,-1.,0.));
#3275=DIRECTION('',(1.,0.,0.));
#3276=DIRECTION('',(-1.,0.,0.));
#3277=DIRECTION('',(0.,-1.,0.));
#3278=DIRECTION('',(0.,1.,0.));
#3279=DIRECTION('',(0.,0.,1.));
#3280=DIRECTION('',(0.,0.,-1.));
#3281=DIRECTION('',(0.,0.,-1.));
#3282=DIRECTION('',(1.,0.,0.));
#3283=DIRECTION('',(0.,1.,0.));
#3284=DIRECTION('',(0.,0.,1.));
#3285=DIRECTION('',(1.,0.,0.));
#3286=DIRECTION('',(0.,0.,-1.));
#3287=DIRECTION('',(-1.,0.,0.));
#3288=DIRECTION('',(-1.,0.,0.));
#3289=DIRECTION('',(0.,0.,1.));
#3290=DIRECTION('',(0.,1.,0.));
#3291=DIRECTION('',(0.,0.,-1.));
#3292=DIRECTION('',(0.,1.,0.));
#3293=DIRECTION('',(0.,0.,-1.));
#3294=DIRECTION('',(0.,0.,-1.));
#3295=DIRECTION('',(0.,-1.,0.));
#3296=DIRECTION('',(0.,0.,-1.));
#3297=DIRECTION('',(0.,-1.,0.));
#3298=DIRECTION('',(0.,0.,-1.));
#3299=DIRECTION('',(-1.,0.,0.));
#3300=DIRECTION('',(0.,0.,-1.));
#3301=DIRECTION('',(-1.,0.,0.));
#3302=DIRECTION('',(0.,0.,-1.));
#3303=DIRECTION('',(-1.,0.,0.));
#3304=DIRECTION('',(0.,0.,1.));
#3305=DIRECTION('',(0.,1.,0.));
#3306=DIRECTION('',(0.,0.,-1.));
#3307=DIRECTION('',(0.,1.,0.));
#3308=DIRECTION('',(0.,-1.,0.));
#3309=DIRECTION('',(0.,0.,-1.));
#3310=DIRECTION('',(-1.,0.,0.));
#3311=DIRECTION('',(0.,0.,-1.));
#3312=DIRECTION('',(-1.,0.,0.));
#3313=DIRECTION('',(0.,0.,1.));
#3314=DIRECTION('',(1.,0.,0.));
#3315=DIRECTION('',(0.,1.,0.));
#3316=DIRECTION('',(0.,0.,1.));
#3317=DIRECTION('',(1.,0.,0.));
#3318=DIRECTION('',(0.,1.,0.));
#3319=DIRECTION('',(0.,-1.,0.));
#3320=DIRECTION('',(0.,0.,-1.));
#3321=DIRECTION('',(0.,0.707106781186548,0.707106781186548));
#3322=DIRECTION('',(0.,-0.707106781186548,0.707106781186548));
#3323=DIRECTION('',(0.,0.707106781186548,-0.707106781186548));
#3324=DIRECTION('',(0.,-0.707106781186548,-0.707106781186548));
#3325=DIRECTION('',(0.,0.,-1.));
#3326=DIRECTION('',(-1.,0.,0.));
#3327=DIRECTION('',(0.,-0.707106781186548,-0.707106781186548));
#3328=DIRECTION('',(0.,0.707106781186548,-0.707106781186548));
#3329=DIRECTION('',(0.,0.,1.));
#3330=DIRECTION('',(1.,0.,0.));
#3331=DIRECTION('',(0.,-0.707106781186548,0.707106781186548));
#3332=DIRECTION('',(0.,0.707106781186548,0.707106781186548));
#3333=DIRECTION('',(0.,1.,0.));
#3334=DIRECTION('',(0.,0.,1.));
#3335=DIRECTION('',(0.,0.,-1.));
#3336=DIRECTION('',(-1.,0.,0.));
#3337=DIRECTION('',(-1.,0.,0.));
#3338=DIRECTION('',(0.,1.,0.));
#3339=DIRECTION('',(0.,0.,1.));
#3340=DIRECTION('',(0.,-1.,0.));
#3341=DIRECTION('',(0.,0.,-1.));
#3342=DIRECTION('',(1.,0.,0.));
#3343=DIRECTION('',(1.,0.,0.));
#3344=DIRECTION('',(0.,0.,-1.));
#3345=DIRECTION('',(0.,0.,1.));
#3346=DIRECTION('',(1.,0.,0.));
#3347=DIRECTION('',(1.,0.,0.));
#3348=DIRECTION('',(0.,-1.,0.));
#3349=DIRECTION('',(0.,-1.,0.));
#3350=DIRECTION('',(1.,0.,0.));
#3351=DIRECTION('',(0.,0.,1.));
#3352=DIRECTION('',(1.,0.,0.));
#3353=DIRECTION('',(1.,0.,0.));
#3354=DIRECTION('',(0.,-1.,0.));
#3355=DIRECTION('',(0.,-1.,0.));
#3356=DIRECTION('',(0.,0.,-1.));
#3357=DIRECTION('',(0.,0.,-1.));
#3358=DIRECTION('',(-1.,0.,0.));
#3359=DIRECTION('',(0.,-1.,0.));
#3360=DIRECTION('',(0.,-1.,0.));
#3361=DIRECTION('',(0.,0.,-1.));
#3362=DIRECTION('',(0.,0.,-1.));
#3363=DIRECTION('',(-1.,0.,0.));
#3364=DIRECTION('',(0.,-1.,0.));
#3365=DIRECTION('',(-1.,0.,0.));
#3366=DIRECTION('',(0.,0.,1.));
#3367=DIRECTION('',(0.,-1.,0.));
#3368=DIRECTION('',(0.,0.,-1.));
#3369=DIRECTION('',(0.,-1.,0.));
#3370=DIRECTION('',(0.,0.,-1.));
#3371=DIRECTION('',(0.,-1.,0.));
#3372=DIRECTION('',(0.,0.,-1.));
#3373=DIRECTION('',(0.,-1.,0.));
#3374=DIRECTION('',(0.,0.,-1.));
#3375=DIRECTION('',(0.,-1.,0.));
#3376=DIRECTION('',(0.,0.,-1.));
#3377=DIRECTION('',(0.,0.674380964491986,-0.738383582381718));
#3378=DIRECTION('',(0.,0.,1.));
#3379=DIRECTION('',(0.,-1.,0.));
#3380=DIRECTION('',(0.,0.,-1.));
#3381=DIRECTION('',(0.,-1.,0.));
#3382=DIRECTION('',(0.,0.,-1.));
#3383=DIRECTION('',(0.,-1.,0.));
#3384=DIRECTION('',(0.,0.,-1.));
#3385=DIRECTION('',(0.,-1.,0.));
#3386=DIRECTION('',(0.,0.,-1.));
#3387=DIRECTION('',(0.,-1.,0.));
#3388=DIRECTION('',(0.,0.,-1.));
#3389=DIRECTION('',(0.,-1.,0.));
#3390=DIRECTION('',(0.,0.,-1.));
#3391=DIRECTION('',(0.,-1.,0.));
#3392=DIRECTION('',(0.,0.,-1.));
#3393=DIRECTION('',(0.,-1.,0.));
#3394=DIRECTION('',(0.,0.,-1.));
#3395=DIRECTION('',(0.,-1.,0.));
#3396=DIRECTION('',(0.,0.,-1.));
#3397=DIRECTION('',(0.,0.,1.));
#3398=DIRECTION('',(1.,0.,0.));
#3399=DIRECTION('',(0.,-1.,0.));
#3400=DIRECTION('',(1.,0.,0.));
#3401=DIRECTION('',(0.,-1.,0.));
#3402=DIRECTION('',(1.,0.,0.));
#3403=DIRECTION('',(1.,0.,0.));
#3404=DIRECTION('',(0.,-1.,0.));
#3405=DIRECTION('',(1.,0.,0.));
#3406=DIRECTION('',(0.,-1.,0.));
#3407=DIRECTION('',(0.,0.,-1.));
#3408=DIRECTION('',(1.,0.,0.));
#3409=DIRECTION('',(0.,0.,-1.));
#3410=DIRECTION('',(0.,0.,1.));
#3411=DIRECTION('',(1.,0.,0.));
#3412=DIRECTION('',(1.,0.,0.));
#3413=DIRECTION('',(0.,-1.,0.));
#3414=DIRECTION('',(0.,-1.,0.));
#3415=DIRECTION('',(0.,0.,-1.));
#3416=DIRECTION('',(0.,0.,-1.));
#3417=DIRECTION('',(-1.,0.,0.));
#3418=DIRECTION('',(0.,-1.,0.));
#3419=DIRECTION('',(0.,0.,-1.));
#3420=DIRECTION('',(0.,-1.,0.));
#3421=DIRECTION('',(0.,0.,-1.));
#3422=DIRECTION('',(0.,-1.,0.));
#3423=DIRECTION('',(0.,0.,1.));
#3424=DIRECTION('',(1.,0.,0.));
#3425=DIRECTION('',(1.,0.,0.));
#3426=DIRECTION('',(0.,-1.,0.));
#3427=DIRECTION('',(1.,0.,0.));
#3428=DIRECTION('',(0.,-1.,0.));
#3429=DIRECTION('',(0.,0.,-1.));
#3430=DIRECTION('',(1.,0.,0.));
#3431=DIRECTION('',(0.,0.,-1.));
#3432=DIRECTION('',(0.,0.,1.));
#3433=DIRECTION('',(1.,0.,0.));
#3434=DIRECTION('',(1.,0.,0.));
#3435=DIRECTION('',(0.,-1.,0.));
#3436=DIRECTION('',(0.,-1.,0.));
#3437=DIRECTION('',(0.,0.,-1.));
#3438=DIRECTION('',(0.,0.,-1.));
#3439=DIRECTION('',(-1.,0.,0.));
#3440=DIRECTION('',(0.,-1.,0.));
#3441=DIRECTION('',(0.,0.,-1.));
#3442=DIRECTION('',(0.,-1.,0.));
#3443=DIRECTION('',(0.,0.,-1.));
#3444=DIRECTION('',(0.,-1.,0.));
#3445=DIRECTION('',(0.,0.,1.));
#3446=DIRECTION('',(1.,0.,0.));
#3447=DIRECTION('',(1.,0.,0.));
#3448=DIRECTION('',(0.,-1.,0.));
#3449=DIRECTION('',(1.,0.,0.));
#3450=DIRECTION('',(0.,-1.,0.));
#3451=DIRECTION('',(0.,0.,-1.));
#3452=DIRECTION('',(1.,0.,0.));
#3453=DIRECTION('',(0.,0.,-1.));
#3454=DIRECTION('',(0.,0.,1.));
#3455=DIRECTION('',(1.,0.,0.));
#3456=DIRECTION('',(1.,0.,0.));
#3457=DIRECTION('',(0.,-1.,0.));
#3458=DIRECTION('',(0.,-1.,0.));
#3459=DIRECTION('',(0.,0.,-1.));
#3460=DIRECTION('',(0.,0.,-1.));
#3461=DIRECTION('',(0.,0.,1.));
#3462=DIRECTION('',(1.,0.,0.));
#3463=DIRECTION('',(0.,0.707106781186548,0.707106781186548));
#3464=DIRECTION('',(0.,0.707106781186548,-0.707106781186548));
#3465=DIRECTION('',(0.,-0.707106781186548,0.707106781186548));
#3466=DIRECTION('',(0.,-0.707106781186548,-0.707106781186548));
#3467=DIRECTION('',(0.,-1.,0.));
#3468=DIRECTION('',(0.,0.,-1.));
#3469=DIRECTION('',(0.,-0.707106781186548,-0.707106781186548));
#3470=DIRECTION('',(0.,-0.707106781186548,0.707106781186548));
#3471=DIRECTION('',(0.,1.,0.));
#3472=DIRECTION('',(0.,0.,1.));
#3473=DIRECTION('',(0.,0.707106781186548,-0.707106781186548));
#3474=DIRECTION('',(0.,0.707106781186548,0.707106781186548));
#3475=DIRECTION('',(0.,-1.,0.));
#3476=DIRECTION('',(0.,0.,-1.));
#3477=DIRECTION('',(-1.,0.,0.));
#3478=DIRECTION('',(-1.,0.,0.));
#3479=DIRECTION('',(0.,-1.,0.));
#3480=DIRECTION('',(0.,0.,-1.));
#3481=DIRECTION('',(0.,-1.,0.));
#3482=DIRECTION('',(0.,0.,-1.));
#3483=DIRECTION('',(0.,-1.,0.));
#3484=DIRECTION('',(0.,0.,1.));
#3485=DIRECTION('',(1.,0.,0.));
#3486=DIRECTION('',(0.,0.707106781186548,0.707106781186548));
#3487=DIRECTION('',(0.,0.707106781186548,-0.707106781186548));
#3488=DIRECTION('',(0.,-0.707106781186548,0.707106781186548));
#3489=DIRECTION('',(0.,-0.707106781186548,-0.707106781186548));
#3490=DIRECTION('',(0.,-1.,0.));
#3491=DIRECTION('',(0.,0.,-1.));
#3492=DIRECTION('',(0.,-0.707106781186548,-0.707106781186548));
#3493=DIRECTION('',(0.,-0.707106781186548,0.707106781186548));
#3494=DIRECTION('',(0.,1.,0.));
#3495=DIRECTION('',(0.,0.,1.));
#3496=DIRECTION('',(0.,0.707106781186548,-0.707106781186548));
#3497=DIRECTION('',(0.,0.707106781186548,0.707106781186548));
#3498=DIRECTION('',(0.,0.,-1.));
#3499=DIRECTION('',(-1.,0.,0.));
#3500=DIRECTION('',(0.,0.,1.));
#3501=DIRECTION('',(1.,0.,0.));
#3502=DIRECTION('',(0.,0.707106781186548,0.707106781186548));
#3503=DIRECTION('',(0.,0.707106781186548,-0.707106781186548));
#3504=DIRECTION('',(0.,-0.707106781186548,0.707106781186548));
#3505=DIRECTION('',(0.,-0.707106781186548,-0.707106781186548));
#3506=DIRECTION('',(0.,-1.,0.));
#3507=DIRECTION('',(0.,0.,-1.));
#3508=DIRECTION('',(0.,-0.707106781186548,-0.707106781186548));
#3509=DIRECTION('',(0.,-0.707106781186548,0.707106781186548));
#3510=DIRECTION('',(0.,1.,0.));
#3511=DIRECTION('',(0.,0.,1.));
#3512=DIRECTION('',(0.,0.707106781186548,-0.707106781186548));
#3513=DIRECTION('',(0.,0.707106781186548,0.707106781186548));
#3514=DIRECTION('',(0.,0.,-1.));
#3515=DIRECTION('',(-1.,0.,0.));
#3516=DIRECTION('',(0.,0.,1.));
#3517=DIRECTION('',(1.,0.,0.));
#3518=DIRECTION('',(0.,0.707106781186548,0.707106781186548));
#3519=DIRECTION('',(0.,0.707106781186548,-0.707106781186548));
#3520=DIRECTION('',(0.,-0.707106781186548,0.707106781186548));
#3521=DIRECTION('',(0.,-0.707106781186548,-0.707106781186548));
#3522=DIRECTION('',(0.,-1.,0.));
#3523=DIRECTION('',(0.,0.,-1.));
#3524=DIRECTION('',(0.,-0.707106781186548,-0.707106781186548));
#3525=DIRECTION('',(0.,-0.707106781186548,0.707106781186548));
#3526=DIRECTION('',(0.,1.,0.));
#3527=DIRECTION('',(0.,0.,1.));
#3528=DIRECTION('',(0.,0.707106781186548,-0.707106781186548));
#3529=DIRECTION('',(0.,0.707106781186548,0.707106781186548));
#3530=DIRECTION('',(0.,0.,-1.));
#3531=DIRECTION('',(-1.,0.,0.));
#3532=DIRECTION('',(0.,0.,1.));
#3533=DIRECTION('',(1.,0.,0.));
#3534=DIRECTION('',(1.,0.,0.));
#3535=DIRECTION('',(0.,-1.,0.));
#3536=DIRECTION('',(1.,0.,0.));
#3537=DIRECTION('',(0.,-1.,0.));
#3538=DIRECTION('',(0.,0.,-1.));
#3539=DIRECTION('',(1.,0.,0.));
#3540=DIRECTION('',(0.,0.,-1.));
#3541=DIRECTION('',(0.,0.,1.));
#3542=DIRECTION('',(1.,0.,0.));
#3543=DIRECTION('',(-1.,0.,0.));
#3544=DIRECTION('',(0.,-1.,0.));
#3545=DIRECTION('',(0.,-1.,0.));
#3546=DIRECTION('',(0.,0.,-1.));
#3547=DIRECTION('',(-1.,0.,0.));
#3548=DIRECTION('',(0.,0.,-1.));
#3549=DIRECTION('',(-1.,0.,0.));
#3550=DIRECTION('',(0.,-1.,0.));
#3551=DIRECTION('',(0.,0.674380964491986,-0.738383582381718));
#3552=DIRECTION('',(0.,0.,1.));
#3553=DIRECTION('',(0.,0.738383582381718,0.674380964491986));
#3554=DIRECTION('',(0.,-0.674380964491986,0.738383582381718));
#3555=DIRECTION('',(-1.,0.,0.));
#3556=DIRECTION('',(0.,-1.,0.));
#3557=DIRECTION('',(0.,0.,-1.));
#3558=DIRECTION('',(0.,0.,1.));
#3559=DIRECTION('',(1.,0.,0.));
#3560=DIRECTION('',(1.,0.,0.));
#3561=DIRECTION('',(0.,-1.,0.));
#3562=DIRECTION('',(1.,0.,0.));
#3563=DIRECTION('',(0.,-1.,0.));
#3564=DIRECTION('',(0.,0.,-1.));
#3565=DIRECTION('',(1.,0.,0.));
#3566=DIRECTION('',(0.,0.,-1.));
#3567=DIRECTION('',(0.,0.,1.));
#3568=DIRECTION('',(1.,0.,0.));
#3569=DIRECTION('',(1.,0.,0.));
#3570=DIRECTION('',(0.,-1.,0.));
#3571=DIRECTION('',(0.,-1.,0.));
#3572=DIRECTION('',(0.,0.,-1.));
#3573=DIRECTION('',(0.,0.,-1.));
#3574=DIRECTION('',(-1.,0.,0.));
#3575=DIRECTION('',(0.,-1.,0.));
#3576=DIRECTION('',(0.,0.,1.));
#3577=DIRECTION('',(1.,0.,0.));
#3578=DIRECTION('',(1.,0.,0.));
#3579=DIRECTION('',(0.,-1.,0.));
#3580=DIRECTION('',(1.,0.,0.));
#3581=DIRECTION('',(0.,-1.,0.));
#3582=DIRECTION('',(0.,0.,-1.));
#3583=DIRECTION('',(1.,0.,0.));
#3584=DIRECTION('',(0.,0.,-1.));
#3585=DIRECTION('',(0.,0.,1.));
#3586=DIRECTION('',(1.,0.,0.));
#3587=DIRECTION('',(1.,0.,0.));
#3588=DIRECTION('',(0.,-1.,0.));
#3589=DIRECTION('',(0.,-1.,0.));
#3590=DIRECTION('',(0.,0.,-1.));
#3591=DIRECTION('',(0.,0.,-1.));
#3592=DIRECTION('',(-1.,0.,0.));
#3593=DIRECTION('',(0.,-1.,0.));
#3594=DIRECTION('',(0.,1.,0.));
#3595=DIRECTION('',(0.,0.,1.));
#3596=DIRECTION('',(0.,0.,1.));
#3597=DIRECTION('',(1.,0.,0.));
#3598=DIRECTION('',(0.,0.,1.));
#3599=DIRECTION('',(1.,0.,0.));
#3600=DIRECTION('',(0.,-0.643808212000895,-0.765186896228765));
#3601=DIRECTION('',(0.,0.765186896228765,-0.643808212000895));
#3602=DIRECTION('',(0.,0.765186896228765,-0.643808212000895));
#3603=DIRECTION('',(1.,0.,0.));
#3604=DIRECTION('',(0.,0.765186896228765,-0.643808212000895));
#3605=DIRECTION('',(0.,0.,1.));
#3606=DIRECTION('',(1.,0.,0.));
#3607=DIRECTION('',(0.,-1.,0.));
#3608=DIRECTION('',(1.,0.,0.));
#3609=DIRECTION('',(0.,-1.,0.));
#3610=DIRECTION('',(0.,0.543416496890283,0.839463227847113));
#3611=DIRECTION('',(0.,-0.839463227847113,0.543416496890283));
#3612=DIRECTION('',(0.,-0.839463227847113,0.543416496890283));
#3613=DIRECTION('',(1.,0.,0.));
#3614=DIRECTION('',(0.,-0.839463227847113,0.543416496890283));
#3615=DIRECTION('',(0.,0.,1.));
#3616=DIRECTION('',(1.,0.,0.));
#3617=DIRECTION('',(0.,-1.,0.));
#3618=DIRECTION('',(1.,0.,0.));
#3619=DIRECTION('',(0.,-1.,0.));
#3620=DIRECTION('',(0.,-1.,0.));
#3621=DIRECTION('',(0.,0.,-1.));
#3622=DIRECTION('',(0.,0.,-1.));
#3623=DIRECTION('',(0.,0.,-1.));
#3624=DIRECTION('',(0.,-1.,0.));
#3625=DIRECTION('',(0.,0.,-1.));
#3626=DIRECTION('',(0.,0.,-1.));
#3627=DIRECTION('',(0.,0.,-1.));
#3628=DIRECTION('',(1.,0.,0.));
#3629=DIRECTION('',(0.,0.,1.));
#3630=DIRECTION('',(1.,0.,0.));
#3631=DIRECTION('',(0.,-1.,0.));
#3632=DIRECTION('',(1.,0.,0.));
#3633=DIRECTION('',(0.,-1.,0.));
#3634=DIRECTION('',(0.,-0.543416496890283,-0.839463227847113));
#3635=DIRECTION('',(0.,0.839463227847113,-0.543416496890283));
#3636=DIRECTION('',(0.,0.839463227847113,-0.543416496890283));
#3637=DIRECTION('',(1.,0.,0.));
#3638=DIRECTION('',(0.,0.839463227847113,-0.543416496890283));
#3639=DIRECTION('',(0.,0.,1.));
#3640=DIRECTION('',(1.,0.,0.));
#3641=DIRECTION('',(0.,-1.,0.));
#3642=DIRECTION('',(1.,0.,0.));
#3643=DIRECTION('',(0.,-1.,0.));
#3644=DIRECTION('',(0.,0.643808212000895,0.765186896228765));
#3645=DIRECTION('',(0.,-0.765186896228765,0.643808212000895));
#3646=DIRECTION('',(0.,-0.765186896228765,0.643808212000895));
#3647=DIRECTION('',(1.,0.,0.));
#3648=DIRECTION('',(0.,-0.765186896228765,0.643808212000895));
#3649=DIRECTION('',(0.,1.,0.));
#3650=DIRECTION('',(0.,0.,1.));
#3651=DIRECTION('',(0.,0.,1.));
#3652=DIRECTION('',(1.,0.,0.));
#3653=DIRECTION('',(0.,0.,1.));
#3654=DIRECTION('',(0.,0.,1.));
#3655=DIRECTION('',(1.,0.,0.));
#3656=DIRECTION('',(0.,-1.,0.));
#3657=DIRECTION('',(0.,-1.,0.));
#3658=DIRECTION('',(-1.,0.,0.));
#3659=DIRECTION('',(0.,-1.,0.));
#3660=DIRECTION('',(-1.,0.,0.));
#3661=DIRECTION('',(0.,-1.,0.));
#3662=DIRECTION('',(-1.,0.,0.));
#3663=DIRECTION('',(0.,-1.,0.));
#3664=DIRECTION('',(0.,0.,-1.));
#3665=DIRECTION('',(0.,0.,-1.));
#3666=DIRECTION('',(0.,-1.,0.));
#3667=DIRECTION('',(0.,-1.,0.));
#3668=DIRECTION('',(0.,0.,-1.));
#3669=DIRECTION('',(1.,0.,0.));
#3670=DIRECTION('',(0.,0.,-1.));
#3671=DIRECTION('',(1.,0.,0.));
#3672=DIRECTION('',(0.,0.,1.));
#3673=DIRECTION('',(1.,0.,0.));
#3674=DIRECTION('',(1.,0.,0.));
#3675=DIRECTION('',(0.,-1.,0.));
#3676=DIRECTION('',(0.,-1.,0.));
#3677=DIRECTION('',(0.,0.,-1.));
#3678=DIRECTION('',(1.,0.,0.));
#3679=DIRECTION('',(0.,0.,-1.));
#3680=DIRECTION('',(0.,0.,1.));
#3681=DIRECTION('',(1.,0.,0.));
#3682=DIRECTION('',(0.,-1.,0.));
#3683=DIRECTION('',(-1.,0.,0.));
#3684=DIRECTION('',(0.,-1.,0.));
#3685=DIRECTION('',(1.,0.,0.));
#3686=DIRECTION('',(0.,0.,-1.));
#3687=DIRECTION('',(-1.,0.,0.));
#3688=DIRECTION('',(0.,0.,1.));
#3689=DIRECTION('',(-1.,0.,0.));
#3690=DIRECTION('',(0.,-1.,0.));
#3691=CARTESIAN_POINT('',(0.,0.,0.));
#3692=CARTESIAN_POINT('',(-0.00207576938465237,-0.00466749517679215,0.0168121786284447));
#3693=CARTESIAN_POINT('',(-0.00205576938465237,-0.00466749517679215,0.0168121786284447));
#3694=CARTESIAN_POINT('',(-0.00205576938465237,-0.00515249517679215,0.0168121786284447));
#3695=CARTESIAN_POINT('',(-0.00205576938465237,-0.00418249517679214,0.0168121786284447));
#3696=CARTESIAN_POINT('',(-0.00207576938465237,-0.00418249517679214,0.0168121786284447));
#3697=CARTESIAN_POINT('',(-0.00207576938465237,-0.00418249517679214,0.0168121786284447));
#3698=CARTESIAN_POINT('',(-0.00207576938465237,-0.00466749517679215,0.0168121786284447));
#3699=CARTESIAN_POINT('',(-0.00207576938465237,-0.00515249517679215,0.0168121786284447));
#3700=CARTESIAN_POINT('',(-0.00207576938465237,-0.00515249517679215,0.0168121786284447));
#3701=CARTESIAN_POINT('',(-0.00207576938465237,-0.00340277038048953,0.0163643319839239));
#3702=CARTESIAN_POINT('',(-0.00205576938465237,-0.00340277038048953,0.0163643319839239));
#3703=CARTESIAN_POINT('',(-0.00205576938465237,-0.00262304558418692,0.0159164853394031));
#3704=CARTESIAN_POINT('',(-0.00207576938465237,-0.00262304558418692,0.0159164853394031));
#3705=CARTESIAN_POINT('',(-0.00207576938465237,-0.00262304558418692,0.0159164853394031));
#3706=CARTESIAN_POINT('',(-0.00207576938465237,-0.00340277038048953,0.0163643319839239));
#3707=CARTESIAN_POINT('',(-0.00207576938465237,-0.00262304558418692,0.0150109394453466));
#3708=CARTESIAN_POINT('',(-0.00205576938465237,-0.00262304558418692,0.0150109394453466));
#3709=CARTESIAN_POINT('',(-0.00205576938465237,-0.00262304558418692,0.01410539355129));
#3710=CARTESIAN_POINT('',(-0.00207576938465237,-0.00262304558418692,0.01410539355129));
#3711=CARTESIAN_POINT('',(-0.00207576938465237,-0.00262304558418692,0.01410539355129));
#3712=CARTESIAN_POINT('',(-0.00207576938465237,-0.00262304558418692,0.0150109394453466));
#3713=CARTESIAN_POINT('',(-0.00207576938465237,-0.00267770059872419,0.01410539355129));
#3714=CARTESIAN_POINT('',(-0.00205576938465237,-0.00267770059872419,0.01410539355129));
#3715=CARTESIAN_POINT('',(-0.00205576938465237,-0.00273235561326146,0.01410539355129));
#3716=CARTESIAN_POINT('',(-0.00207576938465237,-0.00273235561326146,0.01410539355129));
#3717=CARTESIAN_POINT('',(-0.00207576938465237,-0.00273235561326146,0.01410539355129));
#3718=CARTESIAN_POINT('',(-0.00207576938465237,-0.00267770059872419,0.01410539355129));
#3719=CARTESIAN_POINT('',(-0.00207576938465237,-0.00273235561326146,0.014997423964429));
#3720=CARTESIAN_POINT('',(-0.00205576938465237,-0.00273235561326146,0.014997423964429));
#3721=CARTESIAN_POINT('',(-0.00205576938465237,-0.00273235561326146,0.015889454377568));
#3722=CARTESIAN_POINT('',(-0.00207576938465237,-0.00273235561326146,0.015889454377568));
#3723=CARTESIAN_POINT('',(-0.00207576938465237,-0.00273235561326146,0.015889454377568));
#3724=CARTESIAN_POINT('',(-0.00207576938465237,-0.00273235561326146,0.014997423964429));
#3725=CARTESIAN_POINT('',(-0.00207576938465237,-0.00346596945506801,0.0163108165030063));
#3726=CARTESIAN_POINT('',(-0.00205576938465237,-0.00346596945506801,0.0163108165030063));
#3727=CARTESIAN_POINT('',(-0.00205576938465237,-0.00419958329687456,0.0167321786284447));
#3728=CARTESIAN_POINT('',(-0.00207576938465237,-0.00419958329687456,0.0167321786284447));
#3729=CARTESIAN_POINT('',(-0.00207576938465237,-0.00419958329687456,0.0167321786284447));
#3730=CARTESIAN_POINT('',(-0.00207576938465237,-0.00346596945506801,0.0163108165030063));
#3731=CARTESIAN_POINT('',(-0.00207576938465237,-0.00467603923683335,0.0167321786284447));
#3732=CARTESIAN_POINT('',(-0.00205576938465237,-0.00467603923683335,0.0167321786284447));
#3733=CARTESIAN_POINT('',(-0.00205576938465237,-0.00515249517679215,0.0167321786284447));
#3734=CARTESIAN_POINT('',(-0.00207576938465237,-0.00515249517679215,0.0167321786284447));
#3735=CARTESIAN_POINT('',(-0.00207576938465237,-0.00515249517679215,0.0167321786284447));
#3736=CARTESIAN_POINT('',(-0.00207576938465237,-0.00467603923683335,0.0167321786284447));
#3737=CARTESIAN_POINT('',(-0.00207576938465237,-0.00515249517679215,0.0167721786284447));
#3738=CARTESIAN_POINT('',(-0.00205576938465237,-0.00515249517679215,0.0167721786284447));
#3739=CARTESIAN_POINT('',(-0.00207576938465237,-0.00515249517679215,0.0167721786284447));
#3740=CARTESIAN_POINT('',(-0.00207576938465237,-0.00703805223848671,0.0180249148587493));
#3741=CARTESIAN_POINT('',(-0.00205576938465237,-0.00703805223848671,0.0180249148587493));
#3742=CARTESIAN_POINT('',(0.,0.,0.));
#3743=CARTESIAN_POINT('',(-0.00207576938465237,-0.00420793669763952,0.0174712762236595));
#3744=CARTESIAN_POINT('',(-0.00205576938465237,-0.00420793669763952,0.0174712762236595));
#3745=CARTESIAN_POINT('',(-0.00205576938465237,-0.00321919773705303,0.0174712762236595));
#3746=CARTESIAN_POINT('',(-0.00205576938465237,-0.00519667565822601,0.0174712762236595));
#3747=CARTESIAN_POINT('',(-0.00207576938465237,-0.00321919773705303,0.0174712762236595));
#3748=CARTESIAN_POINT('',(-0.00207576938465237,-0.00321919773705303,0.0174712762236595));
#3749=CARTESIAN_POINT('',(-0.00207576938465237,-0.00420793669763952,0.0174712762236595));
#3750=CARTESIAN_POINT('',(-0.00207576938465237,-0.00519667565822601,0.0174712762236595));
#3751=CARTESIAN_POINT('',(-0.00207576938465237,-0.00519667565822601,0.0174712762236595));
#3752=CARTESIAN_POINT('',(-0.00207576938465237,-0.00321919773705303,0.0174192376434803));
#3753=CARTESIAN_POINT('',(-0.00205576938465237,-0.00321919773705303,0.0174192376434803));
#3754=CARTESIAN_POINT('',(-0.00205576938465237,-0.00321919773705303,0.0173671990633011));
#3755=CARTESIAN_POINT('',(-0.00207576938465237,-0.00321919773705303,0.0173671990633011));
#3756=CARTESIAN_POINT('',(-0.00207576938465237,-0.00321919773705303,0.0173671990633011));
#3757=CARTESIAN_POINT('',(-0.00207576938465237,-0.00321919773705303,0.0174192376434803));
#3758=CARTESIAN_POINT('',(-0.00207576938465237,-0.00420793669763952,0.0173671990633011));
#3759=CARTESIAN_POINT('',(-0.00205576938465237,-0.00420793669763952,0.0173671990633011));
#3760=CARTESIAN_POINT('',(-0.00205576938465237,-0.00519667565822601,0.0173671990633011));
#3761=CARTESIAN_POINT('',(-0.00207576938465237,-0.00519667565822601,0.0173671990633011));
#3762=CARTESIAN_POINT('',(-0.00207576938465237,-0.00519667565822601,0.0173671990633011));
#3763=CARTESIAN_POINT('',(-0.00207576938465237,-0.00420793669763952,0.0173671990633011));
#3764=CARTESIAN_POINT('',(-0.00207576938465237,-0.00519667565822601,0.0174192376434803));
#3765=CARTESIAN_POINT('',(-0.00205576938465237,-0.00519667565822601,0.0174192376434803));
#3766=CARTESIAN_POINT('',(-0.00207576938465237,-0.00519667565822601,0.0174192376434803));
#3767=CARTESIAN_POINT('',(-0.00207576938465237,-0.00703805223848671,0.0180249148587493));
#3768=CARTESIAN_POINT('',(-0.00205576938465237,-0.00703805223848671,0.0180249148587493));
#3769=CARTESIAN_POINT('',(0.,0.,0.));
#3770=CARTESIAN_POINT('',(-0.00207576938465237,-0.00579683917850256,0.0214002562993765));
#3771=CARTESIAN_POINT('',(-0.00205576938465237,-0.00579683917850256,0.0214002562993765));
#3772=CARTESIAN_POINT('',(-0.00205576938465237,-0.00575683917850256,0.0214002562993765));
#3773=CARTESIAN_POINT('',(-0.00205576938465237,-0.00583683917850256,0.0214002562993765));
#3774=CARTESIAN_POINT('',(-0.00207576938465237,-0.00575683917850256,0.0214002562993765));
#3775=CARTESIAN_POINT('',(-0.00207576938465237,-0.00575683917850256,0.0214002562993765));
#3776=CARTESIAN_POINT('',(-0.00207576938465237,-0.00579683917850256,0.0214002562993765));
#3777=CARTESIAN_POINT('',(-0.00207576938465237,-0.00583683917850256,0.0214002562993765));
#3778=CARTESIAN_POINT('',(-0.00207576938465237,-0.00583683917850256,0.0214002562993765));
#3779=CARTESIAN_POINT('',(-0.00207576938465237,-0.00575683917850256,0.0200802562993765));
#3780=CARTESIAN_POINT('',(-0.00205576938465237,-0.00575683917850256,0.0200802562993765));
#3781=CARTESIAN_POINT('',(-0.00205576938465237,-0.00575683917850256,0.0187602562993765));
#3782=CARTESIAN_POINT('',(-0.00207576938465237,-0.00575683917850256,0.0187602562993765));
#3783=CARTESIAN_POINT('',(-0.00207576938465237,-0.00575683917850256,0.0187602562993765));
#3784=CARTESIAN_POINT('',(-0.00207576938465237,-0.00575683917850256,0.0200802562993765));
#3785=CARTESIAN_POINT('',(-0.00207576938465237,-0.00768205887018891,0.0187602562993765));
#3786=CARTESIAN_POINT('',(-0.00205576938465237,-0.00768205887018891,0.0187602562993765));
#3787=CARTESIAN_POINT('',(-0.00205576938465237,-0.00583683917850256,0.0187602562993765));
#3788=CARTESIAN_POINT('',(-0.00207576938465237,-0.00583683917850256,0.0187602562993765));
#3789=CARTESIAN_POINT('',(-0.00207576938465237,-0.00583683917850256,0.0187602562993765));
#3790=CARTESIAN_POINT('',(-0.00207576938465237,-0.00768205887018891,0.0187602562993765));
#3791=CARTESIAN_POINT('',(-0.00207576938465237,-0.00583683917850256,0.0200802562993765));
#3792=CARTESIAN_POINT('',(-0.00205576938465237,-0.00583683917850256,0.0200802562993765));
#3793=CARTESIAN_POINT('',(-0.00207576938465237,-0.00583683917850256,0.0200802562993765));
#3794=CARTESIAN_POINT('',(-0.00207576938465237,-0.00703805223848671,0.0180249148587493));
#3795=CARTESIAN_POINT('',(-0.00205576938465237,-0.00703805223848671,0.0180249148587493));
#3796=CARTESIAN_POINT('',(0.,0.,0.));
#3797=CARTESIAN_POINT('',(-0.00207576938465237,-0.007585393730551,0.0167132524609566));
#3798=CARTESIAN_POINT('',(-0.00205576938465237,-0.007585393730551,0.0167132524609566));
#3799=CARTESIAN_POINT('',(-0.00205576938465237,-0.00630940813951194,0.0167132524609566));
#3800=CARTESIAN_POINT('',(-0.00205576938465237,-0.00638940813951194,0.0167132524609566));
#3801=CARTESIAN_POINT('',(-0.00207576938465237,-0.00630940813951194,0.0167132524609566));
#3802=CARTESIAN_POINT('',(-0.00207576938465237,-0.00630940813951194,0.0167132524609566));
#3803=CARTESIAN_POINT('',(-0.00207576938465237,-0.007585393730551,0.0167132524609566));
#3804=CARTESIAN_POINT('',(-0.00207576938465237,-0.00638940813951194,0.0167132524609566));
#3805=CARTESIAN_POINT('',(-0.00207576938465237,-0.00638940813951194,0.0167132524609566));
#3806=CARTESIAN_POINT('',(-0.00207576938465237,-0.00630940813951194,0.0154632524609566));
#3807=CARTESIAN_POINT('',(-0.00205576938465237,-0.00630940813951194,0.0154632524609566));
#3808=CARTESIAN_POINT('',(-0.00205576938465237,-0.00630940813951194,0.0142132524609566));
#3809=CARTESIAN_POINT('',(-0.00207576938465237,-0.00630940813951194,0.0142132524609566));
#3810=CARTESIAN_POINT('',(-0.00207576938465237,-0.00630940813951194,0.0142132524609566));
#3811=CARTESIAN_POINT('',(-0.00207576938465237,-0.00630940813951194,0.0154632524609566));
#3812=CARTESIAN_POINT('',(-0.00207576938465237,-0.00634940813951194,0.0142132524609566));
#3813=CARTESIAN_POINT('',(-0.00205576938465237,-0.00634940813951194,0.0142132524609566));
#3814=CARTESIAN_POINT('',(-0.00205576938465237,-0.00638940813951194,0.0142132524609566));
#3815=CARTESIAN_POINT('',(-0.00207576938465237,-0.00638940813951194,0.0142132524609566));
#3816=CARTESIAN_POINT('',(-0.00207576938465237,-0.00638940813951194,0.0142132524609566));
#3817=CARTESIAN_POINT('',(-0.00207576938465237,-0.00634940813951194,0.0142132524609566));
#3818=CARTESIAN_POINT('',(-0.00207576938465237,-0.00638940813951194,0.0154632524609566));
#3819=CARTESIAN_POINT('',(-0.00205576938465237,-0.00638940813951194,0.0154632524609566));
#3820=CARTESIAN_POINT('',(-0.00207576938465237,-0.00638940813951194,0.0154632524609566));
#3821=CARTESIAN_POINT('',(-0.00207576938465237,-0.00703805223848671,0.0180249148587493));
#3822=CARTESIAN_POINT('',(-0.00205576938465237,-0.00703805223848671,0.0180249148587493));
#3823=CARTESIAN_POINT('',(0.,0.,0.));
#3824=CARTESIAN_POINT('',(-0.00205576938465237,-0.00768205887018891,0.0174188213422895));
#3825=CARTESIAN_POINT('',(-0.00205576938465237,-0.00657190785467625,0.0167240710556507));
#3826=CARTESIAN_POINT('',(-0.00205576938465237,-0.00653190785467625,0.0167240710556507));
#3827=CARTESIAN_POINT('',(-0.00205576938465237,-0.00661190785467625,0.0167240710556507));
#3828=CARTESIAN_POINT('',(-0.00205576938465237,-0.00661190785467625,0.0154740710556507));
#3829=CARTESIAN_POINT('',(-0.00205576938465237,-0.00661190785467625,0.0167132524609566));
#3830=CARTESIAN_POINT('',(-0.00205576938465237,-0.007585393730551,0.0167132524609566));
#3831=CARTESIAN_POINT('',(-0.00205576938465237,-0.007485393730551,0.0167132524609566));
#3832=CARTESIAN_POINT('',(-0.00205576938465237,-0.007485393730551,0.0174188213422895));
#3833=CARTESIAN_POINT('',(-0.00205576938465237,-0.007485393730551,0.0187602562993765));
#3834=CARTESIAN_POINT('',(-0.00205576938465237,-0.00768205887018891,0.0187602562993765));
#3835=CARTESIAN_POINT('',(-0.00205576938465237,-0.00529342254847288,0.0187602562993765));
#3836=CARTESIAN_POINT('',(-0.00205576938465237,-0.00529342254847288,0.0166132524609565));
#3837=CARTESIAN_POINT('',(-0.00205576938465237,-0.00529342254847288,0.0167132524609566));
#3838=CARTESIAN_POINT('',(-0.00205576938465237,-0.007585393730551,0.0167132524609566));
#3839=CARTESIAN_POINT('',(-0.00205576938465237,-0.00653190785467625,0.0167132524609566));
#3840=CARTESIAN_POINT('',(-0.00205576938465237,-0.00653190785467625,0.0154740710556507));
#3841=CARTESIAN_POINT('',(-0.000855769384652376,-0.0135793276131153,0.0125));
#3842=CARTESIAN_POINT('',(-0.000855769384652376,-0.0135024071787484,0.0237407498061657));
#3843=CARTESIAN_POINT('',(-0.000855769384652376,-0.0136967424132899,0.0237407498061657));
#3844=CARTESIAN_POINT('',(-0.000855769384652376,-0.0253374390304088,0.0237407498061657));
#3845=CARTESIAN_POINT('',(-0.000855769384652376,-0.0136967424132899,0.0174188213422895));
#3846=CARTESIAN_POINT('',(-0.000855769384652376,-0.0136967424132899,0.0110968928784132));
#3847=CARTESIAN_POINT('',(-0.000855769384652376,-0.0091688486863859,0.0110968928784132));
#3848=CARTESIAN_POINT('',(-0.000855769384652376,-0.0166703220456839,0.0110968928784132));
#3849=CARTESIAN_POINT('',(-0.000855769384652376,-0.0166703220456839,0.00951084634289145));
#3850=CARTESIAN_POINT('',(-0.000855769384652376,-0.0166703220456839,0.00792479980736971));
#3851=CARTESIAN_POINT('',(-0.000855769384652376,-0.0091688486863859,0.00792479980736971));
#3852=CARTESIAN_POINT('',(-0.000855769384652376,-0.00166737532708794,0.00792479980736971));
#3853=CARTESIAN_POINT('',(-0.000855769384652376,-0.00166737532708794,0.0125978249125183));
#3854=CARTESIAN_POINT('',(-0.000855769384652376,-0.00166737532708794,0.00145490001887083));
#3855=CARTESIAN_POINT('',(-0.000855769384652376,-0.0135024071787484,0.00145490001887083));
#3856=CARTESIAN_POINT('',(-0.000855769384652376,-0.0253374390304088,0.00145490001887083));
#3857=CARTESIAN_POINT('',(-0.000855769384652376,-0.0253374390304088,0.0125978249125183));
#3858=CARTESIAN_POINT('',(-0.000855769384652376,-0.0135024071787484,0.0237407498061657));
#3859=CARTESIAN_POINT('',(-0.000855769384652376,-0.00166737532708794,0.0237407498061657));
#3860=CARTESIAN_POINT('',(-0.00155576938465238,-0.00166737532708794,0.0237407498061657));
#3861=CARTESIAN_POINT('',(-0.00585576938465238,-0.00166737532708794,0.0237407498061657));
#3862=CARTESIAN_POINT('',(-0.00155576938465238,-0.0135024071787484,0.0237407498061657));
#3863=CARTESIAN_POINT('',(-0.00155576938465238,-0.0136967424132899,0.0237407498061657));
#3864=CARTESIAN_POINT('',(-0.00155576938465238,-0.0136967424132899,0.0237407498061657));
#3865=CARTESIAN_POINT('',(-0.000855769384652376,-0.0253374390304088,0.0237407498061657));
#3866=CARTESIAN_POINT('',(-0.00585576938465238,-0.0253374390304088,0.0237407498061657));
#3867=CARTESIAN_POINT('',(-0.00585576938465238,-0.0135024071787484,0.0237407498061657));
#3868=CARTESIAN_POINT('',(-0.000855769384652376,-0.00166737532708794,0.0125978249125183));
#3869=CARTESIAN_POINT('',(-0.00155576938465238,-0.00166737532708794,0.0125978249125183));
#3870=CARTESIAN_POINT('',(-0.00155576938465238,-0.00166737532708794,0.0110968928784132));
#3871=CARTESIAN_POINT('',(-0.00585576938465238,-0.00166737532708794,0.0125978249125183));
#3872=CARTESIAN_POINT('',(-0.00585576938465238,-0.00166737532708794,0.0110968928784132));
#3873=CARTESIAN_POINT('',(-0.00685576938465238,-0.00166737532708794,0.0110968928784132));
#3874=CARTESIAN_POINT('',(-0.000855769384652376,-0.00166737532708794,0.0125978249125183));
#3875=CARTESIAN_POINT('',(-0.00685576938465238,-0.00166737532708794,0.00792479980736971));
#3876=CARTESIAN_POINT('',(-0.00585576938465238,-0.00166737532708794,0.00792479980736971));
#3877=CARTESIAN_POINT('',(-0.00585576938465238,-0.00166737532708794,0.0125978249125183));
#3878=CARTESIAN_POINT('',(-0.00585576938465238,-0.00166737532708794,0.00145490001887083));
#3879=CARTESIAN_POINT('',(-0.000855769384652376,-0.00166737532708794,0.00145490001887083));
#3880=CARTESIAN_POINT('',(-0.00585576938465238,-0.0135793276131153,0.025));
#3881=CARTESIAN_POINT('',(-0.00585576938465238,-0.0135793276131153,0.0243));
#3882=CARTESIAN_POINT('',(-0.00585576938465238,-0.026004328134656,0.0243));
#3883=CARTESIAN_POINT('',(-0.00585576938465238,-0.00115432709157467,0.0243));
#3884=CARTESIAN_POINT('',(-0.00585576938465238,-0.00115432709157467,0.));
#3885=CARTESIAN_POINT('',(-0.00585576938465238,-0.00115432709157467,0.0007));
#3886=CARTESIAN_POINT('',(-0.00585576938465238,-0.026704328134656,0.0007));
#3887=CARTESIAN_POINT('',(-0.00585576938465238,-0.026004328134656,0.0007));
#3888=CARTESIAN_POINT('',(-0.00585576938465238,-0.026004328134656,0.025));
#3889=CARTESIAN_POINT('',(-0.00585576938465238,-0.0253374390304088,0.0125978249125183));
#3890=CARTESIAN_POINT('',(-0.00585576938465238,-0.0253374390304088,0.00145490001887083));
#3891=CARTESIAN_POINT('',(-0.00585576938465238,-0.0135024071787484,0.00145490001887083));
#3892=CARTESIAN_POINT('',(-0.00585576938465238,-0.00166737532708794,0.0125978249125183));
#3893=CARTESIAN_POINT('',(0.,-0.026704328134656,0.025));
#3894=CARTESIAN_POINT('',(0.,-0.026704328134656,0.025));
#3895=CARTESIAN_POINT('',(0.00585576938465238,-0.026704328134656,0.025));
#3896=CARTESIAN_POINT('',(-0.00515576938465238,-0.026704328134656,0.025));
#3897=CARTESIAN_POINT('',(-0.00515576938465238,-0.026704328134656,0.025));
#3898=CARTESIAN_POINT('',(-0.00515576938465238,-0.026704328134656,0.));
#3899=CARTESIAN_POINT('',(0.,-0.026704328134656,0.));
#3900=CARTESIAN_POINT('',(0.00585576938465238,-0.026704328134656,0.));
#3901=CARTESIAN_POINT('',(0.00585576938465238,-0.026704328134656,0.025));
#3902=CARTESIAN_POINT('',(0.00585576938465238,-0.0135793276131153,0.025));
#3903=CARTESIAN_POINT('',(0.00585576938465238,-0.0135793276131153,0.));
#3904=CARTESIAN_POINT('',(0.00585576938465238,-0.000454327091574669,0.));
#3905=CARTESIAN_POINT('',(0.00585576938465238,-0.000454327091574669,0.025));
#3906=CARTESIAN_POINT('',(0.00585576938465238,-0.000454327091574669,0.025));
#3907=CARTESIAN_POINT('',(0.00585576938465238,-0.0135793276131153,0.025));
#3908=CARTESIAN_POINT('',(0.,-0.000454327091574669,0.025));
#3909=CARTESIAN_POINT('',(0.,-0.000454327091574669,0.));
#3910=CARTESIAN_POINT('',(-0.00515576938465238,-0.000454327091574669,0.));
#3911=CARTESIAN_POINT('',(-0.00515576938465238,-0.000454327091574669,0.025));
#3912=CARTESIAN_POINT('',(-0.00515576938465238,-0.000454327091574669,0.025));
#3913=CARTESIAN_POINT('',(0.,-0.000454327091574669,0.025));
#3914=CARTESIAN_POINT('',(0.,-0.0135793276131153,0.025));
#3915=CARTESIAN_POINT('',(-0.00515576938465238,-0.0135793276131153,0.025));
#3916=CARTESIAN_POINT('',(0.,-0.0135793276131153,0.));
#3917=CARTESIAN_POINT('',(-0.00515576938465238,-0.000454327091574669,0.));
#3918=CARTESIAN_POINT('',(-0.00515576938465238,-0.0135793276131153,0.0007));
#3919=CARTESIAN_POINT('',(-0.00515576938465238,-0.00115432709157467,0.0007));
#3920=CARTESIAN_POINT('',(-0.00515576938465238,-0.026004328134656,0.0007));
#3921=CARTESIAN_POINT('',(-0.00515576938465238,-0.026004328134656,0.025));
#3922=CARTESIAN_POINT('',(-0.00515576938465238,-0.026004328134656,0.0243));
#3923=CARTESIAN_POINT('',(-0.00515576938465238,-0.00115432709157467,0.025));
#3924=CARTESIAN_POINT('',(-0.00515576938465238,-0.00115432709157467,0.0243));
#3925=CARTESIAN_POINT('',(-0.00515576938465238,-0.0135793276131153,0.0243));
#3926=CARTESIAN_POINT('',(-0.000855769384652376,-0.0135024071787484,0.00145490001887083));
#3927=CARTESIAN_POINT('',(-0.000855769384652376,-0.0253374390304088,0.00145490001887083));
#3928=CARTESIAN_POINT('',(-0.000855769384652376,-0.0253374390304088,0.0125978249125183));
#3929=CARTESIAN_POINT('',(-0.00685576938465238,-0.00166737532708794,0.0125978249125183));
#3930=CARTESIAN_POINT('',(-0.00685576938465238,-0.00166737532708794,0.0110968928784132));
#3931=CARTESIAN_POINT('',(-0.00685576938465238,-0.00166737532708794,0.0110968928784132));
#3932=CARTESIAN_POINT('',(-0.00685576938465238,-0.00166737532708794,0.00792479980736971));
#3933=CARTESIAN_POINT('',(-0.00685576938465238,-0.00166737532708794,0.00792479980736971));
#3934=CARTESIAN_POINT('',(-0.00685576938465238,-0.00166737532708794,0.0125978249125183));
#3935=CARTESIAN_POINT('',(-0.00685576938465238,-0.0091688486863859,0.0110968928784132));
#3936=CARTESIAN_POINT('',(-0.00155576938465238,-0.0136967424132899,0.0110968928784132));
#3937=CARTESIAN_POINT('',(-0.00155576938465238,-0.0136967424132899,0.0110968928784132));
#3938=CARTESIAN_POINT('',(-0.00155576938465238,-0.0091688486863859,0.0110968928784132));
#3939=CARTESIAN_POINT('',(-0.00685576938465238,-0.0091688486863859,0.0110968928784132));
#3940=CARTESIAN_POINT('',(-0.00685576938465238,-0.0166703220456839,0.0110968928784132));
#3941=CARTESIAN_POINT('',(-0.00685576938465238,-0.0166703220456839,0.0110968928784132));
#3942=CARTESIAN_POINT('',(-0.00685576938465238,-0.0091688486863859,0.00792479980736971));
#3943=CARTESIAN_POINT('',(-0.00685576938465238,-0.0166703220456839,0.00792479980736971));
#3944=CARTESIAN_POINT('',(-0.00685576938465238,-0.0166703220456839,0.00792479980736971));
#3945=CARTESIAN_POINT('',(-0.00685576938465238,-0.0091688486863859,0.00792479980736971));
#3946=CARTESIAN_POINT('',(-0.00685576938465238,-0.0166703220456839,0.00951084634289145));
#3947=CARTESIAN_POINT('',(-0.00685576938465238,-0.0166703220456839,0.00951084634289145));
#3948=CARTESIAN_POINT('',(-0.00685576938465238,-0.0135024071787484,0.0125978249125183));
#3949=CARTESIAN_POINT('',(-0.00155576938465238,-0.0136967424132899,0.0174188213422895));
#3950=CARTESIAN_POINT('',(-0.00155576938465238,-0.0136967424132899,0.0174188213422895));
#3951=CARTESIAN_POINT('',(-0.00155576938465238,-0.0135024071787484,0.0125978249125183));
#3952=CARTESIAN_POINT('',(-0.00155576938465238,-0.00269604311324656,0.0134572484530508));
#3953=CARTESIAN_POINT('',(-0.00155576938465238,-0.00269604311324656,0.0141142253055585));
#3954=CARTESIAN_POINT('',(-0.00155576938465238,-0.00690001553297043,0.0226472429931164));
#3955=CARTESIAN_POINT('',(-0.00155576938465238,-0.00540001553297043,0.0226472429931164));
#3956=CARTESIAN_POINT('',(-0.00155576938465238,-0.00840001553297043,0.0226472429931164));
#3957=CARTESIAN_POINT('',(-0.00155576938465238,-0.00840001553297043,0.0224000466987491));
#3958=CARTESIAN_POINT('',(-0.00155576938465238,-0.00840001553297043,0.0221528504043817));
#3959=CARTESIAN_POINT('',(-0.00155576938465238,-0.00690001553297043,0.0221528504043817));
#3960=CARTESIAN_POINT('',(-0.00155576938465238,-0.00540001553297043,0.0221528504043817));
#3961=CARTESIAN_POINT('',(-0.00155576938465238,-0.00540001553297043,0.0224000466987491));
#3962=CARTESIAN_POINT('',(-0.00155576938465238,-0.00690001553297043,0.021878469735384));
#3963=CARTESIAN_POINT('',(-0.00155576938465238,-0.00540001553297043,0.021878469735384));
#3964=CARTESIAN_POINT('',(-0.00155576938465238,-0.00840001553297043,0.021878469735384));
#3965=CARTESIAN_POINT('',(-0.00155576938465238,-0.00840001553297043,0.0216317558661103));
#3966=CARTESIAN_POINT('',(-0.00155576938465238,-0.00840001553297043,0.0213850419968366));
#3967=CARTESIAN_POINT('',(-0.00155576938465238,-0.00690001553297043,0.0213850419968366));
#3968=CARTESIAN_POINT('',(-0.00155576938465238,-0.00540001553297043,0.0213850419968366));
#3969=CARTESIAN_POINT('',(-0.00155576938465238,-0.00540001553297043,0.0216317558661103));
#3970=CARTESIAN_POINT('',(-0.00155576938465238,-0.00320291916731577,0.0231562518811408));
#3971=CARTESIAN_POINT('',(-0.00155576938465238,-0.00199427535893869,0.0231562518811408));
#3972=CARTESIAN_POINT('',(-0.00155576938465238,-0.00441156297569285,0.0231562518811408));
#3973=CARTESIAN_POINT('',(-0.00155576938465238,-0.00441156297569285,0.0199032293893074));
#3974=CARTESIAN_POINT('',(-0.00155576938465238,-0.00441156297569285,0.0195080676408599));
#3975=CARTESIAN_POINT('',(-0.00155576938465238,-0.00380831524642449,0.0188475682453345));
#3976=CARTESIAN_POINT('',(-0.00155576938465238,-0.00320506751715613,0.0181870688498091));
#3977=CARTESIAN_POINT('',(-0.00155576938465238,-0.00320506751715613,0.0174186378736415));
#3978=CARTESIAN_POINT('',(-0.00155576938465238,-0.00320506751715613,0.016650206897474));
#3979=CARTESIAN_POINT('',(-0.00155576938465238,-0.00320291916731577,0.016650206897474));
#3980=CARTESIAN_POINT('',(-0.00155576938465238,-0.00199427535893869,0.016650206897474));
#3981=CARTESIAN_POINT('',(-0.00155576938465238,-0.00199427535893869,0.0199032293893074));
#3982=CARTESIAN_POINT('',(-0.00155576938465238,-0.00631041894666851,0.0141763808205724));
#3983=CARTESIAN_POINT('',(-0.00155576938465238,-0.00375030888244509,0.0141763808205724));
#3984=CARTESIAN_POINT('',(-0.00155576938465238,-0.00887052901089191,0.0141763808205724));
#3985=CARTESIAN_POINT('',(-0.00155576938465238,-0.00887052901089191,0.0134572484530508));
#3986=CARTESIAN_POINT('',(-0.00155576938465238,-0.00887052901089191,0.0127381160855293));
#3987=CARTESIAN_POINT('',(-0.00155576938465238,-0.00631041894666851,0.0127381160855293));
#3988=CARTESIAN_POINT('',(-0.00155576938465238,-0.00375030888244509,0.0127381160855293));
#3989=CARTESIAN_POINT('',(-0.00155576938465238,-0.00375030888244509,0.0134572484530508));
#3990=CARTESIAN_POINT('',(-0.00155576938465238,-0.00638940813951194,0.0188602562993765));
#3991=CARTESIAN_POINT('',(-0.00155576938465238,-0.00519342254847288,0.0188602562993765));
#3992=CARTESIAN_POINT('',(-0.00155576938465238,-0.007585393730551,0.0188602562993765));
#3993=CARTESIAN_POINT('',(-0.00155576938465238,-0.007585393730551,0.0177367543801666));
#3994=CARTESIAN_POINT('',(-0.00155576938465238,-0.007585393730551,0.0166132524609565));
#3995=CARTESIAN_POINT('',(-0.00155576938465238,-0.00638940813951194,0.0166132524609565));
#3996=CARTESIAN_POINT('',(-0.00155576938465238,-0.00519342254847288,0.0166132524609565));
#3997=CARTESIAN_POINT('',(-0.00155576938465238,-0.00519342254847288,0.0177367543801666));
#3998=CARTESIAN_POINT('',(-0.00155576938465238,-0.0104126859948039,0.0210040006265044));
#3999=CARTESIAN_POINT('',(-0.00155576938465238,-0.0101126859948039,0.0210040006265044));
#4000=CARTESIAN_POINT('',(-0.00155576938465238,-0.0107126859948039,0.0210040006265044));
#4001=CARTESIAN_POINT('',(-0.00155576938465238,-0.0107126859948039,0.0180040006265044));
#4002=CARTESIAN_POINT('',(-0.00155576938465238,-0.0107126859948039,0.0150040006265044));
#4003=CARTESIAN_POINT('',(-0.00155576938465238,-0.0104126859948039,0.0150040006265044));
#4004=CARTESIAN_POINT('',(-0.00155576938465238,-0.0101126859948039,0.0150040006265044));
#4005=CARTESIAN_POINT('',(-0.00155576938465238,-0.0101126859948039,0.0180040006265044));
#4006=CARTESIAN_POINT('',(-0.00155576938465238,-0.0113819716498256,0.0210040006265044));
#4007=CARTESIAN_POINT('',(-0.00155576938465238,-0.0110851684585214,0.0210040006265044));
#4008=CARTESIAN_POINT('',(-0.00155576938465238,-0.0116787748411298,0.0210040006265044));
#4009=CARTESIAN_POINT('',(-0.00155576938465238,-0.0116787748411298,0.0180040006265044));
#4010=CARTESIAN_POINT('',(-0.00155576938465238,-0.0116787748411298,0.0150040006265044));
#4011=CARTESIAN_POINT('',(-0.00155576938465238,-0.0113819716498256,0.0150040006265044));
#4012=CARTESIAN_POINT('',(-0.00155576938465238,-0.0110851684585214,0.0150040006265044));
#4013=CARTESIAN_POINT('',(-0.00155576938465238,-0.0110851684585214,0.0180040006265044));
#4014=CARTESIAN_POINT('',(-0.00455576938465238,-0.0113819716498256,0.0210040006265044));
#4015=CARTESIAN_POINT('',(-0.00207576938465237,-0.0113819716498256,0.0210040006265044));
#4016=CARTESIAN_POINT('',(-0.00207576938465237,-0.0113730588927865,0.0210040006265044));
#4017=CARTESIAN_POINT('',(-0.00207576938465237,-0.0114530588927865,0.0210040006265044));
#4018=CARTESIAN_POINT('',(-0.00455576938465238,-0.0113730588927865,0.0210040006265044));
#4019=CARTESIAN_POINT('',(-0.00205576938465237,-0.0113730588927865,0.0210040006265044));
#4020=CARTESIAN_POINT('',(-0.00205576938465237,-0.0113819716498256,0.0210040006265044));
#4021=CARTESIAN_POINT('',(-0.00205576938465237,-0.0114530588927865,0.0210040006265044));
#4022=CARTESIAN_POINT('',(-0.00455576938465238,-0.0114530588927865,0.0210040006265044));
#4023=CARTESIAN_POINT('',(-0.00455576938465238,-0.0110851684585214,0.0210040006265044));
#4024=CARTESIAN_POINT('',(-0.00445576938465238,-0.0110851684585214,0.0210040006265044));
#4025=CARTESIAN_POINT('',(-0.00445576938465238,-0.0113819716498256,0.0210040006265044));
#4026=CARTESIAN_POINT('',(-0.00445576938465238,-0.0116787748411298,0.0210040006265044));
#4027=CARTESIAN_POINT('',(-0.00455576938465238,-0.0116787748411298,0.0210040006265044));
#4028=CARTESIAN_POINT('',(-0.00455576938465238,-0.0110851684585214,0.0180040006265044));
#4029=CARTESIAN_POINT('',(-0.00455576938465238,-0.0110851684585214,0.0150040006265044));
#4030=CARTESIAN_POINT('',(-0.00445576938465238,-0.0110851684585214,0.0150040006265044));
#4031=CARTESIAN_POINT('',(-0.00445576938465238,-0.0110851684585214,0.0210040006265044));
#4032=CARTESIAN_POINT('',(-0.00455576938465238,-0.0113819716498256,0.0150040006265044));
#4033=CARTESIAN_POINT('',(-0.00455576938465238,-0.0116787748411298,0.0150040006265044));
#4034=CARTESIAN_POINT('',(-0.00445576938465238,-0.0116787748411298,0.0150040006265044));
#4035=CARTESIAN_POINT('',(-0.00445576938465238,-0.0110851684585214,0.0150040006265044));
#4036=CARTESIAN_POINT('',(-0.00455576938465238,-0.0116787748411298,0.0180040006265044));
#4037=CARTESIAN_POINT('',(-0.00445576938465238,-0.0116787748411298,0.0180040006265044));
#4038=CARTESIAN_POINT('',(-0.00455576938465238,-0.00768205887018891,0.0174188213422895));
#4039=CARTESIAN_POINT('',(-0.00455576938465238,-0.0111851684585214,0.0150040006265044));
#4040=CARTESIAN_POINT('',(-0.00455576938465238,-0.0111851684585214,0.0209040006265044));
#4041=CARTESIAN_POINT('',(-0.00455576938465238,-0.0111851684585214,0.0151040006265044));
#4042=CARTESIAN_POINT('',(-0.00455576938465238,-0.0116787748411298,0.0151040006265044));
#4043=CARTESIAN_POINT('',(-0.00455576938465238,-0.0115787748411298,0.0151040006265044));
#4044=CARTESIAN_POINT('',(-0.00455576938465238,-0.0115787748411298,0.0174188213422895));
#4045=CARTESIAN_POINT('',(-0.00455576938465238,-0.0115787748411298,0.0209040006265044));
#4046=CARTESIAN_POINT('',(-0.00455576938465238,-0.00768205887018891,0.0209040006265044));
#4047=CARTESIAN_POINT('',(-0.00455576938465238,-0.0104126859948039,0.0210040006265044));
#4048=CARTESIAN_POINT('',(-0.00455576938465238,-0.0101126859948039,0.0210040006265044));
#4049=CARTESIAN_POINT('',(-0.00445576938465238,-0.0101126859948039,0.0210040006265044));
#4050=CARTESIAN_POINT('',(-0.00445576938465238,-0.0104126859948039,0.0210040006265044));
#4051=CARTESIAN_POINT('',(-0.00445576938465238,-0.0107126859948039,0.0210040006265044));
#4052=CARTESIAN_POINT('',(-0.00455576938465238,-0.0107126859948039,0.0210040006265044));
#4053=CARTESIAN_POINT('',(-0.00455576938465238,-0.0101126859948039,0.0180040006265044));
#4054=CARTESIAN_POINT('',(-0.00455576938465238,-0.0101126859948039,0.0150040006265044));
#4055=CARTESIAN_POINT('',(-0.00445576938465238,-0.0101126859948039,0.0150040006265044));
#4056=CARTESIAN_POINT('',(-0.00445576938465238,-0.0101126859948039,0.0210040006265044));
#4057=CARTESIAN_POINT('',(-0.00455576938465238,-0.0104126859948039,0.0150040006265044));
#4058=CARTESIAN_POINT('',(-0.00455576938465238,-0.0107126859948039,0.0150040006265044));
#4059=CARTESIAN_POINT('',(-0.00445576938465238,-0.0107126859948039,0.0150040006265044));
#4060=CARTESIAN_POINT('',(-0.00445576938465238,-0.0101126859948039,0.0150040006265044));
#4061=CARTESIAN_POINT('',(-0.00455576938465238,-0.0107126859948039,0.0180040006265044));
#4062=CARTESIAN_POINT('',(-0.00445576938465238,-0.0107126859948039,0.0180040006265044));
#4063=CARTESIAN_POINT('',(-0.00455576938465238,-0.00768205887018891,0.0174188213422895));
#4064=CARTESIAN_POINT('',(-0.00455576938465238,-0.0102126859948039,0.0150040006265044));
#4065=CARTESIAN_POINT('',(-0.00455576938465238,-0.0102126859948039,0.0209040006265044));
#4066=CARTESIAN_POINT('',(-0.00455576938465238,-0.0102126859948039,0.0151040006265044));
#4067=CARTESIAN_POINT('',(-0.00455576938465238,-0.0107126859948039,0.0151040006265044));
#4068=CARTESIAN_POINT('',(-0.00455576938465238,-0.0106126859948039,0.0151040006265044));
#4069=CARTESIAN_POINT('',(-0.00455576938465238,-0.0106126859948039,0.0174188213422895));
#4070=CARTESIAN_POINT('',(-0.00455576938465238,-0.0106126859948039,0.0209040006265044));
#4071=CARTESIAN_POINT('',(-0.00455576938465238,-0.00768205887018891,0.0209040006265044));
#4072=CARTESIAN_POINT('',(-0.00205576938465237,-0.00638940813951194,0.0188602562993765));
#4073=CARTESIAN_POINT('',(-0.00205576938465237,-0.00519342254847288,0.0188602562993765));
#4074=CARTESIAN_POINT('',(-0.00195576938465238,-0.00519342254847288,0.0188602562993765));
#4075=CARTESIAN_POINT('',(-0.00195576938465238,-0.00638940813951194,0.0188602562993765));
#4076=CARTESIAN_POINT('',(-0.00195576938465238,-0.007585393730551,0.0188602562993765));
#4077=CARTESIAN_POINT('',(-0.00205576938465237,-0.007585393730551,0.0188602562993765));
#4078=CARTESIAN_POINT('',(-0.00205576938465237,-0.00519342254847288,0.0177367543801666));
#4079=CARTESIAN_POINT('',(-0.00205576938465237,-0.00519342254847288,0.0166132524609565));
#4080=CARTESIAN_POINT('',(-0.00195576938465238,-0.00519342254847288,0.0166132524609565));
#4081=CARTESIAN_POINT('',(-0.00195576938465238,-0.00519342254847288,0.0188602562993765));
#4082=CARTESIAN_POINT('',(-0.00205576938465237,-0.00638940813951194,0.0166132524609565));
#4083=CARTESIAN_POINT('',(-0.00205576938465237,-0.007585393730551,0.0166132524609565));
#4084=CARTESIAN_POINT('',(-0.00195576938465238,-0.007585393730551,0.0166132524609565));
#4085=CARTESIAN_POINT('',(-0.00195576938465238,-0.00519342254847288,0.0166132524609565));
#4086=CARTESIAN_POINT('',(-0.00205576938465237,-0.007585393730551,0.0177367543801666));
#4087=CARTESIAN_POINT('',(-0.00195576938465238,-0.007585393730551,0.0177367543801666));
#4088=CARTESIAN_POINT('',(-0.00195576938465238,-0.00529342254847288,0.0174188213422895));
#4089=CARTESIAN_POINT('',(-0.00195576938465238,-0.00529342254847288,0.0167132524609566));
#4090=CARTESIAN_POINT('',(-0.00195576938465238,-0.00529342254847288,0.0187602562993765));
#4091=CARTESIAN_POINT('',(-0.00195576938465238,-0.00638940813951194,0.0187602562993765));
#4092=CARTESIAN_POINT('',(-0.00195576938465238,-0.007485393730551,0.0187602562993765));
#4093=CARTESIAN_POINT('',(-0.00195576938465238,-0.00768205887018891,0.0167132524609566));
#4094=CARTESIAN_POINT('',(-0.00195576938465238,-0.007485393730551,0.0167132524609566));
#4095=CARTESIAN_POINT('',(-0.00205576938465237,-0.007585393730551,0.0167132524609566));
#4096=CARTESIAN_POINT('',(-0.00195576938465238,-0.007485393730551,0.0177367543801666));
#4097=CARTESIAN_POINT('',(-0.00165576938465238,-0.00768205887018891,0.0174188213422895));
#4098=CARTESIAN_POINT('',(-0.00165576938465238,-0.0038503088824451,0.0127381160855293));
#4099=CARTESIAN_POINT('',(-0.00165576938465238,-0.0038503088824451,0.0140763808205724));
#4100=CARTESIAN_POINT('',(-0.00165576938465238,-0.0038503088824451,0.0128381160855293));
#4101=CARTESIAN_POINT('',(-0.00165576938465238,-0.00887052901089191,0.0128381160855293));
#4102=CARTESIAN_POINT('',(-0.00165576938465238,-0.00877052901089192,0.0128381160855293));
#4103=CARTESIAN_POINT('',(-0.00165576938465238,-0.00877052901089192,0.0174188213422895));
#4104=CARTESIAN_POINT('',(-0.00165576938465238,-0.00877052901089192,0.0140763808205724));
#4105=CARTESIAN_POINT('',(-0.00165576938465238,-0.00768205887018891,0.0140763808205724));
#4106=CARTESIAN_POINT('',(-0.00155576938465238,-0.0038503088824451,0.0174188213422895));
#4107=CARTESIAN_POINT('',(-0.00155576938465238,-0.0038503088824451,0.0128381160855293));
#4108=CARTESIAN_POINT('',(-0.00155576938465238,-0.0038503088824451,0.0140763808205724));
#4109=CARTESIAN_POINT('',(-0.00155576938465238,-0.00631041894666851,0.0140763808205724));
#4110=CARTESIAN_POINT('',(-0.00155576938465238,-0.00877052901089192,0.0140763808205724));
#4111=CARTESIAN_POINT('',(-0.00155576938465238,-0.00768205887018891,0.0128381160855293));
#4112=CARTESIAN_POINT('',(-0.00155576938465238,-0.00877052901089192,0.0128381160855293));
#4113=CARTESIAN_POINT('',(-0.00155576938465238,-0.00877052901089192,0.0134572484530508));
#4114=CARTESIAN_POINT('',(-0.00445576938465238,-0.0111851684585214,0.0174188213422895));
#4115=CARTESIAN_POINT('',(-0.00445576938465238,-0.0111851684585214,0.0151040006265044));
#4116=CARTESIAN_POINT('',(-0.00445576938465238,-0.0111851684585214,0.0209040006265044));
#4117=CARTESIAN_POINT('',(-0.00445576938465238,-0.0113819716498256,0.0209040006265044));
#4118=CARTESIAN_POINT('',(-0.00445576938465238,-0.0115787748411298,0.0209040006265044));
#4119=CARTESIAN_POINT('',(-0.00445576938465238,-0.00768205887018891,0.0151040006265044));
#4120=CARTESIAN_POINT('',(-0.00445576938465238,-0.0115787748411298,0.0151040006265044));
#4121=CARTESIAN_POINT('',(-0.00445576938465238,-0.0115787748411298,0.0180040006265044));
#4122=CARTESIAN_POINT('',(-0.00445576938465238,-0.0102126859948039,0.0174188213422895));
#4123=CARTESIAN_POINT('',(-0.00445576938465238,-0.0102126859948039,0.0151040006265044));
#4124=CARTESIAN_POINT('',(-0.00445576938465238,-0.0102126859948039,0.0209040006265044));
#4125=CARTESIAN_POINT('',(-0.00445576938465238,-0.0104126859948039,0.0209040006265044));
#4126=CARTESIAN_POINT('',(-0.00445576938465238,-0.0106126859948039,0.0209040006265044));
#4127=CARTESIAN_POINT('',(-0.00445576938465238,-0.00768205887018891,0.0151040006265044));
#4128=CARTESIAN_POINT('',(-0.00445576938465238,-0.0106126859948039,0.0151040006265044));
#4129=CARTESIAN_POINT('',(-0.00445576938465238,-0.0106126859948039,0.0180040006265044));
#4130=CARTESIAN_POINT('',(-0.00175576938465238,-0.00320291916731577,0.0231562518811408));
#4131=CARTESIAN_POINT('',(-0.00175576938465238,-0.00199427535893869,0.0231562518811408));
#4132=CARTESIAN_POINT('',(-0.00175576938465238,-0.00199427535893869,0.0231562518811408));
#4133=CARTESIAN_POINT('',(-0.00175576938465238,-0.00320291916731577,0.0231562518811408));
#4134=CARTESIAN_POINT('',(-0.00175576938465238,-0.00441156297569285,0.0231562518811408));
#4135=CARTESIAN_POINT('',(-0.00175576938465238,-0.00441156297569285,0.0231562518811408));
#4136=CARTESIAN_POINT('',(-0.00175576938465238,-0.00199427535893869,0.0199032293893074));
#4137=CARTESIAN_POINT('',(-0.00175576938465238,-0.00199427535893869,0.016650206897474));
#4138=CARTESIAN_POINT('',(-0.00175576938465238,-0.00199427535893869,0.016650206897474));
#4139=CARTESIAN_POINT('',(-0.00175576938465238,-0.00199427535893869,0.0199032293893074));
#4140=CARTESIAN_POINT('',(-0.00175576938465238,-0.00320291916731577,0.016650206897474));
#4141=CARTESIAN_POINT('',(-0.00155576938465238,-0.00320506751715613,0.016650206897474));
#4142=CARTESIAN_POINT('',(-0.00175576938465238,-0.00320506751715613,0.016650206897474));
#4143=CARTESIAN_POINT('',(-0.00175576938465238,-0.00320291916731577,0.016650206897474));
#4144=CARTESIAN_POINT('',(-0.00175576938465238,-0.00441156297569285,0.0199032293893074));
#4145=CARTESIAN_POINT('',(-0.00155576938465238,-0.00441156297569285,0.0195080676408599));
#4146=CARTESIAN_POINT('',(-0.00175576938465238,-0.00441156297569285,0.0195080676408599));
#4147=CARTESIAN_POINT('',(-0.00175576938465238,-0.00441156297569285,0.0199032293893074));
#4148=CARTESIAN_POINT('',(-0.00175576938465238,-0.00768205887018891,0.0174188213422895));
#4149=CARTESIAN_POINT('',(-0.00175576938465238,-0.00380831524642449,0.0188475682453345));
#4150=CARTESIAN_POINT('',(-0.00175576938465238,-0.00320506751715613,0.0181870688498091));
#4151=CARTESIAN_POINT('',(-0.00175576938465238,-0.00320506751715613,0.0174186378736415));
#4152=CARTESIAN_POINT('',(-0.00155576938465238,-0.00380831524642449,0.0188475682453345));
#4153=CARTESIAN_POINT('',(-0.00155576938465238,-0.00320506751715613,0.0181870688498091));
#4154=CARTESIAN_POINT('',(-0.00155576938465238,-0.00320506751715613,0.0174186378736415));
#4155=CARTESIAN_POINT('',(-0.00165576938465238,-0.00690001553297043,0.021878469735384));
#4156=CARTESIAN_POINT('',(-0.00165576938465238,-0.00540001553297043,0.021878469735384));
#4157=CARTESIAN_POINT('',(-0.00165576938465238,-0.00540001553297043,0.021878469735384));
#4158=CARTESIAN_POINT('',(-0.00165576938465238,-0.00690001553297043,0.021878469735384));
#4159=CARTESIAN_POINT('',(-0.00165576938465238,-0.00840001553297043,0.021878469735384));
#4160=CARTESIAN_POINT('',(-0.00165576938465238,-0.00840001553297043,0.021878469735384));
#4161=CARTESIAN_POINT('',(-0.00165576938465238,-0.00540001553297043,0.0216317558661103));
#4162=CARTESIAN_POINT('',(-0.00165576938465238,-0.00540001553297043,0.0213850419968366));
#4163=CARTESIAN_POINT('',(-0.00165576938465238,-0.00540001553297043,0.0213850419968366));
#4164=CARTESIAN_POINT('',(-0.00165576938465238,-0.00540001553297043,0.0216317558661103));
#4165=CARTESIAN_POINT('',(-0.00165576938465238,-0.00690001553297043,0.0213850419968366));
#4166=CARTESIAN_POINT('',(-0.00165576938465238,-0.00840001553297043,0.0213850419968366));
#4167=CARTESIAN_POINT('',(-0.00165576938465238,-0.00840001553297043,0.0213850419968366));
#4168=CARTESIAN_POINT('',(-0.00165576938465238,-0.00690001553297043,0.0213850419968366));
#4169=CARTESIAN_POINT('',(-0.00165576938465238,-0.00840001553297043,0.0216317558661103));
#4170=CARTESIAN_POINT('',(-0.00165576938465238,-0.00840001553297043,0.0216317558661103));
#4171=CARTESIAN_POINT('',(-0.00165576938465238,-0.00768205887018891,0.0174188213422895));
#4172=CARTESIAN_POINT('',(-0.00165576938465238,-0.00690001553297043,0.0226472429931164));
#4173=CARTESIAN_POINT('',(-0.00165576938465238,-0.00540001553297043,0.0226472429931164));
#4174=CARTESIAN_POINT('',(-0.00165576938465238,-0.00540001553297043,0.0226472429931164));
#4175=CARTESIAN_POINT('',(-0.00165576938465238,-0.00690001553297043,0.0226472429931164));
#4176=CARTESIAN_POINT('',(-0.00165576938465238,-0.00840001553297043,0.0226472429931164));
#4177=CARTESIAN_POINT('',(-0.00165576938465238,-0.00840001553297043,0.0226472429931164));
#4178=CARTESIAN_POINT('',(-0.00165576938465238,-0.00540001553297043,0.0224000466987491));
#4179=CARTESIAN_POINT('',(-0.00165576938465238,-0.00540001553297043,0.0221528504043817));
#4180=CARTESIAN_POINT('',(-0.00165576938465238,-0.00540001553297043,0.0221528504043817));
#4181=CARTESIAN_POINT('',(-0.00165576938465238,-0.00540001553297043,0.0224000466987491));
#4182=CARTESIAN_POINT('',(-0.00165576938465238,-0.00690001553297043,0.0221528504043817));
#4183=CARTESIAN_POINT('',(-0.00165576938465238,-0.00840001553297043,0.0221528504043817));
#4184=CARTESIAN_POINT('',(-0.00165576938465238,-0.00840001553297043,0.0221528504043817));
#4185=CARTESIAN_POINT('',(-0.00165576938465238,-0.00690001553297043,0.0221528504043817));
#4186=CARTESIAN_POINT('',(-0.00165576938465238,-0.00840001553297043,0.0224000466987491));
#4187=CARTESIAN_POINT('',(-0.00165576938465238,-0.00840001553297043,0.0224000466987491));
#4188=CARTESIAN_POINT('',(-0.00165576938465238,-0.00768205887018891,0.0174188213422895));
#4189=CARTESIAN_POINT('',(-0.00207576938465237,-0.00699151991486549,0.0196055299446664));
#4190=CARTESIAN_POINT('',(-0.00205576938465237,-0.00699151991486549,0.0196055299446664));
#4191=CARTESIAN_POINT('',(-0.00205576938465237,-0.00699151991486549,0.0188817959278822));
#4192=CARTESIAN_POINT('',(-0.00205576938465237,-0.00699151991486549,0.0203292639614506));
#4193=CARTESIAN_POINT('',(-0.00207576938465237,-0.00699151991486549,0.0203292639614506));
#4194=CARTESIAN_POINT('',(-0.00207576938465237,-0.00699151991486549,0.0203292639614506));
#4195=CARTESIAN_POINT('',(-0.00207576938465237,-0.00699151991486549,0.0196055299446664));
#4196=CARTESIAN_POINT('',(-0.00207576938465237,-0.00699151991486549,0.0188817959278822));
#4197=CARTESIAN_POINT('',(-0.00207576938465237,-0.00699151991486549,0.0188817959278822));
#4198=CARTESIAN_POINT('',(-0.00207576938465237,-0.00729141959575618,0.020581591697701));
#4199=CARTESIAN_POINT('',(-0.00205576938465237,-0.00729141959575618,0.020581591697701));
#4200=CARTESIAN_POINT('',(-0.00205576938465237,-0.00759131927664687,0.0208339194339513));
#4201=CARTESIAN_POINT('',(-0.00207576938465237,-0.00759131927664687,0.0208339194339513));
#4202=CARTESIAN_POINT('',(-0.00207576938465237,-0.00759131927664687,0.0208339194339513));
#4203=CARTESIAN_POINT('',(-0.00207576938465237,-0.00729141959575618,0.020581591697701));
#4204=CARTESIAN_POINT('',(-0.00207576938465237,-0.00836858526190425,0.0208339194339513));
#4205=CARTESIAN_POINT('',(-0.00205576938465237,-0.00836858526190425,0.0208339194339513));
#4206=CARTESIAN_POINT('',(-0.00205576938465237,-0.00914585124716163,0.0208339194339513));
#4207=CARTESIAN_POINT('',(-0.00207576938465237,-0.00914585124716163,0.0208339194339513));
#4208=CARTESIAN_POINT('',(-0.00207576938465237,-0.00914585124716163,0.0208339194339513));
#4209=CARTESIAN_POINT('',(-0.00207576938465237,-0.00836858526190425,0.0208339194339513));
#4210=CARTESIAN_POINT('',(-0.00207576938465237,-0.00994375149072921,0.0213504306292534));
#4211=CARTESIAN_POINT('',(-0.00205576938465237,-0.00994375149072921,0.0213504306292534));
#4212=CARTESIAN_POINT('',(-0.00205576938465237,-0.0107416517342968,0.0218669418245554));
#4213=CARTESIAN_POINT('',(-0.00207576938465237,-0.0107416517342968,0.0218669418245554));
#4214=CARTESIAN_POINT('',(-0.00207576938465237,-0.0107416517342968,0.0218669418245554));
#4215=CARTESIAN_POINT('',(-0.00207576938465237,-0.00994375149072921,0.0213504306292534));
#4216=CARTESIAN_POINT('',(-0.00207576938465237,-0.0110573553135416,0.0218669418245554));
#4217=CARTESIAN_POINT('',(-0.00205576938465237,-0.0110573553135416,0.0218669418245554));
#4218=CARTESIAN_POINT('',(-0.00205576938465237,-0.0113730588927865,0.0218669418245554));
#4219=CARTESIAN_POINT('',(-0.00207576938465237,-0.0113730588927865,0.0218669418245554));
#4220=CARTESIAN_POINT('',(-0.00207576938465237,-0.0113730588927865,0.0218669418245554));
#4221=CARTESIAN_POINT('',(-0.00207576938465237,-0.0110573553135416,0.0218669418245554));
#4222=CARTESIAN_POINT('',(-0.00207576938465237,-0.0113730588927865,0.0214319418245554));
#4223=CARTESIAN_POINT('',(-0.00207576938465237,-0.0113730588927865,0.0214319418245554));
#4224=CARTESIAN_POINT('',(-0.00205576938465237,-0.0113730588927865,0.0214319418245554));
#4225=CARTESIAN_POINT('',(-0.00207576938465237,-0.0114530588927865,0.0214319418245554));
#4226=CARTESIAN_POINT('',(-0.00207576938465237,-0.0114530588927865,0.0214319418245554));
#4227=CARTESIAN_POINT('',(-0.00207576938465237,-0.0114530588927865,0.0219444361662085));
#4228=CARTESIAN_POINT('',(-0.00205576938465237,-0.0114530588927865,0.0214319418245554));
#4229=CARTESIAN_POINT('',(-0.00205576938465237,-0.0114530588927865,0.0219444361662085));
#4230=CARTESIAN_POINT('',(-0.00207576938465237,-0.0114530588927865,0.0219444361662085));
#4231=CARTESIAN_POINT('',(-0.00207576938465237,-0.0110836031088317,0.0219444361662085));
#4232=CARTESIAN_POINT('',(-0.00205576938465237,-0.0110836031088317,0.0219444361662085));
#4233=CARTESIAN_POINT('',(-0.00205576938465237,-0.0107141473248769,0.0219444361662085));
#4234=CARTESIAN_POINT('',(-0.00207576938465237,-0.0107141473248769,0.0219444361662085));
#4235=CARTESIAN_POINT('',(-0.00207576938465237,-0.0107141473248769,0.0219444361662085));
#4236=CARTESIAN_POINT('',(-0.00207576938465237,-0.0110836031088317,0.0219444361662085));
#4237=CARTESIAN_POINT('',(-0.00207576938465237,-0.00991818243665442,0.02142917780008));
#4238=CARTESIAN_POINT('',(-0.00205576938465237,-0.00991818243665442,0.02142917780008));
#4239=CARTESIAN_POINT('',(-0.00205576938465237,-0.00912221754843197,0.0209139194339514));
#4240=CARTESIAN_POINT('',(-0.00207576938465237,-0.00912221754843197,0.0209139194339514));
#4241=CARTESIAN_POINT('',(-0.00207576938465237,-0.00912221754843197,0.0209139194339514));
#4242=CARTESIAN_POINT('',(-0.00207576938465237,-0.00991818243665442,0.02142917780008));
#4243=CARTESIAN_POINT('',(-0.00207576938465237,-0.0083390343977968,0.0209139194339514));
#4244=CARTESIAN_POINT('',(-0.00205576938465237,-0.0083390343977968,0.0209139194339514));
#4245=CARTESIAN_POINT('',(-0.00205576938465237,-0.00755585124716163,0.0209139194339514));
#4246=CARTESIAN_POINT('',(-0.00207576938465237,-0.00755585124716163,0.0209139194339514));
#4247=CARTESIAN_POINT('',(-0.00207576938465237,-0.00755585124716163,0.0209139194339514));
#4248=CARTESIAN_POINT('',(-0.00207576938465237,-0.0083390343977968,0.0209139194339514));
#4249=CARTESIAN_POINT('',(-0.00207576938465237,-0.00723368558101356,0.0206428576809168));
#4250=CARTESIAN_POINT('',(-0.00205576938465237,-0.00723368558101356,0.0206428576809168));
#4251=CARTESIAN_POINT('',(-0.00205576938465237,-0.00691151991486549,0.0203717959278822));
#4252=CARTESIAN_POINT('',(-0.00207576938465237,-0.00691151991486549,0.0203717959278822));
#4253=CARTESIAN_POINT('',(-0.00207576938465237,-0.00691151991486549,0.0203717959278822));
#4254=CARTESIAN_POINT('',(-0.00207576938465237,-0.00723368558101356,0.0206428576809168));
#4255=CARTESIAN_POINT('',(-0.00207576938465237,-0.00691151991486549,0.0196267959278822));
#4256=CARTESIAN_POINT('',(-0.00205576938465237,-0.00691151991486549,0.0196267959278822));
#4257=CARTESIAN_POINT('',(-0.00205576938465237,-0.00691151991486549,0.0188817959278822));
#4258=CARTESIAN_POINT('',(-0.00207576938465237,-0.00691151991486549,0.0188817959278822));
#4259=CARTESIAN_POINT('',(-0.00207576938465237,-0.00691151991486549,0.0188817959278822));
#4260=CARTESIAN_POINT('',(-0.00207576938465237,-0.00691151991486549,0.0196267959278822));
#4261=CARTESIAN_POINT('',(-0.00207576938465237,-0.00695151991486549,0.0188817959278822));
#4262=CARTESIAN_POINT('',(-0.00205576938465237,-0.00695151991486549,0.0188817959278822));
#4263=CARTESIAN_POINT('',(-0.00207576938465237,-0.00695151991486549,0.0188817959278822));
#4264=CARTESIAN_POINT('',(-0.00207576938465237,-0.00703805223848671,0.0180249148587493));
#4265=CARTESIAN_POINT('',(-0.00205576938465237,-0.00703805223848671,0.0180249148587493));
#4266=CARTESIAN_POINT('',(-0.00205576938465237,-0.00703805223848671,0.0180249148587493));
#4267=CARTESIAN_POINT('',(-0.00205576938465237,-0.00653190785467625,0.0154740710556507));
#4268=CARTESIAN_POINT('',(-0.00205576938465237,-0.00653190785467625,0.0142240710556507));
#4269=CARTESIAN_POINT('',(-0.00205576938465237,-0.00661190785467625,0.0154740710556507));
#4270=CARTESIAN_POINT('',(-0.00205576938465237,-0.00661190785467625,0.0142240710556507));
#4271=CARTESIAN_POINT('',(-0.00205576938465237,-0.00657190785467625,0.0142240710556507));
#4272=CARTESIAN_POINT('',(-0.00207576938465237,-0.00661190785467625,0.0154740710556507));
#4273=CARTESIAN_POINT('',(-0.00207576938465237,-0.00661190785467625,0.0167240710556507));
#4274=CARTESIAN_POINT('',(-0.00207576938465237,-0.00661190785467625,0.0167240710556507));
#4275=CARTESIAN_POINT('',(-0.00207576938465237,-0.00661190785467625,0.0154740710556507));
#4276=CARTESIAN_POINT('',(-0.00207576938465237,-0.00661190785467625,0.0142240710556507));
#4277=CARTESIAN_POINT('',(-0.00207576938465237,-0.00661190785467625,0.0142240710556507));
#4278=CARTESIAN_POINT('',(-0.00207576938465237,-0.00657190785467625,0.0167240710556507));
#4279=CARTESIAN_POINT('',(-0.00207576938465237,-0.00653190785467625,0.0167240710556507));
#4280=CARTESIAN_POINT('',(-0.00207576938465237,-0.00653190785467625,0.0167240710556507));
#4281=CARTESIAN_POINT('',(-0.00207576938465237,-0.00657190785467625,0.0167240710556507));
#4282=CARTESIAN_POINT('',(-0.00207576938465237,-0.00653190785467625,0.0154740710556507));
#4283=CARTESIAN_POINT('',(-0.00207576938465237,-0.00653190785467625,0.0142240710556507));
#4284=CARTESIAN_POINT('',(-0.00207576938465237,-0.00653190785467625,0.0142240710556507));
#4285=CARTESIAN_POINT('',(-0.00207576938465237,-0.00653190785467625,0.0154740710556507));
#4286=CARTESIAN_POINT('',(-0.00207576938465237,-0.00657190785467625,0.0142240710556507));
#4287=CARTESIAN_POINT('',(-0.00207576938465237,-0.00657190785467625,0.0142240710556507));
#4288=CARTESIAN_POINT('',(-0.00207576938465237,-0.00703805223848671,0.0180249148587493));
#4289=CARTESIAN_POINT('',(-0.00175576938465238,-0.00269604311324656,0.0134572484530508));
#4290=CARTESIAN_POINT('',(-0.00175576938465238,-0.00269604311324656,0.0134572484530508));
#4291=CARTESIAN_POINT('',(-0.00175576938465238,-0.00269604311324656,0.0141142253055585));
#4292=CARTESIAN_POINT('',(-0.00175576938465238,-0.00768205887018891,0.0174188213422895));
#4293=MECHANICAL_DESIGN_GEOMETRIC_PRESENTATION_REPRESENTATION('',(#2255,
#2017,#2018,#2019,#2020,#2021,#2022,#2023,#2024,#2025),#4298);
#4294=MECHANICAL_DESIGN_GEOMETRIC_PRESENTATION_REPRESENTATION('',(#2256,
#2026,#2027,#2028,#2029),#4299);
#4295=MECHANICAL_DESIGN_GEOMETRIC_PRESENTATION_REPRESENTATION('',(#2257,
#2030,#2031,#2032,#2033,#2034),#4300);
#4296=MECHANICAL_DESIGN_GEOMETRIC_PRESENTATION_REPRESENTATION('',(#2258,
#2035,#2036,#2037,#2038,#2039),#4301);
#4297=MECHANICAL_DESIGN_GEOMETRIC_PRESENTATION_REPRESENTATION('',(#2259,
#2040,#2041,#2042,#2043,#2044,#2045,#2046,#2047,#2048,#2049,#2050,#2051,
#2052,#2053,#2054,#2055,#2056,#2057,#2058,#2059,#2060,#2061,#2062,#2063,
#2064,#2065,#2066,#2067,#2068,#2069,#2070,#2071,#2072,#2073,#2074,#2075,
#2076,#2077,#2078,#2079,#2080,#2081,#2082,#2083,#2084,#2085,#2086,#2087,
#2088,#2089,#2090,#2091,#2092,#2093,#2094,#2095,#2096,#2097,#2098,#2099,
#2100,#2101,#2102,#2103,#2104,#2105,#2106,#2107,#2108,#2109,#2110,#2111,
#2112,#2113,#2114,#2115,#2116,#2117,#2118,#2119,#2120,#2121,#2122,#2123,
#2124,#2125,#2126),#4302);
#4298=(
GEOMETRIC_REPRESENTATION_CONTEXT(3)
GLOBAL_UNCERTAINTY_ASSIGNED_CONTEXT((#4303))
GLOBAL_UNIT_ASSIGNED_CONTEXT((#4318,#4313,#4308))
REPRESENTATION_CONTEXT('Part 3','TOP_LEVEL_ASSEMBLY_PART')
);
#4299=(
GEOMETRIC_REPRESENTATION_CONTEXT(3)
GLOBAL_UNCERTAINTY_ASSIGNED_CONTEXT((#4304))
GLOBAL_UNIT_ASSIGNED_CONTEXT((#4319,#4314,#4309))
REPRESENTATION_CONTEXT('Part 5','TOP_LEVEL_ASSEMBLY_PART')
);
#4300=(
GEOMETRIC_REPRESENTATION_CONTEXT(3)
GLOBAL_UNCERTAINTY_ASSIGNED_CONTEXT((#4305))
GLOBAL_UNIT_ASSIGNED_CONTEXT((#4320,#4315,#4310))
REPRESENTATION_CONTEXT('Part 4','TOP_LEVEL_ASSEMBLY_PART')
);
#4301=(
GEOMETRIC_REPRESENTATION_CONTEXT(3)
GLOBAL_UNCERTAINTY_ASSIGNED_CONTEXT((#4306))
GLOBAL_UNIT_ASSIGNED_CONTEXT((#4321,#4316,#4311))
REPRESENTATION_CONTEXT('Part 2','TOP_LEVEL_ASSEMBLY_PART')
);
#4302=(
GEOMETRIC_REPRESENTATION_CONTEXT(3)
GLOBAL_UNCERTAINTY_ASSIGNED_CONTEXT((#4307))
GLOBAL_UNIT_ASSIGNED_CONTEXT((#4322,#4317,#4312))
REPRESENTATION_CONTEXT('Part 1','TOP_LEVEL_ASSEMBLY_PART')
);
#4303=UNCERTAINTY_MEASURE_WITH_UNIT(LENGTH_MEASURE(1.E-8),#4318,
'DISTANCE_ACCURACY_VALUE','Maximum Tolerance applied to model');
#4304=UNCERTAINTY_MEASURE_WITH_UNIT(LENGTH_MEASURE(1.E-8),#4319,
'DISTANCE_ACCURACY_VALUE','Maximum Tolerance applied to model');
#4305=UNCERTAINTY_MEASURE_WITH_UNIT(LENGTH_MEASURE(1.E-8),#4320,
'DISTANCE_ACCURACY_VALUE','Maximum Tolerance applied to model');
#4306=UNCERTAINTY_MEASURE_WITH_UNIT(LENGTH_MEASURE(1.E-8),#4321,
'DISTANCE_ACCURACY_VALUE','Maximum Tolerance applied to model');
#4307=UNCERTAINTY_MEASURE_WITH_UNIT(LENGTH_MEASURE(1.E-8),#4322,
'DISTANCE_ACCURACY_VALUE','Maximum Tolerance applied to model');
#4308=(
NAMED_UNIT(*)
SI_UNIT($,.STERADIAN.)
SOLID_ANGLE_UNIT()
);
#4309=(
NAMED_UNIT(*)
SI_UNIT($,.STERADIAN.)
SOLID_ANGLE_UNIT()
);
#4310=(
NAMED_UNIT(*)
SI_UNIT($,.STERADIAN.)
SOLID_ANGLE_UNIT()
);
#4311=(
NAMED_UNIT(*)
SI_UNIT($,.STERADIAN.)
SOLID_ANGLE_UNIT()
);
#4312=(
NAMED_UNIT(*)
SI_UNIT($,.STERADIAN.)
SOLID_ANGLE_UNIT()
);
#4313=(
NAMED_UNIT(*)
PLANE_ANGLE_UNIT()
SI_UNIT($,.RADIAN.)
);
#4314=(
NAMED_UNIT(*)
PLANE_ANGLE_UNIT()
SI_UNIT($,.RADIAN.)
);
#4315=(
NAMED_UNIT(*)
PLANE_ANGLE_UNIT()
SI_UNIT($,.RADIAN.)
);
#4316=(
NAMED_UNIT(*)
PLANE_ANGLE_UNIT()
SI_UNIT($,.RADIAN.)
);
#4317=(
NAMED_UNIT(*)
PLANE_ANGLE_UNIT()
SI_UNIT($,.RADIAN.)
);
#4318=(
LENGTH_UNIT()
NAMED_UNIT(*)
SI_UNIT($,.METRE.)
);
#4319=(
LENGTH_UNIT()
NAMED_UNIT(*)
SI_UNIT($,.METRE.)
);
#4320=(
LENGTH_UNIT()
NAMED_UNIT(*)
SI_UNIT($,.METRE.)
);
#4321=(
LENGTH_UNIT()
NAMED_UNIT(*)
SI_UNIT($,.METRE.)
);
#4322=(
LENGTH_UNIT()
NAMED_UNIT(*)
SI_UNIT($,.METRE.)
);
#4323=PRODUCT_DEFINITION_SHAPE('','',#4328);
#4324=PRODUCT_DEFINITION_SHAPE('','',#4329);
#4325=PRODUCT_DEFINITION_SHAPE('','',#4330);
#4326=PRODUCT_DEFINITION_SHAPE('','',#4331);
#4327=PRODUCT_DEFINITION_SHAPE('','',#4332);
#4328=PRODUCT_DEFINITION('','',#4338,#4333);
#4329=PRODUCT_DEFINITION('','',#4339,#4334);
#4330=PRODUCT_DEFINITION('','',#4340,#4335);
#4331=PRODUCT_DEFINITION('','',#4341,#4336);
#4332=PRODUCT_DEFINITION('','',#4342,#4337);
#4333=PRODUCT_DEFINITION_CONTEXT('',#4368,'design');
#4334=PRODUCT_DEFINITION_CONTEXT('',#4369,'design');
#4335=PRODUCT_DEFINITION_CONTEXT('',#4370,'design');
#4336=PRODUCT_DEFINITION_CONTEXT('',#4371,'design');
#4337=PRODUCT_DEFINITION_CONTEXT('',#4372,'design');
#4338=PRODUCT_DEFINITION_FORMATION_WITH_SPECIFIED_SOURCE('','',#4348,
 .NOT_KNOWN.);
#4339=PRODUCT_DEFINITION_FORMATION_WITH_SPECIFIED_SOURCE('','',#4349,
 .NOT_KNOWN.);
#4340=PRODUCT_DEFINITION_FORMATION_WITH_SPECIFIED_SOURCE('','',#4350,
 .NOT_KNOWN.);
#4341=PRODUCT_DEFINITION_FORMATION_WITH_SPECIFIED_SOURCE('','',#4351,
 .NOT_KNOWN.);
#4342=PRODUCT_DEFINITION_FORMATION_WITH_SPECIFIED_SOURCE('','',#4352,
 .NOT_KNOWN.);
#4343=PRODUCT_RELATED_PRODUCT_CATEGORY('','',(#4348));
#4344=PRODUCT_RELATED_PRODUCT_CATEGORY('','',(#4349));
#4345=PRODUCT_RELATED_PRODUCT_CATEGORY('','',(#4350));
#4346=PRODUCT_RELATED_PRODUCT_CATEGORY('','',(#4351));
#4347=PRODUCT_RELATED_PRODUCT_CATEGORY('','',(#4352));
#4348=PRODUCT('Part 3','Part 3','Part 3',(#4358));
#4349=PRODUCT('Part 5','Part 5','Part 5',(#4359));
#4350=PRODUCT('Part 4','Part 4','Part 4',(#4360));
#4351=PRODUCT('Part 2','Part 2','Part 2',(#4361));
#4352=PRODUCT('Part 1','Part 1','Part 1',(#4362));
#4353=PRODUCT_CATEGORY('','');
#4354=PRODUCT_CATEGORY('','');
#4355=PRODUCT_CATEGORY('','');
#4356=PRODUCT_CATEGORY('','');
#4357=PRODUCT_CATEGORY('','');
#4358=PRODUCT_CONTEXT('',#4368,'mechanical');
#4359=PRODUCT_CONTEXT('',#4369,'mechanical');
#4360=PRODUCT_CONTEXT('',#4370,'mechanical');
#4361=PRODUCT_CONTEXT('',#4371,'mechanical');
#4362=PRODUCT_CONTEXT('',#4372,'mechanical');
#4363=APPLICATION_PROTOCOL_DEFINITION('international standard',
'ap242_managed_model_based_3d_engineering',2020,#4368);
#4364=APPLICATION_PROTOCOL_DEFINITION('international standard',
'ap242_managed_model_based_3d_engineering',2020,#4369);
#4365=APPLICATION_PROTOCOL_DEFINITION('international standard',
'ap242_managed_model_based_3d_engineering',2020,#4370);
#4366=APPLICATION_PROTOCOL_DEFINITION('international standard',
'ap242_managed_model_based_3d_engineering',2020,#4371);
#4367=APPLICATION_PROTOCOL_DEFINITION('international standard',
'ap242_managed_model_based_3d_engineering',2020,#4372);
#4368=APPLICATION_CONTEXT('managed model based 3d engineering');
#4369=APPLICATION_CONTEXT('managed model based 3d engineering');
#4370=APPLICATION_CONTEXT('managed model based 3d engineering');
#4371=APPLICATION_CONTEXT('managed model based 3d engineering');
#4372=APPLICATION_CONTEXT('managed model based 3d engineering');
ENDSEC;
END-ISO-10303-21;
