ISO-10303-21;
HEADER;
/* Generated by software containing ST-Developer
 * from STEP Tools, Inc. (www.steptools.com) 
 */
/* OPTION: using custom renumber hook */

FILE_DESCRIPTION(
/* description */ ('STEP AP242 Edition 2',
'CAx-IF Rec.Pracs.---Representation and Presentation of Product Manufa
cturing Information (PMI)---4.0---2014-10-13',
'CAx-IF Rec.Pracs.---3D Tessellated Geometry---0.4---2014-09-14','2;1',
'CAx-IF Rec.Pracs.---User Defined Attributes---1.5---2016-08-15'),
/* implementation_level */ '2;1');

FILE_NAME(
/* name */ 'Part Studio 2',
/* time_stamp */ '2026-09-06T10:34:45Z',
/* author */ (''),
/* organization */ (''),
/* preprocessor_version */ 'ST-DEVELOPER v20',
/* originating_system */ 'ONSHAPE BY PTC INC, 1.220',
/* authorisation */ '  ');

FILE_SCHEMA (('AP242_MANAGED_MODEL_BASED_3D_ENGINEERING_MIM_LF { 1 0 10303 442 3 1 4 }'));
ENDSEC;

DATA;
#10=SHAPE_REPRESENTATION_RELATIONSHIP('','',#8652,#11);
#11=ADVANCED_BREP_SHAPE_REPRESENTATION('',(#8650),#13604);
#12=CYLINDRICAL_SURFACE('',#8706,0.0029635268136811);
#13=CYLINDRICAL_SURFACE('',#8708,0.0027867161642741);
#14=CYLINDRICAL_SURFACE('',#8710,0.00304705525781897);
#15=CYLINDRICAL_SURFACE('',#8716,0.003405339240577);
#16=CYLINDRICAL_SURFACE('',#8719,0.00252222638769419);
#17=CYLINDRICAL_SURFACE('',#8722,0.00510193851446543);
#18=CYLINDRICAL_SURFACE('',#8724,0.00318856047951182);
#19=CYLINDRICAL_SURFACE('',#8727,0.00219420515957123);
#20=CYLINDRICAL_SURFACE('',#8734,0.00210043429597076);
#21=CYLINDRICAL_SURFACE('',#8736,0.00154669362140044);
#22=CYLINDRICAL_SURFACE('',#8764,0.00219420515957094);
#23=CYLINDRICAL_SURFACE('',#8771,0.0021004342959706);
#24=CYLINDRICAL_SURFACE('',#8773,0.00154669362140022);
#25=CYLINDRICAL_SURFACE('',#8777,0.00219420515957068);
#26=CYLINDRICAL_SURFACE('',#8784,0.00210043429597054);
#27=CYLINDRICAL_SURFACE('',#8786,0.00154669362140026);
#28=CYLINDRICAL_SURFACE('',#8816,0.00296352681367598);
#29=CYLINDRICAL_SURFACE('',#8818,0.00278671616427415);
#30=CYLINDRICAL_SURFACE('',#8820,0.00304705525782147);
#31=CYLINDRICAL_SURFACE('',#8826,0.00279948108353914);
#32=CYLINDRICAL_SURFACE('',#8832,0.00296352681367508);
#33=CYLINDRICAL_SURFACE('',#8834,0.00278671616428173);
#34=CYLINDRICAL_SURFACE('',#8836,0.00304705525781807);
#35=CYLINDRICAL_SURFACE('',#8842,0.00340533924057705);
#36=CYLINDRICAL_SURFACE('',#8845,0.00252222638769449);
#37=CYLINDRICAL_SURFACE('',#8848,0.00510193851448766);
#38=CYLINDRICAL_SURFACE('',#8850,0.00318856047951142);
#39=B_SPLINE_SURFACE_WITH_KNOTS('',3,1,((#10647,#10648),(#10649,#10650),
(#10651,#10652),(#10653,#10654)),.SURF_OF_LINEAR_EXTRUSION.,.F.,.F.,.F.,
(4,4),(2,2),(0.,1.),(0.,1.),.PIECEWISE_BEZIER_KNOTS.);
#40=B_SPLINE_SURFACE_WITH_KNOTS('',3,1,((#10667,#10668),(#10669,#10670),
(#10671,#10672),(#10673,#10674)),.SURF_OF_LINEAR_EXTRUSION.,.F.,.F.,.F.,
(4,4),(2,2),(0.,1.),(0.,1.),.PIECEWISE_BEZIER_KNOTS.);
#41=B_SPLINE_SURFACE_WITH_KNOTS('',3,1,((#10684,#10685),(#10686,#10687),
(#10688,#10689),(#10690,#10691)),.SURF_OF_LINEAR_EXTRUSION.,.F.,.F.,.F.,
(4,4),(2,2),(0.,1.),(0.,1.),.PIECEWISE_BEZIER_KNOTS.);
#42=B_SPLINE_SURFACE_WITH_KNOTS('',3,1,((#10701,#10702),(#10703,#10704),
(#10705,#10706),(#10707,#10708)),.SURF_OF_LINEAR_EXTRUSION.,.F.,.F.,.F.,
(4,4),(2,2),(0.,1.),(0.,1.),.PIECEWISE_BEZIER_KNOTS.);
#43=B_SPLINE_SURFACE_WITH_KNOTS('',3,1,((#10718,#10719),(#10720,#10721),
(#10722,#10723),(#10724,#10725)),.SURF_OF_LINEAR_EXTRUSION.,.F.,.F.,.F.,
(4,4),(2,2),(0.,1.),(0.,1.),.PIECEWISE_BEZIER_KNOTS.);
#44=B_SPLINE_SURFACE_WITH_KNOTS('',3,1,((#10735,#10736),(#10737,#10738),
(#10739,#10740),(#10741,#10742)),.SURF_OF_LINEAR_EXTRUSION.,.F.,.F.,.F.,
(4,4),(2,2),(0.,1.),(0.,1.),.PIECEWISE_BEZIER_KNOTS.);
#45=B_SPLINE_SURFACE_WITH_KNOTS('',3,1,((#10752,#10753),(#10754,#10755),
(#10756,#10757),(#10758,#10759)),.SURF_OF_LINEAR_EXTRUSION.,.F.,.F.,.F.,
(4,4),(2,2),(0.,1.),(0.,1.),.PIECEWISE_BEZIER_KNOTS.);
#46=B_SPLINE_SURFACE_WITH_KNOTS('',3,1,((#10769,#10770),(#10771,#10772),
(#10773,#10774),(#10775,#10776)),.SURF_OF_LINEAR_EXTRUSION.,.F.,.F.,.F.,
(4,4),(2,2),(0.,1.),(0.,1.),.PIECEWISE_BEZIER_KNOTS.);
#47=B_SPLINE_SURFACE_WITH_KNOTS('',3,1,((#10786,#10787),(#10788,#10789),
(#10790,#10791),(#10792,#10793)),.SURF_OF_LINEAR_EXTRUSION.,.F.,.F.,.F.,
(4,4),(2,2),(0.,1.),(0.,1.),.PIECEWISE_BEZIER_KNOTS.);
#48=B_SPLINE_SURFACE_WITH_KNOTS('',3,1,((#10803,#10804),(#10805,#10806),
(#10807,#10808),(#10809,#10810)),.SURF_OF_LINEAR_EXTRUSION.,.F.,.F.,.F.,
(4,4),(2,2),(0.,1.),(0.,1.),.PIECEWISE_BEZIER_KNOTS.);
#49=B_SPLINE_SURFACE_WITH_KNOTS('',3,1,((#10820,#10821),(#10822,#10823),
(#10824,#10825),(#10826,#10827)),.SURF_OF_LINEAR_EXTRUSION.,.F.,.F.,.F.,
(4,4),(2,2),(0.,1.),(0.,1.),.PIECEWISE_BEZIER_KNOTS.);
#50=B_SPLINE_SURFACE_WITH_KNOTS('',3,1,((#10855,#10856),(#10857,#10858),
(#10859,#10860),(#10861,#10862)),.SURF_OF_LINEAR_EXTRUSION.,.F.,.F.,.F.,
(4,4),(2,2),(0.,1.),(0.,1.),.PIECEWISE_BEZIER_KNOTS.);
#51=B_SPLINE_SURFACE_WITH_KNOTS('',3,1,((#10868,#10869),(#10870,#10871),
(#10872,#10873),(#10874,#10875)),.SURF_OF_LINEAR_EXTRUSION.,.F.,.F.,.F.,
(4,4),(2,2),(0.,1.),(0.,1.),.PIECEWISE_BEZIER_KNOTS.);
#52=B_SPLINE_SURFACE_WITH_KNOTS('',3,1,((#10881,#10882),(#10883,#10884),
(#10885,#10886),(#10887,#10888)),.SURF_OF_LINEAR_EXTRUSION.,.F.,.F.,.F.,
(4,4),(2,2),(0.,1.),(0.,1.),.PIECEWISE_BEZIER_KNOTS.);
#53=B_SPLINE_SURFACE_WITH_KNOTS('',3,1,((#10894,#10895),(#10896,#10897),
(#10898,#10899),(#10900,#10901)),.SURF_OF_LINEAR_EXTRUSION.,.F.,.F.,.F.,
(4,4),(2,2),(0.,1.),(0.,1.),.PIECEWISE_BEZIER_KNOTS.);
#54=B_SPLINE_SURFACE_WITH_KNOTS('',3,1,((#10907,#10908),(#10909,#10910),
(#10911,#10912),(#10913,#10914)),.SURF_OF_LINEAR_EXTRUSION.,.F.,.F.,.F.,
(4,4),(2,2),(0.,1.),(0.,1.),.PIECEWISE_BEZIER_KNOTS.);
#55=B_SPLINE_SURFACE_WITH_KNOTS('',3,1,((#10920,#10921),(#10922,#10923),
(#10924,#10925),(#10926,#10927)),.SURF_OF_LINEAR_EXTRUSION.,.F.,.F.,.F.,
(4,4),(2,2),(0.,1.),(0.,1.),.PIECEWISE_BEZIER_KNOTS.);
#56=B_SPLINE_SURFACE_WITH_KNOTS('',3,1,((#10933,#10934),(#10935,#10936),
(#10937,#10938),(#10939,#10940)),.SURF_OF_LINEAR_EXTRUSION.,.F.,.F.,.F.,
(4,4),(2,2),(0.,1.),(0.,1.),.PIECEWISE_BEZIER_KNOTS.);
#57=B_SPLINE_SURFACE_WITH_KNOTS('',3,1,((#10960,#10961),(#10962,#10963),
(#10964,#10965),(#10966,#10967)),.SURF_OF_LINEAR_EXTRUSION.,.F.,.F.,.F.,
(4,4),(2,2),(0.,1.),(0.,1.),.PIECEWISE_BEZIER_KNOTS.);
#58=B_SPLINE_SURFACE_WITH_KNOTS('',3,1,((#10975,#10976),(#10977,#10978),
(#10979,#10980),(#10981,#10982)),.SURF_OF_LINEAR_EXTRUSION.,.F.,.F.,.F.,
(4,4),(2,2),(0.,1.),(0.,1.),.PIECEWISE_BEZIER_KNOTS.);
#59=B_SPLINE_SURFACE_WITH_KNOTS('',3,1,((#11001,#11002),(#11003,#11004),
(#11005,#11006),(#11007,#11008)),.SURF_OF_LINEAR_EXTRUSION.,.F.,.F.,.F.,
(4,4),(2,2),(0.,1.),(0.,1.),.PIECEWISE_BEZIER_KNOTS.);
#60=B_SPLINE_SURFACE_WITH_KNOTS('',3,1,((#11018,#11019),(#11020,#11021),
(#11022,#11023),(#11024,#11025)),.SURF_OF_LINEAR_EXTRUSION.,.F.,.F.,.F.,
(4,4),(2,2),(0.,1.),(0.,1.),.PIECEWISE_BEZIER_KNOTS.);
#61=B_SPLINE_SURFACE_WITH_KNOTS('',3,1,((#11035,#11036),(#11037,#11038),
(#11039,#11040),(#11041,#11042)),.SURF_OF_LINEAR_EXTRUSION.,.F.,.F.,.F.,
(4,4),(2,2),(0.,1.),(0.,1.),.PIECEWISE_BEZIER_KNOTS.);
#62=B_SPLINE_SURFACE_WITH_KNOTS('',3,1,((#11050,#11051),(#11052,#11053),
(#11054,#11055),(#11056,#11057)),.SURF_OF_LINEAR_EXTRUSION.,.F.,.F.,.F.,
(4,4),(2,2),(0.,1.),(0.,1.),.PIECEWISE_BEZIER_KNOTS.);
#63=B_SPLINE_SURFACE_WITH_KNOTS('',3,1,((#11063,#11064),(#11065,#11066),
(#11067,#11068),(#11069,#11070)),.SURF_OF_LINEAR_EXTRUSION.,.F.,.F.,.F.,
(4,4),(2,2),(0.,1.),(0.,1.),.PIECEWISE_BEZIER_KNOTS.);
#64=B_SPLINE_SURFACE_WITH_KNOTS('',3,1,((#11076,#11077),(#11078,#11079),
(#11080,#11081),(#11082,#11083)),.SURF_OF_LINEAR_EXTRUSION.,.F.,.F.,.F.,
(4,4),(2,2),(0.,1.),(0.,1.),.PIECEWISE_BEZIER_KNOTS.);
#65=B_SPLINE_SURFACE_WITH_KNOTS('',3,1,((#11089,#11090),(#11091,#11092),
(#11093,#11094),(#11095,#11096)),.SURF_OF_LINEAR_EXTRUSION.,.F.,.F.,.F.,
(4,4),(2,2),(0.,1.),(0.,1.),.PIECEWISE_BEZIER_KNOTS.);
#66=B_SPLINE_SURFACE_WITH_KNOTS('',3,1,((#11102,#11103),(#11104,#11105),
(#11106,#11107),(#11108,#11109)),.SURF_OF_LINEAR_EXTRUSION.,.F.,.F.,.F.,
(4,4),(2,2),(0.,1.),(0.,1.),.PIECEWISE_BEZIER_KNOTS.);
#67=B_SPLINE_SURFACE_WITH_KNOTS('',3,1,((#11115,#11116),(#11117,#11118),
(#11119,#11120),(#11121,#11122)),.SURF_OF_LINEAR_EXTRUSION.,.F.,.F.,.F.,
(4,4),(2,2),(0.,1.),(0.,1.),.PIECEWISE_BEZIER_KNOTS.);
#68=B_SPLINE_SURFACE_WITH_KNOTS('',3,1,((#11128,#11129),(#11130,#11131),
(#11132,#11133),(#11134,#11135)),.SURF_OF_LINEAR_EXTRUSION.,.F.,.F.,.F.,
(4,4),(2,2),(0.,1.),(0.,1.),.PIECEWISE_BEZIER_KNOTS.);
#69=B_SPLINE_SURFACE_WITH_KNOTS('',3,1,((#11153,#11154),(#11155,#11156),
(#11157,#11158),(#11159,#11160)),.SURF_OF_LINEAR_EXTRUSION.,.F.,.F.,.F.,
(4,4),(2,2),(0.,1.),(0.,1.),.PIECEWISE_BEZIER_KNOTS.);
#70=B_SPLINE_SURFACE_WITH_KNOTS('',3,1,((#11166,#11167),(#11168,#11169),
(#11170,#11171),(#11172,#11173)),.SURF_OF_LINEAR_EXTRUSION.,.F.,.F.,.F.,
(4,4),(2,2),(0.,1.),(0.,1.),.PIECEWISE_BEZIER_KNOTS.);
#71=B_SPLINE_SURFACE_WITH_KNOTS('',3,1,((#11179,#11180),(#11181,#11182),
(#11183,#11184),(#11185,#11186)),.SURF_OF_LINEAR_EXTRUSION.,.F.,.F.,.F.,
(4,4),(2,2),(0.,1.),(0.,1.),.PIECEWISE_BEZIER_KNOTS.);
#72=B_SPLINE_SURFACE_WITH_KNOTS('',3,1,((#11200,#11201),(#11202,#11203),
(#11204,#11205),(#11206,#11207)),.SURF_OF_LINEAR_EXTRUSION.,.F.,.F.,.F.,
(4,4),(2,2),(0.,1.),(0.,1.),.PIECEWISE_BEZIER_KNOTS.);
#73=B_SPLINE_SURFACE_WITH_KNOTS('',3,1,((#11215,#11216),(#11217,#11218),
(#11219,#11220),(#11221,#11222)),.SURF_OF_LINEAR_EXTRUSION.,.F.,.F.,.F.,
(4,4),(2,2),(0.,1.),(0.,1.),.PIECEWISE_BEZIER_KNOTS.);
#74=B_SPLINE_SURFACE_WITH_KNOTS('',3,1,((#11236,#11237),(#11238,#11239),
(#11240,#11241),(#11242,#11243)),.SURF_OF_LINEAR_EXTRUSION.,.F.,.F.,.F.,
(4,4),(2,2),(0.,1.),(0.,1.),.PIECEWISE_BEZIER_KNOTS.);
#75=B_SPLINE_SURFACE_WITH_KNOTS('',3,1,((#11249,#11250),(#11251,#11252),
(#11253,#11254),(#11255,#11256)),.SURF_OF_LINEAR_EXTRUSION.,.F.,.F.,.F.,
(4,4),(2,2),(0.,1.),(0.,1.),.PIECEWISE_BEZIER_KNOTS.);
#76=B_SPLINE_SURFACE_WITH_KNOTS('',3,1,((#11282,#11283),(#11284,#11285),
(#11286,#11287),(#11288,#11289)),.SURF_OF_LINEAR_EXTRUSION.,.F.,.F.,.F.,
(4,4),(2,2),(0.,1.),(0.,1.),.PIECEWISE_BEZIER_KNOTS.);
#77=B_SPLINE_SURFACE_WITH_KNOTS('',3,1,((#11295,#11296),(#11297,#11298),
(#11299,#11300),(#11301,#11302)),.SURF_OF_LINEAR_EXTRUSION.,.F.,.F.,.F.,
(4,4),(2,2),(0.,1.),(0.,1.),.PIECEWISE_BEZIER_KNOTS.);
#78=B_SPLINE_SURFACE_WITH_KNOTS('',3,1,((#11319,#11320),(#11321,#11322),
(#11323,#11324),(#11325,#11326)),.SURF_OF_LINEAR_EXTRUSION.,.F.,.F.,.F.,
(4,4),(2,2),(0.,1.),(0.,1.),.PIECEWISE_BEZIER_KNOTS.);
#79=B_SPLINE_SURFACE_WITH_KNOTS('',3,1,((#11334,#11335),(#11336,#11337),
(#11338,#11339),(#11340,#11341)),.SURF_OF_LINEAR_EXTRUSION.,.F.,.F.,.F.,
(4,4),(2,2),(0.,1.),(0.,1.),.PIECEWISE_BEZIER_KNOTS.);
#80=B_SPLINE_SURFACE_WITH_KNOTS('',3,1,((#11347,#11348),(#11349,#11350),
(#11351,#11352),(#11353,#11354)),.SURF_OF_LINEAR_EXTRUSION.,.F.,.F.,.F.,
(4,4),(2,2),(0.,1.),(0.,1.),.PIECEWISE_BEZIER_KNOTS.);
#81=B_SPLINE_SURFACE_WITH_KNOTS('',3,1,((#11360,#11361),(#11362,#11363),
(#11364,#11365),(#11366,#11367)),.SURF_OF_LINEAR_EXTRUSION.,.F.,.F.,.F.,
(4,4),(2,2),(0.,1.),(0.,1.),.PIECEWISE_BEZIER_KNOTS.);
#82=B_SPLINE_SURFACE_WITH_KNOTS('',3,1,((#11373,#11374),(#11375,#11376),
(#11377,#11378),(#11379,#11380)),.SURF_OF_LINEAR_EXTRUSION.,.F.,.F.,.F.,
(4,4),(2,2),(0.,1.),(0.,1.),.PIECEWISE_BEZIER_KNOTS.);
#83=B_SPLINE_SURFACE_WITH_KNOTS('',3,1,((#11386,#11387),(#11388,#11389),
(#11390,#11391),(#11392,#11393)),.SURF_OF_LINEAR_EXTRUSION.,.F.,.F.,.F.,
(4,4),(2,2),(0.,1.),(0.,1.),.PIECEWISE_BEZIER_KNOTS.);
#84=B_SPLINE_SURFACE_WITH_KNOTS('',3,1,((#11399,#11400),(#11401,#11402),
(#11403,#11404),(#11405,#11406)),.SURF_OF_LINEAR_EXTRUSION.,.F.,.F.,.F.,
(4,4),(2,2),(0.,1.),(0.,1.),.PIECEWISE_BEZIER_KNOTS.);
#85=B_SPLINE_SURFACE_WITH_KNOTS('',3,1,((#11432,#11433),(#11434,#11435),
(#11436,#11437),(#11438,#11439)),.SURF_OF_LINEAR_EXTRUSION.,.F.,.F.,.F.,
(4,4),(2,2),(0.,1.),(0.,1.),.PIECEWISE_BEZIER_KNOTS.);
#86=B_SPLINE_SURFACE_WITH_KNOTS('',3,1,((#11445,#11446),(#11447,#11448),
(#11449,#11450),(#11451,#11452)),.SURF_OF_LINEAR_EXTRUSION.,.F.,.F.,.F.,
(4,4),(2,2),(0.,1.),(0.,1.),.PIECEWISE_BEZIER_KNOTS.);
#87=B_SPLINE_SURFACE_WITH_KNOTS('',3,1,((#11458,#11459),(#11460,#11461),
(#11462,#11463),(#11464,#11465)),.SURF_OF_LINEAR_EXTRUSION.,.F.,.F.,.F.,
(4,4),(2,2),(0.,1.),(0.,1.),.PIECEWISE_BEZIER_KNOTS.);
#88=B_SPLINE_SURFACE_WITH_KNOTS('',3,1,((#11471,#11472),(#11473,#11474),
(#11475,#11476),(#11477,#11478)),.SURF_OF_LINEAR_EXTRUSION.,.F.,.F.,.F.,
(4,4),(2,2),(0.,1.),(0.,1.),.PIECEWISE_BEZIER_KNOTS.);
#89=B_SPLINE_SURFACE_WITH_KNOTS('',3,1,((#11496,#11497),(#11498,#11499),
(#11500,#11501),(#11502,#11503)),.SURF_OF_LINEAR_EXTRUSION.,.F.,.F.,.F.,
(4,4),(2,2),(0.,1.),(0.,1.),.PIECEWISE_BEZIER_KNOTS.);
#90=B_SPLINE_SURFACE_WITH_KNOTS('',3,1,((#11509,#11510),(#11511,#11512),
(#11513,#11514),(#11515,#11516)),.SURF_OF_LINEAR_EXTRUSION.,.F.,.F.,.F.,
(4,4),(2,2),(0.,1.),(0.,1.),.PIECEWISE_BEZIER_KNOTS.);
#91=B_SPLINE_SURFACE_WITH_KNOTS('',3,1,((#11522,#11523),(#11524,#11525),
(#11526,#11527),(#11528,#11529)),.SURF_OF_LINEAR_EXTRUSION.,.F.,.F.,.F.,
(4,4),(2,2),(0.,1.),(0.,1.),.PIECEWISE_BEZIER_KNOTS.);
#92=B_SPLINE_SURFACE_WITH_KNOTS('',3,1,((#11535,#11536),(#11537,#11538),
(#11539,#11540),(#11541,#11542)),.SURF_OF_LINEAR_EXTRUSION.,.F.,.F.,.F.,
(4,4),(2,2),(0.,1.),(0.,1.),.PIECEWISE_BEZIER_KNOTS.);
#93=B_SPLINE_SURFACE_WITH_KNOTS('',3,1,((#11560,#11561),(#11562,#11563),
(#11564,#11565),(#11566,#11567)),.SURF_OF_LINEAR_EXTRUSION.,.F.,.F.,.F.,
(4,4),(2,2),(0.,1.),(0.,1.),.PIECEWISE_BEZIER_KNOTS.);
#94=B_SPLINE_SURFACE_WITH_KNOTS('',3,1,((#11572,#11573),(#11574,#11575),
(#11576,#11577),(#11578,#11579)),.SURF_OF_LINEAR_EXTRUSION.,.F.,.F.,.F.,
(4,4),(2,2),(0.,1.),(0.,1.),.PIECEWISE_BEZIER_KNOTS.);
#95=B_SPLINE_SURFACE_WITH_KNOTS('',3,1,((#11587,#11588),(#11589,#11590),
(#11591,#11592),(#11593,#11594)),.SURF_OF_LINEAR_EXTRUSION.,.F.,.F.,.F.,
(4,4),(2,2),(0.,1.),(0.,1.),.PIECEWISE_BEZIER_KNOTS.);
#96=B_SPLINE_SURFACE_WITH_KNOTS('',3,1,((#11600,#11601),(#11602,#11603),
(#11604,#11605),(#11606,#11607)),.SURF_OF_LINEAR_EXTRUSION.,.F.,.F.,.F.,
(4,4),(2,2),(0.,1.),(0.,1.),.PIECEWISE_BEZIER_KNOTS.);
#97=B_SPLINE_SURFACE_WITH_KNOTS('',3,1,((#11613,#11614),(#11615,#11616),
(#11617,#11618),(#11619,#11620)),.SURF_OF_LINEAR_EXTRUSION.,.F.,.F.,.F.,
(4,4),(2,2),(0.,1.),(0.,1.),.PIECEWISE_BEZIER_KNOTS.);
#98=B_SPLINE_SURFACE_WITH_KNOTS('',3,1,((#11626,#11627),(#11628,#11629),
(#11630,#11631),(#11632,#11633)),.SURF_OF_LINEAR_EXTRUSION.,.F.,.F.,.F.,
(4,4),(2,2),(0.,1.),(0.,1.),.PIECEWISE_BEZIER_KNOTS.);
#99=B_SPLINE_SURFACE_WITH_KNOTS('',3,1,((#11639,#11640),(#11641,#11642),
(#11643,#11644),(#11645,#11646)),.SURF_OF_LINEAR_EXTRUSION.,.F.,.F.,.F.,
(4,4),(2,2),(0.,1.),(0.,1.),.PIECEWISE_BEZIER_KNOTS.);
#100=B_SPLINE_SURFACE_WITH_KNOTS('',3,1,((#11652,#11653),(#11654,#11655),
(#11656,#11657),(#11658,#11659)),.SURF_OF_LINEAR_EXTRUSION.,.F.,.F.,.F.,
(4,4),(2,2),(0.,1.),(0.,1.),.PIECEWISE_BEZIER_KNOTS.);
#101=B_SPLINE_SURFACE_WITH_KNOTS('',3,1,((#11685,#11686),(#11687,#11688),
(#11689,#11690),(#11691,#11692)),.SURF_OF_LINEAR_EXTRUSION.,.F.,.F.,.F.,
(4,4),(2,2),(0.,1.),(0.,1.),.PIECEWISE_BEZIER_KNOTS.);
#102=B_SPLINE_SURFACE_WITH_KNOTS('',3,1,((#11698,#11699),(#11700,#11701),
(#11702,#11703),(#11704,#11705)),.SURF_OF_LINEAR_EXTRUSION.,.F.,.F.,.F.,
(4,4),(2,2),(0.,1.),(0.,1.),.PIECEWISE_BEZIER_KNOTS.);
#103=B_SPLINE_SURFACE_WITH_KNOTS('',3,1,((#11711,#11712),(#11713,#11714),
(#11715,#11716),(#11717,#11718)),.SURF_OF_LINEAR_EXTRUSION.,.F.,.F.,.F.,
(4,4),(2,2),(0.,1.),(0.,1.),.PIECEWISE_BEZIER_KNOTS.);
#104=B_SPLINE_SURFACE_WITH_KNOTS('',3,1,((#11724,#11725),(#11726,#11727),
(#11728,#11729),(#11730,#11731)),.SURF_OF_LINEAR_EXTRUSION.,.F.,.F.,.F.,
(4,4),(2,2),(0.,1.),(0.,1.),.PIECEWISE_BEZIER_KNOTS.);
#105=B_SPLINE_SURFACE_WITH_KNOTS('',3,1,((#11749,#11750),(#11751,#11752),
(#11753,#11754),(#11755,#11756)),.SURF_OF_LINEAR_EXTRUSION.,.F.,.F.,.F.,
(4,4),(2,2),(0.,1.),(0.,1.),.PIECEWISE_BEZIER_KNOTS.);
#106=B_SPLINE_SURFACE_WITH_KNOTS('',3,1,((#11762,#11763),(#11764,#11765),
(#11766,#11767),(#11768,#11769)),.SURF_OF_LINEAR_EXTRUSION.,.F.,.F.,.F.,
(4,4),(2,2),(0.,1.),(0.,1.),.PIECEWISE_BEZIER_KNOTS.);
#107=B_SPLINE_SURFACE_WITH_KNOTS('',3,1,((#11775,#11776),(#11777,#11778),
(#11779,#11780),(#11781,#11782)),.SURF_OF_LINEAR_EXTRUSION.,.F.,.F.,.F.,
(4,4),(2,2),(0.,1.),(0.,1.),.PIECEWISE_BEZIER_KNOTS.);
#108=B_SPLINE_SURFACE_WITH_KNOTS('',3,1,((#11788,#11789),(#11790,#11791),
(#11792,#11793),(#11794,#11795)),.SURF_OF_LINEAR_EXTRUSION.,.F.,.F.,.F.,
(4,4),(2,2),(0.,1.),(0.,1.),.PIECEWISE_BEZIER_KNOTS.);
#109=B_SPLINE_SURFACE_WITH_KNOTS('',3,1,((#11813,#11814),(#11815,#11816),
(#11817,#11818),(#11819,#11820)),.SURF_OF_LINEAR_EXTRUSION.,.F.,.F.,.F.,
(4,4),(2,2),(0.,1.),(0.,1.),.PIECEWISE_BEZIER_KNOTS.);
#110=B_SPLINE_SURFACE_WITH_KNOTS('',3,1,((#11831,#11832),(#11833,#11834),
(#11835,#11836),(#11837,#11838)),.SURF_OF_LINEAR_EXTRUSION.,.F.,.F.,.F.,
(4,4),(2,2),(0.,1.),(0.,1.),.PIECEWISE_BEZIER_KNOTS.);
#111=B_SPLINE_SURFACE_WITH_KNOTS('',3,1,((#11844,#11845),(#11846,#11847),
(#11848,#11849),(#11850,#11851)),.SURF_OF_LINEAR_EXTRUSION.,.F.,.F.,.F.,
(4,4),(2,2),(0.,1.),(0.,1.),.PIECEWISE_BEZIER_KNOTS.);
#112=B_SPLINE_SURFACE_WITH_KNOTS('',3,1,((#11877,#11878),(#11879,#11880),
(#11881,#11882),(#11883,#11884)),.SURF_OF_LINEAR_EXTRUSION.,.F.,.F.,.F.,
(4,4),(2,2),(0.,1.),(0.,1.),.PIECEWISE_BEZIER_KNOTS.);
#113=B_SPLINE_SURFACE_WITH_KNOTS('',3,1,((#11890,#11891),(#11892,#11893),
(#11894,#11895),(#11896,#11897)),.SURF_OF_LINEAR_EXTRUSION.,.F.,.F.,.F.,
(4,4),(2,2),(0.,1.),(0.,1.),.PIECEWISE_BEZIER_KNOTS.);
#114=B_SPLINE_SURFACE_WITH_KNOTS('',3,1,((#11920,#11921),(#11922,#11923),
(#11924,#11925),(#11926,#11927)),.SURF_OF_LINEAR_EXTRUSION.,.F.,.F.,.F.,
(4,4),(2,2),(0.,1.),(0.,1.),.PIECEWISE_BEZIER_KNOTS.);
#115=B_SPLINE_SURFACE_WITH_KNOTS('',3,1,((#11933,#11934),(#11935,#11936),
(#11937,#11938),(#11939,#11940)),.SURF_OF_LINEAR_EXTRUSION.,.F.,.F.,.F.,
(4,4),(2,2),(0.,1.),(0.,1.),.PIECEWISE_BEZIER_KNOTS.);
#116=B_SPLINE_SURFACE_WITH_KNOTS('',3,1,((#11966,#11967),(#11968,#11969),
(#11970,#11971),(#11972,#11973)),.SURF_OF_LINEAR_EXTRUSION.,.F.,.F.,.F.,
(4,4),(2,2),(0.,1.),(0.,1.),.PIECEWISE_BEZIER_KNOTS.);
#117=B_SPLINE_SURFACE_WITH_KNOTS('',3,1,((#11979,#11980),(#11981,#11982),
(#11983,#11984),(#11985,#11986)),.SURF_OF_LINEAR_EXTRUSION.,.F.,.F.,.F.,
(4,4),(2,2),(0.,1.),(0.,1.),.PIECEWISE_BEZIER_KNOTS.);
#118=B_SPLINE_SURFACE_WITH_KNOTS('',3,1,((#12052,#12053),(#12054,#12055),
(#12056,#12057),(#12058,#12059)),.SURF_OF_LINEAR_EXTRUSION.,.F.,.F.,.F.,
(4,4),(2,2),(0.,1.),(0.,1.),.PIECEWISE_BEZIER_KNOTS.);
#119=B_SPLINE_SURFACE_WITH_KNOTS('',3,1,((#12090,#12091),(#12092,#12093),
(#12094,#12095),(#12096,#12097)),.SURF_OF_LINEAR_EXTRUSION.,.F.,.F.,.F.,
(4,4),(2,2),(0.,1.),(0.,1.),.PIECEWISE_BEZIER_KNOTS.);
#120=B_SPLINE_SURFACE_WITH_KNOTS('',3,1,((#12107,#12108),(#12109,#12110),
(#12111,#12112),(#12113,#12114)),.SURF_OF_LINEAR_EXTRUSION.,.F.,.F.,.F.,
(4,4),(2,2),(0.,1.),(0.,1.),.PIECEWISE_BEZIER_KNOTS.);
#121=B_SPLINE_SURFACE_WITH_KNOTS('',3,1,((#12146,#12147),(#12148,#12149),
(#12150,#12151),(#12152,#12153)),.SURF_OF_LINEAR_EXTRUSION.,.F.,.F.,.F.,
(4,4),(2,2),(0.,1.),(0.,1.),.PIECEWISE_BEZIER_KNOTS.);
#122=B_SPLINE_SURFACE_WITH_KNOTS('',3,1,((#12159,#12160),(#12161,#12162),
(#12163,#12164),(#12165,#12166)),.SURF_OF_LINEAR_EXTRUSION.,.F.,.F.,.F.,
(4,4),(2,2),(0.,1.),(0.,1.),.PIECEWISE_BEZIER_KNOTS.);
#123=B_SPLINE_SURFACE_WITH_KNOTS('',3,1,((#12172,#12173),(#12174,#12175),
(#12176,#12177),(#12178,#12179)),.SURF_OF_LINEAR_EXTRUSION.,.F.,.F.,.F.,
(4,4),(2,2),(0.,1.),(0.,1.),.PIECEWISE_BEZIER_KNOTS.);
#124=B_SPLINE_SURFACE_WITH_KNOTS('',3,1,((#12185,#12186),(#12187,#12188),
(#12189,#12190),(#12191,#12192)),.SURF_OF_LINEAR_EXTRUSION.,.F.,.F.,.F.,
(4,4),(2,2),(0.,1.),(0.,1.),.PIECEWISE_BEZIER_KNOTS.);
#125=B_SPLINE_SURFACE_WITH_KNOTS('',3,1,((#12196,#12197),(#12198,#12199),
(#12200,#12201),(#12202,#12203)),.SURF_OF_LINEAR_EXTRUSION.,.F.,.F.,.F.,
(4,4),(2,2),(0.,1.),(0.,1.),.PIECEWISE_BEZIER_KNOTS.);
#126=B_SPLINE_SURFACE_WITH_KNOTS('',3,1,((#12211,#12212),(#12213,#12214),
(#12215,#12216),(#12217,#12218)),.SURF_OF_LINEAR_EXTRUSION.,.F.,.F.,.F.,
(4,4),(2,2),(0.,1.),(0.,1.),.PIECEWISE_BEZIER_KNOTS.);
#127=B_SPLINE_SURFACE_WITH_KNOTS('',3,1,((#12231,#12232),(#12233,#12234),
(#12235,#12236),(#12237,#12238)),.SURF_OF_LINEAR_EXTRUSION.,.F.,.F.,.F.,
(4,4),(2,2),(0.,1.),(0.,1.),.PIECEWISE_BEZIER_KNOTS.);
#128=B_SPLINE_SURFACE_WITH_KNOTS('',3,1,((#12248,#12249),(#12250,#12251),
(#12252,#12253),(#12254,#12255)),.SURF_OF_LINEAR_EXTRUSION.,.F.,.F.,.F.,
(4,4),(2,2),(0.,1.),(0.,1.),.PIECEWISE_BEZIER_KNOTS.);
#129=B_SPLINE_SURFACE_WITH_KNOTS('',3,1,((#12265,#12266),(#12267,#12268),
(#12269,#12270),(#12271,#12272)),.SURF_OF_LINEAR_EXTRUSION.,.F.,.F.,.F.,
(4,4),(2,2),(0.,1.),(0.,1.),.PIECEWISE_BEZIER_KNOTS.);
#130=B_SPLINE_SURFACE_WITH_KNOTS('',3,1,((#12282,#12283),(#12284,#12285),
(#12286,#12287),(#12288,#12289)),.SURF_OF_LINEAR_EXTRUSION.,.F.,.F.,.F.,
(4,4),(2,2),(0.,1.),(0.,1.),.PIECEWISE_BEZIER_KNOTS.);
#131=B_SPLINE_SURFACE_WITH_KNOTS('',3,1,((#12299,#12300),(#12301,#12302),
(#12303,#12304),(#12305,#12306)),.SURF_OF_LINEAR_EXTRUSION.,.F.,.F.,.F.,
(4,4),(2,2),(0.,1.),(0.,1.),.PIECEWISE_BEZIER_KNOTS.);
#132=B_SPLINE_SURFACE_WITH_KNOTS('',3,1,((#12316,#12317),(#12318,#12319),
(#12320,#12321),(#12322,#12323)),.SURF_OF_LINEAR_EXTRUSION.,.F.,.F.,.F.,
(4,4),(2,2),(0.,1.),(0.,1.),.PIECEWISE_BEZIER_KNOTS.);
#133=B_SPLINE_SURFACE_WITH_KNOTS('',3,1,((#12333,#12334),(#12335,#12336),
(#12337,#12338),(#12339,#12340)),.SURF_OF_LINEAR_EXTRUSION.,.F.,.F.,.F.,
(4,4),(2,2),(0.,1.),(0.,1.),.PIECEWISE_BEZIER_KNOTS.);
#134=B_SPLINE_SURFACE_WITH_KNOTS('',3,1,((#12350,#12351),(#12352,#12353),
(#12354,#12355),(#12356,#12357)),.SURF_OF_LINEAR_EXTRUSION.,.F.,.F.,.F.,
(4,4),(2,2),(0.,1.),(0.,1.),.PIECEWISE_BEZIER_KNOTS.);
#135=B_SPLINE_SURFACE_WITH_KNOTS('',3,1,((#12367,#12368),(#12369,#12370),
(#12371,#12372),(#12373,#12374)),.SURF_OF_LINEAR_EXTRUSION.,.F.,.F.,.F.,
(4,4),(2,2),(0.,1.),(0.,1.),.PIECEWISE_BEZIER_KNOTS.);
#136=B_SPLINE_SURFACE_WITH_KNOTS('',3,1,((#12384,#12385),(#12386,#12387),
(#12388,#12389),(#12390,#12391)),.SURF_OF_LINEAR_EXTRUSION.,.F.,.F.,.F.,
(4,4),(2,2),(0.,1.),(0.,1.),.PIECEWISE_BEZIER_KNOTS.);
#137=B_SPLINE_SURFACE_WITH_KNOTS('',3,1,((#12401,#12402),(#12403,#12404),
(#12405,#12406),(#12407,#12408)),.SURF_OF_LINEAR_EXTRUSION.,.F.,.F.,.F.,
(4,4),(2,2),(0.,1.),(0.,1.),.PIECEWISE_BEZIER_KNOTS.);
#138=B_SPLINE_SURFACE_WITH_KNOTS('',3,1,((#12416,#12417),(#12418,#12419),
(#12420,#12421),(#12422,#12423)),.SURF_OF_LINEAR_EXTRUSION.,.F.,.F.,.F.,
(4,4),(2,2),(0.,1.),(0.,1.),.PIECEWISE_BEZIER_KNOTS.);
#139=B_SPLINE_SURFACE_WITH_KNOTS('',3,1,((#12429,#12430),(#12431,#12432),
(#12433,#12434),(#12435,#12436)),.SURF_OF_LINEAR_EXTRUSION.,.F.,.F.,.F.,
(4,4),(2,2),(0.,1.),(0.,1.),.PIECEWISE_BEZIER_KNOTS.);
#140=B_SPLINE_SURFACE_WITH_KNOTS('',3,1,((#12442,#12443),(#12444,#12445),
(#12446,#12447),(#12448,#12449)),.SURF_OF_LINEAR_EXTRUSION.,.F.,.F.,.F.,
(4,4),(2,2),(0.,1.),(0.,1.),.PIECEWISE_BEZIER_KNOTS.);
#141=B_SPLINE_SURFACE_WITH_KNOTS('',3,1,((#12455,#12456),(#12457,#12458),
(#12459,#12460),(#12461,#12462)),.SURF_OF_LINEAR_EXTRUSION.,.F.,.F.,.F.,
(4,4),(2,2),(0.,1.),(0.,1.),.PIECEWISE_BEZIER_KNOTS.);
#142=B_SPLINE_SURFACE_WITH_KNOTS('',3,1,((#12468,#12469),(#12470,#12471),
(#12472,#12473),(#12474,#12475)),.SURF_OF_LINEAR_EXTRUSION.,.F.,.F.,.F.,
(4,4),(2,2),(0.,1.),(0.,1.),.PIECEWISE_BEZIER_KNOTS.);
#143=B_SPLINE_SURFACE_WITH_KNOTS('',3,1,((#12481,#12482),(#12483,#12484),
(#12485,#12486),(#12487,#12488)),.SURF_OF_LINEAR_EXTRUSION.,.F.,.F.,.F.,
(4,4),(2,2),(0.,1.),(0.,1.),.PIECEWISE_BEZIER_KNOTS.);
#144=B_SPLINE_SURFACE_WITH_KNOTS('',3,1,((#12494,#12495),(#12496,#12497),
(#12498,#12499),(#12500,#12501)),.SURF_OF_LINEAR_EXTRUSION.,.F.,.F.,.F.,
(4,4),(2,2),(0.,1.),(0.,1.),.PIECEWISE_BEZIER_KNOTS.);
#145=B_SPLINE_SURFACE_WITH_KNOTS('',3,1,((#12507,#12508),(#12509,#12510),
(#12511,#12512),(#12513,#12514)),.SURF_OF_LINEAR_EXTRUSION.,.F.,.F.,.F.,
(4,4),(2,2),(0.,1.),(0.,1.),.PIECEWISE_BEZIER_KNOTS.);
#146=B_SPLINE_SURFACE_WITH_KNOTS('',3,1,((#12520,#12521),(#12522,#12523),
(#12524,#12525),(#12526,#12527)),.SURF_OF_LINEAR_EXTRUSION.,.F.,.F.,.F.,
(4,4),(2,2),(0.,1.),(0.,1.),.PIECEWISE_BEZIER_KNOTS.);
#147=B_SPLINE_SURFACE_WITH_KNOTS('',3,1,((#12533,#12534),(#12535,#12536),
(#12537,#12538),(#12539,#12540)),.SURF_OF_LINEAR_EXTRUSION.,.F.,.F.,.F.,
(4,4),(2,2),(0.,1.),(0.,1.),.PIECEWISE_BEZIER_KNOTS.);
#148=B_SPLINE_SURFACE_WITH_KNOTS('',3,1,((#12546,#12547),(#12548,#12549),
(#12550,#12551),(#12552,#12553)),.SURF_OF_LINEAR_EXTRUSION.,.F.,.F.,.F.,
(4,4),(2,2),(0.,1.),(0.,1.),.PIECEWISE_BEZIER_KNOTS.);
#149=B_SPLINE_SURFACE_WITH_KNOTS('',3,1,((#12557,#12558),(#12559,#12560),
(#12561,#12562),(#12563,#12564)),.SURF_OF_LINEAR_EXTRUSION.,.F.,.F.,.F.,
(4,4),(2,2),(0.,1.),(0.,1.),.PIECEWISE_BEZIER_KNOTS.);
#150=B_SPLINE_SURFACE_WITH_KNOTS('',3,1,((#12572,#12573),(#12574,#12575),
(#12576,#12577),(#12578,#12579)),.SURF_OF_LINEAR_EXTRUSION.,.F.,.F.,.F.,
(4,4),(2,2),(0.,1.),(0.,1.),.PIECEWISE_BEZIER_KNOTS.);
#151=B_SPLINE_SURFACE_WITH_KNOTS('',3,1,((#12592,#12593),(#12594,#12595),
(#12596,#12597),(#12598,#12599)),.SURF_OF_LINEAR_EXTRUSION.,.F.,.F.,.F.,
(4,4),(2,2),(0.,1.),(0.,1.),.PIECEWISE_BEZIER_KNOTS.);
#152=B_SPLINE_SURFACE_WITH_KNOTS('',3,1,((#12609,#12610),(#12611,#12612),
(#12613,#12614),(#12615,#12616)),.SURF_OF_LINEAR_EXTRUSION.,.F.,.F.,.F.,
(4,4),(2,2),(0.,1.),(0.,1.),.PIECEWISE_BEZIER_KNOTS.);
#153=B_SPLINE_SURFACE_WITH_KNOTS('',3,1,((#12626,#12627),(#12628,#12629),
(#12630,#12631),(#12632,#12633)),.SURF_OF_LINEAR_EXTRUSION.,.F.,.F.,.F.,
(4,4),(2,2),(0.,1.),(0.,1.),.PIECEWISE_BEZIER_KNOTS.);
#154=B_SPLINE_SURFACE_WITH_KNOTS('',3,1,((#12643,#12644),(#12645,#12646),
(#12647,#12648),(#12649,#12650)),.SURF_OF_LINEAR_EXTRUSION.,.F.,.F.,.F.,
(4,4),(2,2),(0.,1.),(0.,1.),.PIECEWISE_BEZIER_KNOTS.);
#155=B_SPLINE_SURFACE_WITH_KNOTS('',3,1,((#12660,#12661),(#12662,#12663),
(#12664,#12665),(#12666,#12667)),.SURF_OF_LINEAR_EXTRUSION.,.F.,.F.,.F.,
(4,4),(2,2),(0.,1.),(0.,1.),.PIECEWISE_BEZIER_KNOTS.);
#156=B_SPLINE_SURFACE_WITH_KNOTS('',3,1,((#12677,#12678),(#12679,#12680),
(#12681,#12682),(#12683,#12684)),.SURF_OF_LINEAR_EXTRUSION.,.F.,.F.,.F.,
(4,4),(2,2),(0.,1.),(0.,1.),.PIECEWISE_BEZIER_KNOTS.);
#157=B_SPLINE_SURFACE_WITH_KNOTS('',3,1,((#12694,#12695),(#12696,#12697),
(#12698,#12699),(#12700,#12701)),.SURF_OF_LINEAR_EXTRUSION.,.F.,.F.,.F.,
(4,4),(2,2),(0.,1.),(0.,1.),.PIECEWISE_BEZIER_KNOTS.);
#158=B_SPLINE_SURFACE_WITH_KNOTS('',3,1,((#12711,#12712),(#12713,#12714),
(#12715,#12716),(#12717,#12718)),.SURF_OF_LINEAR_EXTRUSION.,.F.,.F.,.F.,
(4,4),(2,2),(0.,1.),(0.,1.),.PIECEWISE_BEZIER_KNOTS.);
#159=B_SPLINE_SURFACE_WITH_KNOTS('',3,1,((#12728,#12729),(#12730,#12731),
(#12732,#12733),(#12734,#12735)),.SURF_OF_LINEAR_EXTRUSION.,.F.,.F.,.F.,
(4,4),(2,2),(0.,1.),(0.,1.),.PIECEWISE_BEZIER_KNOTS.);
#160=B_SPLINE_SURFACE_WITH_KNOTS('',3,1,((#12745,#12746),(#12747,#12748),
(#12749,#12750),(#12751,#12752)),.SURF_OF_LINEAR_EXTRUSION.,.F.,.F.,.F.,
(4,4),(2,2),(0.,1.),(0.,1.),.PIECEWISE_BEZIER_KNOTS.);
#161=B_SPLINE_SURFACE_WITH_KNOTS('',3,1,((#12780,#12781),(#12782,#12783),
(#12784,#12785),(#12786,#12787)),.SURF_OF_LINEAR_EXTRUSION.,.F.,.F.,.F.,
(4,4),(2,2),(0.,1.),(0.,1.),.PIECEWISE_BEZIER_KNOTS.);
#162=B_SPLINE_SURFACE_WITH_KNOTS('',3,1,((#12793,#12794),(#12795,#12796),
(#12797,#12798),(#12799,#12800)),.SURF_OF_LINEAR_EXTRUSION.,.F.,.F.,.F.,
(4,4),(2,2),(0.,1.),(0.,1.),.PIECEWISE_BEZIER_KNOTS.);
#163=B_SPLINE_SURFACE_WITH_KNOTS('',3,1,((#12806,#12807),(#12808,#12809),
(#12810,#12811),(#12812,#12813)),.SURF_OF_LINEAR_EXTRUSION.,.F.,.F.,.F.,
(4,4),(2,2),(0.,1.),(0.,1.),.PIECEWISE_BEZIER_KNOTS.);
#164=B_SPLINE_SURFACE_WITH_KNOTS('',3,1,((#12819,#12820),(#12821,#12822),
(#12823,#12824),(#12825,#12826)),.SURF_OF_LINEAR_EXTRUSION.,.F.,.F.,.F.,
(4,4),(2,2),(0.,1.),(0.,1.),.PIECEWISE_BEZIER_KNOTS.);
#165=B_SPLINE_SURFACE_WITH_KNOTS('',3,1,((#12832,#12833),(#12834,#12835),
(#12836,#12837),(#12838,#12839)),.SURF_OF_LINEAR_EXTRUSION.,.F.,.F.,.F.,
(4,4),(2,2),(0.,1.),(0.,1.),.PIECEWISE_BEZIER_KNOTS.);
#166=B_SPLINE_SURFACE_WITH_KNOTS('',3,1,((#12845,#12846),(#12847,#12848),
(#12849,#12850),(#12851,#12852)),.SURF_OF_LINEAR_EXTRUSION.,.F.,.F.,.F.,
(4,4),(2,2),(0.,1.),(0.,1.),.PIECEWISE_BEZIER_KNOTS.);
#167=B_SPLINE_SURFACE_WITH_KNOTS('',3,1,((#12858,#12859),(#12860,#12861),
(#12862,#12863),(#12864,#12865)),.SURF_OF_LINEAR_EXTRUSION.,.F.,.F.,.F.,
(4,4),(2,2),(0.,1.),(0.,1.),.PIECEWISE_BEZIER_KNOTS.);
#168=B_SPLINE_SURFACE_WITH_KNOTS('',3,1,((#12883,#12884),(#12885,#12886),
(#12887,#12888),(#12889,#12890)),.SURF_OF_LINEAR_EXTRUSION.,.F.,.F.,.F.,
(4,4),(2,2),(0.,1.),(0.,1.),.PIECEWISE_BEZIER_KNOTS.);
#169=B_SPLINE_SURFACE_WITH_KNOTS('',3,1,((#12896,#12897),(#12898,#12899),
(#12900,#12901),(#12902,#12903)),.SURF_OF_LINEAR_EXTRUSION.,.F.,.F.,.F.,
(4,4),(2,2),(0.,1.),(0.,1.),.PIECEWISE_BEZIER_KNOTS.);
#170=B_SPLINE_SURFACE_WITH_KNOTS('',3,1,((#12921,#12922),(#12923,#12924),
(#12925,#12926),(#12927,#12928)),.SURF_OF_LINEAR_EXTRUSION.,.F.,.F.,.F.,
(4,4),(2,2),(0.,1.),(0.,1.),.PIECEWISE_BEZIER_KNOTS.);
#171=B_SPLINE_SURFACE_WITH_KNOTS('',3,1,((#12938,#12939),(#12940,#12941),
(#12942,#12943),(#12944,#12945)),.SURF_OF_LINEAR_EXTRUSION.,.F.,.F.,.F.,
(4,4),(2,2),(0.,1.),(0.,1.),.PIECEWISE_BEZIER_KNOTS.);
#172=B_SPLINE_SURFACE_WITH_KNOTS('',3,1,((#12949,#12950),(#12951,#12952),
(#12953,#12954),(#12955,#12956)),.SURF_OF_LINEAR_EXTRUSION.,.F.,.F.,.F.,
(4,4),(2,2),(0.,1.),(0.,1.),.PIECEWISE_BEZIER_KNOTS.);
#173=B_SPLINE_SURFACE_WITH_KNOTS('',3,1,((#12964,#12965),(#12966,#12967),
(#12968,#12969),(#12970,#12971)),.SURF_OF_LINEAR_EXTRUSION.,.F.,.F.,.F.,
(4,4),(2,2),(0.,1.),(0.,1.),.PIECEWISE_BEZIER_KNOTS.);
#174=B_SPLINE_SURFACE_WITH_KNOTS('',3,1,((#12984,#12985),(#12986,#12987),
(#12988,#12989),(#12990,#12991)),.SURF_OF_LINEAR_EXTRUSION.,.F.,.F.,.F.,
(4,4),(2,2),(0.,1.),(0.,1.),.PIECEWISE_BEZIER_KNOTS.);
#175=B_SPLINE_SURFACE_WITH_KNOTS('',3,1,((#13001,#13002),(#13003,#13004),
(#13005,#13006),(#13007,#13008)),.SURF_OF_LINEAR_EXTRUSION.,.F.,.F.,.F.,
(4,4),(2,2),(0.,1.),(0.,1.),.PIECEWISE_BEZIER_KNOTS.);
#176=B_SPLINE_SURFACE_WITH_KNOTS('',3,1,((#13018,#13019),(#13020,#13021),
(#13022,#13023),(#13024,#13025)),.SURF_OF_LINEAR_EXTRUSION.,.F.,.F.,.F.,
(4,4),(2,2),(0.,1.),(0.,1.),.PIECEWISE_BEZIER_KNOTS.);
#177=B_SPLINE_SURFACE_WITH_KNOTS('',3,1,((#13035,#13036),(#13037,#13038),
(#13039,#13040),(#13041,#13042)),.SURF_OF_LINEAR_EXTRUSION.,.F.,.F.,.F.,
(4,4),(2,2),(0.,1.),(0.,1.),.PIECEWISE_BEZIER_KNOTS.);
#178=B_SPLINE_SURFACE_WITH_KNOTS('',3,1,((#13052,#13053),(#13054,#13055),
(#13056,#13057),(#13058,#13059)),.SURF_OF_LINEAR_EXTRUSION.,.F.,.F.,.F.,
(4,4),(2,2),(0.,1.),(0.,1.),.PIECEWISE_BEZIER_KNOTS.);
#179=B_SPLINE_SURFACE_WITH_KNOTS('',3,1,((#13069,#13070),(#13071,#13072),
(#13073,#13074),(#13075,#13076)),.SURF_OF_LINEAR_EXTRUSION.,.F.,.F.,.F.,
(4,4),(2,2),(0.,1.),(0.,1.),.PIECEWISE_BEZIER_KNOTS.);
#180=B_SPLINE_SURFACE_WITH_KNOTS('',3,1,((#13086,#13087),(#13088,#13089),
(#13090,#13091),(#13092,#13093)),.SURF_OF_LINEAR_EXTRUSION.,.F.,.F.,.F.,
(4,4),(2,2),(0.,1.),(0.,1.),.PIECEWISE_BEZIER_KNOTS.);
#181=B_SPLINE_SURFACE_WITH_KNOTS('',3,1,((#13103,#13104),(#13105,#13106),
(#13107,#13108),(#13109,#13110)),.SURF_OF_LINEAR_EXTRUSION.,.F.,.F.,.F.,
(4,4),(2,2),(0.,1.),(0.,1.),.PIECEWISE_BEZIER_KNOTS.);
#182=B_SPLINE_SURFACE_WITH_KNOTS('',3,1,((#13120,#13121),(#13122,#13123),
(#13124,#13125),(#13126,#13127)),.SURF_OF_LINEAR_EXTRUSION.,.F.,.F.,.F.,
(4,4),(2,2),(0.,1.),(0.,1.),.PIECEWISE_BEZIER_KNOTS.);
#183=B_SPLINE_SURFACE_WITH_KNOTS('',3,1,((#13137,#13138),(#13139,#13140),
(#13141,#13142),(#13143,#13144)),.SURF_OF_LINEAR_EXTRUSION.,.F.,.F.,.F.,
(4,4),(2,2),(0.,1.),(0.,1.),.PIECEWISE_BEZIER_KNOTS.);
#184=B_SPLINE_SURFACE_WITH_KNOTS('',3,1,((#13172,#13173),(#13174,#13175),
(#13176,#13177),(#13178,#13179)),.SURF_OF_LINEAR_EXTRUSION.,.F.,.F.,.F.,
(4,4),(2,2),(0.,1.),(0.,1.),.PIECEWISE_BEZIER_KNOTS.);
#185=B_SPLINE_SURFACE_WITH_KNOTS('',3,1,((#13185,#13186),(#13187,#13188),
(#13189,#13190),(#13191,#13192)),.SURF_OF_LINEAR_EXTRUSION.,.F.,.F.,.F.,
(4,4),(2,2),(0.,1.),(0.,1.),.PIECEWISE_BEZIER_KNOTS.);
#186=B_SPLINE_SURFACE_WITH_KNOTS('',3,1,((#13198,#13199),(#13200,#13201),
(#13202,#13203),(#13204,#13205)),.SURF_OF_LINEAR_EXTRUSION.,.F.,.F.,.F.,
(4,4),(2,2),(0.,1.),(0.,1.),.PIECEWISE_BEZIER_KNOTS.);
#187=B_SPLINE_SURFACE_WITH_KNOTS('',3,1,((#13211,#13212),(#13213,#13214),
(#13215,#13216),(#13217,#13218)),.SURF_OF_LINEAR_EXTRUSION.,.F.,.F.,.F.,
(4,4),(2,2),(0.,1.),(0.,1.),.PIECEWISE_BEZIER_KNOTS.);
#188=B_SPLINE_SURFACE_WITH_KNOTS('',3,1,((#13224,#13225),(#13226,#13227),
(#13228,#13229),(#13230,#13231)),.SURF_OF_LINEAR_EXTRUSION.,.F.,.F.,.F.,
(4,4),(2,2),(0.,1.),(0.,1.),.PIECEWISE_BEZIER_KNOTS.);
#189=B_SPLINE_SURFACE_WITH_KNOTS('',3,1,((#13237,#13238),(#13239,#13240),
(#13241,#13242),(#13243,#13244)),.SURF_OF_LINEAR_EXTRUSION.,.F.,.F.,.F.,
(4,4),(2,2),(0.,1.),(0.,1.),.PIECEWISE_BEZIER_KNOTS.);
#190=B_SPLINE_SURFACE_WITH_KNOTS('',3,1,((#13250,#13251),(#13252,#13253),
(#13254,#13255),(#13256,#13257)),.SURF_OF_LINEAR_EXTRUSION.,.F.,.F.,.F.,
(4,4),(2,2),(0.,1.),(0.,1.),.PIECEWISE_BEZIER_KNOTS.);
#191=B_SPLINE_SURFACE_WITH_KNOTS('',3,1,((#13277,#13278),(#13279,#13280),
(#13281,#13282),(#13283,#13284)),.SURF_OF_LINEAR_EXTRUSION.,.F.,.F.,.F.,
(4,4),(2,2),(0.,1.),(0.,1.),.PIECEWISE_BEZIER_KNOTS.);
#192=B_SPLINE_SURFACE_WITH_KNOTS('',3,1,((#13292,#13293),(#13294,#13295),
(#13296,#13297),(#13298,#13299)),.SURF_OF_LINEAR_EXTRUSION.,.F.,.F.,.F.,
(4,4),(2,2),(0.,1.),(0.,1.),.PIECEWISE_BEZIER_KNOTS.);
#193=B_SPLINE_SURFACE_WITH_KNOTS('',3,1,((#13318,#13319),(#13320,#13321),
(#13322,#13323),(#13324,#13325)),.SURF_OF_LINEAR_EXTRUSION.,.F.,.F.,.F.,
(4,4),(2,2),(0.,1.),(0.,1.),.PIECEWISE_BEZIER_KNOTS.);
#194=B_SPLINE_SURFACE_WITH_KNOTS('',3,1,((#13335,#13336),(#13337,#13338),
(#13339,#13340),(#13341,#13342)),.SURF_OF_LINEAR_EXTRUSION.,.F.,.F.,.F.,
(4,4),(2,2),(0.,1.),(0.,1.),.PIECEWISE_BEZIER_KNOTS.);
#195=B_SPLINE_SURFACE_WITH_KNOTS('',3,1,((#13352,#13353),(#13354,#13355),
(#13356,#13357),(#13358,#13359)),.SURF_OF_LINEAR_EXTRUSION.,.F.,.F.,.F.,
(4,4),(2,2),(0.,1.),(0.,1.),.PIECEWISE_BEZIER_KNOTS.);
#196=B_SPLINE_SURFACE_WITH_KNOTS('',3,1,((#13367,#13368),(#13369,#13370),
(#13371,#13372),(#13373,#13374)),.SURF_OF_LINEAR_EXTRUSION.,.F.,.F.,.F.,
(4,4),(2,2),(0.,1.),(0.,1.),.PIECEWISE_BEZIER_KNOTS.);
#197=B_SPLINE_SURFACE_WITH_KNOTS('',3,1,((#13380,#13381),(#13382,#13383),
(#13384,#13385),(#13386,#13387)),.SURF_OF_LINEAR_EXTRUSION.,.F.,.F.,.F.,
(4,4),(2,2),(0.,1.),(0.,1.),.PIECEWISE_BEZIER_KNOTS.);
#198=B_SPLINE_SURFACE_WITH_KNOTS('',3,1,((#13393,#13394),(#13395,#13396),
(#13397,#13398),(#13399,#13400)),.SURF_OF_LINEAR_EXTRUSION.,.F.,.F.,.F.,
(4,4),(2,2),(0.,1.),(0.,1.),.PIECEWISE_BEZIER_KNOTS.);
#199=B_SPLINE_SURFACE_WITH_KNOTS('',3,1,((#13406,#13407),(#13408,#13409),
(#13410,#13411),(#13412,#13413)),.SURF_OF_LINEAR_EXTRUSION.,.F.,.F.,.F.,
(4,4),(2,2),(0.,1.),(0.,1.),.PIECEWISE_BEZIER_KNOTS.);
#200=B_SPLINE_SURFACE_WITH_KNOTS('',3,1,((#13419,#13420),(#13421,#13422),
(#13423,#13424),(#13425,#13426)),.SURF_OF_LINEAR_EXTRUSION.,.F.,.F.,.F.,
(4,4),(2,2),(0.,1.),(0.,1.),.PIECEWISE_BEZIER_KNOTS.);
#201=B_SPLINE_SURFACE_WITH_KNOTS('',3,1,((#13432,#13433),(#13434,#13435),
(#13436,#13437),(#13438,#13439)),.SURF_OF_LINEAR_EXTRUSION.,.F.,.F.,.F.,
(4,4),(2,2),(0.,1.),(0.,1.),.PIECEWISE_BEZIER_KNOTS.);
#202=B_SPLINE_SURFACE_WITH_KNOTS('',3,1,((#13445,#13446),(#13447,#13448),
(#13449,#13450),(#13451,#13452)),.SURF_OF_LINEAR_EXTRUSION.,.F.,.F.,.F.,
(4,4),(2,2),(0.,1.),(0.,1.),.PIECEWISE_BEZIER_KNOTS.);
#203=B_SPLINE_SURFACE_WITH_KNOTS('',3,1,((#13470,#13471),(#13472,#13473),
(#13474,#13475),(#13476,#13477)),.SURF_OF_LINEAR_EXTRUSION.,.F.,.F.,.F.,
(4,4),(2,2),(0.,1.),(0.,1.),.PIECEWISE_BEZIER_KNOTS.);
#204=B_SPLINE_SURFACE_WITH_KNOTS('',3,1,((#13483,#13484),(#13485,#13486),
(#13487,#13488),(#13489,#13490)),.SURF_OF_LINEAR_EXTRUSION.,.F.,.F.,.F.,
(4,4),(2,2),(0.,1.),(0.,1.),.PIECEWISE_BEZIER_KNOTS.);
#205=B_SPLINE_SURFACE_WITH_KNOTS('',3,1,((#13496,#13497),(#13498,#13499),
(#13500,#13501),(#13502,#13503)),.SURF_OF_LINEAR_EXTRUSION.,.F.,.F.,.F.,
(4,4),(2,2),(0.,1.),(0.,1.),.PIECEWISE_BEZIER_KNOTS.);
#206=B_SPLINE_SURFACE_WITH_KNOTS('',3,1,((#13517,#13518),(#13519,#13520),
(#13521,#13522),(#13523,#13524)),.SURF_OF_LINEAR_EXTRUSION.,.F.,.F.,.F.,
(4,4),(2,2),(0.,1.),(0.,1.),.PIECEWISE_BEZIER_KNOTS.);
#207=B_SPLINE_SURFACE_WITH_KNOTS('',3,1,((#13532,#13533),(#13534,#13535),
(#13536,#13537),(#13538,#13539)),.SURF_OF_LINEAR_EXTRUSION.,.F.,.F.,.F.,
(4,4),(2,2),(0.,1.),(0.,1.),.PIECEWISE_BEZIER_KNOTS.);
#208=DRAUGHTING_PRE_DEFINED_COLOUR('black');
#209=B_SPLINE_CURVE_WITH_KNOTS('',2,(#9869,#9870,#9871),.UNSPECIFIED.,.F.,
 .F.,(3,3),(0.,1.),.PIECEWISE_BEZIER_KNOTS.);
#210=B_SPLINE_CURVE_WITH_KNOTS('',2,(#9873,#9874,#9875),.UNSPECIFIED.,.F.,
 .F.,(3,3),(0.,1.),.PIECEWISE_BEZIER_KNOTS.);
#211=B_SPLINE_CURVE_WITH_KNOTS('',2,(#9877,#9878,#9879),.UNSPECIFIED.,.F.,
 .F.,(3,3),(0.,1.),.PIECEWISE_BEZIER_KNOTS.);
#212=B_SPLINE_CURVE_WITH_KNOTS('',2,(#9881,#9882,#9883),.UNSPECIFIED.,.F.,
 .F.,(3,3),(0.,1.),.PIECEWISE_BEZIER_KNOTS.);
#213=B_SPLINE_CURVE_WITH_KNOTS('',2,(#9885,#9886,#9887),.UNSPECIFIED.,.F.,
 .F.,(3,3),(0.,1.),.PIECEWISE_BEZIER_KNOTS.);
#214=B_SPLINE_CURVE_WITH_KNOTS('',2,(#9889,#9890,#9891),.UNSPECIFIED.,.F.,
 .F.,(3,3),(0.,1.),.PIECEWISE_BEZIER_KNOTS.);
#215=B_SPLINE_CURVE_WITH_KNOTS('',2,(#9893,#9894,#9895),.UNSPECIFIED.,.F.,
 .F.,(3,3),(0.,1.),.PIECEWISE_BEZIER_KNOTS.);
#216=B_SPLINE_CURVE_WITH_KNOTS('',2,(#9900,#9901,#9902),.UNSPECIFIED.,.F.,
 .F.,(3,3),(0.,1.),.PIECEWISE_BEZIER_KNOTS.);
#217=B_SPLINE_CURVE_WITH_KNOTS('',2,(#9905,#9906,#9907),.UNSPECIFIED.,.F.,
 .F.,(3,3),(0.,1.),.PIECEWISE_BEZIER_KNOTS.);
#218=B_SPLINE_CURVE_WITH_KNOTS('',2,(#9909,#9910,#9911),.UNSPECIFIED.,.F.,
 .F.,(3,3),(0.,1.),.PIECEWISE_BEZIER_KNOTS.);
#219=B_SPLINE_CURVE_WITH_KNOTS('',2,(#9913,#9914,#9915),.UNSPECIFIED.,.F.,
 .F.,(3,3),(0.,1.),.PIECEWISE_BEZIER_KNOTS.);
#220=B_SPLINE_CURVE_WITH_KNOTS('',2,(#9917,#9918,#9919),.UNSPECIFIED.,.F.,
 .F.,(3,3),(0.,1.),.PIECEWISE_BEZIER_KNOTS.);
#221=B_SPLINE_CURVE_WITH_KNOTS('',2,(#9921,#9922,#9923),.UNSPECIFIED.,.F.,
 .F.,(3,3),(0.,1.),.PIECEWISE_BEZIER_KNOTS.);
#222=B_SPLINE_CURVE_WITH_KNOTS('',2,(#9925,#9926,#9927),.UNSPECIFIED.,.F.,
 .F.,(3,3),(0.,1.),.PIECEWISE_BEZIER_KNOTS.);
#223=B_SPLINE_CURVE_WITH_KNOTS('',2,(#9929,#9930,#9931),.UNSPECIFIED.,.F.,
 .F.,(3,3),(0.,1.),.PIECEWISE_BEZIER_KNOTS.);
#224=B_SPLINE_CURVE_WITH_KNOTS('',2,(#9933,#9934,#9935),.UNSPECIFIED.,.F.,
 .F.,(3,3),(0.,1.),.PIECEWISE_BEZIER_KNOTS.);
#225=B_SPLINE_CURVE_WITH_KNOTS('',2,(#9937,#9938,#9939),.UNSPECIFIED.,.F.,
 .F.,(3,3),(0.,1.),.PIECEWISE_BEZIER_KNOTS.);
#226=B_SPLINE_CURVE_WITH_KNOTS('',2,(#9941,#9942,#9943),.UNSPECIFIED.,.F.,
 .F.,(3,3),(0.,1.),.PIECEWISE_BEZIER_KNOTS.);
#227=B_SPLINE_CURVE_WITH_KNOTS('',2,(#9945,#9946,#9947),.UNSPECIFIED.,.F.,
 .F.,(3,3),(0.,1.),.PIECEWISE_BEZIER_KNOTS.);
#228=B_SPLINE_CURVE_WITH_KNOTS('',2,(#9972,#9973,#9974),.UNSPECIFIED.,.F.,
 .F.,(3,3),(0.,1.),.PIECEWISE_BEZIER_KNOTS.);
#229=B_SPLINE_CURVE_WITH_KNOTS('',2,(#9985,#9986,#9987),.UNSPECIFIED.,.F.,
 .F.,(3,3),(0.,1.),.PIECEWISE_BEZIER_KNOTS.);
#230=B_SPLINE_CURVE_WITH_KNOTS('',2,(#9989,#9990,#9991),.UNSPECIFIED.,.F.,
 .F.,(3,3),(0.,1.),.PIECEWISE_BEZIER_KNOTS.);
#231=B_SPLINE_CURVE_WITH_KNOTS('',2,(#10003,#10004,#10005),
 .UNSPECIFIED.,.F.,.F.,(3,3),(0.,1.),.PIECEWISE_BEZIER_KNOTS.);
#232=B_SPLINE_CURVE_WITH_KNOTS('',2,(#10006,#10007,#10008),
 .UNSPECIFIED.,.F.,.F.,(3,3),(0.,1.),.PIECEWISE_BEZIER_KNOTS.);
#233=B_SPLINE_CURVE_WITH_KNOTS('',2,(#10019,#10020,#10021),
 .UNSPECIFIED.,.F.,.F.,(3,3),(0.,1.),.PIECEWISE_BEZIER_KNOTS.);
#234=B_SPLINE_CURVE_WITH_KNOTS('',2,(#10023,#10024,#10025),
 .UNSPECIFIED.,.F.,.F.,(3,3),(0.,1.),.PIECEWISE_BEZIER_KNOTS.);
#235=B_SPLINE_CURVE_WITH_KNOTS('',2,(#10037,#10038,#10039),
 .UNSPECIFIED.,.F.,.F.,(3,3),(0.,1.),.PIECEWISE_BEZIER_KNOTS.);
#236=B_SPLINE_CURVE_WITH_KNOTS('',2,(#10040,#10041,#10042),
 .UNSPECIFIED.,.F.,.F.,(3,3),(0.,1.),.PIECEWISE_BEZIER_KNOTS.);
#237=B_SPLINE_CURVE_WITH_KNOTS('',2,(#10045,#10046,#10047),
 .UNSPECIFIED.,.F.,.F.,(3,3),(0.,1.),.PIECEWISE_BEZIER_KNOTS.);
#238=B_SPLINE_CURVE_WITH_KNOTS('',2,(#10049,#10050,#10051),
 .UNSPECIFIED.,.F.,.F.,(3,3),(0.,1.),.PIECEWISE_BEZIER_KNOTS.);
#239=B_SPLINE_CURVE_WITH_KNOTS('',2,(#10059,#10060,#10061),
 .UNSPECIFIED.,.F.,.F.,(3,3),(0.,1.),.PIECEWISE_BEZIER_KNOTS.);
#240=B_SPLINE_CURVE_WITH_KNOTS('',2,(#10063,#10064,#10065),
 .UNSPECIFIED.,.F.,.F.,(3,3),(0.,1.),.PIECEWISE_BEZIER_KNOTS.);
#241=B_SPLINE_CURVE_WITH_KNOTS('',2,(#10067,#10068,#10069),
 .UNSPECIFIED.,.F.,.F.,(3,3),(0.,1.),.PIECEWISE_BEZIER_KNOTS.);
#242=B_SPLINE_CURVE_WITH_KNOTS('',2,(#10071,#10072,#10073),
 .UNSPECIFIED.,.F.,.F.,(3,3),(0.,1.),.PIECEWISE_BEZIER_KNOTS.);
#243=B_SPLINE_CURVE_WITH_KNOTS('',2,(#10081,#10082,#10083),
 .UNSPECIFIED.,.F.,.F.,(3,3),(0.,1.),.PIECEWISE_BEZIER_KNOTS.);
#244=B_SPLINE_CURVE_WITH_KNOTS('',2,(#10085,#10086,#10087),
 .UNSPECIFIED.,.F.,.F.,(3,3),(0.,1.),.PIECEWISE_BEZIER_KNOTS.);
#245=B_SPLINE_CURVE_WITH_KNOTS('',2,(#10089,#10090,#10091),
 .UNSPECIFIED.,.F.,.F.,(3,3),(0.,1.),.PIECEWISE_BEZIER_KNOTS.);
#246=B_SPLINE_CURVE_WITH_KNOTS('',2,(#10093,#10094,#10095),
 .UNSPECIFIED.,.F.,.F.,(3,3),(0.,1.),.PIECEWISE_BEZIER_KNOTS.);
#247=B_SPLINE_CURVE_WITH_KNOTS('',2,(#10107,#10108,#10109),
 .UNSPECIFIED.,.F.,.F.,(3,3),(0.,1.),.PIECEWISE_BEZIER_KNOTS.);
#248=B_SPLINE_CURVE_WITH_KNOTS('',2,(#10111,#10112,#10113),
 .UNSPECIFIED.,.F.,.F.,(3,3),(0.,1.),.PIECEWISE_BEZIER_KNOTS.);
#249=B_SPLINE_CURVE_WITH_KNOTS('',2,(#10115,#10116,#10117),
 .UNSPECIFIED.,.F.,.F.,(3,3),(0.,1.),.PIECEWISE_BEZIER_KNOTS.);
#250=B_SPLINE_CURVE_WITH_KNOTS('',2,(#10119,#10120,#10121),
 .UNSPECIFIED.,.F.,.F.,(3,3),(0.,1.),.PIECEWISE_BEZIER_KNOTS.);
#251=B_SPLINE_CURVE_WITH_KNOTS('',2,(#10123,#10124,#10125),
 .UNSPECIFIED.,.F.,.F.,(3,3),(0.,1.),.PIECEWISE_BEZIER_KNOTS.);
#252=B_SPLINE_CURVE_WITH_KNOTS('',2,(#10126,#10127,#10128),
 .UNSPECIFIED.,.F.,.F.,(3,3),(0.,1.),.PIECEWISE_BEZIER_KNOTS.);
#253=B_SPLINE_CURVE_WITH_KNOTS('',2,(#10131,#10132,#10133),
 .UNSPECIFIED.,.F.,.F.,(3,3),(0.,1.),.PIECEWISE_BEZIER_KNOTS.);
#254=B_SPLINE_CURVE_WITH_KNOTS('',2,(#10135,#10136,#10137),
 .UNSPECIFIED.,.F.,.F.,(3,3),(0.,1.),.PIECEWISE_BEZIER_KNOTS.);
#255=B_SPLINE_CURVE_WITH_KNOTS('',2,(#10145,#10146,#10147),
 .UNSPECIFIED.,.F.,.F.,(3,3),(0.,1.),.PIECEWISE_BEZIER_KNOTS.);
#256=B_SPLINE_CURVE_WITH_KNOTS('',2,(#10149,#10150,#10151),
 .UNSPECIFIED.,.F.,.F.,(3,3),(0.,1.),.PIECEWISE_BEZIER_KNOTS.);
#257=B_SPLINE_CURVE_WITH_KNOTS('',2,(#10153,#10154,#10155),
 .UNSPECIFIED.,.F.,.F.,(3,3),(0.,1.),.PIECEWISE_BEZIER_KNOTS.);
#258=B_SPLINE_CURVE_WITH_KNOTS('',2,(#10157,#10158,#10159),
 .UNSPECIFIED.,.F.,.F.,(3,3),(0.,1.),.PIECEWISE_BEZIER_KNOTS.);
#259=B_SPLINE_CURVE_WITH_KNOTS('',2,(#10167,#10168,#10169),
 .UNSPECIFIED.,.F.,.F.,(3,3),(0.,1.),.PIECEWISE_BEZIER_KNOTS.);
#260=B_SPLINE_CURVE_WITH_KNOTS('',2,(#10171,#10172,#10173),
 .UNSPECIFIED.,.F.,.F.,(3,3),(0.,1.),.PIECEWISE_BEZIER_KNOTS.);
#261=B_SPLINE_CURVE_WITH_KNOTS('',2,(#10175,#10176,#10177),
 .UNSPECIFIED.,.F.,.F.,(3,3),(0.,1.),.PIECEWISE_BEZIER_KNOTS.);
#262=B_SPLINE_CURVE_WITH_KNOTS('',2,(#10179,#10180,#10181),
 .UNSPECIFIED.,.F.,.F.,(3,3),(0.,1.),.PIECEWISE_BEZIER_KNOTS.);
#263=B_SPLINE_CURVE_WITH_KNOTS('',2,(#10193,#10194,#10195),
 .UNSPECIFIED.,.F.,.F.,(3,3),(0.,1.),.PIECEWISE_BEZIER_KNOTS.);
#264=B_SPLINE_CURVE_WITH_KNOTS('',2,(#10197,#10198,#10199),
 .UNSPECIFIED.,.F.,.F.,(3,3),(0.,1.),.PIECEWISE_BEZIER_KNOTS.);
#265=B_SPLINE_CURVE_WITH_KNOTS('',2,(#10201,#10202,#10203),
 .UNSPECIFIED.,.F.,.F.,(3,3),(0.,1.),.PIECEWISE_BEZIER_KNOTS.);
#266=B_SPLINE_CURVE_WITH_KNOTS('',2,(#10205,#10206,#10207),
 .UNSPECIFIED.,.F.,.F.,(3,3),(0.,1.),.PIECEWISE_BEZIER_KNOTS.);
#267=B_SPLINE_CURVE_WITH_KNOTS('',2,(#10209,#10210,#10211),
 .UNSPECIFIED.,.F.,.F.,(3,3),(0.,1.),.PIECEWISE_BEZIER_KNOTS.);
#268=B_SPLINE_CURVE_WITH_KNOTS('',2,(#10212,#10213,#10214),
 .UNSPECIFIED.,.F.,.F.,(3,3),(0.,1.),.PIECEWISE_BEZIER_KNOTS.);
#269=B_SPLINE_CURVE_WITH_KNOTS('',2,(#10225,#10226,#10227),
 .UNSPECIFIED.,.F.,.F.,(3,3),(0.,1.),.PIECEWISE_BEZIER_KNOTS.);
#270=B_SPLINE_CURVE_WITH_KNOTS('',2,(#10229,#10230,#10231),
 .UNSPECIFIED.,.F.,.F.,(3,3),(0.,1.),.PIECEWISE_BEZIER_KNOTS.);
#271=B_SPLINE_CURVE_WITH_KNOTS('',2,(#10243,#10244,#10245),
 .UNSPECIFIED.,.F.,.F.,(3,3),(0.,1.),.PIECEWISE_BEZIER_KNOTS.);
#272=B_SPLINE_CURVE_WITH_KNOTS('',2,(#10246,#10247,#10248),
 .UNSPECIFIED.,.F.,.F.,(3,3),(0.,1.),.PIECEWISE_BEZIER_KNOTS.);
#273=B_SPLINE_CURVE_WITH_KNOTS('',2,(#10251,#10252,#10253),
 .UNSPECIFIED.,.F.,.F.,(3,3),(0.,1.),.PIECEWISE_BEZIER_KNOTS.);
#274=B_SPLINE_CURVE_WITH_KNOTS('',2,(#10257,#10258,#10259),
 .UNSPECIFIED.,.F.,.F.,(3,3),(0.,1.),.PIECEWISE_BEZIER_KNOTS.);
#275=B_SPLINE_CURVE_WITH_KNOTS('',2,(#10265,#10266,#10267),
 .UNSPECIFIED.,.F.,.F.,(3,3),(0.,1.),.PIECEWISE_BEZIER_KNOTS.);
#276=B_SPLINE_CURVE_WITH_KNOTS('',2,(#10269,#10270,#10271),
 .UNSPECIFIED.,.F.,.F.,(3,3),(0.,1.),.PIECEWISE_BEZIER_KNOTS.);
#277=B_SPLINE_CURVE_WITH_KNOTS('',2,(#10273,#10274,#10275),
 .UNSPECIFIED.,.F.,.F.,(3,3),(0.,1.),.PIECEWISE_BEZIER_KNOTS.);
#278=B_SPLINE_CURVE_WITH_KNOTS('',2,(#10283,#10284,#10285),
 .UNSPECIFIED.,.F.,.F.,(3,3),(0.,1.),.PIECEWISE_BEZIER_KNOTS.);
#279=B_SPLINE_CURVE_WITH_KNOTS('',2,(#10287,#10288,#10289),
 .UNSPECIFIED.,.F.,.F.,(3,3),(0.,1.),.PIECEWISE_BEZIER_KNOTS.);
#280=B_SPLINE_CURVE_WITH_KNOTS('',2,(#10291,#10292,#10293),
 .UNSPECIFIED.,.F.,.F.,(3,3),(0.,1.),.PIECEWISE_BEZIER_KNOTS.);
#281=B_SPLINE_CURVE_WITH_KNOTS('',2,(#10295,#10296,#10297),
 .UNSPECIFIED.,.F.,.F.,(3,3),(0.,1.),.PIECEWISE_BEZIER_KNOTS.);
#282=B_SPLINE_CURVE_WITH_KNOTS('',2,(#10299,#10300,#10301),
 .UNSPECIFIED.,.F.,.F.,(3,3),(0.,1.),.PIECEWISE_BEZIER_KNOTS.);
#283=B_SPLINE_CURVE_WITH_KNOTS('',2,(#10303,#10304,#10305),
 .UNSPECIFIED.,.F.,.F.,(3,3),(0.,1.),.PIECEWISE_BEZIER_KNOTS.);
#284=B_SPLINE_CURVE_WITH_KNOTS('',2,(#10359,#10360,#10361),
 .UNSPECIFIED.,.F.,.F.,(3,3),(0.,1.),.PIECEWISE_BEZIER_KNOTS.);
#285=B_SPLINE_CURVE_WITH_KNOTS('',2,(#10363,#10364,#10365),
 .UNSPECIFIED.,.F.,.F.,(3,3),(0.,1.),.PIECEWISE_BEZIER_KNOTS.);
#286=B_SPLINE_CURVE_WITH_KNOTS('',2,(#10367,#10368,#10369),
 .UNSPECIFIED.,.F.,.F.,(3,3),(0.,1.),.PIECEWISE_BEZIER_KNOTS.);
#287=B_SPLINE_CURVE_WITH_KNOTS('',2,(#10371,#10372,#10373),
 .UNSPECIFIED.,.F.,.F.,(3,3),(0.,1.),.PIECEWISE_BEZIER_KNOTS.);
#288=B_SPLINE_CURVE_WITH_KNOTS('',2,(#10375,#10376,#10377),
 .UNSPECIFIED.,.F.,.F.,(3,3),(0.,1.),.PIECEWISE_BEZIER_KNOTS.);
#289=B_SPLINE_CURVE_WITH_KNOTS('',2,(#10379,#10380,#10381),
 .UNSPECIFIED.,.F.,.F.,(3,3),(0.,1.),.PIECEWISE_BEZIER_KNOTS.);
#290=B_SPLINE_CURVE_WITH_KNOTS('',2,(#10383,#10384,#10385),
 .UNSPECIFIED.,.F.,.F.,(3,3),(0.,1.),.PIECEWISE_BEZIER_KNOTS.);
#291=B_SPLINE_CURVE_WITH_KNOTS('',2,(#10395,#10396,#10397),
 .UNSPECIFIED.,.F.,.F.,(3,3),(0.,1.),.PIECEWISE_BEZIER_KNOTS.);
#292=B_SPLINE_CURVE_WITH_KNOTS('',2,(#10399,#10400,#10401),
 .UNSPECIFIED.,.F.,.F.,(3,3),(0.,1.),.PIECEWISE_BEZIER_KNOTS.);
#293=B_SPLINE_CURVE_WITH_KNOTS('',2,(#10403,#10404,#10405),
 .UNSPECIFIED.,.F.,.F.,(3,3),(0.,1.),.PIECEWISE_BEZIER_KNOTS.);
#294=B_SPLINE_CURVE_WITH_KNOTS('',2,(#10407,#10408,#10409),
 .UNSPECIFIED.,.F.,.F.,(3,3),(0.,1.),.PIECEWISE_BEZIER_KNOTS.);
#295=B_SPLINE_CURVE_WITH_KNOTS('',2,(#10421,#10422,#10423),
 .UNSPECIFIED.,.F.,.F.,(3,3),(0.,1.),.PIECEWISE_BEZIER_KNOTS.);
#296=B_SPLINE_CURVE_WITH_KNOTS('',2,(#10427,#10428,#10429),
 .UNSPECIFIED.,.F.,.F.,(3,3),(0.,1.),.PIECEWISE_BEZIER_KNOTS.);
#297=B_SPLINE_CURVE_WITH_KNOTS('',2,(#10437,#10438,#10439),
 .UNSPECIFIED.,.F.,.F.,(3,3),(0.,1.),.PIECEWISE_BEZIER_KNOTS.);
#298=B_SPLINE_CURVE_WITH_KNOTS('',2,(#10441,#10442,#10443),
 .UNSPECIFIED.,.F.,.F.,(3,3),(0.,1.),.PIECEWISE_BEZIER_KNOTS.);
#299=B_SPLINE_CURVE_WITH_KNOTS('',2,(#10451,#10452,#10453),
 .UNSPECIFIED.,.F.,.F.,(3,3),(0.,1.),.PIECEWISE_BEZIER_KNOTS.);
#300=B_SPLINE_CURVE_WITH_KNOTS('',2,(#10455,#10456,#10457),
 .UNSPECIFIED.,.F.,.F.,(3,3),(0.,1.),.PIECEWISE_BEZIER_KNOTS.);
#301=B_SPLINE_CURVE_WITH_KNOTS('',2,(#10459,#10460,#10461),
 .UNSPECIFIED.,.F.,.F.,(3,3),(0.,1.),.PIECEWISE_BEZIER_KNOTS.);
#302=B_SPLINE_CURVE_WITH_KNOTS('',2,(#10463,#10464,#10465),
 .UNSPECIFIED.,.F.,.F.,(3,3),(0.,1.),.PIECEWISE_BEZIER_KNOTS.);
#303=B_SPLINE_CURVE_WITH_KNOTS('',2,(#10467,#10468,#10469),
 .UNSPECIFIED.,.F.,.F.,(3,3),(0.,1.),.PIECEWISE_BEZIER_KNOTS.);
#304=B_SPLINE_CURVE_WITH_KNOTS('',2,(#10471,#10472,#10473),
 .UNSPECIFIED.,.F.,.F.,(3,3),(0.,1.),.PIECEWISE_BEZIER_KNOTS.);
#305=B_SPLINE_CURVE_WITH_KNOTS('',2,(#10475,#10476,#10477),
 .UNSPECIFIED.,.F.,.F.,(3,3),(0.,1.),.PIECEWISE_BEZIER_KNOTS.);
#306=B_SPLINE_CURVE_WITH_KNOTS('',2,(#10482,#10483,#10484),
 .UNSPECIFIED.,.F.,.F.,(3,3),(0.,1.),.PIECEWISE_BEZIER_KNOTS.);
#307=B_SPLINE_CURVE_WITH_KNOTS('',2,(#10487,#10488,#10489),
 .UNSPECIFIED.,.F.,.F.,(3,3),(0.,1.),.PIECEWISE_BEZIER_KNOTS.);
#308=B_SPLINE_CURVE_WITH_KNOTS('',2,(#10493,#10494,#10495),
 .UNSPECIFIED.,.F.,.F.,(3,3),(0.,1.),.PIECEWISE_BEZIER_KNOTS.);
#309=B_SPLINE_CURVE_WITH_KNOTS('',2,(#10501,#10502,#10503),
 .UNSPECIFIED.,.F.,.F.,(3,3),(0.,1.),.PIECEWISE_BEZIER_KNOTS.);
#310=B_SPLINE_CURVE_WITH_KNOTS('',2,(#10505,#10506,#10507),
 .UNSPECIFIED.,.F.,.F.,(3,3),(0.,1.),.PIECEWISE_BEZIER_KNOTS.);
#311=B_SPLINE_CURVE_WITH_KNOTS('',2,(#10509,#10510,#10511),
 .UNSPECIFIED.,.F.,.F.,(3,3),(0.,1.),.PIECEWISE_BEZIER_KNOTS.);
#312=B_SPLINE_CURVE_WITH_KNOTS('',2,(#10519,#10520,#10521),
 .UNSPECIFIED.,.F.,.F.,(3,3),(0.,1.),.PIECEWISE_BEZIER_KNOTS.);
#313=B_SPLINE_CURVE_WITH_KNOTS('',2,(#10523,#10524,#10525),
 .UNSPECIFIED.,.F.,.F.,(3,3),(0.,1.),.PIECEWISE_BEZIER_KNOTS.);
#314=B_SPLINE_CURVE_WITH_KNOTS('',2,(#10527,#10528,#10529),
 .UNSPECIFIED.,.F.,.F.,(3,3),(0.,1.),.PIECEWISE_BEZIER_KNOTS.);
#315=B_SPLINE_CURVE_WITH_KNOTS('',2,(#10531,#10532,#10533),
 .UNSPECIFIED.,.F.,.F.,(3,3),(0.,1.),.PIECEWISE_BEZIER_KNOTS.);
#316=B_SPLINE_CURVE_WITH_KNOTS('',2,(#10535,#10536,#10537),
 .UNSPECIFIED.,.F.,.F.,(3,3),(0.,1.),.PIECEWISE_BEZIER_KNOTS.);
#317=B_SPLINE_CURVE_WITH_KNOTS('',2,(#10539,#10540,#10541),
 .UNSPECIFIED.,.F.,.F.,(3,3),(0.,1.),.PIECEWISE_BEZIER_KNOTS.);
#318=B_SPLINE_CURVE_WITH_KNOTS('',2,(#10655,#10656,#10657),
 .UNSPECIFIED.,.F.,.F.,(3,3),(0.,1.),.PIECEWISE_BEZIER_KNOTS.);
#319=B_SPLINE_CURVE_WITH_KNOTS('',2,(#10662,#10663,#10664),
 .UNSPECIFIED.,.F.,.F.,(3,3),(0.,1.),.PIECEWISE_BEZIER_KNOTS.);
#320=B_SPLINE_CURVE_WITH_KNOTS('',2,(#10675,#10676,#10677),
 .UNSPECIFIED.,.F.,.F.,(3,3),(0.,1.),.PIECEWISE_BEZIER_KNOTS.);
#321=B_SPLINE_CURVE_WITH_KNOTS('',2,(#10681,#10682,#10683),
 .UNSPECIFIED.,.F.,.F.,(3,3),(0.,1.),.PIECEWISE_BEZIER_KNOTS.);
#322=B_SPLINE_CURVE_WITH_KNOTS('',2,(#10692,#10693,#10694),
 .UNSPECIFIED.,.F.,.F.,(3,3),(0.,1.),.PIECEWISE_BEZIER_KNOTS.);
#323=B_SPLINE_CURVE_WITH_KNOTS('',2,(#10698,#10699,#10700),
 .UNSPECIFIED.,.F.,.F.,(3,3),(0.,1.),.PIECEWISE_BEZIER_KNOTS.);
#324=B_SPLINE_CURVE_WITH_KNOTS('',2,(#10709,#10710,#10711),
 .UNSPECIFIED.,.F.,.F.,(3,3),(0.,1.),.PIECEWISE_BEZIER_KNOTS.);
#325=B_SPLINE_CURVE_WITH_KNOTS('',2,(#10715,#10716,#10717),
 .UNSPECIFIED.,.F.,.F.,(3,3),(0.,1.),.PIECEWISE_BEZIER_KNOTS.);
#326=B_SPLINE_CURVE_WITH_KNOTS('',2,(#10726,#10727,#10728),
 .UNSPECIFIED.,.F.,.F.,(3,3),(0.,1.),.PIECEWISE_BEZIER_KNOTS.);
#327=B_SPLINE_CURVE_WITH_KNOTS('',2,(#10732,#10733,#10734),
 .UNSPECIFIED.,.F.,.F.,(3,3),(0.,1.),.PIECEWISE_BEZIER_KNOTS.);
#328=B_SPLINE_CURVE_WITH_KNOTS('',2,(#10743,#10744,#10745),
 .UNSPECIFIED.,.F.,.F.,(3,3),(0.,1.),.PIECEWISE_BEZIER_KNOTS.);
#329=B_SPLINE_CURVE_WITH_KNOTS('',2,(#10749,#10750,#10751),
 .UNSPECIFIED.,.F.,.F.,(3,3),(0.,1.),.PIECEWISE_BEZIER_KNOTS.);
#330=B_SPLINE_CURVE_WITH_KNOTS('',2,(#10760,#10761,#10762),
 .UNSPECIFIED.,.F.,.F.,(3,3),(0.,1.),.PIECEWISE_BEZIER_KNOTS.);
#331=B_SPLINE_CURVE_WITH_KNOTS('',2,(#10766,#10767,#10768),
 .UNSPECIFIED.,.F.,.F.,(3,3),(0.,1.),.PIECEWISE_BEZIER_KNOTS.);
#332=B_SPLINE_CURVE_WITH_KNOTS('',2,(#10777,#10778,#10779),
 .UNSPECIFIED.,.F.,.F.,(3,3),(0.,1.),.PIECEWISE_BEZIER_KNOTS.);
#333=B_SPLINE_CURVE_WITH_KNOTS('',2,(#10783,#10784,#10785),
 .UNSPECIFIED.,.F.,.F.,(3,3),(0.,1.),.PIECEWISE_BEZIER_KNOTS.);
#334=B_SPLINE_CURVE_WITH_KNOTS('',2,(#10794,#10795,#10796),
 .UNSPECIFIED.,.F.,.F.,(3,3),(0.,1.),.PIECEWISE_BEZIER_KNOTS.);
#335=B_SPLINE_CURVE_WITH_KNOTS('',2,(#10800,#10801,#10802),
 .UNSPECIFIED.,.F.,.F.,(3,3),(0.,1.),.PIECEWISE_BEZIER_KNOTS.);
#336=B_SPLINE_CURVE_WITH_KNOTS('',2,(#10811,#10812,#10813),
 .UNSPECIFIED.,.F.,.F.,(3,3),(0.,1.),.PIECEWISE_BEZIER_KNOTS.);
#337=B_SPLINE_CURVE_WITH_KNOTS('',2,(#10817,#10818,#10819),
 .UNSPECIFIED.,.F.,.F.,(3,3),(0.,1.),.PIECEWISE_BEZIER_KNOTS.);
#338=B_SPLINE_CURVE_WITH_KNOTS('',2,(#10828,#10829,#10830),
 .UNSPECIFIED.,.F.,.F.,(3,3),(0.,1.),.PIECEWISE_BEZIER_KNOTS.);
#339=B_SPLINE_CURVE_WITH_KNOTS('',2,(#10834,#10835,#10836),
 .UNSPECIFIED.,.F.,.F.,(3,3),(0.,1.),.PIECEWISE_BEZIER_KNOTS.);
#340=B_SPLINE_CURVE_WITH_KNOTS('',2,(#10865,#10866,#10867),
 .UNSPECIFIED.,.F.,.F.,(3,3),(0.,1.),.PIECEWISE_BEZIER_KNOTS.);
#341=B_SPLINE_CURVE_WITH_KNOTS('',2,(#10878,#10879,#10880),
 .UNSPECIFIED.,.F.,.F.,(3,3),(0.,1.),.PIECEWISE_BEZIER_KNOTS.);
#342=B_SPLINE_CURVE_WITH_KNOTS('',2,(#10891,#10892,#10893),
 .UNSPECIFIED.,.F.,.F.,(3,3),(0.,1.),.PIECEWISE_BEZIER_KNOTS.);
#343=B_SPLINE_CURVE_WITH_KNOTS('',2,(#10904,#10905,#10906),
 .UNSPECIFIED.,.F.,.F.,(3,3),(0.,1.),.PIECEWISE_BEZIER_KNOTS.);
#344=B_SPLINE_CURVE_WITH_KNOTS('',2,(#10917,#10918,#10919),
 .UNSPECIFIED.,.F.,.F.,(3,3),(0.,1.),.PIECEWISE_BEZIER_KNOTS.);
#345=B_SPLINE_CURVE_WITH_KNOTS('',2,(#10930,#10931,#10932),
 .UNSPECIFIED.,.F.,.F.,(3,3),(0.,1.),.PIECEWISE_BEZIER_KNOTS.);
#346=B_SPLINE_CURVE_WITH_KNOTS('',2,(#10943,#10944,#10945),
 .UNSPECIFIED.,.F.,.F.,(3,3),(0.,1.),.PIECEWISE_BEZIER_KNOTS.);
#347=B_SPLINE_CURVE_WITH_KNOTS('',2,(#10968,#10969,#10970),
 .UNSPECIFIED.,.F.,.F.,(3,3),(0.,1.),.PIECEWISE_BEZIER_KNOTS.);
#348=B_SPLINE_CURVE_WITH_KNOTS('',2,(#10971,#10972,#10973),
 .UNSPECIFIED.,.F.,.F.,(3,3),(0.,1.),.PIECEWISE_BEZIER_KNOTS.);
#349=B_SPLINE_CURVE_WITH_KNOTS('',2,(#10983,#10984,#10985),
 .UNSPECIFIED.,.F.,.F.,(3,3),(0.,1.),.PIECEWISE_BEZIER_KNOTS.);
#350=B_SPLINE_CURVE_WITH_KNOTS('',2,(#10990,#10991,#10992),
 .UNSPECIFIED.,.F.,.F.,(3,3),(0.,1.),.PIECEWISE_BEZIER_KNOTS.);
#351=B_SPLINE_CURVE_WITH_KNOTS('',2,(#11009,#11010,#11011),
 .UNSPECIFIED.,.F.,.F.,(3,3),(0.,1.),.PIECEWISE_BEZIER_KNOTS.);
#352=B_SPLINE_CURVE_WITH_KNOTS('',2,(#11015,#11016,#11017),
 .UNSPECIFIED.,.F.,.F.,(3,3),(0.,1.),.PIECEWISE_BEZIER_KNOTS.);
#353=B_SPLINE_CURVE_WITH_KNOTS('',2,(#11026,#11027,#11028),
 .UNSPECIFIED.,.F.,.F.,(3,3),(0.,1.),.PIECEWISE_BEZIER_KNOTS.);
#354=B_SPLINE_CURVE_WITH_KNOTS('',2,(#11032,#11033,#11034),
 .UNSPECIFIED.,.F.,.F.,(3,3),(0.,1.),.PIECEWISE_BEZIER_KNOTS.);
#355=B_SPLINE_CURVE_WITH_KNOTS('',2,(#11045,#11046,#11047),
 .UNSPECIFIED.,.F.,.F.,(3,3),(0.,1.),.PIECEWISE_BEZIER_KNOTS.);
#356=B_SPLINE_CURVE_WITH_KNOTS('',2,(#11060,#11061,#11062),
 .UNSPECIFIED.,.F.,.F.,(3,3),(0.,1.),.PIECEWISE_BEZIER_KNOTS.);
#357=B_SPLINE_CURVE_WITH_KNOTS('',2,(#11073,#11074,#11075),
 .UNSPECIFIED.,.F.,.F.,(3,3),(0.,1.),.PIECEWISE_BEZIER_KNOTS.);
#358=B_SPLINE_CURVE_WITH_KNOTS('',2,(#11086,#11087,#11088),
 .UNSPECIFIED.,.F.,.F.,(3,3),(0.,1.),.PIECEWISE_BEZIER_KNOTS.);
#359=B_SPLINE_CURVE_WITH_KNOTS('',2,(#11099,#11100,#11101),
 .UNSPECIFIED.,.F.,.F.,(3,3),(0.,1.),.PIECEWISE_BEZIER_KNOTS.);
#360=B_SPLINE_CURVE_WITH_KNOTS('',2,(#11112,#11113,#11114),
 .UNSPECIFIED.,.F.,.F.,(3,3),(0.,1.),.PIECEWISE_BEZIER_KNOTS.);
#361=B_SPLINE_CURVE_WITH_KNOTS('',2,(#11125,#11126,#11127),
 .UNSPECIFIED.,.F.,.F.,(3,3),(0.,1.),.PIECEWISE_BEZIER_KNOTS.);
#362=B_SPLINE_CURVE_WITH_KNOTS('',2,(#11138,#11139,#11140),
 .UNSPECIFIED.,.F.,.F.,(3,3),(0.,1.),.PIECEWISE_BEZIER_KNOTS.);
#363=B_SPLINE_CURVE_WITH_KNOTS('',2,(#11163,#11164,#11165),
 .UNSPECIFIED.,.F.,.F.,(3,3),(0.,1.),.PIECEWISE_BEZIER_KNOTS.);
#364=B_SPLINE_CURVE_WITH_KNOTS('',2,(#11176,#11177,#11178),
 .UNSPECIFIED.,.F.,.F.,(3,3),(0.,1.),.PIECEWISE_BEZIER_KNOTS.);
#365=B_SPLINE_CURVE_WITH_KNOTS('',2,(#11189,#11190,#11191),
 .UNSPECIFIED.,.F.,.F.,(3,3),(0.,1.),.PIECEWISE_BEZIER_KNOTS.);
#366=B_SPLINE_CURVE_WITH_KNOTS('',2,(#11210,#11211,#11212),
 .UNSPECIFIED.,.F.,.F.,(3,3),(0.,1.),.PIECEWISE_BEZIER_KNOTS.);
#367=B_SPLINE_CURVE_WITH_KNOTS('',2,(#11223,#11224,#11225),
 .UNSPECIFIED.,.F.,.F.,(3,3),(0.,1.),.PIECEWISE_BEZIER_KNOTS.);
#368=B_SPLINE_CURVE_WITH_KNOTS('',2,(#11226,#11227,#11228),
 .UNSPECIFIED.,.F.,.F.,(3,3),(0.,1.),.PIECEWISE_BEZIER_KNOTS.);
#369=B_SPLINE_CURVE_WITH_KNOTS('',2,(#11246,#11247,#11248),
 .UNSPECIFIED.,.F.,.F.,(3,3),(0.,1.),.PIECEWISE_BEZIER_KNOTS.);
#370=B_SPLINE_CURVE_WITH_KNOTS('',2,(#11259,#11260,#11261),
 .UNSPECIFIED.,.F.,.F.,(3,3),(0.,1.),.PIECEWISE_BEZIER_KNOTS.);
#371=B_SPLINE_CURVE_WITH_KNOTS('',2,(#11292,#11293,#11294),
 .UNSPECIFIED.,.F.,.F.,(3,3),(0.,1.),.PIECEWISE_BEZIER_KNOTS.);
#372=B_SPLINE_CURVE_WITH_KNOTS('',2,(#11305,#11306,#11307),
 .UNSPECIFIED.,.F.,.F.,(3,3),(0.,1.),.PIECEWISE_BEZIER_KNOTS.);
#373=B_SPLINE_CURVE_WITH_KNOTS('',2,(#11329,#11330,#11331),
 .UNSPECIFIED.,.F.,.F.,(3,3),(0.,1.),.PIECEWISE_BEZIER_KNOTS.);
#374=B_SPLINE_CURVE_WITH_KNOTS('',2,(#11344,#11345,#11346),
 .UNSPECIFIED.,.F.,.F.,(3,3),(0.,1.),.PIECEWISE_BEZIER_KNOTS.);
#375=B_SPLINE_CURVE_WITH_KNOTS('',2,(#11357,#11358,#11359),
 .UNSPECIFIED.,.F.,.F.,(3,3),(0.,1.),.PIECEWISE_BEZIER_KNOTS.);
#376=B_SPLINE_CURVE_WITH_KNOTS('',2,(#11370,#11371,#11372),
 .UNSPECIFIED.,.F.,.F.,(3,3),(0.,1.),.PIECEWISE_BEZIER_KNOTS.);
#377=B_SPLINE_CURVE_WITH_KNOTS('',2,(#11383,#11384,#11385),
 .UNSPECIFIED.,.F.,.F.,(3,3),(0.,1.),.PIECEWISE_BEZIER_KNOTS.);
#378=B_SPLINE_CURVE_WITH_KNOTS('',2,(#11396,#11397,#11398),
 .UNSPECIFIED.,.F.,.F.,(3,3),(0.,1.),.PIECEWISE_BEZIER_KNOTS.);
#379=B_SPLINE_CURVE_WITH_KNOTS('',2,(#11409,#11410,#11411),
 .UNSPECIFIED.,.F.,.F.,(3,3),(0.,1.),.PIECEWISE_BEZIER_KNOTS.);
#380=B_SPLINE_CURVE_WITH_KNOTS('',2,(#11442,#11443,#11444),
 .UNSPECIFIED.,.F.,.F.,(3,3),(0.,1.),.PIECEWISE_BEZIER_KNOTS.);
#381=B_SPLINE_CURVE_WITH_KNOTS('',2,(#11455,#11456,#11457),
 .UNSPECIFIED.,.F.,.F.,(3,3),(0.,1.),.PIECEWISE_BEZIER_KNOTS.);
#382=B_SPLINE_CURVE_WITH_KNOTS('',2,(#11468,#11469,#11470),
 .UNSPECIFIED.,.F.,.F.,(3,3),(0.,1.),.PIECEWISE_BEZIER_KNOTS.);
#383=B_SPLINE_CURVE_WITH_KNOTS('',2,(#11481,#11482,#11483),
 .UNSPECIFIED.,.F.,.F.,(3,3),(0.,1.),.PIECEWISE_BEZIER_KNOTS.);
#384=B_SPLINE_CURVE_WITH_KNOTS('',2,(#11506,#11507,#11508),
 .UNSPECIFIED.,.F.,.F.,(3,3),(0.,1.),.PIECEWISE_BEZIER_KNOTS.);
#385=B_SPLINE_CURVE_WITH_KNOTS('',2,(#11519,#11520,#11521),
 .UNSPECIFIED.,.F.,.F.,(3,3),(0.,1.),.PIECEWISE_BEZIER_KNOTS.);
#386=B_SPLINE_CURVE_WITH_KNOTS('',2,(#11532,#11533,#11534),
 .UNSPECIFIED.,.F.,.F.,(3,3),(0.,1.),.PIECEWISE_BEZIER_KNOTS.);
#387=B_SPLINE_CURVE_WITH_KNOTS('',2,(#11545,#11546,#11547),
 .UNSPECIFIED.,.F.,.F.,(3,3),(0.,1.),.PIECEWISE_BEZIER_KNOTS.);
#388=B_SPLINE_CURVE_WITH_KNOTS('',2,(#11568,#11569,#11570),
 .UNSPECIFIED.,.F.,.F.,(3,3),(0.,1.),.PIECEWISE_BEZIER_KNOTS.);
#389=B_SPLINE_CURVE_WITH_KNOTS('',2,(#11582,#11583,#11584),
 .UNSPECIFIED.,.F.,.F.,(3,3),(0.,1.),.PIECEWISE_BEZIER_KNOTS.);
#390=B_SPLINE_CURVE_WITH_KNOTS('',2,(#11597,#11598,#11599),
 .UNSPECIFIED.,.F.,.F.,(3,3),(0.,1.),.PIECEWISE_BEZIER_KNOTS.);
#391=B_SPLINE_CURVE_WITH_KNOTS('',2,(#11610,#11611,#11612),
 .UNSPECIFIED.,.F.,.F.,(3,3),(0.,1.),.PIECEWISE_BEZIER_KNOTS.);
#392=B_SPLINE_CURVE_WITH_KNOTS('',2,(#11623,#11624,#11625),
 .UNSPECIFIED.,.F.,.F.,(3,3),(0.,1.),.PIECEWISE_BEZIER_KNOTS.);
#393=B_SPLINE_CURVE_WITH_KNOTS('',2,(#11636,#11637,#11638),
 .UNSPECIFIED.,.F.,.F.,(3,3),(0.,1.),.PIECEWISE_BEZIER_KNOTS.);
#394=B_SPLINE_CURVE_WITH_KNOTS('',2,(#11649,#11650,#11651),
 .UNSPECIFIED.,.F.,.F.,(3,3),(0.,1.),.PIECEWISE_BEZIER_KNOTS.);
#395=B_SPLINE_CURVE_WITH_KNOTS('',2,(#11662,#11663,#11664),
 .UNSPECIFIED.,.F.,.F.,(3,3),(0.,1.),.PIECEWISE_BEZIER_KNOTS.);
#396=B_SPLINE_CURVE_WITH_KNOTS('',2,(#11695,#11696,#11697),
 .UNSPECIFIED.,.F.,.F.,(3,3),(0.,1.),.PIECEWISE_BEZIER_KNOTS.);
#397=B_SPLINE_CURVE_WITH_KNOTS('',2,(#11708,#11709,#11710),
 .UNSPECIFIED.,.F.,.F.,(3,3),(0.,1.),.PIECEWISE_BEZIER_KNOTS.);
#398=B_SPLINE_CURVE_WITH_KNOTS('',2,(#11721,#11722,#11723),
 .UNSPECIFIED.,.F.,.F.,(3,3),(0.,1.),.PIECEWISE_BEZIER_KNOTS.);
#399=B_SPLINE_CURVE_WITH_KNOTS('',2,(#11734,#11735,#11736),
 .UNSPECIFIED.,.F.,.F.,(3,3),(0.,1.),.PIECEWISE_BEZIER_KNOTS.);
#400=B_SPLINE_CURVE_WITH_KNOTS('',2,(#11759,#11760,#11761),
 .UNSPECIFIED.,.F.,.F.,(3,3),(0.,1.),.PIECEWISE_BEZIER_KNOTS.);
#401=B_SPLINE_CURVE_WITH_KNOTS('',2,(#11772,#11773,#11774),
 .UNSPECIFIED.,.F.,.F.,(3,3),(0.,1.),.PIECEWISE_BEZIER_KNOTS.);
#402=B_SPLINE_CURVE_WITH_KNOTS('',2,(#11785,#11786,#11787),
 .UNSPECIFIED.,.F.,.F.,(3,3),(0.,1.),.PIECEWISE_BEZIER_KNOTS.);
#403=B_SPLINE_CURVE_WITH_KNOTS('',2,(#11798,#11799,#11800),
 .UNSPECIFIED.,.F.,.F.,(3,3),(0.,1.),.PIECEWISE_BEZIER_KNOTS.);
#404=B_SPLINE_CURVE_WITH_KNOTS('',2,(#11821,#11822,#11823),
 .UNSPECIFIED.,.F.,.F.,(3,3),(0.,1.),.PIECEWISE_BEZIER_KNOTS.);
#405=B_SPLINE_CURVE_WITH_KNOTS('',2,(#11841,#11842,#11843),
 .UNSPECIFIED.,.F.,.F.,(3,3),(0.,1.),.PIECEWISE_BEZIER_KNOTS.);
#406=B_SPLINE_CURVE_WITH_KNOTS('',2,(#11854,#11855,#11856),
 .UNSPECIFIED.,.F.,.F.,(3,3),(0.,1.),.PIECEWISE_BEZIER_KNOTS.);
#407=B_SPLINE_CURVE_WITH_KNOTS('',2,(#11887,#11888,#11889),
 .UNSPECIFIED.,.F.,.F.,(3,3),(0.,1.),.PIECEWISE_BEZIER_KNOTS.);
#408=B_SPLINE_CURVE_WITH_KNOTS('',2,(#11900,#11901,#11902),
 .UNSPECIFIED.,.F.,.F.,(3,3),(0.,1.),.PIECEWISE_BEZIER_KNOTS.);
#409=B_SPLINE_CURVE_WITH_KNOTS('',2,(#11930,#11931,#11932),
 .UNSPECIFIED.,.F.,.F.,(3,3),(0.,1.),.PIECEWISE_BEZIER_KNOTS.);
#410=B_SPLINE_CURVE_WITH_KNOTS('',2,(#11943,#11944,#11945),
 .UNSPECIFIED.,.F.,.F.,(3,3),(0.,1.),.PIECEWISE_BEZIER_KNOTS.);
#411=B_SPLINE_CURVE_WITH_KNOTS('',2,(#11976,#11977,#11978),
 .UNSPECIFIED.,.F.,.F.,(3,3),(0.,1.),.PIECEWISE_BEZIER_KNOTS.);
#412=B_SPLINE_CURVE_WITH_KNOTS('',2,(#11989,#11990,#11991),
 .UNSPECIFIED.,.F.,.F.,(3,3),(0.,1.),.PIECEWISE_BEZIER_KNOTS.);
#413=B_SPLINE_CURVE_WITH_KNOTS('',2,(#12060,#12061,#12062),
 .UNSPECIFIED.,.F.,.F.,(3,3),(0.,1.),.PIECEWISE_BEZIER_KNOTS.);
#414=B_SPLINE_CURVE_WITH_KNOTS('',2,(#12067,#12068,#12069),
 .UNSPECIFIED.,.F.,.F.,(3,3),(0.,1.),.PIECEWISE_BEZIER_KNOTS.);
#415=B_SPLINE_CURVE_WITH_KNOTS('',2,(#12098,#12099,#12100),
 .UNSPECIFIED.,.F.,.F.,(3,3),(0.,1.),.PIECEWISE_BEZIER_KNOTS.);
#416=B_SPLINE_CURVE_WITH_KNOTS('',2,(#12104,#12105,#12106),
 .UNSPECIFIED.,.F.,.F.,(3,3),(0.,1.),.PIECEWISE_BEZIER_KNOTS.);
#417=B_SPLINE_CURVE_WITH_KNOTS('',2,(#12115,#12116,#12117),
 .UNSPECIFIED.,.F.,.F.,(3,3),(0.,1.),.PIECEWISE_BEZIER_KNOTS.);
#418=B_SPLINE_CURVE_WITH_KNOTS('',2,(#12121,#12122,#12123),
 .UNSPECIFIED.,.F.,.F.,(3,3),(0.,1.),.PIECEWISE_BEZIER_KNOTS.);
#419=B_SPLINE_CURVE_WITH_KNOTS('',2,(#12156,#12157,#12158),
 .UNSPECIFIED.,.F.,.F.,(3,3),(0.,1.),.PIECEWISE_BEZIER_KNOTS.);
#420=B_SPLINE_CURVE_WITH_KNOTS('',2,(#12169,#12170,#12171),
 .UNSPECIFIED.,.F.,.F.,(3,3),(0.,1.),.PIECEWISE_BEZIER_KNOTS.);
#421=B_SPLINE_CURVE_WITH_KNOTS('',2,(#12182,#12183,#12184),
 .UNSPECIFIED.,.F.,.F.,(3,3),(0.,1.),.PIECEWISE_BEZIER_KNOTS.);
#422=B_SPLINE_CURVE_WITH_KNOTS('',2,(#12193,#12194,#12195),
 .UNSPECIFIED.,.F.,.F.,(3,3),(0.,1.),.PIECEWISE_BEZIER_KNOTS.);
#423=B_SPLINE_CURVE_WITH_KNOTS('',2,(#12204,#12205,#12206),
 .UNSPECIFIED.,.F.,.F.,(3,3),(0.,1.),.PIECEWISE_BEZIER_KNOTS.);
#424=B_SPLINE_CURVE_WITH_KNOTS('',2,(#12207,#12208,#12209),
 .UNSPECIFIED.,.F.,.F.,(3,3),(0.,1.),.PIECEWISE_BEZIER_KNOTS.);
#425=B_SPLINE_CURVE_WITH_KNOTS('',2,(#12219,#12220,#12221),
 .UNSPECIFIED.,.F.,.F.,(3,3),(0.,1.),.PIECEWISE_BEZIER_KNOTS.);
#426=B_SPLINE_CURVE_WITH_KNOTS('',2,(#12226,#12227,#12228),
 .UNSPECIFIED.,.F.,.F.,(3,3),(0.,1.),.PIECEWISE_BEZIER_KNOTS.);
#427=B_SPLINE_CURVE_WITH_KNOTS('',2,(#12239,#12240,#12241),
 .UNSPECIFIED.,.F.,.F.,(3,3),(0.,1.),.PIECEWISE_BEZIER_KNOTS.);
#428=B_SPLINE_CURVE_WITH_KNOTS('',2,(#12245,#12246,#12247),
 .UNSPECIFIED.,.F.,.F.,(3,3),(0.,1.),.PIECEWISE_BEZIER_KNOTS.);
#429=B_SPLINE_CURVE_WITH_KNOTS('',2,(#12256,#12257,#12258),
 .UNSPECIFIED.,.F.,.F.,(3,3),(0.,1.),.PIECEWISE_BEZIER_KNOTS.);
#430=B_SPLINE_CURVE_WITH_KNOTS('',2,(#12262,#12263,#12264),
 .UNSPECIFIED.,.F.,.F.,(3,3),(0.,1.),.PIECEWISE_BEZIER_KNOTS.);
#431=B_SPLINE_CURVE_WITH_KNOTS('',2,(#12273,#12274,#12275),
 .UNSPECIFIED.,.F.,.F.,(3,3),(0.,1.),.PIECEWISE_BEZIER_KNOTS.);
#432=B_SPLINE_CURVE_WITH_KNOTS('',2,(#12279,#12280,#12281),
 .UNSPECIFIED.,.F.,.F.,(3,3),(0.,1.),.PIECEWISE_BEZIER_KNOTS.);
#433=B_SPLINE_CURVE_WITH_KNOTS('',2,(#12290,#12291,#12292),
 .UNSPECIFIED.,.F.,.F.,(3,3),(0.,1.),.PIECEWISE_BEZIER_KNOTS.);
#434=B_SPLINE_CURVE_WITH_KNOTS('',2,(#12296,#12297,#12298),
 .UNSPECIFIED.,.F.,.F.,(3,3),(0.,1.),.PIECEWISE_BEZIER_KNOTS.);
#435=B_SPLINE_CURVE_WITH_KNOTS('',2,(#12307,#12308,#12309),
 .UNSPECIFIED.,.F.,.F.,(3,3),(0.,1.),.PIECEWISE_BEZIER_KNOTS.);
#436=B_SPLINE_CURVE_WITH_KNOTS('',2,(#12313,#12314,#12315),
 .UNSPECIFIED.,.F.,.F.,(3,3),(0.,1.),.PIECEWISE_BEZIER_KNOTS.);
#437=B_SPLINE_CURVE_WITH_KNOTS('',2,(#12324,#12325,#12326),
 .UNSPECIFIED.,.F.,.F.,(3,3),(0.,1.),.PIECEWISE_BEZIER_KNOTS.);
#438=B_SPLINE_CURVE_WITH_KNOTS('',2,(#12330,#12331,#12332),
 .UNSPECIFIED.,.F.,.F.,(3,3),(0.,1.),.PIECEWISE_BEZIER_KNOTS.);
#439=B_SPLINE_CURVE_WITH_KNOTS('',2,(#12341,#12342,#12343),
 .UNSPECIFIED.,.F.,.F.,(3,3),(0.,1.),.PIECEWISE_BEZIER_KNOTS.);
#440=B_SPLINE_CURVE_WITH_KNOTS('',2,(#12347,#12348,#12349),
 .UNSPECIFIED.,.F.,.F.,(3,3),(0.,1.),.PIECEWISE_BEZIER_KNOTS.);
#441=B_SPLINE_CURVE_WITH_KNOTS('',2,(#12358,#12359,#12360),
 .UNSPECIFIED.,.F.,.F.,(3,3),(0.,1.),.PIECEWISE_BEZIER_KNOTS.);
#442=B_SPLINE_CURVE_WITH_KNOTS('',2,(#12364,#12365,#12366),
 .UNSPECIFIED.,.F.,.F.,(3,3),(0.,1.),.PIECEWISE_BEZIER_KNOTS.);
#443=B_SPLINE_CURVE_WITH_KNOTS('',2,(#12375,#12376,#12377),
 .UNSPECIFIED.,.F.,.F.,(3,3),(0.,1.),.PIECEWISE_BEZIER_KNOTS.);
#444=B_SPLINE_CURVE_WITH_KNOTS('',2,(#12381,#12382,#12383),
 .UNSPECIFIED.,.F.,.F.,(3,3),(0.,1.),.PIECEWISE_BEZIER_KNOTS.);
#445=B_SPLINE_CURVE_WITH_KNOTS('',2,(#12392,#12393,#12394),
 .UNSPECIFIED.,.F.,.F.,(3,3),(0.,1.),.PIECEWISE_BEZIER_KNOTS.);
#446=B_SPLINE_CURVE_WITH_KNOTS('',2,(#12398,#12399,#12400),
 .UNSPECIFIED.,.F.,.F.,(3,3),(0.,1.),.PIECEWISE_BEZIER_KNOTS.);
#447=B_SPLINE_CURVE_WITH_KNOTS('',2,(#12411,#12412,#12413),
 .UNSPECIFIED.,.F.,.F.,(3,3),(0.,1.),.PIECEWISE_BEZIER_KNOTS.);
#448=B_SPLINE_CURVE_WITH_KNOTS('',2,(#12426,#12427,#12428),
 .UNSPECIFIED.,.F.,.F.,(3,3),(0.,1.),.PIECEWISE_BEZIER_KNOTS.);
#449=B_SPLINE_CURVE_WITH_KNOTS('',2,(#12439,#12440,#12441),
 .UNSPECIFIED.,.F.,.F.,(3,3),(0.,1.),.PIECEWISE_BEZIER_KNOTS.);
#450=B_SPLINE_CURVE_WITH_KNOTS('',2,(#12452,#12453,#12454),
 .UNSPECIFIED.,.F.,.F.,(3,3),(0.,1.),.PIECEWISE_BEZIER_KNOTS.);
#451=B_SPLINE_CURVE_WITH_KNOTS('',2,(#12465,#12466,#12467),
 .UNSPECIFIED.,.F.,.F.,(3,3),(0.,1.),.PIECEWISE_BEZIER_KNOTS.);
#452=B_SPLINE_CURVE_WITH_KNOTS('',2,(#12478,#12479,#12480),
 .UNSPECIFIED.,.F.,.F.,(3,3),(0.,1.),.PIECEWISE_BEZIER_KNOTS.);
#453=B_SPLINE_CURVE_WITH_KNOTS('',2,(#12491,#12492,#12493),
 .UNSPECIFIED.,.F.,.F.,(3,3),(0.,1.),.PIECEWISE_BEZIER_KNOTS.);
#454=B_SPLINE_CURVE_WITH_KNOTS('',2,(#12504,#12505,#12506),
 .UNSPECIFIED.,.F.,.F.,(3,3),(0.,1.),.PIECEWISE_BEZIER_KNOTS.);
#455=B_SPLINE_CURVE_WITH_KNOTS('',2,(#12517,#12518,#12519),
 .UNSPECIFIED.,.F.,.F.,(3,3),(0.,1.),.PIECEWISE_BEZIER_KNOTS.);
#456=B_SPLINE_CURVE_WITH_KNOTS('',2,(#12530,#12531,#12532),
 .UNSPECIFIED.,.F.,.F.,(3,3),(0.,1.),.PIECEWISE_BEZIER_KNOTS.);
#457=B_SPLINE_CURVE_WITH_KNOTS('',2,(#12543,#12544,#12545),
 .UNSPECIFIED.,.F.,.F.,(3,3),(0.,1.),.PIECEWISE_BEZIER_KNOTS.);
#458=B_SPLINE_CURVE_WITH_KNOTS('',2,(#12554,#12555,#12556),
 .UNSPECIFIED.,.F.,.F.,(3,3),(0.,1.),.PIECEWISE_BEZIER_KNOTS.);
#459=B_SPLINE_CURVE_WITH_KNOTS('',2,(#12565,#12566,#12567),
 .UNSPECIFIED.,.F.,.F.,(3,3),(0.,1.),.PIECEWISE_BEZIER_KNOTS.);
#460=B_SPLINE_CURVE_WITH_KNOTS('',2,(#12568,#12569,#12570),
 .UNSPECIFIED.,.F.,.F.,(3,3),(0.,1.),.PIECEWISE_BEZIER_KNOTS.);
#461=B_SPLINE_CURVE_WITH_KNOTS('',2,(#12580,#12581,#12582),
 .UNSPECIFIED.,.F.,.F.,(3,3),(0.,1.),.PIECEWISE_BEZIER_KNOTS.);
#462=B_SPLINE_CURVE_WITH_KNOTS('',2,(#12587,#12588,#12589),
 .UNSPECIFIED.,.F.,.F.,(3,3),(0.,1.),.PIECEWISE_BEZIER_KNOTS.);
#463=B_SPLINE_CURVE_WITH_KNOTS('',2,(#12600,#12601,#12602),
 .UNSPECIFIED.,.F.,.F.,(3,3),(0.,1.),.PIECEWISE_BEZIER_KNOTS.);
#464=B_SPLINE_CURVE_WITH_KNOTS('',2,(#12606,#12607,#12608),
 .UNSPECIFIED.,.F.,.F.,(3,3),(0.,1.),.PIECEWISE_BEZIER_KNOTS.);
#465=B_SPLINE_CURVE_WITH_KNOTS('',2,(#12617,#12618,#12619),
 .UNSPECIFIED.,.F.,.F.,(3,3),(0.,1.),.PIECEWISE_BEZIER_KNOTS.);
#466=B_SPLINE_CURVE_WITH_KNOTS('',2,(#12623,#12624,#12625),
 .UNSPECIFIED.,.F.,.F.,(3,3),(0.,1.),.PIECEWISE_BEZIER_KNOTS.);
#467=B_SPLINE_CURVE_WITH_KNOTS('',2,(#12634,#12635,#12636),
 .UNSPECIFIED.,.F.,.F.,(3,3),(0.,1.),.PIECEWISE_BEZIER_KNOTS.);
#468=B_SPLINE_CURVE_WITH_KNOTS('',2,(#12640,#12641,#12642),
 .UNSPECIFIED.,.F.,.F.,(3,3),(0.,1.),.PIECEWISE_BEZIER_KNOTS.);
#469=B_SPLINE_CURVE_WITH_KNOTS('',2,(#12651,#12652,#12653),
 .UNSPECIFIED.,.F.,.F.,(3,3),(0.,1.),.PIECEWISE_BEZIER_KNOTS.);
#470=B_SPLINE_CURVE_WITH_KNOTS('',2,(#12657,#12658,#12659),
 .UNSPECIFIED.,.F.,.F.,(3,3),(0.,1.),.PIECEWISE_BEZIER_KNOTS.);
#471=B_SPLINE_CURVE_WITH_KNOTS('',2,(#12668,#12669,#12670),
 .UNSPECIFIED.,.F.,.F.,(3,3),(0.,1.),.PIECEWISE_BEZIER_KNOTS.);
#472=B_SPLINE_CURVE_WITH_KNOTS('',2,(#12674,#12675,#12676),
 .UNSPECIFIED.,.F.,.F.,(3,3),(0.,1.),.PIECEWISE_BEZIER_KNOTS.);
#473=B_SPLINE_CURVE_WITH_KNOTS('',2,(#12685,#12686,#12687),
 .UNSPECIFIED.,.F.,.F.,(3,3),(0.,1.),.PIECEWISE_BEZIER_KNOTS.);
#474=B_SPLINE_CURVE_WITH_KNOTS('',2,(#12691,#12692,#12693),
 .UNSPECIFIED.,.F.,.F.,(3,3),(0.,1.),.PIECEWISE_BEZIER_KNOTS.);
#475=B_SPLINE_CURVE_WITH_KNOTS('',2,(#12702,#12703,#12704),
 .UNSPECIFIED.,.F.,.F.,(3,3),(0.,1.),.PIECEWISE_BEZIER_KNOTS.);
#476=B_SPLINE_CURVE_WITH_KNOTS('',2,(#12708,#12709,#12710),
 .UNSPECIFIED.,.F.,.F.,(3,3),(0.,1.),.PIECEWISE_BEZIER_KNOTS.);
#477=B_SPLINE_CURVE_WITH_KNOTS('',2,(#12719,#12720,#12721),
 .UNSPECIFIED.,.F.,.F.,(3,3),(0.,1.),.PIECEWISE_BEZIER_KNOTS.);
#478=B_SPLINE_CURVE_WITH_KNOTS('',2,(#12725,#12726,#12727),
 .UNSPECIFIED.,.F.,.F.,(3,3),(0.,1.),.PIECEWISE_BEZIER_KNOTS.);
#479=B_SPLINE_CURVE_WITH_KNOTS('',2,(#12736,#12737,#12738),
 .UNSPECIFIED.,.F.,.F.,(3,3),(0.,1.),.PIECEWISE_BEZIER_KNOTS.);
#480=B_SPLINE_CURVE_WITH_KNOTS('',2,(#12742,#12743,#12744),
 .UNSPECIFIED.,.F.,.F.,(3,3),(0.,1.),.PIECEWISE_BEZIER_KNOTS.);
#481=B_SPLINE_CURVE_WITH_KNOTS('',2,(#12753,#12754,#12755),
 .UNSPECIFIED.,.F.,.F.,(3,3),(0.,1.),.PIECEWISE_BEZIER_KNOTS.);
#482=B_SPLINE_CURVE_WITH_KNOTS('',2,(#12759,#12760,#12761),
 .UNSPECIFIED.,.F.,.F.,(3,3),(0.,1.),.PIECEWISE_BEZIER_KNOTS.);
#483=B_SPLINE_CURVE_WITH_KNOTS('',2,(#12790,#12791,#12792),
 .UNSPECIFIED.,.F.,.F.,(3,3),(0.,1.),.PIECEWISE_BEZIER_KNOTS.);
#484=B_SPLINE_CURVE_WITH_KNOTS('',2,(#12803,#12804,#12805),
 .UNSPECIFIED.,.F.,.F.,(3,3),(0.,1.),.PIECEWISE_BEZIER_KNOTS.);
#485=B_SPLINE_CURVE_WITH_KNOTS('',2,(#12816,#12817,#12818),
 .UNSPECIFIED.,.F.,.F.,(3,3),(0.,1.),.PIECEWISE_BEZIER_KNOTS.);
#486=B_SPLINE_CURVE_WITH_KNOTS('',2,(#12829,#12830,#12831),
 .UNSPECIFIED.,.F.,.F.,(3,3),(0.,1.),.PIECEWISE_BEZIER_KNOTS.);
#487=B_SPLINE_CURVE_WITH_KNOTS('',2,(#12842,#12843,#12844),
 .UNSPECIFIED.,.F.,.F.,(3,3),(0.,1.),.PIECEWISE_BEZIER_KNOTS.);
#488=B_SPLINE_CURVE_WITH_KNOTS('',2,(#12855,#12856,#12857),
 .UNSPECIFIED.,.F.,.F.,(3,3),(0.,1.),.PIECEWISE_BEZIER_KNOTS.);
#489=B_SPLINE_CURVE_WITH_KNOTS('',2,(#12868,#12869,#12870),
 .UNSPECIFIED.,.F.,.F.,(3,3),(0.,1.),.PIECEWISE_BEZIER_KNOTS.);
#490=B_SPLINE_CURVE_WITH_KNOTS('',2,(#12893,#12894,#12895),
 .UNSPECIFIED.,.F.,.F.,(3,3),(0.,1.),.PIECEWISE_BEZIER_KNOTS.);
#491=B_SPLINE_CURVE_WITH_KNOTS('',2,(#12906,#12907,#12908),
 .UNSPECIFIED.,.F.,.F.,(3,3),(0.,1.),.PIECEWISE_BEZIER_KNOTS.);
#492=B_SPLINE_CURVE_WITH_KNOTS('',2,(#12931,#12932,#12933),
 .UNSPECIFIED.,.F.,.F.,(3,3),(0.,1.),.PIECEWISE_BEZIER_KNOTS.);
#493=B_SPLINE_CURVE_WITH_KNOTS('',2,(#12946,#12947,#12948),
 .UNSPECIFIED.,.F.,.F.,(3,3),(0.,1.),.PIECEWISE_BEZIER_KNOTS.);
#494=B_SPLINE_CURVE_WITH_KNOTS('',2,(#12957,#12958,#12959),
 .UNSPECIFIED.,.F.,.F.,(3,3),(0.,1.),.PIECEWISE_BEZIER_KNOTS.);
#495=B_SPLINE_CURVE_WITH_KNOTS('',2,(#12960,#12961,#12962),
 .UNSPECIFIED.,.F.,.F.,(3,3),(0.,1.),.PIECEWISE_BEZIER_KNOTS.);
#496=B_SPLINE_CURVE_WITH_KNOTS('',2,(#12972,#12973,#12974),
 .UNSPECIFIED.,.F.,.F.,(3,3),(0.,1.),.PIECEWISE_BEZIER_KNOTS.);
#497=B_SPLINE_CURVE_WITH_KNOTS('',2,(#12979,#12980,#12981),
 .UNSPECIFIED.,.F.,.F.,(3,3),(0.,1.),.PIECEWISE_BEZIER_KNOTS.);
#498=B_SPLINE_CURVE_WITH_KNOTS('',2,(#12992,#12993,#12994),
 .UNSPECIFIED.,.F.,.F.,(3,3),(0.,1.),.PIECEWISE_BEZIER_KNOTS.);
#499=B_SPLINE_CURVE_WITH_KNOTS('',2,(#12998,#12999,#13000),
 .UNSPECIFIED.,.F.,.F.,(3,3),(0.,1.),.PIECEWISE_BEZIER_KNOTS.);
#500=B_SPLINE_CURVE_WITH_KNOTS('',2,(#13009,#13010,#13011),
 .UNSPECIFIED.,.F.,.F.,(3,3),(0.,1.),.PIECEWISE_BEZIER_KNOTS.);
#501=B_SPLINE_CURVE_WITH_KNOTS('',2,(#13015,#13016,#13017),
 .UNSPECIFIED.,.F.,.F.,(3,3),(0.,1.),.PIECEWISE_BEZIER_KNOTS.);
#502=B_SPLINE_CURVE_WITH_KNOTS('',2,(#13026,#13027,#13028),
 .UNSPECIFIED.,.F.,.F.,(3,3),(0.,1.),.PIECEWISE_BEZIER_KNOTS.);
#503=B_SPLINE_CURVE_WITH_KNOTS('',2,(#13032,#13033,#13034),
 .UNSPECIFIED.,.F.,.F.,(3,3),(0.,1.),.PIECEWISE_BEZIER_KNOTS.);
#504=B_SPLINE_CURVE_WITH_KNOTS('',2,(#13043,#13044,#13045),
 .UNSPECIFIED.,.F.,.F.,(3,3),(0.,1.),.PIECEWISE_BEZIER_KNOTS.);
#505=B_SPLINE_CURVE_WITH_KNOTS('',2,(#13049,#13050,#13051),
 .UNSPECIFIED.,.F.,.F.,(3,3),(0.,1.),.PIECEWISE_BEZIER_KNOTS.);
#506=B_SPLINE_CURVE_WITH_KNOTS('',2,(#13060,#13061,#13062),
 .UNSPECIFIED.,.F.,.F.,(3,3),(0.,1.),.PIECEWISE_BEZIER_KNOTS.);
#507=B_SPLINE_CURVE_WITH_KNOTS('',2,(#13066,#13067,#13068),
 .UNSPECIFIED.,.F.,.F.,(3,3),(0.,1.),.PIECEWISE_BEZIER_KNOTS.);
#508=B_SPLINE_CURVE_WITH_KNOTS('',2,(#13077,#13078,#13079),
 .UNSPECIFIED.,.F.,.F.,(3,3),(0.,1.),.PIECEWISE_BEZIER_KNOTS.);
#509=B_SPLINE_CURVE_WITH_KNOTS('',2,(#13083,#13084,#13085),
 .UNSPECIFIED.,.F.,.F.,(3,3),(0.,1.),.PIECEWISE_BEZIER_KNOTS.);
#510=B_SPLINE_CURVE_WITH_KNOTS('',2,(#13094,#13095,#13096),
 .UNSPECIFIED.,.F.,.F.,(3,3),(0.,1.),.PIECEWISE_BEZIER_KNOTS.);
#511=B_SPLINE_CURVE_WITH_KNOTS('',2,(#13100,#13101,#13102),
 .UNSPECIFIED.,.F.,.F.,(3,3),(0.,1.),.PIECEWISE_BEZIER_KNOTS.);
#512=B_SPLINE_CURVE_WITH_KNOTS('',2,(#13111,#13112,#13113),
 .UNSPECIFIED.,.F.,.F.,(3,3),(0.,1.),.PIECEWISE_BEZIER_KNOTS.);
#513=B_SPLINE_CURVE_WITH_KNOTS('',2,(#13117,#13118,#13119),
 .UNSPECIFIED.,.F.,.F.,(3,3),(0.,1.),.PIECEWISE_BEZIER_KNOTS.);
#514=B_SPLINE_CURVE_WITH_KNOTS('',2,(#13128,#13129,#13130),
 .UNSPECIFIED.,.F.,.F.,(3,3),(0.,1.),.PIECEWISE_BEZIER_KNOTS.);
#515=B_SPLINE_CURVE_WITH_KNOTS('',2,(#13134,#13135,#13136),
 .UNSPECIFIED.,.F.,.F.,(3,3),(0.,1.),.PIECEWISE_BEZIER_KNOTS.);
#516=B_SPLINE_CURVE_WITH_KNOTS('',2,(#13145,#13146,#13147),
 .UNSPECIFIED.,.F.,.F.,(3,3),(0.,1.),.PIECEWISE_BEZIER_KNOTS.);
#517=B_SPLINE_CURVE_WITH_KNOTS('',2,(#13151,#13152,#13153),
 .UNSPECIFIED.,.F.,.F.,(3,3),(0.,1.),.PIECEWISE_BEZIER_KNOTS.);
#518=B_SPLINE_CURVE_WITH_KNOTS('',2,(#13182,#13183,#13184),
 .UNSPECIFIED.,.F.,.F.,(3,3),(0.,1.),.PIECEWISE_BEZIER_KNOTS.);
#519=B_SPLINE_CURVE_WITH_KNOTS('',2,(#13195,#13196,#13197),
 .UNSPECIFIED.,.F.,.F.,(3,3),(0.,1.),.PIECEWISE_BEZIER_KNOTS.);
#520=B_SPLINE_CURVE_WITH_KNOTS('',2,(#13208,#13209,#13210),
 .UNSPECIFIED.,.F.,.F.,(3,3),(0.,1.),.PIECEWISE_BEZIER_KNOTS.);
#521=B_SPLINE_CURVE_WITH_KNOTS('',2,(#13221,#13222,#13223),
 .UNSPECIFIED.,.F.,.F.,(3,3),(0.,1.),.PIECEWISE_BEZIER_KNOTS.);
#522=B_SPLINE_CURVE_WITH_KNOTS('',2,(#13234,#13235,#13236),
 .UNSPECIFIED.,.F.,.F.,(3,3),(0.,1.),.PIECEWISE_BEZIER_KNOTS.);
#523=B_SPLINE_CURVE_WITH_KNOTS('',2,(#13247,#13248,#13249),
 .UNSPECIFIED.,.F.,.F.,(3,3),(0.,1.),.PIECEWISE_BEZIER_KNOTS.);
#524=B_SPLINE_CURVE_WITH_KNOTS('',2,(#13260,#13261,#13262),
 .UNSPECIFIED.,.F.,.F.,(3,3),(0.,1.),.PIECEWISE_BEZIER_KNOTS.);
#525=B_SPLINE_CURVE_WITH_KNOTS('',2,(#13285,#13286,#13287),
 .UNSPECIFIED.,.F.,.F.,(3,3),(0.,1.),.PIECEWISE_BEZIER_KNOTS.);
#526=B_SPLINE_CURVE_WITH_KNOTS('',2,(#13288,#13289,#13290),
 .UNSPECIFIED.,.F.,.F.,(3,3),(0.,1.),.PIECEWISE_BEZIER_KNOTS.);
#527=B_SPLINE_CURVE_WITH_KNOTS('',2,(#13300,#13301,#13302),
 .UNSPECIFIED.,.F.,.F.,(3,3),(0.,1.),.PIECEWISE_BEZIER_KNOTS.);
#528=B_SPLINE_CURVE_WITH_KNOTS('',2,(#13307,#13308,#13309),
 .UNSPECIFIED.,.F.,.F.,(3,3),(0.,1.),.PIECEWISE_BEZIER_KNOTS.);
#529=B_SPLINE_CURVE_WITH_KNOTS('',2,(#13326,#13327,#13328),
 .UNSPECIFIED.,.F.,.F.,(3,3),(0.,1.),.PIECEWISE_BEZIER_KNOTS.);
#530=B_SPLINE_CURVE_WITH_KNOTS('',2,(#13332,#13333,#13334),
 .UNSPECIFIED.,.F.,.F.,(3,3),(0.,1.),.PIECEWISE_BEZIER_KNOTS.);
#531=B_SPLINE_CURVE_WITH_KNOTS('',2,(#13343,#13344,#13345),
 .UNSPECIFIED.,.F.,.F.,(3,3),(0.,1.),.PIECEWISE_BEZIER_KNOTS.);
#532=B_SPLINE_CURVE_WITH_KNOTS('',2,(#13349,#13350,#13351),
 .UNSPECIFIED.,.F.,.F.,(3,3),(0.,1.),.PIECEWISE_BEZIER_KNOTS.);
#533=B_SPLINE_CURVE_WITH_KNOTS('',2,(#13362,#13363,#13364),
 .UNSPECIFIED.,.F.,.F.,(3,3),(0.,1.),.PIECEWISE_BEZIER_KNOTS.);
#534=B_SPLINE_CURVE_WITH_KNOTS('',2,(#13377,#13378,#13379),
 .UNSPECIFIED.,.F.,.F.,(3,3),(0.,1.),.PIECEWISE_BEZIER_KNOTS.);
#535=B_SPLINE_CURVE_WITH_KNOTS('',2,(#13390,#13391,#13392),
 .UNSPECIFIED.,.F.,.F.,(3,3),(0.,1.),.PIECEWISE_BEZIER_KNOTS.);
#536=B_SPLINE_CURVE_WITH_KNOTS('',2,(#13403,#13404,#13405),
 .UNSPECIFIED.,.F.,.F.,(3,3),(0.,1.),.PIECEWISE_BEZIER_KNOTS.);
#537=B_SPLINE_CURVE_WITH_KNOTS('',2,(#13416,#13417,#13418),
 .UNSPECIFIED.,.F.,.F.,(3,3),(0.,1.),.PIECEWISE_BEZIER_KNOTS.);
#538=B_SPLINE_CURVE_WITH_KNOTS('',2,(#13429,#13430,#13431),
 .UNSPECIFIED.,.F.,.F.,(3,3),(0.,1.),.PIECEWISE_BEZIER_KNOTS.);
#539=B_SPLINE_CURVE_WITH_KNOTS('',2,(#13442,#13443,#13444),
 .UNSPECIFIED.,.F.,.F.,(3,3),(0.,1.),.PIECEWISE_BEZIER_KNOTS.);
#540=B_SPLINE_CURVE_WITH_KNOTS('',2,(#13455,#13456,#13457),
 .UNSPECIFIED.,.F.,.F.,(3,3),(0.,1.),.PIECEWISE_BEZIER_KNOTS.);
#541=B_SPLINE_CURVE_WITH_KNOTS('',2,(#13480,#13481,#13482),
 .UNSPECIFIED.,.F.,.F.,(3,3),(0.,1.),.PIECEWISE_BEZIER_KNOTS.);
#542=B_SPLINE_CURVE_WITH_KNOTS('',2,(#13493,#13494,#13495),
 .UNSPECIFIED.,.F.,.F.,(3,3),(0.,1.),.PIECEWISE_BEZIER_KNOTS.);
#543=B_SPLINE_CURVE_WITH_KNOTS('',2,(#13506,#13507,#13508),
 .UNSPECIFIED.,.F.,.F.,(3,3),(0.,1.),.PIECEWISE_BEZIER_KNOTS.);
#544=B_SPLINE_CURVE_WITH_KNOTS('',2,(#13527,#13528,#13529),
 .UNSPECIFIED.,.F.,.F.,(3,3),(0.,1.),.PIECEWISE_BEZIER_KNOTS.);
#545=B_SPLINE_CURVE_WITH_KNOTS('',2,(#13540,#13541,#13542),
 .UNSPECIFIED.,.F.,.F.,(3,3),(0.,1.),.PIECEWISE_BEZIER_KNOTS.);
#546=B_SPLINE_CURVE_WITH_KNOTS('',2,(#13543,#13544,#13545),
 .UNSPECIFIED.,.F.,.F.,(3,3),(0.,1.),.PIECEWISE_BEZIER_KNOTS.);
#547=CIRCLE('',#8655,0.00304705525781807);
#548=CIRCLE('',#8656,0.00278671616428173);
#549=CIRCLE('',#8657,0.00296352681367508);
#550=CIRCLE('',#8658,0.00219420515957068);
#551=CIRCLE('',#8659,0.00154669362140026);
#552=CIRCLE('',#8660,0.00210043429597054);
#553=CIRCLE('',#8661,0.00219420515957094);
#554=CIRCLE('',#8662,0.00154669362140022);
#555=CIRCLE('',#8663,0.0021004342959706);
#556=CIRCLE('',#8664,0.00219420515957123);
#557=CIRCLE('',#8665,0.00154669362140044);
#558=CIRCLE('',#8666,0.00210043429597076);
#559=CIRCLE('',#8667,0.00318856047951182);
#560=CIRCLE('',#8668,0.00510193851446543);
#561=CIRCLE('',#8669,0.00252222638769419);
#562=CIRCLE('',#8670,0.003405339240577);
#563=CIRCLE('',#8671,0.00304705525781897);
#564=CIRCLE('',#8672,0.0027867161642741);
#565=CIRCLE('',#8673,0.0029635268136811);
#566=CIRCLE('',#8674,0.00279948108353914);
#567=CIRCLE('',#8675,0.00304705525782147);
#568=CIRCLE('',#8676,0.00278671616427415);
#569=CIRCLE('',#8677,0.00296352681367598);
#570=CIRCLE('',#8678,0.00318856047951142);
#571=CIRCLE('',#8679,0.00510193851448766);
#572=CIRCLE('',#8680,0.00252222638769449);
#573=CIRCLE('',#8681,0.00340533924057705);
#574=CIRCLE('',#8707,0.0029635268136811);
#575=CIRCLE('',#8709,0.0027867161642741);
#576=CIRCLE('',#8711,0.00304705525781897);
#577=CIRCLE('',#8717,0.003405339240577);
#578=CIRCLE('',#8720,0.00252222638769419);
#579=CIRCLE('',#8723,0.00510193851446543);
#580=CIRCLE('',#8725,0.00318856047951182);
#581=CIRCLE('',#8728,0.00219420515957123);
#582=CIRCLE('',#8735,0.00210043429597076);
#583=CIRCLE('',#8737,0.00154669362140044);
#584=CIRCLE('',#8765,0.00219420515957094);
#585=CIRCLE('',#8772,0.0021004342959706);
#586=CIRCLE('',#8774,0.00154669362140022);
#587=CIRCLE('',#8778,0.00219420515957068);
#588=CIRCLE('',#8785,0.00210043429597054);
#589=CIRCLE('',#8787,0.00154669362140026);
#590=CIRCLE('',#8817,0.00296352681367598);
#591=CIRCLE('',#8819,0.00278671616427415);
#592=CIRCLE('',#8821,0.00304705525782147);
#593=CIRCLE('',#8827,0.00279948108353914);
#594=CIRCLE('',#8833,0.00296352681367508);
#595=CIRCLE('',#8835,0.00278671616428173);
#596=CIRCLE('',#8837,0.00304705525781807);
#597=CIRCLE('',#8843,0.00340533924057705);
#598=CIRCLE('',#8846,0.00252222638769449);
#599=CIRCLE('',#8849,0.00510193851448766);
#600=CIRCLE('',#8851,0.00318856047951142);
#601=ORIENTED_EDGE('',*,*,#2467,.T.);
#602=ORIENTED_EDGE('',*,*,#2468,.T.);
#603=ORIENTED_EDGE('',*,*,#2469,.T.);
#604=ORIENTED_EDGE('',*,*,#2470,.T.);
#605=ORIENTED_EDGE('',*,*,#2471,.T.);
#606=ORIENTED_EDGE('',*,*,#2472,.T.);
#607=ORIENTED_EDGE('',*,*,#2473,.T.);
#608=ORIENTED_EDGE('',*,*,#2474,.T.);
#609=ORIENTED_EDGE('',*,*,#2475,.T.);
#610=ORIENTED_EDGE('',*,*,#2476,.T.);
#611=ORIENTED_EDGE('',*,*,#2477,.T.);
#612=ORIENTED_EDGE('',*,*,#2478,.T.);
#613=ORIENTED_EDGE('',*,*,#2479,.T.);
#614=ORIENTED_EDGE('',*,*,#2480,.T.);
#615=ORIENTED_EDGE('',*,*,#2481,.T.);
#616=ORIENTED_EDGE('',*,*,#2482,.T.);
#617=ORIENTED_EDGE('',*,*,#2483,.T.);
#618=ORIENTED_EDGE('',*,*,#2484,.T.);
#619=ORIENTED_EDGE('',*,*,#2485,.T.);
#620=ORIENTED_EDGE('',*,*,#2486,.T.);
#621=ORIENTED_EDGE('',*,*,#2487,.T.);
#622=ORIENTED_EDGE('',*,*,#2488,.T.);
#623=ORIENTED_EDGE('',*,*,#2489,.T.);
#624=ORIENTED_EDGE('',*,*,#2490,.T.);
#625=ORIENTED_EDGE('',*,*,#2491,.T.);
#626=ORIENTED_EDGE('',*,*,#2492,.T.);
#627=ORIENTED_EDGE('',*,*,#2493,.T.);
#628=ORIENTED_EDGE('',*,*,#2494,.T.);
#629=ORIENTED_EDGE('',*,*,#2495,.T.);
#630=ORIENTED_EDGE('',*,*,#2496,.T.);
#631=ORIENTED_EDGE('',*,*,#2497,.T.);
#632=ORIENTED_EDGE('',*,*,#2498,.T.);
#633=ORIENTED_EDGE('',*,*,#2499,.T.);
#634=ORIENTED_EDGE('',*,*,#2500,.T.);
#635=ORIENTED_EDGE('',*,*,#2501,.T.);
#636=ORIENTED_EDGE('',*,*,#2502,.T.);
#637=ORIENTED_EDGE('',*,*,#2503,.T.);
#638=ORIENTED_EDGE('',*,*,#2504,.T.);
#639=ORIENTED_EDGE('',*,*,#2505,.T.);
#640=ORIENTED_EDGE('',*,*,#2506,.T.);
#641=ORIENTED_EDGE('',*,*,#2507,.T.);
#642=ORIENTED_EDGE('',*,*,#2508,.T.);
#643=ORIENTED_EDGE('',*,*,#2509,.T.);
#644=ORIENTED_EDGE('',*,*,#2510,.T.);
#645=ORIENTED_EDGE('',*,*,#2511,.T.);
#646=ORIENTED_EDGE('',*,*,#2512,.T.);
#647=ORIENTED_EDGE('',*,*,#2513,.T.);
#648=ORIENTED_EDGE('',*,*,#2514,.T.);
#649=ORIENTED_EDGE('',*,*,#2515,.T.);
#650=ORIENTED_EDGE('',*,*,#2516,.T.);
#651=ORIENTED_EDGE('',*,*,#2517,.T.);
#652=ORIENTED_EDGE('',*,*,#2518,.T.);
#653=ORIENTED_EDGE('',*,*,#2519,.T.);
#654=ORIENTED_EDGE('',*,*,#2520,.T.);
#655=ORIENTED_EDGE('',*,*,#2521,.T.);
#656=ORIENTED_EDGE('',*,*,#2522,.T.);
#657=ORIENTED_EDGE('',*,*,#2523,.T.);
#658=ORIENTED_EDGE('',*,*,#2524,.T.);
#659=ORIENTED_EDGE('',*,*,#2525,.T.);
#660=ORIENTED_EDGE('',*,*,#2526,.T.);
#661=ORIENTED_EDGE('',*,*,#2527,.T.);
#662=ORIENTED_EDGE('',*,*,#2528,.T.);
#663=ORIENTED_EDGE('',*,*,#2529,.T.);
#664=ORIENTED_EDGE('',*,*,#2530,.T.);
#665=ORIENTED_EDGE('',*,*,#2531,.T.);
#666=ORIENTED_EDGE('',*,*,#2532,.T.);
#667=ORIENTED_EDGE('',*,*,#2533,.T.);
#668=ORIENTED_EDGE('',*,*,#2534,.T.);
#669=ORIENTED_EDGE('',*,*,#2535,.T.);
#670=ORIENTED_EDGE('',*,*,#2536,.T.);
#671=ORIENTED_EDGE('',*,*,#2537,.T.);
#672=ORIENTED_EDGE('',*,*,#2538,.T.);
#673=ORIENTED_EDGE('',*,*,#2539,.T.);
#674=ORIENTED_EDGE('',*,*,#2540,.T.);
#675=ORIENTED_EDGE('',*,*,#2541,.T.);
#676=ORIENTED_EDGE('',*,*,#2542,.T.);
#677=ORIENTED_EDGE('',*,*,#2543,.T.);
#678=ORIENTED_EDGE('',*,*,#2544,.T.);
#679=ORIENTED_EDGE('',*,*,#2545,.T.);
#680=ORIENTED_EDGE('',*,*,#2546,.T.);
#681=ORIENTED_EDGE('',*,*,#2547,.T.);
#682=ORIENTED_EDGE('',*,*,#2548,.T.);
#683=ORIENTED_EDGE('',*,*,#2549,.T.);
#684=ORIENTED_EDGE('',*,*,#2550,.T.);
#685=ORIENTED_EDGE('',*,*,#2551,.T.);
#686=ORIENTED_EDGE('',*,*,#2552,.T.);
#687=ORIENTED_EDGE('',*,*,#2553,.T.);
#688=ORIENTED_EDGE('',*,*,#2554,.T.);
#689=ORIENTED_EDGE('',*,*,#2555,.T.);
#690=ORIENTED_EDGE('',*,*,#2556,.T.);
#691=ORIENTED_EDGE('',*,*,#2557,.T.);
#692=ORIENTED_EDGE('',*,*,#2558,.T.);
#693=ORIENTED_EDGE('',*,*,#2559,.T.);
#694=ORIENTED_EDGE('',*,*,#2560,.T.);
#695=ORIENTED_EDGE('',*,*,#2561,.T.);
#696=ORIENTED_EDGE('',*,*,#2562,.T.);
#697=ORIENTED_EDGE('',*,*,#2563,.T.);
#698=ORIENTED_EDGE('',*,*,#2564,.T.);
#699=ORIENTED_EDGE('',*,*,#2565,.T.);
#700=ORIENTED_EDGE('',*,*,#2566,.T.);
#701=ORIENTED_EDGE('',*,*,#2567,.T.);
#702=ORIENTED_EDGE('',*,*,#2568,.T.);
#703=ORIENTED_EDGE('',*,*,#2569,.T.);
#704=ORIENTED_EDGE('',*,*,#2570,.T.);
#705=ORIENTED_EDGE('',*,*,#2571,.T.);
#706=ORIENTED_EDGE('',*,*,#2572,.T.);
#707=ORIENTED_EDGE('',*,*,#2573,.T.);
#708=ORIENTED_EDGE('',*,*,#2574,.T.);
#709=ORIENTED_EDGE('',*,*,#2575,.T.);
#710=ORIENTED_EDGE('',*,*,#2576,.T.);
#711=ORIENTED_EDGE('',*,*,#2577,.T.);
#712=ORIENTED_EDGE('',*,*,#2578,.T.);
#713=ORIENTED_EDGE('',*,*,#2579,.T.);
#714=ORIENTED_EDGE('',*,*,#2580,.T.);
#715=ORIENTED_EDGE('',*,*,#2581,.T.);
#716=ORIENTED_EDGE('',*,*,#2582,.T.);
#717=ORIENTED_EDGE('',*,*,#2583,.T.);
#718=ORIENTED_EDGE('',*,*,#2584,.T.);
#719=ORIENTED_EDGE('',*,*,#2585,.T.);
#720=ORIENTED_EDGE('',*,*,#2586,.T.);
#721=ORIENTED_EDGE('',*,*,#2587,.T.);
#722=ORIENTED_EDGE('',*,*,#2588,.T.);
#723=ORIENTED_EDGE('',*,*,#2589,.T.);
#724=ORIENTED_EDGE('',*,*,#2590,.T.);
#725=ORIENTED_EDGE('',*,*,#2591,.T.);
#726=ORIENTED_EDGE('',*,*,#2592,.T.);
#727=ORIENTED_EDGE('',*,*,#2593,.T.);
#728=ORIENTED_EDGE('',*,*,#2594,.T.);
#729=ORIENTED_EDGE('',*,*,#2595,.T.);
#730=ORIENTED_EDGE('',*,*,#2596,.T.);
#731=ORIENTED_EDGE('',*,*,#2597,.T.);
#732=ORIENTED_EDGE('',*,*,#2598,.T.);
#733=ORIENTED_EDGE('',*,*,#2599,.T.);
#734=ORIENTED_EDGE('',*,*,#2600,.T.);
#735=ORIENTED_EDGE('',*,*,#2601,.T.);
#736=ORIENTED_EDGE('',*,*,#2602,.T.);
#737=ORIENTED_EDGE('',*,*,#2603,.T.);
#738=ORIENTED_EDGE('',*,*,#2604,.T.);
#739=ORIENTED_EDGE('',*,*,#2605,.T.);
#740=ORIENTED_EDGE('',*,*,#2606,.T.);
#741=ORIENTED_EDGE('',*,*,#2607,.T.);
#742=ORIENTED_EDGE('',*,*,#2608,.T.);
#743=ORIENTED_EDGE('',*,*,#2609,.T.);
#744=ORIENTED_EDGE('',*,*,#2610,.T.);
#745=ORIENTED_EDGE('',*,*,#2611,.T.);
#746=ORIENTED_EDGE('',*,*,#2612,.T.);
#747=ORIENTED_EDGE('',*,*,#2613,.T.);
#748=ORIENTED_EDGE('',*,*,#2614,.T.);
#749=ORIENTED_EDGE('',*,*,#2615,.T.);
#750=ORIENTED_EDGE('',*,*,#2616,.T.);
#751=ORIENTED_EDGE('',*,*,#2617,.F.);
#752=ORIENTED_EDGE('',*,*,#2618,.T.);
#753=ORIENTED_EDGE('',*,*,#2619,.T.);
#754=ORIENTED_EDGE('',*,*,#2620,.F.);
#755=ORIENTED_EDGE('',*,*,#2621,.F.);
#756=ORIENTED_EDGE('',*,*,#2622,.T.);
#757=ORIENTED_EDGE('',*,*,#2623,.T.);
#758=ORIENTED_EDGE('',*,*,#2624,.F.);
#759=ORIENTED_EDGE('',*,*,#2625,.T.);
#760=ORIENTED_EDGE('',*,*,#2626,.T.);
#761=ORIENTED_EDGE('',*,*,#2627,.F.);
#762=ORIENTED_EDGE('',*,*,#2628,.F.);
#763=ORIENTED_EDGE('',*,*,#2629,.F.);
#764=ORIENTED_EDGE('',*,*,#2630,.T.);
#765=ORIENTED_EDGE('',*,*,#2631,.T.);
#766=ORIENTED_EDGE('',*,*,#2632,.F.);
#767=ORIENTED_EDGE('',*,*,#2633,.F.);
#768=ORIENTED_EDGE('',*,*,#2634,.T.);
#769=ORIENTED_EDGE('',*,*,#2635,.T.);
#770=ORIENTED_EDGE('',*,*,#2636,.F.);
#771=ORIENTED_EDGE('',*,*,#2637,.T.);
#772=ORIENTED_EDGE('',*,*,#2638,.T.);
#773=ORIENTED_EDGE('',*,*,#2639,.T.);
#774=ORIENTED_EDGE('',*,*,#2640,.T.);
#775=ORIENTED_EDGE('',*,*,#2641,.T.);
#776=ORIENTED_EDGE('',*,*,#2642,.T.);
#777=ORIENTED_EDGE('',*,*,#2643,.T.);
#778=ORIENTED_EDGE('',*,*,#2644,.T.);
#779=ORIENTED_EDGE('',*,*,#2645,.T.);
#780=ORIENTED_EDGE('',*,*,#2646,.T.);
#781=ORIENTED_EDGE('',*,*,#2647,.T.);
#782=ORIENTED_EDGE('',*,*,#2648,.T.);
#783=ORIENTED_EDGE('',*,*,#2649,.T.);
#784=ORIENTED_EDGE('',*,*,#2650,.T.);
#785=ORIENTED_EDGE('',*,*,#2651,.T.);
#786=ORIENTED_EDGE('',*,*,#2652,.T.);
#787=ORIENTED_EDGE('',*,*,#2653,.T.);
#788=ORIENTED_EDGE('',*,*,#2654,.T.);
#789=ORIENTED_EDGE('',*,*,#2655,.T.);
#790=ORIENTED_EDGE('',*,*,#2656,.T.);
#791=ORIENTED_EDGE('',*,*,#2657,.T.);
#792=ORIENTED_EDGE('',*,*,#2658,.T.);
#793=ORIENTED_EDGE('',*,*,#2659,.T.);
#794=ORIENTED_EDGE('',*,*,#2660,.T.);
#795=ORIENTED_EDGE('',*,*,#2661,.T.);
#796=ORIENTED_EDGE('',*,*,#2662,.T.);
#797=ORIENTED_EDGE('',*,*,#2663,.T.);
#798=ORIENTED_EDGE('',*,*,#2664,.T.);
#799=ORIENTED_EDGE('',*,*,#2665,.T.);
#800=ORIENTED_EDGE('',*,*,#2666,.T.);
#801=ORIENTED_EDGE('',*,*,#2667,.T.);
#802=ORIENTED_EDGE('',*,*,#2668,.T.);
#803=ORIENTED_EDGE('',*,*,#2669,.T.);
#804=ORIENTED_EDGE('',*,*,#2670,.T.);
#805=ORIENTED_EDGE('',*,*,#2671,.T.);
#806=ORIENTED_EDGE('',*,*,#2672,.T.);
#807=ORIENTED_EDGE('',*,*,#2673,.T.);
#808=ORIENTED_EDGE('',*,*,#2674,.T.);
#809=ORIENTED_EDGE('',*,*,#2675,.T.);
#810=ORIENTED_EDGE('',*,*,#2676,.T.);
#811=ORIENTED_EDGE('',*,*,#2677,.T.);
#812=ORIENTED_EDGE('',*,*,#2678,.T.);
#813=ORIENTED_EDGE('',*,*,#2679,.T.);
#814=ORIENTED_EDGE('',*,*,#2680,.T.);
#815=ORIENTED_EDGE('',*,*,#2681,.T.);
#816=ORIENTED_EDGE('',*,*,#2682,.T.);
#817=ORIENTED_EDGE('',*,*,#2683,.T.);
#818=ORIENTED_EDGE('',*,*,#2684,.T.);
#819=ORIENTED_EDGE('',*,*,#2685,.T.);
#820=ORIENTED_EDGE('',*,*,#2686,.T.);
#821=ORIENTED_EDGE('',*,*,#2687,.T.);
#822=ORIENTED_EDGE('',*,*,#2688,.T.);
#823=ORIENTED_EDGE('',*,*,#2689,.T.);
#824=ORIENTED_EDGE('',*,*,#2690,.T.);
#825=ORIENTED_EDGE('',*,*,#2691,.T.);
#826=ORIENTED_EDGE('',*,*,#2692,.T.);
#827=ORIENTED_EDGE('',*,*,#2693,.T.);
#828=ORIENTED_EDGE('',*,*,#2694,.T.);
#829=ORIENTED_EDGE('',*,*,#2695,.T.);
#830=ORIENTED_EDGE('',*,*,#2696,.T.);
#831=ORIENTED_EDGE('',*,*,#2697,.T.);
#832=ORIENTED_EDGE('',*,*,#2698,.T.);
#833=ORIENTED_EDGE('',*,*,#2699,.T.);
#834=ORIENTED_EDGE('',*,*,#2700,.T.);
#835=ORIENTED_EDGE('',*,*,#2701,.T.);
#836=ORIENTED_EDGE('',*,*,#2702,.T.);
#837=ORIENTED_EDGE('',*,*,#2703,.T.);
#838=ORIENTED_EDGE('',*,*,#2704,.T.);
#839=ORIENTED_EDGE('',*,*,#2705,.T.);
#840=ORIENTED_EDGE('',*,*,#2706,.T.);
#841=ORIENTED_EDGE('',*,*,#2707,.T.);
#842=ORIENTED_EDGE('',*,*,#2708,.T.);
#843=ORIENTED_EDGE('',*,*,#2709,.T.);
#844=ORIENTED_EDGE('',*,*,#2710,.T.);
#845=ORIENTED_EDGE('',*,*,#2711,.T.);
#846=ORIENTED_EDGE('',*,*,#2712,.T.);
#847=ORIENTED_EDGE('',*,*,#2713,.T.);
#848=ORIENTED_EDGE('',*,*,#2714,.T.);
#849=ORIENTED_EDGE('',*,*,#2618,.F.);
#850=ORIENTED_EDGE('',*,*,#2715,.F.);
#851=ORIENTED_EDGE('',*,*,#2716,.F.);
#852=ORIENTED_EDGE('',*,*,#2717,.F.);
#853=ORIENTED_EDGE('',*,*,#2715,.T.);
#854=ORIENTED_EDGE('',*,*,#2617,.T.);
#855=ORIENTED_EDGE('',*,*,#2718,.F.);
#856=ORIENTED_EDGE('',*,*,#2719,.F.);
#857=ORIENTED_EDGE('',*,*,#2720,.T.);
#858=ORIENTED_EDGE('',*,*,#2636,.T.);
#859=ORIENTED_EDGE('',*,*,#2721,.T.);
#860=ORIENTED_EDGE('',*,*,#2722,.T.);
#861=ORIENTED_EDGE('',*,*,#2631,.F.);
#862=ORIENTED_EDGE('',*,*,#2723,.F.);
#863=ORIENTED_EDGE('',*,*,#2724,.F.);
#864=ORIENTED_EDGE('',*,*,#2725,.T.);
#865=ORIENTED_EDGE('',*,*,#2726,.T.);
#866=ORIENTED_EDGE('',*,*,#2721,.F.);
#867=ORIENTED_EDGE('',*,*,#2727,.F.);
#868=ORIENTED_EDGE('',*,*,#2728,.T.);
#869=ORIENTED_EDGE('',*,*,#2719,.T.);
#870=ORIENTED_EDGE('',*,*,#2729,.F.);
#871=ORIENTED_EDGE('',*,*,#2730,.T.);
#872=ORIENTED_EDGE('',*,*,#2731,.T.);
#873=ORIENTED_EDGE('',*,*,#2732,.F.);
#874=ORIENTED_EDGE('',*,*,#2733,.F.);
#875=ORIENTED_EDGE('',*,*,#2734,.T.);
#876=ORIENTED_EDGE('',*,*,#2735,.T.);
#877=ORIENTED_EDGE('',*,*,#2736,.F.);
#878=ORIENTED_EDGE('',*,*,#2737,.F.);
#879=ORIENTED_EDGE('',*,*,#2713,.F.);
#880=ORIENTED_EDGE('',*,*,#2717,.T.);
#881=ORIENTED_EDGE('',*,*,#2738,.T.);
#882=ORIENTED_EDGE('',*,*,#2739,.F.);
#883=ORIENTED_EDGE('',*,*,#2734,.F.);
#884=ORIENTED_EDGE('',*,*,#2740,.F.);
#885=ORIENTED_EDGE('',*,*,#2621,.T.);
#886=ORIENTED_EDGE('',*,*,#2741,.T.);
#887=ORIENTED_EDGE('',*,*,#2737,.T.);
#888=ORIENTED_EDGE('',*,*,#2742,.F.);
#889=ORIENTED_EDGE('',*,*,#2622,.F.);
#890=ORIENTED_EDGE('',*,*,#2740,.T.);
#891=ORIENTED_EDGE('',*,*,#2736,.T.);
#892=ORIENTED_EDGE('',*,*,#2743,.F.);
#893=ORIENTED_EDGE('',*,*,#2623,.F.);
#894=ORIENTED_EDGE('',*,*,#2742,.T.);
#895=ORIENTED_EDGE('',*,*,#2735,.F.);
#896=ORIENTED_EDGE('',*,*,#2741,.F.);
#897=ORIENTED_EDGE('',*,*,#2624,.T.);
#898=ORIENTED_EDGE('',*,*,#2743,.T.);
#899=ORIENTED_EDGE('',*,*,#2744,.F.);
#900=ORIENTED_EDGE('',*,*,#2724,.T.);
#901=ORIENTED_EDGE('',*,*,#2723,.T.);
#902=ORIENTED_EDGE('',*,*,#2630,.F.);
#903=ORIENTED_EDGE('',*,*,#2728,.F.);
#904=ORIENTED_EDGE('',*,*,#2745,.T.);
#905=ORIENTED_EDGE('',*,*,#2633,.T.);
#906=ORIENTED_EDGE('',*,*,#2720,.F.);
#907=ORIENTED_EDGE('',*,*,#2731,.F.);
#908=ORIENTED_EDGE('',*,*,#2746,.T.);
#909=ORIENTED_EDGE('',*,*,#2627,.T.);
#910=ORIENTED_EDGE('',*,*,#2747,.F.);
#911=ORIENTED_EDGE('',*,*,#2748,.F.);
#912=ORIENTED_EDGE('',*,*,#2732,.T.);
#913=ORIENTED_EDGE('',*,*,#2747,.T.);
#914=ORIENTED_EDGE('',*,*,#2626,.F.);
#915=ORIENTED_EDGE('',*,*,#2619,.F.);
#916=ORIENTED_EDGE('',*,*,#2714,.F.);
#917=ORIENTED_EDGE('',*,*,#2739,.T.);
#918=ORIENTED_EDGE('',*,*,#2749,.T.);
#919=ORIENTED_EDGE('',*,*,#2620,.T.);
#920=ORIENTED_EDGE('',*,*,#2749,.F.);
#921=ORIENTED_EDGE('',*,*,#2738,.F.);
#922=ORIENTED_EDGE('',*,*,#2716,.T.);
#923=ORIENTED_EDGE('',*,*,#2634,.F.);
#924=ORIENTED_EDGE('',*,*,#2745,.F.);
#925=ORIENTED_EDGE('',*,*,#2727,.T.);
#926=ORIENTED_EDGE('',*,*,#2750,.T.);
#927=ORIENTED_EDGE('',*,*,#2635,.F.);
#928=ORIENTED_EDGE('',*,*,#2750,.F.);
#929=ORIENTED_EDGE('',*,*,#2729,.T.);
#930=ORIENTED_EDGE('',*,*,#2718,.T.);
#931=ORIENTED_EDGE('',*,*,#2628,.T.);
#932=ORIENTED_EDGE('',*,*,#2746,.F.);
#933=ORIENTED_EDGE('',*,*,#2730,.F.);
#934=ORIENTED_EDGE('',*,*,#2751,.T.);
#935=ORIENTED_EDGE('',*,*,#2625,.F.);
#936=ORIENTED_EDGE('',*,*,#2751,.F.);
#937=ORIENTED_EDGE('',*,*,#2733,.T.);
#938=ORIENTED_EDGE('',*,*,#2748,.T.);
#939=ORIENTED_EDGE('',*,*,#2632,.T.);
#940=ORIENTED_EDGE('',*,*,#2722,.F.);
#941=ORIENTED_EDGE('',*,*,#2726,.F.);
#942=ORIENTED_EDGE('',*,*,#2752,.T.);
#943=ORIENTED_EDGE('',*,*,#2629,.T.);
#944=ORIENTED_EDGE('',*,*,#2752,.F.);
#945=ORIENTED_EDGE('',*,*,#2725,.F.);
#946=ORIENTED_EDGE('',*,*,#2744,.T.);
#947=ORIENTED_EDGE('',*,*,#2753,.F.);
#948=ORIENTED_EDGE('',*,*,#2754,.F.);
#949=ORIENTED_EDGE('',*,*,#2755,.T.);
#950=ORIENTED_EDGE('',*,*,#2756,.T.);
#951=ORIENTED_EDGE('',*,*,#2757,.F.);
#952=ORIENTED_EDGE('',*,*,#2758,.F.);
#953=ORIENTED_EDGE('',*,*,#2759,.T.);
#954=ORIENTED_EDGE('',*,*,#2754,.T.);
#955=ORIENTED_EDGE('',*,*,#2760,.F.);
#956=ORIENTED_EDGE('',*,*,#2761,.F.);
#957=ORIENTED_EDGE('',*,*,#2762,.T.);
#958=ORIENTED_EDGE('',*,*,#2758,.T.);
#959=ORIENTED_EDGE('',*,*,#2763,.F.);
#960=ORIENTED_EDGE('',*,*,#2764,.F.);
#961=ORIENTED_EDGE('',*,*,#2765,.T.);
#962=ORIENTED_EDGE('',*,*,#2761,.T.);
#963=ORIENTED_EDGE('',*,*,#2766,.F.);
#964=ORIENTED_EDGE('',*,*,#2767,.F.);
#965=ORIENTED_EDGE('',*,*,#2768,.T.);
#966=ORIENTED_EDGE('',*,*,#2764,.T.);
#967=ORIENTED_EDGE('',*,*,#2769,.F.);
#968=ORIENTED_EDGE('',*,*,#2770,.F.);
#969=ORIENTED_EDGE('',*,*,#2771,.T.);
#970=ORIENTED_EDGE('',*,*,#2767,.T.);
#971=ORIENTED_EDGE('',*,*,#2772,.F.);
#972=ORIENTED_EDGE('',*,*,#2773,.F.);
#973=ORIENTED_EDGE('',*,*,#2774,.T.);
#974=ORIENTED_EDGE('',*,*,#2770,.T.);
#975=ORIENTED_EDGE('',*,*,#2775,.F.);
#976=ORIENTED_EDGE('',*,*,#2776,.F.);
#977=ORIENTED_EDGE('',*,*,#2777,.T.);
#978=ORIENTED_EDGE('',*,*,#2773,.T.);
#979=ORIENTED_EDGE('',*,*,#2778,.F.);
#980=ORIENTED_EDGE('',*,*,#2779,.F.);
#981=ORIENTED_EDGE('',*,*,#2780,.T.);
#982=ORIENTED_EDGE('',*,*,#2776,.T.);
#983=ORIENTED_EDGE('',*,*,#2781,.F.);
#984=ORIENTED_EDGE('',*,*,#2782,.F.);
#985=ORIENTED_EDGE('',*,*,#2783,.T.);
#986=ORIENTED_EDGE('',*,*,#2779,.T.);
#987=ORIENTED_EDGE('',*,*,#2784,.F.);
#988=ORIENTED_EDGE('',*,*,#2785,.F.);
#989=ORIENTED_EDGE('',*,*,#2786,.T.);
#990=ORIENTED_EDGE('',*,*,#2782,.T.);
#991=ORIENTED_EDGE('',*,*,#2638,.F.);
#992=ORIENTED_EDGE('',*,*,#2787,.F.);
#993=ORIENTED_EDGE('',*,*,#2788,.T.);
#994=ORIENTED_EDGE('',*,*,#2789,.T.);
#995=ORIENTED_EDGE('',*,*,#2637,.F.);
#996=ORIENTED_EDGE('',*,*,#2790,.F.);
#997=ORIENTED_EDGE('',*,*,#2791,.T.);
#998=ORIENTED_EDGE('',*,*,#2787,.T.);
#999=ORIENTED_EDGE('',*,*,#2651,.F.);
#1000=ORIENTED_EDGE('',*,*,#2792,.F.);
#1001=ORIENTED_EDGE('',*,*,#2793,.T.);
#1002=ORIENTED_EDGE('',*,*,#2790,.T.);
#1003=ORIENTED_EDGE('',*,*,#2650,.F.);
#1004=ORIENTED_EDGE('',*,*,#2794,.F.);
#1005=ORIENTED_EDGE('',*,*,#2795,.T.);
#1006=ORIENTED_EDGE('',*,*,#2792,.T.);
#1007=ORIENTED_EDGE('',*,*,#2649,.F.);
#1008=ORIENTED_EDGE('',*,*,#2796,.F.);
#1009=ORIENTED_EDGE('',*,*,#2797,.T.);
#1010=ORIENTED_EDGE('',*,*,#2794,.T.);
#1011=ORIENTED_EDGE('',*,*,#2648,.F.);
#1012=ORIENTED_EDGE('',*,*,#2798,.F.);
#1013=ORIENTED_EDGE('',*,*,#2799,.T.);
#1014=ORIENTED_EDGE('',*,*,#2796,.T.);
#1015=ORIENTED_EDGE('',*,*,#2647,.F.);
#1016=ORIENTED_EDGE('',*,*,#2800,.F.);
#1017=ORIENTED_EDGE('',*,*,#2801,.T.);
#1018=ORIENTED_EDGE('',*,*,#2798,.T.);
#1019=ORIENTED_EDGE('',*,*,#2646,.F.);
#1020=ORIENTED_EDGE('',*,*,#2802,.F.);
#1021=ORIENTED_EDGE('',*,*,#2803,.T.);
#1022=ORIENTED_EDGE('',*,*,#2800,.T.);
#1023=ORIENTED_EDGE('',*,*,#2645,.F.);
#1024=ORIENTED_EDGE('',*,*,#2804,.F.);
#1025=ORIENTED_EDGE('',*,*,#2805,.T.);
#1026=ORIENTED_EDGE('',*,*,#2802,.T.);
#1027=ORIENTED_EDGE('',*,*,#2644,.F.);
#1028=ORIENTED_EDGE('',*,*,#2806,.F.);
#1029=ORIENTED_EDGE('',*,*,#2807,.T.);
#1030=ORIENTED_EDGE('',*,*,#2804,.T.);
#1031=ORIENTED_EDGE('',*,*,#2643,.F.);
#1032=ORIENTED_EDGE('',*,*,#2808,.F.);
#1033=ORIENTED_EDGE('',*,*,#2809,.T.);
#1034=ORIENTED_EDGE('',*,*,#2806,.T.);
#1035=ORIENTED_EDGE('',*,*,#2642,.F.);
#1036=ORIENTED_EDGE('',*,*,#2810,.F.);
#1037=ORIENTED_EDGE('',*,*,#2811,.T.);
#1038=ORIENTED_EDGE('',*,*,#2808,.T.);
#1039=ORIENTED_EDGE('',*,*,#2641,.F.);
#1040=ORIENTED_EDGE('',*,*,#2812,.F.);
#1041=ORIENTED_EDGE('',*,*,#2813,.T.);
#1042=ORIENTED_EDGE('',*,*,#2810,.T.);
#1043=ORIENTED_EDGE('',*,*,#2640,.F.);
#1044=ORIENTED_EDGE('',*,*,#2814,.F.);
#1045=ORIENTED_EDGE('',*,*,#2815,.T.);
#1046=ORIENTED_EDGE('',*,*,#2812,.T.);
#1047=ORIENTED_EDGE('',*,*,#2639,.F.);
#1048=ORIENTED_EDGE('',*,*,#2789,.F.);
#1049=ORIENTED_EDGE('',*,*,#2816,.T.);
#1050=ORIENTED_EDGE('',*,*,#2814,.T.);
#1051=ORIENTED_EDGE('',*,*,#2817,.F.);
#1052=ORIENTED_EDGE('',*,*,#2756,.F.);
#1053=ORIENTED_EDGE('',*,*,#2818,.T.);
#1054=ORIENTED_EDGE('',*,*,#2785,.T.);
#1055=ORIENTED_EDGE('',*,*,#2788,.F.);
#1056=ORIENTED_EDGE('',*,*,#2791,.F.);
#1057=ORIENTED_EDGE('',*,*,#2793,.F.);
#1058=ORIENTED_EDGE('',*,*,#2795,.F.);
#1059=ORIENTED_EDGE('',*,*,#2797,.F.);
#1060=ORIENTED_EDGE('',*,*,#2799,.F.);
#1061=ORIENTED_EDGE('',*,*,#2801,.F.);
#1062=ORIENTED_EDGE('',*,*,#2803,.F.);
#1063=ORIENTED_EDGE('',*,*,#2805,.F.);
#1064=ORIENTED_EDGE('',*,*,#2807,.F.);
#1065=ORIENTED_EDGE('',*,*,#2809,.F.);
#1066=ORIENTED_EDGE('',*,*,#2811,.F.);
#1067=ORIENTED_EDGE('',*,*,#2813,.F.);
#1068=ORIENTED_EDGE('',*,*,#2815,.F.);
#1069=ORIENTED_EDGE('',*,*,#2816,.F.);
#1070=ORIENTED_EDGE('',*,*,#2755,.F.);
#1071=ORIENTED_EDGE('',*,*,#2759,.F.);
#1072=ORIENTED_EDGE('',*,*,#2762,.F.);
#1073=ORIENTED_EDGE('',*,*,#2765,.F.);
#1074=ORIENTED_EDGE('',*,*,#2768,.F.);
#1075=ORIENTED_EDGE('',*,*,#2771,.F.);
#1076=ORIENTED_EDGE('',*,*,#2774,.F.);
#1077=ORIENTED_EDGE('',*,*,#2777,.F.);
#1078=ORIENTED_EDGE('',*,*,#2780,.F.);
#1079=ORIENTED_EDGE('',*,*,#2783,.F.);
#1080=ORIENTED_EDGE('',*,*,#2786,.F.);
#1081=ORIENTED_EDGE('',*,*,#2818,.F.);
#1082=ORIENTED_EDGE('',*,*,#2819,.F.);
#1083=ORIENTED_EDGE('',*,*,#2820,.F.);
#1084=ORIENTED_EDGE('',*,*,#2821,.T.);
#1085=ORIENTED_EDGE('',*,*,#2822,.T.);
#1086=ORIENTED_EDGE('',*,*,#2823,.F.);
#1087=ORIENTED_EDGE('',*,*,#2824,.F.);
#1088=ORIENTED_EDGE('',*,*,#2825,.T.);
#1089=ORIENTED_EDGE('',*,*,#2820,.T.);
#1090=ORIENTED_EDGE('',*,*,#2826,.F.);
#1091=ORIENTED_EDGE('',*,*,#2827,.F.);
#1092=ORIENTED_EDGE('',*,*,#2828,.T.);
#1093=ORIENTED_EDGE('',*,*,#2824,.T.);
#1094=ORIENTED_EDGE('',*,*,#2829,.F.);
#1095=ORIENTED_EDGE('',*,*,#2830,.F.);
#1096=ORIENTED_EDGE('',*,*,#2831,.T.);
#1097=ORIENTED_EDGE('',*,*,#2827,.T.);
#1098=ORIENTED_EDGE('',*,*,#2600,.F.);
#1099=ORIENTED_EDGE('',*,*,#2832,.F.);
#1100=ORIENTED_EDGE('',*,*,#2833,.T.);
#1101=ORIENTED_EDGE('',*,*,#2834,.T.);
#1102=ORIENTED_EDGE('',*,*,#2599,.F.);
#1103=ORIENTED_EDGE('',*,*,#2835,.F.);
#1104=ORIENTED_EDGE('',*,*,#2836,.T.);
#1105=ORIENTED_EDGE('',*,*,#2832,.T.);
#1106=ORIENTED_EDGE('',*,*,#2616,.F.);
#1107=ORIENTED_EDGE('',*,*,#2837,.F.);
#1108=ORIENTED_EDGE('',*,*,#2838,.T.);
#1109=ORIENTED_EDGE('',*,*,#2835,.T.);
#1110=ORIENTED_EDGE('',*,*,#2615,.F.);
#1111=ORIENTED_EDGE('',*,*,#2839,.F.);
#1112=ORIENTED_EDGE('',*,*,#2840,.T.);
#1113=ORIENTED_EDGE('',*,*,#2837,.T.);
#1114=ORIENTED_EDGE('',*,*,#2614,.F.);
#1115=ORIENTED_EDGE('',*,*,#2841,.F.);
#1116=ORIENTED_EDGE('',*,*,#2842,.T.);
#1117=ORIENTED_EDGE('',*,*,#2839,.T.);
#1118=ORIENTED_EDGE('',*,*,#2613,.F.);
#1119=ORIENTED_EDGE('',*,*,#2843,.F.);
#1120=ORIENTED_EDGE('',*,*,#2844,.T.);
#1121=ORIENTED_EDGE('',*,*,#2841,.T.);
#1122=ORIENTED_EDGE('',*,*,#2612,.F.);
#1123=ORIENTED_EDGE('',*,*,#2845,.F.);
#1124=ORIENTED_EDGE('',*,*,#2846,.T.);
#1125=ORIENTED_EDGE('',*,*,#2843,.T.);
#1126=ORIENTED_EDGE('',*,*,#2611,.F.);
#1127=ORIENTED_EDGE('',*,*,#2847,.F.);
#1128=ORIENTED_EDGE('',*,*,#2848,.T.);
#1129=ORIENTED_EDGE('',*,*,#2845,.T.);
#1130=ORIENTED_EDGE('',*,*,#2610,.F.);
#1131=ORIENTED_EDGE('',*,*,#2849,.F.);
#1132=ORIENTED_EDGE('',*,*,#2850,.T.);
#1133=ORIENTED_EDGE('',*,*,#2847,.T.);
#1134=ORIENTED_EDGE('',*,*,#2609,.F.);
#1135=ORIENTED_EDGE('',*,*,#2851,.F.);
#1136=ORIENTED_EDGE('',*,*,#2852,.T.);
#1137=ORIENTED_EDGE('',*,*,#2849,.T.);
#1138=ORIENTED_EDGE('',*,*,#2608,.F.);
#1139=ORIENTED_EDGE('',*,*,#2853,.F.);
#1140=ORIENTED_EDGE('',*,*,#2854,.T.);
#1141=ORIENTED_EDGE('',*,*,#2851,.T.);
#1142=ORIENTED_EDGE('',*,*,#2607,.F.);
#1143=ORIENTED_EDGE('',*,*,#2855,.F.);
#1144=ORIENTED_EDGE('',*,*,#2856,.T.);
#1145=ORIENTED_EDGE('',*,*,#2853,.T.);
#1146=ORIENTED_EDGE('',*,*,#2606,.F.);
#1147=ORIENTED_EDGE('',*,*,#2857,.F.);
#1148=ORIENTED_EDGE('',*,*,#2858,.T.);
#1149=ORIENTED_EDGE('',*,*,#2855,.T.);
#1150=ORIENTED_EDGE('',*,*,#2605,.F.);
#1151=ORIENTED_EDGE('',*,*,#2859,.F.);
#1152=ORIENTED_EDGE('',*,*,#2860,.T.);
#1153=ORIENTED_EDGE('',*,*,#2857,.T.);
#1154=ORIENTED_EDGE('',*,*,#2604,.F.);
#1155=ORIENTED_EDGE('',*,*,#2861,.F.);
#1156=ORIENTED_EDGE('',*,*,#2862,.T.);
#1157=ORIENTED_EDGE('',*,*,#2859,.T.);
#1158=ORIENTED_EDGE('',*,*,#2603,.F.);
#1159=ORIENTED_EDGE('',*,*,#2863,.F.);
#1160=ORIENTED_EDGE('',*,*,#2864,.T.);
#1161=ORIENTED_EDGE('',*,*,#2861,.T.);
#1162=ORIENTED_EDGE('',*,*,#2602,.F.);
#1163=ORIENTED_EDGE('',*,*,#2865,.F.);
#1164=ORIENTED_EDGE('',*,*,#2866,.T.);
#1165=ORIENTED_EDGE('',*,*,#2863,.T.);
#1166=ORIENTED_EDGE('',*,*,#2601,.F.);
#1167=ORIENTED_EDGE('',*,*,#2834,.F.);
#1168=ORIENTED_EDGE('',*,*,#2867,.T.);
#1169=ORIENTED_EDGE('',*,*,#2865,.T.);
#1170=ORIENTED_EDGE('',*,*,#2868,.F.);
#1171=ORIENTED_EDGE('',*,*,#2822,.F.);
#1172=ORIENTED_EDGE('',*,*,#2869,.T.);
#1173=ORIENTED_EDGE('',*,*,#2830,.T.);
#1174=ORIENTED_EDGE('',*,*,#2833,.F.);
#1175=ORIENTED_EDGE('',*,*,#2836,.F.);
#1176=ORIENTED_EDGE('',*,*,#2838,.F.);
#1177=ORIENTED_EDGE('',*,*,#2840,.F.);
#1178=ORIENTED_EDGE('',*,*,#2842,.F.);
#1179=ORIENTED_EDGE('',*,*,#2844,.F.);
#1180=ORIENTED_EDGE('',*,*,#2846,.F.);
#1181=ORIENTED_EDGE('',*,*,#2848,.F.);
#1182=ORIENTED_EDGE('',*,*,#2850,.F.);
#1183=ORIENTED_EDGE('',*,*,#2852,.F.);
#1184=ORIENTED_EDGE('',*,*,#2854,.F.);
#1185=ORIENTED_EDGE('',*,*,#2856,.F.);
#1186=ORIENTED_EDGE('',*,*,#2858,.F.);
#1187=ORIENTED_EDGE('',*,*,#2860,.F.);
#1188=ORIENTED_EDGE('',*,*,#2862,.F.);
#1189=ORIENTED_EDGE('',*,*,#2864,.F.);
#1190=ORIENTED_EDGE('',*,*,#2866,.F.);
#1191=ORIENTED_EDGE('',*,*,#2867,.F.);
#1192=ORIENTED_EDGE('',*,*,#2821,.F.);
#1193=ORIENTED_EDGE('',*,*,#2825,.F.);
#1194=ORIENTED_EDGE('',*,*,#2828,.F.);
#1195=ORIENTED_EDGE('',*,*,#2831,.F.);
#1196=ORIENTED_EDGE('',*,*,#2869,.F.);
#1197=ORIENTED_EDGE('',*,*,#2587,.F.);
#1198=ORIENTED_EDGE('',*,*,#2870,.F.);
#1199=ORIENTED_EDGE('',*,*,#2871,.T.);
#1200=ORIENTED_EDGE('',*,*,#2872,.T.);
#1201=ORIENTED_EDGE('',*,*,#2586,.F.);
#1202=ORIENTED_EDGE('',*,*,#2873,.F.);
#1203=ORIENTED_EDGE('',*,*,#2874,.T.);
#1204=ORIENTED_EDGE('',*,*,#2870,.T.);
#1205=ORIENTED_EDGE('',*,*,#2598,.F.);
#1206=ORIENTED_EDGE('',*,*,#2875,.F.);
#1207=ORIENTED_EDGE('',*,*,#2876,.T.);
#1208=ORIENTED_EDGE('',*,*,#2873,.T.);
#1209=ORIENTED_EDGE('',*,*,#2597,.F.);
#1210=ORIENTED_EDGE('',*,*,#2877,.F.);
#1211=ORIENTED_EDGE('',*,*,#2878,.T.);
#1212=ORIENTED_EDGE('',*,*,#2875,.T.);
#1213=ORIENTED_EDGE('',*,*,#2596,.F.);
#1214=ORIENTED_EDGE('',*,*,#2879,.F.);
#1215=ORIENTED_EDGE('',*,*,#2880,.T.);
#1216=ORIENTED_EDGE('',*,*,#2877,.T.);
#1217=ORIENTED_EDGE('',*,*,#2595,.F.);
#1218=ORIENTED_EDGE('',*,*,#2881,.F.);
#1219=ORIENTED_EDGE('',*,*,#2882,.T.);
#1220=ORIENTED_EDGE('',*,*,#2879,.T.);
#1221=ORIENTED_EDGE('',*,*,#2594,.F.);
#1222=ORIENTED_EDGE('',*,*,#2883,.F.);
#1223=ORIENTED_EDGE('',*,*,#2884,.T.);
#1224=ORIENTED_EDGE('',*,*,#2881,.T.);
#1225=ORIENTED_EDGE('',*,*,#2593,.F.);
#1226=ORIENTED_EDGE('',*,*,#2885,.F.);
#1227=ORIENTED_EDGE('',*,*,#2886,.T.);
#1228=ORIENTED_EDGE('',*,*,#2883,.T.);
#1229=ORIENTED_EDGE('',*,*,#2592,.F.);
#1230=ORIENTED_EDGE('',*,*,#2887,.F.);
#1231=ORIENTED_EDGE('',*,*,#2888,.T.);
#1232=ORIENTED_EDGE('',*,*,#2885,.T.);
#1233=ORIENTED_EDGE('',*,*,#2591,.F.);
#1234=ORIENTED_EDGE('',*,*,#2889,.F.);
#1235=ORIENTED_EDGE('',*,*,#2890,.T.);
#1236=ORIENTED_EDGE('',*,*,#2887,.T.);
#1237=ORIENTED_EDGE('',*,*,#2590,.F.);
#1238=ORIENTED_EDGE('',*,*,#2891,.F.);
#1239=ORIENTED_EDGE('',*,*,#2892,.T.);
#1240=ORIENTED_EDGE('',*,*,#2889,.T.);
#1241=ORIENTED_EDGE('',*,*,#2589,.F.);
#1242=ORIENTED_EDGE('',*,*,#2893,.F.);
#1243=ORIENTED_EDGE('',*,*,#2894,.T.);
#1244=ORIENTED_EDGE('',*,*,#2891,.T.);
#1245=ORIENTED_EDGE('',*,*,#2588,.F.);
#1246=ORIENTED_EDGE('',*,*,#2872,.F.);
#1247=ORIENTED_EDGE('',*,*,#2895,.T.);
#1248=ORIENTED_EDGE('',*,*,#2893,.T.);
#1249=ORIENTED_EDGE('',*,*,#2871,.F.);
#1250=ORIENTED_EDGE('',*,*,#2874,.F.);
#1251=ORIENTED_EDGE('',*,*,#2876,.F.);
#1252=ORIENTED_EDGE('',*,*,#2878,.F.);
#1253=ORIENTED_EDGE('',*,*,#2880,.F.);
#1254=ORIENTED_EDGE('',*,*,#2882,.F.);
#1255=ORIENTED_EDGE('',*,*,#2884,.F.);
#1256=ORIENTED_EDGE('',*,*,#2886,.F.);
#1257=ORIENTED_EDGE('',*,*,#2888,.F.);
#1258=ORIENTED_EDGE('',*,*,#2890,.F.);
#1259=ORIENTED_EDGE('',*,*,#2892,.F.);
#1260=ORIENTED_EDGE('',*,*,#2894,.F.);
#1261=ORIENTED_EDGE('',*,*,#2895,.F.);
#1262=ORIENTED_EDGE('',*,*,#2560,.F.);
#1263=ORIENTED_EDGE('',*,*,#2896,.F.);
#1264=ORIENTED_EDGE('',*,*,#2897,.T.);
#1265=ORIENTED_EDGE('',*,*,#2898,.T.);
#1266=ORIENTED_EDGE('',*,*,#2559,.F.);
#1267=ORIENTED_EDGE('',*,*,#2899,.F.);
#1268=ORIENTED_EDGE('',*,*,#2900,.T.);
#1269=ORIENTED_EDGE('',*,*,#2896,.T.);
#1270=ORIENTED_EDGE('',*,*,#2585,.F.);
#1271=ORIENTED_EDGE('',*,*,#2901,.F.);
#1272=ORIENTED_EDGE('',*,*,#2902,.T.);
#1273=ORIENTED_EDGE('',*,*,#2899,.T.);
#1274=ORIENTED_EDGE('',*,*,#2584,.F.);
#1275=ORIENTED_EDGE('',*,*,#2903,.F.);
#1276=ORIENTED_EDGE('',*,*,#2904,.T.);
#1277=ORIENTED_EDGE('',*,*,#2901,.T.);
#1278=ORIENTED_EDGE('',*,*,#2583,.F.);
#1279=ORIENTED_EDGE('',*,*,#2905,.F.);
#1280=ORIENTED_EDGE('',*,*,#2906,.T.);
#1281=ORIENTED_EDGE('',*,*,#2903,.T.);
#1282=ORIENTED_EDGE('',*,*,#2582,.F.);
#1283=ORIENTED_EDGE('',*,*,#2907,.F.);
#1284=ORIENTED_EDGE('',*,*,#2908,.T.);
#1285=ORIENTED_EDGE('',*,*,#2905,.T.);
#1286=ORIENTED_EDGE('',*,*,#2581,.F.);
#1287=ORIENTED_EDGE('',*,*,#2909,.F.);
#1288=ORIENTED_EDGE('',*,*,#2910,.T.);
#1289=ORIENTED_EDGE('',*,*,#2907,.T.);
#1290=ORIENTED_EDGE('',*,*,#2580,.F.);
#1291=ORIENTED_EDGE('',*,*,#2911,.F.);
#1292=ORIENTED_EDGE('',*,*,#2912,.T.);
#1293=ORIENTED_EDGE('',*,*,#2909,.T.);
#1294=ORIENTED_EDGE('',*,*,#2579,.F.);
#1295=ORIENTED_EDGE('',*,*,#2913,.F.);
#1296=ORIENTED_EDGE('',*,*,#2914,.T.);
#1297=ORIENTED_EDGE('',*,*,#2911,.T.);
#1298=ORIENTED_EDGE('',*,*,#2578,.F.);
#1299=ORIENTED_EDGE('',*,*,#2915,.F.);
#1300=ORIENTED_EDGE('',*,*,#2916,.T.);
#1301=ORIENTED_EDGE('',*,*,#2913,.T.);
#1302=ORIENTED_EDGE('',*,*,#2577,.F.);
#1303=ORIENTED_EDGE('',*,*,#2917,.F.);
#1304=ORIENTED_EDGE('',*,*,#2918,.T.);
#1305=ORIENTED_EDGE('',*,*,#2915,.T.);
#1306=ORIENTED_EDGE('',*,*,#2576,.F.);
#1307=ORIENTED_EDGE('',*,*,#2919,.F.);
#1308=ORIENTED_EDGE('',*,*,#2920,.T.);
#1309=ORIENTED_EDGE('',*,*,#2917,.T.);
#1310=ORIENTED_EDGE('',*,*,#2575,.F.);
#1311=ORIENTED_EDGE('',*,*,#2921,.F.);
#1312=ORIENTED_EDGE('',*,*,#2922,.T.);
#1313=ORIENTED_EDGE('',*,*,#2919,.T.);
#1314=ORIENTED_EDGE('',*,*,#2574,.F.);
#1315=ORIENTED_EDGE('',*,*,#2923,.F.);
#1316=ORIENTED_EDGE('',*,*,#2924,.T.);
#1317=ORIENTED_EDGE('',*,*,#2921,.T.);
#1318=ORIENTED_EDGE('',*,*,#2573,.F.);
#1319=ORIENTED_EDGE('',*,*,#2925,.F.);
#1320=ORIENTED_EDGE('',*,*,#2926,.T.);
#1321=ORIENTED_EDGE('',*,*,#2923,.T.);
#1322=ORIENTED_EDGE('',*,*,#2572,.F.);
#1323=ORIENTED_EDGE('',*,*,#2927,.F.);
#1324=ORIENTED_EDGE('',*,*,#2928,.T.);
#1325=ORIENTED_EDGE('',*,*,#2925,.T.);
#1326=ORIENTED_EDGE('',*,*,#2571,.F.);
#1327=ORIENTED_EDGE('',*,*,#2929,.F.);
#1328=ORIENTED_EDGE('',*,*,#2930,.T.);
#1329=ORIENTED_EDGE('',*,*,#2927,.T.);
#1330=ORIENTED_EDGE('',*,*,#2570,.F.);
#1331=ORIENTED_EDGE('',*,*,#2931,.F.);
#1332=ORIENTED_EDGE('',*,*,#2932,.T.);
#1333=ORIENTED_EDGE('',*,*,#2929,.T.);
#1334=ORIENTED_EDGE('',*,*,#2569,.F.);
#1335=ORIENTED_EDGE('',*,*,#2933,.F.);
#1336=ORIENTED_EDGE('',*,*,#2934,.T.);
#1337=ORIENTED_EDGE('',*,*,#2931,.T.);
#1338=ORIENTED_EDGE('',*,*,#2568,.F.);
#1339=ORIENTED_EDGE('',*,*,#2935,.F.);
#1340=ORIENTED_EDGE('',*,*,#2936,.T.);
#1341=ORIENTED_EDGE('',*,*,#2933,.T.);
#1342=ORIENTED_EDGE('',*,*,#2567,.F.);
#1343=ORIENTED_EDGE('',*,*,#2937,.F.);
#1344=ORIENTED_EDGE('',*,*,#2938,.T.);
#1345=ORIENTED_EDGE('',*,*,#2935,.T.);
#1346=ORIENTED_EDGE('',*,*,#2566,.F.);
#1347=ORIENTED_EDGE('',*,*,#2939,.F.);
#1348=ORIENTED_EDGE('',*,*,#2940,.T.);
#1349=ORIENTED_EDGE('',*,*,#2937,.T.);
#1350=ORIENTED_EDGE('',*,*,#2565,.F.);
#1351=ORIENTED_EDGE('',*,*,#2941,.F.);
#1352=ORIENTED_EDGE('',*,*,#2942,.T.);
#1353=ORIENTED_EDGE('',*,*,#2939,.T.);
#1354=ORIENTED_EDGE('',*,*,#2564,.F.);
#1355=ORIENTED_EDGE('',*,*,#2943,.F.);
#1356=ORIENTED_EDGE('',*,*,#2944,.T.);
#1357=ORIENTED_EDGE('',*,*,#2941,.T.);
#1358=ORIENTED_EDGE('',*,*,#2563,.F.);
#1359=ORIENTED_EDGE('',*,*,#2945,.F.);
#1360=ORIENTED_EDGE('',*,*,#2946,.T.);
#1361=ORIENTED_EDGE('',*,*,#2943,.T.);
#1362=ORIENTED_EDGE('',*,*,#2562,.F.);
#1363=ORIENTED_EDGE('',*,*,#2947,.F.);
#1364=ORIENTED_EDGE('',*,*,#2948,.T.);
#1365=ORIENTED_EDGE('',*,*,#2945,.T.);
#1366=ORIENTED_EDGE('',*,*,#2561,.F.);
#1367=ORIENTED_EDGE('',*,*,#2898,.F.);
#1368=ORIENTED_EDGE('',*,*,#2949,.T.);
#1369=ORIENTED_EDGE('',*,*,#2947,.T.);
#1370=ORIENTED_EDGE('',*,*,#2897,.F.);
#1371=ORIENTED_EDGE('',*,*,#2900,.F.);
#1372=ORIENTED_EDGE('',*,*,#2902,.F.);
#1373=ORIENTED_EDGE('',*,*,#2904,.F.);
#1374=ORIENTED_EDGE('',*,*,#2906,.F.);
#1375=ORIENTED_EDGE('',*,*,#2908,.F.);
#1376=ORIENTED_EDGE('',*,*,#2910,.F.);
#1377=ORIENTED_EDGE('',*,*,#2912,.F.);
#1378=ORIENTED_EDGE('',*,*,#2914,.F.);
#1379=ORIENTED_EDGE('',*,*,#2916,.F.);
#1380=ORIENTED_EDGE('',*,*,#2918,.F.);
#1381=ORIENTED_EDGE('',*,*,#2920,.F.);
#1382=ORIENTED_EDGE('',*,*,#2922,.F.);
#1383=ORIENTED_EDGE('',*,*,#2924,.F.);
#1384=ORIENTED_EDGE('',*,*,#2926,.F.);
#1385=ORIENTED_EDGE('',*,*,#2928,.F.);
#1386=ORIENTED_EDGE('',*,*,#2930,.F.);
#1387=ORIENTED_EDGE('',*,*,#2932,.F.);
#1388=ORIENTED_EDGE('',*,*,#2934,.F.);
#1389=ORIENTED_EDGE('',*,*,#2936,.F.);
#1390=ORIENTED_EDGE('',*,*,#2938,.F.);
#1391=ORIENTED_EDGE('',*,*,#2940,.F.);
#1392=ORIENTED_EDGE('',*,*,#2942,.F.);
#1393=ORIENTED_EDGE('',*,*,#2944,.F.);
#1394=ORIENTED_EDGE('',*,*,#2946,.F.);
#1395=ORIENTED_EDGE('',*,*,#2948,.F.);
#1396=ORIENTED_EDGE('',*,*,#2949,.F.);
#1397=ORIENTED_EDGE('',*,*,#2533,.F.);
#1398=ORIENTED_EDGE('',*,*,#2950,.F.);
#1399=ORIENTED_EDGE('',*,*,#2951,.T.);
#1400=ORIENTED_EDGE('',*,*,#2952,.T.);
#1401=ORIENTED_EDGE('',*,*,#2532,.F.);
#1402=ORIENTED_EDGE('',*,*,#2953,.F.);
#1403=ORIENTED_EDGE('',*,*,#2954,.T.);
#1404=ORIENTED_EDGE('',*,*,#2950,.T.);
#1405=ORIENTED_EDGE('',*,*,#2558,.F.);
#1406=ORIENTED_EDGE('',*,*,#2955,.F.);
#1407=ORIENTED_EDGE('',*,*,#2956,.T.);
#1408=ORIENTED_EDGE('',*,*,#2953,.T.);
#1409=ORIENTED_EDGE('',*,*,#2557,.F.);
#1410=ORIENTED_EDGE('',*,*,#2957,.F.);
#1411=ORIENTED_EDGE('',*,*,#2958,.T.);
#1412=ORIENTED_EDGE('',*,*,#2955,.T.);
#1413=ORIENTED_EDGE('',*,*,#2556,.F.);
#1414=ORIENTED_EDGE('',*,*,#2959,.F.);
#1415=ORIENTED_EDGE('',*,*,#2960,.T.);
#1416=ORIENTED_EDGE('',*,*,#2957,.T.);
#1417=ORIENTED_EDGE('',*,*,#2555,.F.);
#1418=ORIENTED_EDGE('',*,*,#2961,.F.);
#1419=ORIENTED_EDGE('',*,*,#2962,.T.);
#1420=ORIENTED_EDGE('',*,*,#2959,.T.);
#1421=ORIENTED_EDGE('',*,*,#2554,.F.);
#1422=ORIENTED_EDGE('',*,*,#2963,.F.);
#1423=ORIENTED_EDGE('',*,*,#2964,.T.);
#1424=ORIENTED_EDGE('',*,*,#2961,.T.);
#1425=ORIENTED_EDGE('',*,*,#2553,.F.);
#1426=ORIENTED_EDGE('',*,*,#2965,.F.);
#1427=ORIENTED_EDGE('',*,*,#2966,.T.);
#1428=ORIENTED_EDGE('',*,*,#2963,.T.);
#1429=ORIENTED_EDGE('',*,*,#2552,.F.);
#1430=ORIENTED_EDGE('',*,*,#2967,.F.);
#1431=ORIENTED_EDGE('',*,*,#2968,.T.);
#1432=ORIENTED_EDGE('',*,*,#2965,.T.);
#1433=ORIENTED_EDGE('',*,*,#2551,.F.);
#1434=ORIENTED_EDGE('',*,*,#2969,.F.);
#1435=ORIENTED_EDGE('',*,*,#2970,.T.);
#1436=ORIENTED_EDGE('',*,*,#2967,.T.);
#1437=ORIENTED_EDGE('',*,*,#2550,.F.);
#1438=ORIENTED_EDGE('',*,*,#2971,.F.);
#1439=ORIENTED_EDGE('',*,*,#2972,.T.);
#1440=ORIENTED_EDGE('',*,*,#2969,.T.);
#1441=ORIENTED_EDGE('',*,*,#2549,.F.);
#1442=ORIENTED_EDGE('',*,*,#2973,.F.);
#1443=ORIENTED_EDGE('',*,*,#2974,.T.);
#1444=ORIENTED_EDGE('',*,*,#2971,.T.);
#1445=ORIENTED_EDGE('',*,*,#2548,.F.);
#1446=ORIENTED_EDGE('',*,*,#2975,.F.);
#1447=ORIENTED_EDGE('',*,*,#2976,.T.);
#1448=ORIENTED_EDGE('',*,*,#2973,.T.);
#1449=ORIENTED_EDGE('',*,*,#2547,.F.);
#1450=ORIENTED_EDGE('',*,*,#2977,.F.);
#1451=ORIENTED_EDGE('',*,*,#2978,.T.);
#1452=ORIENTED_EDGE('',*,*,#2975,.T.);
#1453=ORIENTED_EDGE('',*,*,#2546,.F.);
#1454=ORIENTED_EDGE('',*,*,#2979,.F.);
#1455=ORIENTED_EDGE('',*,*,#2980,.T.);
#1456=ORIENTED_EDGE('',*,*,#2977,.T.);
#1457=ORIENTED_EDGE('',*,*,#2545,.F.);
#1458=ORIENTED_EDGE('',*,*,#2981,.F.);
#1459=ORIENTED_EDGE('',*,*,#2982,.T.);
#1460=ORIENTED_EDGE('',*,*,#2979,.T.);
#1461=ORIENTED_EDGE('',*,*,#2544,.F.);
#1462=ORIENTED_EDGE('',*,*,#2983,.F.);
#1463=ORIENTED_EDGE('',*,*,#2984,.T.);
#1464=ORIENTED_EDGE('',*,*,#2981,.T.);
#1465=ORIENTED_EDGE('',*,*,#2543,.F.);
#1466=ORIENTED_EDGE('',*,*,#2985,.F.);
#1467=ORIENTED_EDGE('',*,*,#2986,.T.);
#1468=ORIENTED_EDGE('',*,*,#2983,.T.);
#1469=ORIENTED_EDGE('',*,*,#2542,.F.);
#1470=ORIENTED_EDGE('',*,*,#2987,.F.);
#1471=ORIENTED_EDGE('',*,*,#2988,.T.);
#1472=ORIENTED_EDGE('',*,*,#2985,.T.);
#1473=ORIENTED_EDGE('',*,*,#2541,.F.);
#1474=ORIENTED_EDGE('',*,*,#2989,.F.);
#1475=ORIENTED_EDGE('',*,*,#2990,.T.);
#1476=ORIENTED_EDGE('',*,*,#2987,.T.);
#1477=ORIENTED_EDGE('',*,*,#2540,.F.);
#1478=ORIENTED_EDGE('',*,*,#2991,.F.);
#1479=ORIENTED_EDGE('',*,*,#2992,.T.);
#1480=ORIENTED_EDGE('',*,*,#2989,.T.);
#1481=ORIENTED_EDGE('',*,*,#2539,.F.);
#1482=ORIENTED_EDGE('',*,*,#2993,.F.);
#1483=ORIENTED_EDGE('',*,*,#2994,.T.);
#1484=ORIENTED_EDGE('',*,*,#2991,.T.);
#1485=ORIENTED_EDGE('',*,*,#2538,.F.);
#1486=ORIENTED_EDGE('',*,*,#2995,.F.);
#1487=ORIENTED_EDGE('',*,*,#2996,.T.);
#1488=ORIENTED_EDGE('',*,*,#2993,.T.);
#1489=ORIENTED_EDGE('',*,*,#2537,.F.);
#1490=ORIENTED_EDGE('',*,*,#2997,.F.);
#1491=ORIENTED_EDGE('',*,*,#2998,.T.);
#1492=ORIENTED_EDGE('',*,*,#2995,.T.);
#1493=ORIENTED_EDGE('',*,*,#2536,.F.);
#1494=ORIENTED_EDGE('',*,*,#2999,.F.);
#1495=ORIENTED_EDGE('',*,*,#3000,.T.);
#1496=ORIENTED_EDGE('',*,*,#2997,.T.);
#1497=ORIENTED_EDGE('',*,*,#2535,.F.);
#1498=ORIENTED_EDGE('',*,*,#3001,.F.);
#1499=ORIENTED_EDGE('',*,*,#3002,.T.);
#1500=ORIENTED_EDGE('',*,*,#2999,.T.);
#1501=ORIENTED_EDGE('',*,*,#2534,.F.);
#1502=ORIENTED_EDGE('',*,*,#2952,.F.);
#1503=ORIENTED_EDGE('',*,*,#3003,.T.);
#1504=ORIENTED_EDGE('',*,*,#3001,.T.);
#1505=ORIENTED_EDGE('',*,*,#2951,.F.);
#1506=ORIENTED_EDGE('',*,*,#2954,.F.);
#1507=ORIENTED_EDGE('',*,*,#2956,.F.);
#1508=ORIENTED_EDGE('',*,*,#2958,.F.);
#1509=ORIENTED_EDGE('',*,*,#2960,.F.);
#1510=ORIENTED_EDGE('',*,*,#2962,.F.);
#1511=ORIENTED_EDGE('',*,*,#2964,.F.);
#1512=ORIENTED_EDGE('',*,*,#2966,.F.);
#1513=ORIENTED_EDGE('',*,*,#2968,.F.);
#1514=ORIENTED_EDGE('',*,*,#2970,.F.);
#1515=ORIENTED_EDGE('',*,*,#2972,.F.);
#1516=ORIENTED_EDGE('',*,*,#2974,.F.);
#1517=ORIENTED_EDGE('',*,*,#2976,.F.);
#1518=ORIENTED_EDGE('',*,*,#2978,.F.);
#1519=ORIENTED_EDGE('',*,*,#2980,.F.);
#1520=ORIENTED_EDGE('',*,*,#2982,.F.);
#1521=ORIENTED_EDGE('',*,*,#2984,.F.);
#1522=ORIENTED_EDGE('',*,*,#2986,.F.);
#1523=ORIENTED_EDGE('',*,*,#2988,.F.);
#1524=ORIENTED_EDGE('',*,*,#2990,.F.);
#1525=ORIENTED_EDGE('',*,*,#2992,.F.);
#1526=ORIENTED_EDGE('',*,*,#2994,.F.);
#1527=ORIENTED_EDGE('',*,*,#2996,.F.);
#1528=ORIENTED_EDGE('',*,*,#2998,.F.);
#1529=ORIENTED_EDGE('',*,*,#3000,.F.);
#1530=ORIENTED_EDGE('',*,*,#3002,.F.);
#1531=ORIENTED_EDGE('',*,*,#3003,.F.);
#1532=ORIENTED_EDGE('',*,*,#2520,.F.);
#1533=ORIENTED_EDGE('',*,*,#3004,.F.);
#1534=ORIENTED_EDGE('',*,*,#3005,.T.);
#1535=ORIENTED_EDGE('',*,*,#3006,.T.);
#1536=ORIENTED_EDGE('',*,*,#2519,.F.);
#1537=ORIENTED_EDGE('',*,*,#3007,.F.);
#1538=ORIENTED_EDGE('',*,*,#3008,.T.);
#1539=ORIENTED_EDGE('',*,*,#3004,.T.);
#1540=ORIENTED_EDGE('',*,*,#2531,.F.);
#1541=ORIENTED_EDGE('',*,*,#3009,.F.);
#1542=ORIENTED_EDGE('',*,*,#3010,.T.);
#1543=ORIENTED_EDGE('',*,*,#3007,.T.);
#1544=ORIENTED_EDGE('',*,*,#2530,.F.);
#1545=ORIENTED_EDGE('',*,*,#3011,.F.);
#1546=ORIENTED_EDGE('',*,*,#3012,.T.);
#1547=ORIENTED_EDGE('',*,*,#3009,.T.);
#1548=ORIENTED_EDGE('',*,*,#2529,.F.);
#1549=ORIENTED_EDGE('',*,*,#3013,.F.);
#1550=ORIENTED_EDGE('',*,*,#3014,.T.);
#1551=ORIENTED_EDGE('',*,*,#3011,.T.);
#1552=ORIENTED_EDGE('',*,*,#2528,.F.);
#1553=ORIENTED_EDGE('',*,*,#3015,.F.);
#1554=ORIENTED_EDGE('',*,*,#3016,.T.);
#1555=ORIENTED_EDGE('',*,*,#3013,.T.);
#1556=ORIENTED_EDGE('',*,*,#2527,.F.);
#1557=ORIENTED_EDGE('',*,*,#3017,.F.);
#1558=ORIENTED_EDGE('',*,*,#3018,.T.);
#1559=ORIENTED_EDGE('',*,*,#3015,.T.);
#1560=ORIENTED_EDGE('',*,*,#2526,.F.);
#1561=ORIENTED_EDGE('',*,*,#3019,.F.);
#1562=ORIENTED_EDGE('',*,*,#3020,.T.);
#1563=ORIENTED_EDGE('',*,*,#3017,.T.);
#1564=ORIENTED_EDGE('',*,*,#2525,.F.);
#1565=ORIENTED_EDGE('',*,*,#3021,.F.);
#1566=ORIENTED_EDGE('',*,*,#3022,.T.);
#1567=ORIENTED_EDGE('',*,*,#3019,.T.);
#1568=ORIENTED_EDGE('',*,*,#2524,.F.);
#1569=ORIENTED_EDGE('',*,*,#3023,.F.);
#1570=ORIENTED_EDGE('',*,*,#3024,.T.);
#1571=ORIENTED_EDGE('',*,*,#3021,.T.);
#1572=ORIENTED_EDGE('',*,*,#2523,.F.);
#1573=ORIENTED_EDGE('',*,*,#3025,.F.);
#1574=ORIENTED_EDGE('',*,*,#3026,.T.);
#1575=ORIENTED_EDGE('',*,*,#3023,.T.);
#1576=ORIENTED_EDGE('',*,*,#2522,.F.);
#1577=ORIENTED_EDGE('',*,*,#3027,.F.);
#1578=ORIENTED_EDGE('',*,*,#3028,.T.);
#1579=ORIENTED_EDGE('',*,*,#3025,.T.);
#1580=ORIENTED_EDGE('',*,*,#2521,.F.);
#1581=ORIENTED_EDGE('',*,*,#3006,.F.);
#1582=ORIENTED_EDGE('',*,*,#3029,.T.);
#1583=ORIENTED_EDGE('',*,*,#3027,.T.);
#1584=ORIENTED_EDGE('',*,*,#3005,.F.);
#1585=ORIENTED_EDGE('',*,*,#3008,.F.);
#1586=ORIENTED_EDGE('',*,*,#3010,.F.);
#1587=ORIENTED_EDGE('',*,*,#3012,.F.);
#1588=ORIENTED_EDGE('',*,*,#3014,.F.);
#1589=ORIENTED_EDGE('',*,*,#3016,.F.);
#1590=ORIENTED_EDGE('',*,*,#3018,.F.);
#1591=ORIENTED_EDGE('',*,*,#3020,.F.);
#1592=ORIENTED_EDGE('',*,*,#3022,.F.);
#1593=ORIENTED_EDGE('',*,*,#3024,.F.);
#1594=ORIENTED_EDGE('',*,*,#3026,.F.);
#1595=ORIENTED_EDGE('',*,*,#3028,.F.);
#1596=ORIENTED_EDGE('',*,*,#3029,.F.);
#1597=ORIENTED_EDGE('',*,*,#2507,.F.);
#1598=ORIENTED_EDGE('',*,*,#3030,.F.);
#1599=ORIENTED_EDGE('',*,*,#3031,.T.);
#1600=ORIENTED_EDGE('',*,*,#3032,.T.);
#1601=ORIENTED_EDGE('',*,*,#2506,.F.);
#1602=ORIENTED_EDGE('',*,*,#3033,.F.);
#1603=ORIENTED_EDGE('',*,*,#3034,.T.);
#1604=ORIENTED_EDGE('',*,*,#3030,.T.);
#1605=ORIENTED_EDGE('',*,*,#2518,.F.);
#1606=ORIENTED_EDGE('',*,*,#3035,.F.);
#1607=ORIENTED_EDGE('',*,*,#3036,.T.);
#1608=ORIENTED_EDGE('',*,*,#3033,.T.);
#1609=ORIENTED_EDGE('',*,*,#2517,.F.);
#1610=ORIENTED_EDGE('',*,*,#3037,.F.);
#1611=ORIENTED_EDGE('',*,*,#3038,.T.);
#1612=ORIENTED_EDGE('',*,*,#3035,.T.);
#1613=ORIENTED_EDGE('',*,*,#2516,.F.);
#1614=ORIENTED_EDGE('',*,*,#3039,.F.);
#1615=ORIENTED_EDGE('',*,*,#3040,.T.);
#1616=ORIENTED_EDGE('',*,*,#3037,.T.);
#1617=ORIENTED_EDGE('',*,*,#2515,.F.);
#1618=ORIENTED_EDGE('',*,*,#3041,.F.);
#1619=ORIENTED_EDGE('',*,*,#3042,.T.);
#1620=ORIENTED_EDGE('',*,*,#3039,.T.);
#1621=ORIENTED_EDGE('',*,*,#2514,.F.);
#1622=ORIENTED_EDGE('',*,*,#3043,.F.);
#1623=ORIENTED_EDGE('',*,*,#3044,.T.);
#1624=ORIENTED_EDGE('',*,*,#3041,.T.);
#1625=ORIENTED_EDGE('',*,*,#2513,.F.);
#1626=ORIENTED_EDGE('',*,*,#3045,.F.);
#1627=ORIENTED_EDGE('',*,*,#3046,.T.);
#1628=ORIENTED_EDGE('',*,*,#3043,.T.);
#1629=ORIENTED_EDGE('',*,*,#2512,.F.);
#1630=ORIENTED_EDGE('',*,*,#3047,.F.);
#1631=ORIENTED_EDGE('',*,*,#3048,.T.);
#1632=ORIENTED_EDGE('',*,*,#3045,.T.);
#1633=ORIENTED_EDGE('',*,*,#2511,.F.);
#1634=ORIENTED_EDGE('',*,*,#3049,.F.);
#1635=ORIENTED_EDGE('',*,*,#3050,.T.);
#1636=ORIENTED_EDGE('',*,*,#3047,.T.);
#1637=ORIENTED_EDGE('',*,*,#2510,.F.);
#1638=ORIENTED_EDGE('',*,*,#3051,.F.);
#1639=ORIENTED_EDGE('',*,*,#3052,.T.);
#1640=ORIENTED_EDGE('',*,*,#3049,.T.);
#1641=ORIENTED_EDGE('',*,*,#2509,.F.);
#1642=ORIENTED_EDGE('',*,*,#3053,.F.);
#1643=ORIENTED_EDGE('',*,*,#3054,.T.);
#1644=ORIENTED_EDGE('',*,*,#3051,.T.);
#1645=ORIENTED_EDGE('',*,*,#2508,.F.);
#1646=ORIENTED_EDGE('',*,*,#3032,.F.);
#1647=ORIENTED_EDGE('',*,*,#3055,.T.);
#1648=ORIENTED_EDGE('',*,*,#3053,.T.);
#1649=ORIENTED_EDGE('',*,*,#3031,.F.);
#1650=ORIENTED_EDGE('',*,*,#3034,.F.);
#1651=ORIENTED_EDGE('',*,*,#3036,.F.);
#1652=ORIENTED_EDGE('',*,*,#3038,.F.);
#1653=ORIENTED_EDGE('',*,*,#3040,.F.);
#1654=ORIENTED_EDGE('',*,*,#3042,.F.);
#1655=ORIENTED_EDGE('',*,*,#3044,.F.);
#1656=ORIENTED_EDGE('',*,*,#3046,.F.);
#1657=ORIENTED_EDGE('',*,*,#3048,.F.);
#1658=ORIENTED_EDGE('',*,*,#3050,.F.);
#1659=ORIENTED_EDGE('',*,*,#3052,.F.);
#1660=ORIENTED_EDGE('',*,*,#3054,.F.);
#1661=ORIENTED_EDGE('',*,*,#3055,.F.);
#1662=ORIENTED_EDGE('',*,*,#2495,.F.);
#1663=ORIENTED_EDGE('',*,*,#3056,.F.);
#1664=ORIENTED_EDGE('',*,*,#3057,.T.);
#1665=ORIENTED_EDGE('',*,*,#3058,.T.);
#1666=ORIENTED_EDGE('',*,*,#2494,.F.);
#1667=ORIENTED_EDGE('',*,*,#3059,.F.);
#1668=ORIENTED_EDGE('',*,*,#3060,.T.);
#1669=ORIENTED_EDGE('',*,*,#3056,.T.);
#1670=ORIENTED_EDGE('',*,*,#2505,.F.);
#1671=ORIENTED_EDGE('',*,*,#3061,.F.);
#1672=ORIENTED_EDGE('',*,*,#3062,.T.);
#1673=ORIENTED_EDGE('',*,*,#3059,.T.);
#1674=ORIENTED_EDGE('',*,*,#2504,.F.);
#1675=ORIENTED_EDGE('',*,*,#3063,.F.);
#1676=ORIENTED_EDGE('',*,*,#3064,.T.);
#1677=ORIENTED_EDGE('',*,*,#3061,.T.);
#1678=ORIENTED_EDGE('',*,*,#2503,.F.);
#1679=ORIENTED_EDGE('',*,*,#3065,.F.);
#1680=ORIENTED_EDGE('',*,*,#3066,.T.);
#1681=ORIENTED_EDGE('',*,*,#3063,.T.);
#1682=ORIENTED_EDGE('',*,*,#2502,.F.);
#1683=ORIENTED_EDGE('',*,*,#3067,.F.);
#1684=ORIENTED_EDGE('',*,*,#3068,.T.);
#1685=ORIENTED_EDGE('',*,*,#3065,.T.);
#1686=ORIENTED_EDGE('',*,*,#2501,.F.);
#1687=ORIENTED_EDGE('',*,*,#3069,.F.);
#1688=ORIENTED_EDGE('',*,*,#3070,.T.);
#1689=ORIENTED_EDGE('',*,*,#3067,.T.);
#1690=ORIENTED_EDGE('',*,*,#2500,.F.);
#1691=ORIENTED_EDGE('',*,*,#3071,.F.);
#1692=ORIENTED_EDGE('',*,*,#3072,.T.);
#1693=ORIENTED_EDGE('',*,*,#3069,.T.);
#1694=ORIENTED_EDGE('',*,*,#2499,.F.);
#1695=ORIENTED_EDGE('',*,*,#3073,.F.);
#1696=ORIENTED_EDGE('',*,*,#3074,.T.);
#1697=ORIENTED_EDGE('',*,*,#3071,.T.);
#1698=ORIENTED_EDGE('',*,*,#2498,.F.);
#1699=ORIENTED_EDGE('',*,*,#3075,.F.);
#1700=ORIENTED_EDGE('',*,*,#3076,.T.);
#1701=ORIENTED_EDGE('',*,*,#3073,.T.);
#1702=ORIENTED_EDGE('',*,*,#2497,.F.);
#1703=ORIENTED_EDGE('',*,*,#3077,.F.);
#1704=ORIENTED_EDGE('',*,*,#3078,.T.);
#1705=ORIENTED_EDGE('',*,*,#3075,.T.);
#1706=ORIENTED_EDGE('',*,*,#2496,.F.);
#1707=ORIENTED_EDGE('',*,*,#3058,.F.);
#1708=ORIENTED_EDGE('',*,*,#3079,.T.);
#1709=ORIENTED_EDGE('',*,*,#3077,.T.);
#1710=ORIENTED_EDGE('',*,*,#3057,.F.);
#1711=ORIENTED_EDGE('',*,*,#3060,.F.);
#1712=ORIENTED_EDGE('',*,*,#3062,.F.);
#1713=ORIENTED_EDGE('',*,*,#3064,.F.);
#1714=ORIENTED_EDGE('',*,*,#3066,.F.);
#1715=ORIENTED_EDGE('',*,*,#3068,.F.);
#1716=ORIENTED_EDGE('',*,*,#3070,.F.);
#1717=ORIENTED_EDGE('',*,*,#3072,.F.);
#1718=ORIENTED_EDGE('',*,*,#3074,.F.);
#1719=ORIENTED_EDGE('',*,*,#3076,.F.);
#1720=ORIENTED_EDGE('',*,*,#3078,.F.);
#1721=ORIENTED_EDGE('',*,*,#3079,.F.);
#1722=ORIENTED_EDGE('',*,*,#3080,.F.);
#1723=ORIENTED_EDGE('',*,*,#3081,.F.);
#1724=ORIENTED_EDGE('',*,*,#3082,.T.);
#1725=ORIENTED_EDGE('',*,*,#3083,.T.);
#1726=ORIENTED_EDGE('',*,*,#3084,.F.);
#1727=ORIENTED_EDGE('',*,*,#3085,.F.);
#1728=ORIENTED_EDGE('',*,*,#3086,.T.);
#1729=ORIENTED_EDGE('',*,*,#3081,.T.);
#1730=ORIENTED_EDGE('',*,*,#3087,.F.);
#1731=ORIENTED_EDGE('',*,*,#3088,.F.);
#1732=ORIENTED_EDGE('',*,*,#3089,.T.);
#1733=ORIENTED_EDGE('',*,*,#3085,.T.);
#1734=ORIENTED_EDGE('',*,*,#3090,.F.);
#1735=ORIENTED_EDGE('',*,*,#3091,.F.);
#1736=ORIENTED_EDGE('',*,*,#3092,.T.);
#1737=ORIENTED_EDGE('',*,*,#3088,.T.);
#1738=ORIENTED_EDGE('',*,*,#3093,.F.);
#1739=ORIENTED_EDGE('',*,*,#3094,.F.);
#1740=ORIENTED_EDGE('',*,*,#3095,.T.);
#1741=ORIENTED_EDGE('',*,*,#3091,.T.);
#1742=ORIENTED_EDGE('',*,*,#3096,.F.);
#1743=ORIENTED_EDGE('',*,*,#3097,.F.);
#1744=ORIENTED_EDGE('',*,*,#3098,.T.);
#1745=ORIENTED_EDGE('',*,*,#3094,.T.);
#1746=ORIENTED_EDGE('',*,*,#2653,.F.);
#1747=ORIENTED_EDGE('',*,*,#3099,.F.);
#1748=ORIENTED_EDGE('',*,*,#3100,.T.);
#1749=ORIENTED_EDGE('',*,*,#3101,.T.);
#1750=ORIENTED_EDGE('',*,*,#2652,.F.);
#1751=ORIENTED_EDGE('',*,*,#3102,.F.);
#1752=ORIENTED_EDGE('',*,*,#3103,.T.);
#1753=ORIENTED_EDGE('',*,*,#3099,.T.);
#1754=ORIENTED_EDGE('',*,*,#2660,.F.);
#1755=ORIENTED_EDGE('',*,*,#3104,.F.);
#1756=ORIENTED_EDGE('',*,*,#3105,.T.);
#1757=ORIENTED_EDGE('',*,*,#3102,.T.);
#1758=ORIENTED_EDGE('',*,*,#2659,.F.);
#1759=ORIENTED_EDGE('',*,*,#3106,.F.);
#1760=ORIENTED_EDGE('',*,*,#3107,.T.);
#1761=ORIENTED_EDGE('',*,*,#3104,.T.);
#1762=ORIENTED_EDGE('',*,*,#2658,.F.);
#1763=ORIENTED_EDGE('',*,*,#3108,.F.);
#1764=ORIENTED_EDGE('',*,*,#3109,.T.);
#1765=ORIENTED_EDGE('',*,*,#3106,.T.);
#1766=ORIENTED_EDGE('',*,*,#2657,.F.);
#1767=ORIENTED_EDGE('',*,*,#3110,.F.);
#1768=ORIENTED_EDGE('',*,*,#3111,.T.);
#1769=ORIENTED_EDGE('',*,*,#3108,.T.);
#1770=ORIENTED_EDGE('',*,*,#2656,.F.);
#1771=ORIENTED_EDGE('',*,*,#3112,.F.);
#1772=ORIENTED_EDGE('',*,*,#3113,.T.);
#1773=ORIENTED_EDGE('',*,*,#3110,.T.);
#1774=ORIENTED_EDGE('',*,*,#2655,.F.);
#1775=ORIENTED_EDGE('',*,*,#3114,.F.);
#1776=ORIENTED_EDGE('',*,*,#3115,.T.);
#1777=ORIENTED_EDGE('',*,*,#3112,.T.);
#1778=ORIENTED_EDGE('',*,*,#2654,.F.);
#1779=ORIENTED_EDGE('',*,*,#3101,.F.);
#1780=ORIENTED_EDGE('',*,*,#3116,.T.);
#1781=ORIENTED_EDGE('',*,*,#3114,.T.);
#1782=ORIENTED_EDGE('',*,*,#3117,.F.);
#1783=ORIENTED_EDGE('',*,*,#3083,.F.);
#1784=ORIENTED_EDGE('',*,*,#3118,.T.);
#1785=ORIENTED_EDGE('',*,*,#3097,.T.);
#1786=ORIENTED_EDGE('',*,*,#3100,.F.);
#1787=ORIENTED_EDGE('',*,*,#3103,.F.);
#1788=ORIENTED_EDGE('',*,*,#3105,.F.);
#1789=ORIENTED_EDGE('',*,*,#3107,.F.);
#1790=ORIENTED_EDGE('',*,*,#3109,.F.);
#1791=ORIENTED_EDGE('',*,*,#3111,.F.);
#1792=ORIENTED_EDGE('',*,*,#3113,.F.);
#1793=ORIENTED_EDGE('',*,*,#3115,.F.);
#1794=ORIENTED_EDGE('',*,*,#3116,.F.);
#1795=ORIENTED_EDGE('',*,*,#3082,.F.);
#1796=ORIENTED_EDGE('',*,*,#3086,.F.);
#1797=ORIENTED_EDGE('',*,*,#3089,.F.);
#1798=ORIENTED_EDGE('',*,*,#3092,.F.);
#1799=ORIENTED_EDGE('',*,*,#3095,.F.);
#1800=ORIENTED_EDGE('',*,*,#3098,.F.);
#1801=ORIENTED_EDGE('',*,*,#3118,.F.);
#1802=ORIENTED_EDGE('',*,*,#3119,.F.);
#1803=ORIENTED_EDGE('',*,*,#3120,.F.);
#1804=ORIENTED_EDGE('',*,*,#3121,.T.);
#1805=ORIENTED_EDGE('',*,*,#3122,.T.);
#1806=ORIENTED_EDGE('',*,*,#3123,.F.);
#1807=ORIENTED_EDGE('',*,*,#3124,.F.);
#1808=ORIENTED_EDGE('',*,*,#3125,.T.);
#1809=ORIENTED_EDGE('',*,*,#3120,.T.);
#1810=ORIENTED_EDGE('',*,*,#3126,.F.);
#1811=ORIENTED_EDGE('',*,*,#3127,.F.);
#1812=ORIENTED_EDGE('',*,*,#3128,.T.);
#1813=ORIENTED_EDGE('',*,*,#3124,.T.);
#1814=ORIENTED_EDGE('',*,*,#3129,.F.);
#1815=ORIENTED_EDGE('',*,*,#3130,.F.);
#1816=ORIENTED_EDGE('',*,*,#3131,.T.);
#1817=ORIENTED_EDGE('',*,*,#3127,.T.);
#1818=ORIENTED_EDGE('',*,*,#3132,.F.);
#1819=ORIENTED_EDGE('',*,*,#3133,.F.);
#1820=ORIENTED_EDGE('',*,*,#3134,.T.);
#1821=ORIENTED_EDGE('',*,*,#3130,.T.);
#1822=ORIENTED_EDGE('',*,*,#3135,.F.);
#1823=ORIENTED_EDGE('',*,*,#3136,.F.);
#1824=ORIENTED_EDGE('',*,*,#3137,.T.);
#1825=ORIENTED_EDGE('',*,*,#3133,.T.);
#1826=ORIENTED_EDGE('',*,*,#3138,.F.);
#1827=ORIENTED_EDGE('',*,*,#3139,.F.);
#1828=ORIENTED_EDGE('',*,*,#3140,.T.);
#1829=ORIENTED_EDGE('',*,*,#3136,.T.);
#1830=ORIENTED_EDGE('',*,*,#3141,.F.);
#1831=ORIENTED_EDGE('',*,*,#3142,.F.);
#1832=ORIENTED_EDGE('',*,*,#3143,.T.);
#1833=ORIENTED_EDGE('',*,*,#3139,.T.);
#1834=ORIENTED_EDGE('',*,*,#3144,.F.);
#1835=ORIENTED_EDGE('',*,*,#3145,.F.);
#1836=ORIENTED_EDGE('',*,*,#3146,.T.);
#1837=ORIENTED_EDGE('',*,*,#3142,.T.);
#1838=ORIENTED_EDGE('',*,*,#3147,.F.);
#1839=ORIENTED_EDGE('',*,*,#3148,.F.);
#1840=ORIENTED_EDGE('',*,*,#3149,.T.);
#1841=ORIENTED_EDGE('',*,*,#3145,.T.);
#1842=ORIENTED_EDGE('',*,*,#3150,.F.);
#1843=ORIENTED_EDGE('',*,*,#3151,.F.);
#1844=ORIENTED_EDGE('',*,*,#3152,.T.);
#1845=ORIENTED_EDGE('',*,*,#3148,.T.);
#1846=ORIENTED_EDGE('',*,*,#2483,.F.);
#1847=ORIENTED_EDGE('',*,*,#3153,.F.);
#1848=ORIENTED_EDGE('',*,*,#3154,.T.);
#1849=ORIENTED_EDGE('',*,*,#3155,.T.);
#1850=ORIENTED_EDGE('',*,*,#2482,.F.);
#1851=ORIENTED_EDGE('',*,*,#3156,.F.);
#1852=ORIENTED_EDGE('',*,*,#3157,.T.);
#1853=ORIENTED_EDGE('',*,*,#3153,.T.);
#1854=ORIENTED_EDGE('',*,*,#2493,.F.);
#1855=ORIENTED_EDGE('',*,*,#3158,.F.);
#1856=ORIENTED_EDGE('',*,*,#3159,.T.);
#1857=ORIENTED_EDGE('',*,*,#3156,.T.);
#1858=ORIENTED_EDGE('',*,*,#2492,.F.);
#1859=ORIENTED_EDGE('',*,*,#3160,.F.);
#1860=ORIENTED_EDGE('',*,*,#3161,.T.);
#1861=ORIENTED_EDGE('',*,*,#3158,.T.);
#1862=ORIENTED_EDGE('',*,*,#2491,.F.);
#1863=ORIENTED_EDGE('',*,*,#3162,.F.);
#1864=ORIENTED_EDGE('',*,*,#3163,.T.);
#1865=ORIENTED_EDGE('',*,*,#3160,.T.);
#1866=ORIENTED_EDGE('',*,*,#2490,.F.);
#1867=ORIENTED_EDGE('',*,*,#3164,.F.);
#1868=ORIENTED_EDGE('',*,*,#3165,.T.);
#1869=ORIENTED_EDGE('',*,*,#3162,.T.);
#1870=ORIENTED_EDGE('',*,*,#2489,.F.);
#1871=ORIENTED_EDGE('',*,*,#3166,.F.);
#1872=ORIENTED_EDGE('',*,*,#3167,.T.);
#1873=ORIENTED_EDGE('',*,*,#3164,.T.);
#1874=ORIENTED_EDGE('',*,*,#2488,.F.);
#1875=ORIENTED_EDGE('',*,*,#3168,.F.);
#1876=ORIENTED_EDGE('',*,*,#3169,.T.);
#1877=ORIENTED_EDGE('',*,*,#3166,.T.);
#1878=ORIENTED_EDGE('',*,*,#2487,.F.);
#1879=ORIENTED_EDGE('',*,*,#3170,.F.);
#1880=ORIENTED_EDGE('',*,*,#3171,.T.);
#1881=ORIENTED_EDGE('',*,*,#3168,.T.);
#1882=ORIENTED_EDGE('',*,*,#2486,.F.);
#1883=ORIENTED_EDGE('',*,*,#3172,.F.);
#1884=ORIENTED_EDGE('',*,*,#3173,.T.);
#1885=ORIENTED_EDGE('',*,*,#3170,.T.);
#1886=ORIENTED_EDGE('',*,*,#2485,.F.);
#1887=ORIENTED_EDGE('',*,*,#3174,.F.);
#1888=ORIENTED_EDGE('',*,*,#3175,.T.);
#1889=ORIENTED_EDGE('',*,*,#3172,.T.);
#1890=ORIENTED_EDGE('',*,*,#2484,.F.);
#1891=ORIENTED_EDGE('',*,*,#3155,.F.);
#1892=ORIENTED_EDGE('',*,*,#3176,.T.);
#1893=ORIENTED_EDGE('',*,*,#3174,.T.);
#1894=ORIENTED_EDGE('',*,*,#3177,.F.);
#1895=ORIENTED_EDGE('',*,*,#3122,.F.);
#1896=ORIENTED_EDGE('',*,*,#3178,.T.);
#1897=ORIENTED_EDGE('',*,*,#3151,.T.);
#1898=ORIENTED_EDGE('',*,*,#3154,.F.);
#1899=ORIENTED_EDGE('',*,*,#3157,.F.);
#1900=ORIENTED_EDGE('',*,*,#3159,.F.);
#1901=ORIENTED_EDGE('',*,*,#3161,.F.);
#1902=ORIENTED_EDGE('',*,*,#3163,.F.);
#1903=ORIENTED_EDGE('',*,*,#3165,.F.);
#1904=ORIENTED_EDGE('',*,*,#3167,.F.);
#1905=ORIENTED_EDGE('',*,*,#3169,.F.);
#1906=ORIENTED_EDGE('',*,*,#3171,.F.);
#1907=ORIENTED_EDGE('',*,*,#3173,.F.);
#1908=ORIENTED_EDGE('',*,*,#3175,.F.);
#1909=ORIENTED_EDGE('',*,*,#3176,.F.);
#1910=ORIENTED_EDGE('',*,*,#3121,.F.);
#1911=ORIENTED_EDGE('',*,*,#3125,.F.);
#1912=ORIENTED_EDGE('',*,*,#3128,.F.);
#1913=ORIENTED_EDGE('',*,*,#3131,.F.);
#1914=ORIENTED_EDGE('',*,*,#3134,.F.);
#1915=ORIENTED_EDGE('',*,*,#3137,.F.);
#1916=ORIENTED_EDGE('',*,*,#3140,.F.);
#1917=ORIENTED_EDGE('',*,*,#3143,.F.);
#1918=ORIENTED_EDGE('',*,*,#3146,.F.);
#1919=ORIENTED_EDGE('',*,*,#3149,.F.);
#1920=ORIENTED_EDGE('',*,*,#3152,.F.);
#1921=ORIENTED_EDGE('',*,*,#3178,.F.);
#1922=ORIENTED_EDGE('',*,*,#3179,.F.);
#1923=ORIENTED_EDGE('',*,*,#3180,.F.);
#1924=ORIENTED_EDGE('',*,*,#3181,.T.);
#1925=ORIENTED_EDGE('',*,*,#3182,.T.);
#1926=ORIENTED_EDGE('',*,*,#3183,.F.);
#1927=ORIENTED_EDGE('',*,*,#3184,.F.);
#1928=ORIENTED_EDGE('',*,*,#3185,.T.);
#1929=ORIENTED_EDGE('',*,*,#3180,.T.);
#1930=ORIENTED_EDGE('',*,*,#3186,.F.);
#1931=ORIENTED_EDGE('',*,*,#3187,.F.);
#1932=ORIENTED_EDGE('',*,*,#3188,.T.);
#1933=ORIENTED_EDGE('',*,*,#3184,.T.);
#1934=ORIENTED_EDGE('',*,*,#3189,.F.);
#1935=ORIENTED_EDGE('',*,*,#3190,.F.);
#1936=ORIENTED_EDGE('',*,*,#3191,.T.);
#1937=ORIENTED_EDGE('',*,*,#3187,.T.);
#1938=ORIENTED_EDGE('',*,*,#3192,.F.);
#1939=ORIENTED_EDGE('',*,*,#3193,.F.);
#1940=ORIENTED_EDGE('',*,*,#3194,.T.);
#1941=ORIENTED_EDGE('',*,*,#3190,.T.);
#1942=ORIENTED_EDGE('',*,*,#3195,.F.);
#1943=ORIENTED_EDGE('',*,*,#3196,.F.);
#1944=ORIENTED_EDGE('',*,*,#3197,.T.);
#1945=ORIENTED_EDGE('',*,*,#3193,.T.);
#1946=ORIENTED_EDGE('',*,*,#3198,.F.);
#1947=ORIENTED_EDGE('',*,*,#3199,.F.);
#1948=ORIENTED_EDGE('',*,*,#3200,.T.);
#1949=ORIENTED_EDGE('',*,*,#3196,.T.);
#1950=ORIENTED_EDGE('',*,*,#3201,.F.);
#1951=ORIENTED_EDGE('',*,*,#3202,.F.);
#1952=ORIENTED_EDGE('',*,*,#3203,.T.);
#1953=ORIENTED_EDGE('',*,*,#3199,.T.);
#1954=ORIENTED_EDGE('',*,*,#3204,.F.);
#1955=ORIENTED_EDGE('',*,*,#3205,.F.);
#1956=ORIENTED_EDGE('',*,*,#3206,.T.);
#1957=ORIENTED_EDGE('',*,*,#3202,.T.);
#1958=ORIENTED_EDGE('',*,*,#3207,.F.);
#1959=ORIENTED_EDGE('',*,*,#3208,.F.);
#1960=ORIENTED_EDGE('',*,*,#3209,.T.);
#1961=ORIENTED_EDGE('',*,*,#3205,.T.);
#1962=ORIENTED_EDGE('',*,*,#3210,.F.);
#1963=ORIENTED_EDGE('',*,*,#3211,.F.);
#1964=ORIENTED_EDGE('',*,*,#3212,.T.);
#1965=ORIENTED_EDGE('',*,*,#3208,.T.);
#1966=ORIENTED_EDGE('',*,*,#2662,.F.);
#1967=ORIENTED_EDGE('',*,*,#3213,.F.);
#1968=ORIENTED_EDGE('',*,*,#3214,.T.);
#1969=ORIENTED_EDGE('',*,*,#3215,.T.);
#1970=ORIENTED_EDGE('',*,*,#2661,.F.);
#1971=ORIENTED_EDGE('',*,*,#3216,.F.);
#1972=ORIENTED_EDGE('',*,*,#3217,.T.);
#1973=ORIENTED_EDGE('',*,*,#3213,.T.);
#1974=ORIENTED_EDGE('',*,*,#2682,.F.);
#1975=ORIENTED_EDGE('',*,*,#3218,.F.);
#1976=ORIENTED_EDGE('',*,*,#3219,.T.);
#1977=ORIENTED_EDGE('',*,*,#3216,.T.);
#1978=ORIENTED_EDGE('',*,*,#2681,.F.);
#1979=ORIENTED_EDGE('',*,*,#3220,.F.);
#1980=ORIENTED_EDGE('',*,*,#3221,.T.);
#1981=ORIENTED_EDGE('',*,*,#3218,.T.);
#1982=ORIENTED_EDGE('',*,*,#2680,.F.);
#1983=ORIENTED_EDGE('',*,*,#3222,.F.);
#1984=ORIENTED_EDGE('',*,*,#3223,.T.);
#1985=ORIENTED_EDGE('',*,*,#3220,.T.);
#1986=ORIENTED_EDGE('',*,*,#2679,.F.);
#1987=ORIENTED_EDGE('',*,*,#3224,.F.);
#1988=ORIENTED_EDGE('',*,*,#3225,.T.);
#1989=ORIENTED_EDGE('',*,*,#3222,.T.);
#1990=ORIENTED_EDGE('',*,*,#2678,.F.);
#1991=ORIENTED_EDGE('',*,*,#3226,.F.);
#1992=ORIENTED_EDGE('',*,*,#3227,.T.);
#1993=ORIENTED_EDGE('',*,*,#3224,.T.);
#1994=ORIENTED_EDGE('',*,*,#2677,.F.);
#1995=ORIENTED_EDGE('',*,*,#3228,.F.);
#1996=ORIENTED_EDGE('',*,*,#3229,.T.);
#1997=ORIENTED_EDGE('',*,*,#3226,.T.);
#1998=ORIENTED_EDGE('',*,*,#2676,.F.);
#1999=ORIENTED_EDGE('',*,*,#3230,.F.);
#2000=ORIENTED_EDGE('',*,*,#3231,.T.);
#2001=ORIENTED_EDGE('',*,*,#3228,.T.);
#2002=ORIENTED_EDGE('',*,*,#2675,.F.);
#2003=ORIENTED_EDGE('',*,*,#3232,.F.);
#2004=ORIENTED_EDGE('',*,*,#3233,.T.);
#2005=ORIENTED_EDGE('',*,*,#3230,.T.);
#2006=ORIENTED_EDGE('',*,*,#2674,.F.);
#2007=ORIENTED_EDGE('',*,*,#3234,.F.);
#2008=ORIENTED_EDGE('',*,*,#3235,.T.);
#2009=ORIENTED_EDGE('',*,*,#3232,.T.);
#2010=ORIENTED_EDGE('',*,*,#2673,.F.);
#2011=ORIENTED_EDGE('',*,*,#3236,.F.);
#2012=ORIENTED_EDGE('',*,*,#3237,.T.);
#2013=ORIENTED_EDGE('',*,*,#3234,.T.);
#2014=ORIENTED_EDGE('',*,*,#2672,.F.);
#2015=ORIENTED_EDGE('',*,*,#3238,.F.);
#2016=ORIENTED_EDGE('',*,*,#3239,.T.);
#2017=ORIENTED_EDGE('',*,*,#3236,.T.);
#2018=ORIENTED_EDGE('',*,*,#2671,.F.);
#2019=ORIENTED_EDGE('',*,*,#3240,.F.);
#2020=ORIENTED_EDGE('',*,*,#3241,.T.);
#2021=ORIENTED_EDGE('',*,*,#3238,.T.);
#2022=ORIENTED_EDGE('',*,*,#2670,.F.);
#2023=ORIENTED_EDGE('',*,*,#3242,.F.);
#2024=ORIENTED_EDGE('',*,*,#3243,.T.);
#2025=ORIENTED_EDGE('',*,*,#3240,.T.);
#2026=ORIENTED_EDGE('',*,*,#2669,.F.);
#2027=ORIENTED_EDGE('',*,*,#3244,.F.);
#2028=ORIENTED_EDGE('',*,*,#3245,.T.);
#2029=ORIENTED_EDGE('',*,*,#3242,.T.);
#2030=ORIENTED_EDGE('',*,*,#2668,.F.);
#2031=ORIENTED_EDGE('',*,*,#3246,.F.);
#2032=ORIENTED_EDGE('',*,*,#3247,.T.);
#2033=ORIENTED_EDGE('',*,*,#3244,.T.);
#2034=ORIENTED_EDGE('',*,*,#2667,.F.);
#2035=ORIENTED_EDGE('',*,*,#3248,.F.);
#2036=ORIENTED_EDGE('',*,*,#3249,.T.);
#2037=ORIENTED_EDGE('',*,*,#3246,.T.);
#2038=ORIENTED_EDGE('',*,*,#2666,.F.);
#2039=ORIENTED_EDGE('',*,*,#3250,.F.);
#2040=ORIENTED_EDGE('',*,*,#3251,.T.);
#2041=ORIENTED_EDGE('',*,*,#3248,.T.);
#2042=ORIENTED_EDGE('',*,*,#2665,.F.);
#2043=ORIENTED_EDGE('',*,*,#3252,.F.);
#2044=ORIENTED_EDGE('',*,*,#3253,.T.);
#2045=ORIENTED_EDGE('',*,*,#3250,.T.);
#2046=ORIENTED_EDGE('',*,*,#2664,.F.);
#2047=ORIENTED_EDGE('',*,*,#3254,.F.);
#2048=ORIENTED_EDGE('',*,*,#3255,.T.);
#2049=ORIENTED_EDGE('',*,*,#3252,.T.);
#2050=ORIENTED_EDGE('',*,*,#2663,.F.);
#2051=ORIENTED_EDGE('',*,*,#3215,.F.);
#2052=ORIENTED_EDGE('',*,*,#3256,.T.);
#2053=ORIENTED_EDGE('',*,*,#3254,.T.);
#2054=ORIENTED_EDGE('',*,*,#3257,.F.);
#2055=ORIENTED_EDGE('',*,*,#3182,.F.);
#2056=ORIENTED_EDGE('',*,*,#3258,.T.);
#2057=ORIENTED_EDGE('',*,*,#3211,.T.);
#2058=ORIENTED_EDGE('',*,*,#3214,.F.);
#2059=ORIENTED_EDGE('',*,*,#3217,.F.);
#2060=ORIENTED_EDGE('',*,*,#3219,.F.);
#2061=ORIENTED_EDGE('',*,*,#3221,.F.);
#2062=ORIENTED_EDGE('',*,*,#3223,.F.);
#2063=ORIENTED_EDGE('',*,*,#3225,.F.);
#2064=ORIENTED_EDGE('',*,*,#3227,.F.);
#2065=ORIENTED_EDGE('',*,*,#3229,.F.);
#2066=ORIENTED_EDGE('',*,*,#3231,.F.);
#2067=ORIENTED_EDGE('',*,*,#3233,.F.);
#2068=ORIENTED_EDGE('',*,*,#3235,.F.);
#2069=ORIENTED_EDGE('',*,*,#3237,.F.);
#2070=ORIENTED_EDGE('',*,*,#3239,.F.);
#2071=ORIENTED_EDGE('',*,*,#3241,.F.);
#2072=ORIENTED_EDGE('',*,*,#3243,.F.);
#2073=ORIENTED_EDGE('',*,*,#3245,.F.);
#2074=ORIENTED_EDGE('',*,*,#3247,.F.);
#2075=ORIENTED_EDGE('',*,*,#3249,.F.);
#2076=ORIENTED_EDGE('',*,*,#3251,.F.);
#2077=ORIENTED_EDGE('',*,*,#3253,.F.);
#2078=ORIENTED_EDGE('',*,*,#3255,.F.);
#2079=ORIENTED_EDGE('',*,*,#3256,.F.);
#2080=ORIENTED_EDGE('',*,*,#3181,.F.);
#2081=ORIENTED_EDGE('',*,*,#3185,.F.);
#2082=ORIENTED_EDGE('',*,*,#3188,.F.);
#2083=ORIENTED_EDGE('',*,*,#3191,.F.);
#2084=ORIENTED_EDGE('',*,*,#3194,.F.);
#2085=ORIENTED_EDGE('',*,*,#3197,.F.);
#2086=ORIENTED_EDGE('',*,*,#3200,.F.);
#2087=ORIENTED_EDGE('',*,*,#3203,.F.);
#2088=ORIENTED_EDGE('',*,*,#3206,.F.);
#2089=ORIENTED_EDGE('',*,*,#3209,.F.);
#2090=ORIENTED_EDGE('',*,*,#3212,.F.);
#2091=ORIENTED_EDGE('',*,*,#3258,.F.);
#2092=ORIENTED_EDGE('',*,*,#3259,.F.);
#2093=ORIENTED_EDGE('',*,*,#3260,.F.);
#2094=ORIENTED_EDGE('',*,*,#3261,.T.);
#2095=ORIENTED_EDGE('',*,*,#3262,.T.);
#2096=ORIENTED_EDGE('',*,*,#3263,.F.);
#2097=ORIENTED_EDGE('',*,*,#3264,.F.);
#2098=ORIENTED_EDGE('',*,*,#3265,.T.);
#2099=ORIENTED_EDGE('',*,*,#3260,.T.);
#2100=ORIENTED_EDGE('',*,*,#3266,.F.);
#2101=ORIENTED_EDGE('',*,*,#3267,.F.);
#2102=ORIENTED_EDGE('',*,*,#3268,.T.);
#2103=ORIENTED_EDGE('',*,*,#3264,.T.);
#2104=ORIENTED_EDGE('',*,*,#3269,.F.);
#2105=ORIENTED_EDGE('',*,*,#3270,.F.);
#2106=ORIENTED_EDGE('',*,*,#3271,.T.);
#2107=ORIENTED_EDGE('',*,*,#3267,.T.);
#2108=ORIENTED_EDGE('',*,*,#3272,.F.);
#2109=ORIENTED_EDGE('',*,*,#3273,.F.);
#2110=ORIENTED_EDGE('',*,*,#3274,.T.);
#2111=ORIENTED_EDGE('',*,*,#3270,.T.);
#2112=ORIENTED_EDGE('',*,*,#3275,.F.);
#2113=ORIENTED_EDGE('',*,*,#3276,.F.);
#2114=ORIENTED_EDGE('',*,*,#3277,.T.);
#2115=ORIENTED_EDGE('',*,*,#3273,.T.);
#2116=ORIENTED_EDGE('',*,*,#3278,.F.);
#2117=ORIENTED_EDGE('',*,*,#3279,.F.);
#2118=ORIENTED_EDGE('',*,*,#3280,.T.);
#2119=ORIENTED_EDGE('',*,*,#3276,.T.);
#2120=ORIENTED_EDGE('',*,*,#3281,.F.);
#2121=ORIENTED_EDGE('',*,*,#3282,.F.);
#2122=ORIENTED_EDGE('',*,*,#3283,.T.);
#2123=ORIENTED_EDGE('',*,*,#3279,.T.);
#2124=ORIENTED_EDGE('',*,*,#3284,.F.);
#2125=ORIENTED_EDGE('',*,*,#3285,.F.);
#2126=ORIENTED_EDGE('',*,*,#3286,.T.);
#2127=ORIENTED_EDGE('',*,*,#3282,.T.);
#2128=ORIENTED_EDGE('',*,*,#3287,.F.);
#2129=ORIENTED_EDGE('',*,*,#3288,.F.);
#2130=ORIENTED_EDGE('',*,*,#3289,.T.);
#2131=ORIENTED_EDGE('',*,*,#3285,.T.);
#2132=ORIENTED_EDGE('',*,*,#3290,.F.);
#2133=ORIENTED_EDGE('',*,*,#3291,.F.);
#2134=ORIENTED_EDGE('',*,*,#3292,.T.);
#2135=ORIENTED_EDGE('',*,*,#3288,.T.);
#2136=ORIENTED_EDGE('',*,*,#2468,.F.);
#2137=ORIENTED_EDGE('',*,*,#3293,.F.);
#2138=ORIENTED_EDGE('',*,*,#3294,.T.);
#2139=ORIENTED_EDGE('',*,*,#3295,.T.);
#2140=ORIENTED_EDGE('',*,*,#2467,.F.);
#2141=ORIENTED_EDGE('',*,*,#3296,.F.);
#2142=ORIENTED_EDGE('',*,*,#3297,.T.);
#2143=ORIENTED_EDGE('',*,*,#3293,.T.);
#2144=ORIENTED_EDGE('',*,*,#2481,.F.);
#2145=ORIENTED_EDGE('',*,*,#3298,.F.);
#2146=ORIENTED_EDGE('',*,*,#3299,.T.);
#2147=ORIENTED_EDGE('',*,*,#3296,.T.);
#2148=ORIENTED_EDGE('',*,*,#2480,.F.);
#2149=ORIENTED_EDGE('',*,*,#3300,.F.);
#2150=ORIENTED_EDGE('',*,*,#3301,.T.);
#2151=ORIENTED_EDGE('',*,*,#3298,.T.);
#2152=ORIENTED_EDGE('',*,*,#2479,.F.);
#2153=ORIENTED_EDGE('',*,*,#3302,.F.);
#2154=ORIENTED_EDGE('',*,*,#3303,.T.);
#2155=ORIENTED_EDGE('',*,*,#3300,.T.);
#2156=ORIENTED_EDGE('',*,*,#2478,.F.);
#2157=ORIENTED_EDGE('',*,*,#3304,.F.);
#2158=ORIENTED_EDGE('',*,*,#3305,.T.);
#2159=ORIENTED_EDGE('',*,*,#3302,.T.);
#2160=ORIENTED_EDGE('',*,*,#2477,.F.);
#2161=ORIENTED_EDGE('',*,*,#3306,.F.);
#2162=ORIENTED_EDGE('',*,*,#3307,.T.);
#2163=ORIENTED_EDGE('',*,*,#3304,.T.);
#2164=ORIENTED_EDGE('',*,*,#2476,.F.);
#2165=ORIENTED_EDGE('',*,*,#3308,.F.);
#2166=ORIENTED_EDGE('',*,*,#3309,.T.);
#2167=ORIENTED_EDGE('',*,*,#3306,.T.);
#2168=ORIENTED_EDGE('',*,*,#2475,.F.);
#2169=ORIENTED_EDGE('',*,*,#3310,.F.);
#2170=ORIENTED_EDGE('',*,*,#3311,.T.);
#2171=ORIENTED_EDGE('',*,*,#3308,.T.);
#2172=ORIENTED_EDGE('',*,*,#2474,.F.);
#2173=ORIENTED_EDGE('',*,*,#3312,.F.);
#2174=ORIENTED_EDGE('',*,*,#3313,.T.);
#2175=ORIENTED_EDGE('',*,*,#3310,.T.);
#2176=ORIENTED_EDGE('',*,*,#2473,.F.);
#2177=ORIENTED_EDGE('',*,*,#3314,.F.);
#2178=ORIENTED_EDGE('',*,*,#3315,.T.);
#2179=ORIENTED_EDGE('',*,*,#3312,.T.);
#2180=ORIENTED_EDGE('',*,*,#2472,.F.);
#2181=ORIENTED_EDGE('',*,*,#3316,.F.);
#2182=ORIENTED_EDGE('',*,*,#3317,.T.);
#2183=ORIENTED_EDGE('',*,*,#3314,.T.);
#2184=ORIENTED_EDGE('',*,*,#2471,.F.);
#2185=ORIENTED_EDGE('',*,*,#3318,.F.);
#2186=ORIENTED_EDGE('',*,*,#3319,.T.);
#2187=ORIENTED_EDGE('',*,*,#3316,.T.);
#2188=ORIENTED_EDGE('',*,*,#2470,.F.);
#2189=ORIENTED_EDGE('',*,*,#3320,.F.);
#2190=ORIENTED_EDGE('',*,*,#3321,.T.);
#2191=ORIENTED_EDGE('',*,*,#3318,.T.);
#2192=ORIENTED_EDGE('',*,*,#2469,.F.);
#2193=ORIENTED_EDGE('',*,*,#3295,.F.);
#2194=ORIENTED_EDGE('',*,*,#3322,.T.);
#2195=ORIENTED_EDGE('',*,*,#3320,.T.);
#2196=ORIENTED_EDGE('',*,*,#3323,.F.);
#2197=ORIENTED_EDGE('',*,*,#3262,.F.);
#2198=ORIENTED_EDGE('',*,*,#3324,.T.);
#2199=ORIENTED_EDGE('',*,*,#3291,.T.);
#2200=ORIENTED_EDGE('',*,*,#3294,.F.);
#2201=ORIENTED_EDGE('',*,*,#3297,.F.);
#2202=ORIENTED_EDGE('',*,*,#3299,.F.);
#2203=ORIENTED_EDGE('',*,*,#3301,.F.);
#2204=ORIENTED_EDGE('',*,*,#3303,.F.);
#2205=ORIENTED_EDGE('',*,*,#3305,.F.);
#2206=ORIENTED_EDGE('',*,*,#3307,.F.);
#2207=ORIENTED_EDGE('',*,*,#3309,.F.);
#2208=ORIENTED_EDGE('',*,*,#3311,.F.);
#2209=ORIENTED_EDGE('',*,*,#3313,.F.);
#2210=ORIENTED_EDGE('',*,*,#3315,.F.);
#2211=ORIENTED_EDGE('',*,*,#3317,.F.);
#2212=ORIENTED_EDGE('',*,*,#3319,.F.);
#2213=ORIENTED_EDGE('',*,*,#3321,.F.);
#2214=ORIENTED_EDGE('',*,*,#3322,.F.);
#2215=ORIENTED_EDGE('',*,*,#3261,.F.);
#2216=ORIENTED_EDGE('',*,*,#3265,.F.);
#2217=ORIENTED_EDGE('',*,*,#3268,.F.);
#2218=ORIENTED_EDGE('',*,*,#3271,.F.);
#2219=ORIENTED_EDGE('',*,*,#3274,.F.);
#2220=ORIENTED_EDGE('',*,*,#3277,.F.);
#2221=ORIENTED_EDGE('',*,*,#3280,.F.);
#2222=ORIENTED_EDGE('',*,*,#3283,.F.);
#2223=ORIENTED_EDGE('',*,*,#3286,.F.);
#2224=ORIENTED_EDGE('',*,*,#3289,.F.);
#2225=ORIENTED_EDGE('',*,*,#3292,.F.);
#2226=ORIENTED_EDGE('',*,*,#3324,.F.);
#2227=ORIENTED_EDGE('',*,*,#3325,.F.);
#2228=ORIENTED_EDGE('',*,*,#3326,.F.);
#2229=ORIENTED_EDGE('',*,*,#3327,.T.);
#2230=ORIENTED_EDGE('',*,*,#3328,.T.);
#2231=ORIENTED_EDGE('',*,*,#3329,.F.);
#2232=ORIENTED_EDGE('',*,*,#3330,.F.);
#2233=ORIENTED_EDGE('',*,*,#3331,.T.);
#2234=ORIENTED_EDGE('',*,*,#3326,.T.);
#2235=ORIENTED_EDGE('',*,*,#3332,.F.);
#2236=ORIENTED_EDGE('',*,*,#3333,.F.);
#2237=ORIENTED_EDGE('',*,*,#3334,.T.);
#2238=ORIENTED_EDGE('',*,*,#3330,.T.);
#2239=ORIENTED_EDGE('',*,*,#3335,.F.);
#2240=ORIENTED_EDGE('',*,*,#3336,.F.);
#2241=ORIENTED_EDGE('',*,*,#3337,.T.);
#2242=ORIENTED_EDGE('',*,*,#3333,.T.);
#2243=ORIENTED_EDGE('',*,*,#2684,.F.);
#2244=ORIENTED_EDGE('',*,*,#3338,.F.);
#2245=ORIENTED_EDGE('',*,*,#3339,.T.);
#2246=ORIENTED_EDGE('',*,*,#3340,.T.);
#2247=ORIENTED_EDGE('',*,*,#2683,.F.);
#2248=ORIENTED_EDGE('',*,*,#3341,.F.);
#2249=ORIENTED_EDGE('',*,*,#3342,.T.);
#2250=ORIENTED_EDGE('',*,*,#3338,.T.);
#2251=ORIENTED_EDGE('',*,*,#2700,.F.);
#2252=ORIENTED_EDGE('',*,*,#3343,.F.);
#2253=ORIENTED_EDGE('',*,*,#3344,.T.);
#2254=ORIENTED_EDGE('',*,*,#3341,.T.);
#2255=ORIENTED_EDGE('',*,*,#2699,.F.);
#2256=ORIENTED_EDGE('',*,*,#3345,.F.);
#2257=ORIENTED_EDGE('',*,*,#3346,.T.);
#2258=ORIENTED_EDGE('',*,*,#3343,.T.);
#2259=ORIENTED_EDGE('',*,*,#2698,.F.);
#2260=ORIENTED_EDGE('',*,*,#3347,.F.);
#2261=ORIENTED_EDGE('',*,*,#3348,.T.);
#2262=ORIENTED_EDGE('',*,*,#3345,.T.);
#2263=ORIENTED_EDGE('',*,*,#2697,.F.);
#2264=ORIENTED_EDGE('',*,*,#3349,.F.);
#2265=ORIENTED_EDGE('',*,*,#3350,.T.);
#2266=ORIENTED_EDGE('',*,*,#3347,.T.);
#2267=ORIENTED_EDGE('',*,*,#2696,.F.);
#2268=ORIENTED_EDGE('',*,*,#3351,.F.);
#2269=ORIENTED_EDGE('',*,*,#3352,.T.);
#2270=ORIENTED_EDGE('',*,*,#3349,.T.);
#2271=ORIENTED_EDGE('',*,*,#2695,.F.);
#2272=ORIENTED_EDGE('',*,*,#3353,.F.);
#2273=ORIENTED_EDGE('',*,*,#3354,.T.);
#2274=ORIENTED_EDGE('',*,*,#3351,.T.);
#2275=ORIENTED_EDGE('',*,*,#2694,.F.);
#2276=ORIENTED_EDGE('',*,*,#3355,.F.);
#2277=ORIENTED_EDGE('',*,*,#3356,.T.);
#2278=ORIENTED_EDGE('',*,*,#3353,.T.);
#2279=ORIENTED_EDGE('',*,*,#2693,.F.);
#2280=ORIENTED_EDGE('',*,*,#3357,.F.);
#2281=ORIENTED_EDGE('',*,*,#3358,.T.);
#2282=ORIENTED_EDGE('',*,*,#3355,.T.);
#2283=ORIENTED_EDGE('',*,*,#2692,.F.);
#2284=ORIENTED_EDGE('',*,*,#3359,.F.);
#2285=ORIENTED_EDGE('',*,*,#3360,.T.);
#2286=ORIENTED_EDGE('',*,*,#3357,.T.);
#2287=ORIENTED_EDGE('',*,*,#2691,.F.);
#2288=ORIENTED_EDGE('',*,*,#3361,.F.);
#2289=ORIENTED_EDGE('',*,*,#3362,.T.);
#2290=ORIENTED_EDGE('',*,*,#3359,.T.);
#2291=ORIENTED_EDGE('',*,*,#2690,.F.);
#2292=ORIENTED_EDGE('',*,*,#3363,.F.);
#2293=ORIENTED_EDGE('',*,*,#3364,.T.);
#2294=ORIENTED_EDGE('',*,*,#3361,.T.);
#2295=ORIENTED_EDGE('',*,*,#2689,.F.);
#2296=ORIENTED_EDGE('',*,*,#3365,.F.);
#2297=ORIENTED_EDGE('',*,*,#3366,.T.);
#2298=ORIENTED_EDGE('',*,*,#3363,.T.);
#2299=ORIENTED_EDGE('',*,*,#2688,.F.);
#2300=ORIENTED_EDGE('',*,*,#3367,.F.);
#2301=ORIENTED_EDGE('',*,*,#3368,.T.);
#2302=ORIENTED_EDGE('',*,*,#3365,.T.);
#2303=ORIENTED_EDGE('',*,*,#2687,.F.);
#2304=ORIENTED_EDGE('',*,*,#3369,.F.);
#2305=ORIENTED_EDGE('',*,*,#3370,.T.);
#2306=ORIENTED_EDGE('',*,*,#3367,.T.);
#2307=ORIENTED_EDGE('',*,*,#2686,.F.);
#2308=ORIENTED_EDGE('',*,*,#3371,.F.);
#2309=ORIENTED_EDGE('',*,*,#3372,.T.);
#2310=ORIENTED_EDGE('',*,*,#3369,.T.);
#2311=ORIENTED_EDGE('',*,*,#2685,.F.);
#2312=ORIENTED_EDGE('',*,*,#3340,.F.);
#2313=ORIENTED_EDGE('',*,*,#3373,.T.);
#2314=ORIENTED_EDGE('',*,*,#3371,.T.);
#2315=ORIENTED_EDGE('',*,*,#3374,.F.);
#2316=ORIENTED_EDGE('',*,*,#3328,.F.);
#2317=ORIENTED_EDGE('',*,*,#3375,.T.);
#2318=ORIENTED_EDGE('',*,*,#3336,.T.);
#2319=ORIENTED_EDGE('',*,*,#3339,.F.);
#2320=ORIENTED_EDGE('',*,*,#3342,.F.);
#2321=ORIENTED_EDGE('',*,*,#3344,.F.);
#2322=ORIENTED_EDGE('',*,*,#3346,.F.);
#2323=ORIENTED_EDGE('',*,*,#3348,.F.);
#2324=ORIENTED_EDGE('',*,*,#3350,.F.);
#2325=ORIENTED_EDGE('',*,*,#3352,.F.);
#2326=ORIENTED_EDGE('',*,*,#3354,.F.);
#2327=ORIENTED_EDGE('',*,*,#3356,.F.);
#2328=ORIENTED_EDGE('',*,*,#3358,.F.);
#2329=ORIENTED_EDGE('',*,*,#3360,.F.);
#2330=ORIENTED_EDGE('',*,*,#3362,.F.);
#2331=ORIENTED_EDGE('',*,*,#3364,.F.);
#2332=ORIENTED_EDGE('',*,*,#3366,.F.);
#2333=ORIENTED_EDGE('',*,*,#3368,.F.);
#2334=ORIENTED_EDGE('',*,*,#3370,.F.);
#2335=ORIENTED_EDGE('',*,*,#3372,.F.);
#2336=ORIENTED_EDGE('',*,*,#3373,.F.);
#2337=ORIENTED_EDGE('',*,*,#3327,.F.);
#2338=ORIENTED_EDGE('',*,*,#3331,.F.);
#2339=ORIENTED_EDGE('',*,*,#3334,.F.);
#2340=ORIENTED_EDGE('',*,*,#3337,.F.);
#2341=ORIENTED_EDGE('',*,*,#3375,.F.);
#2342=ORIENTED_EDGE('',*,*,#2702,.F.);
#2343=ORIENTED_EDGE('',*,*,#3376,.F.);
#2344=ORIENTED_EDGE('',*,*,#3377,.T.);
#2345=ORIENTED_EDGE('',*,*,#3378,.T.);
#2346=ORIENTED_EDGE('',*,*,#2701,.F.);
#2347=ORIENTED_EDGE('',*,*,#3379,.F.);
#2348=ORIENTED_EDGE('',*,*,#3380,.T.);
#2349=ORIENTED_EDGE('',*,*,#3376,.T.);
#2350=ORIENTED_EDGE('',*,*,#2712,.F.);
#2351=ORIENTED_EDGE('',*,*,#3381,.F.);
#2352=ORIENTED_EDGE('',*,*,#3382,.T.);
#2353=ORIENTED_EDGE('',*,*,#3379,.T.);
#2354=ORIENTED_EDGE('',*,*,#2711,.F.);
#2355=ORIENTED_EDGE('',*,*,#3383,.F.);
#2356=ORIENTED_EDGE('',*,*,#3384,.T.);
#2357=ORIENTED_EDGE('',*,*,#3381,.T.);
#2358=ORIENTED_EDGE('',*,*,#2710,.F.);
#2359=ORIENTED_EDGE('',*,*,#3385,.F.);
#2360=ORIENTED_EDGE('',*,*,#3386,.T.);
#2361=ORIENTED_EDGE('',*,*,#3383,.T.);
#2362=ORIENTED_EDGE('',*,*,#2709,.F.);
#2363=ORIENTED_EDGE('',*,*,#3387,.F.);
#2364=ORIENTED_EDGE('',*,*,#3388,.T.);
#2365=ORIENTED_EDGE('',*,*,#3385,.T.);
#2366=ORIENTED_EDGE('',*,*,#2708,.F.);
#2367=ORIENTED_EDGE('',*,*,#3389,.F.);
#2368=ORIENTED_EDGE('',*,*,#3390,.T.);
#2369=ORIENTED_EDGE('',*,*,#3387,.T.);
#2370=ORIENTED_EDGE('',*,*,#2707,.F.);
#2371=ORIENTED_EDGE('',*,*,#3391,.F.);
#2372=ORIENTED_EDGE('',*,*,#3392,.T.);
#2373=ORIENTED_EDGE('',*,*,#3389,.T.);
#2374=ORIENTED_EDGE('',*,*,#2706,.F.);
#2375=ORIENTED_EDGE('',*,*,#3393,.F.);
#2376=ORIENTED_EDGE('',*,*,#3394,.T.);
#2377=ORIENTED_EDGE('',*,*,#3391,.T.);
#2378=ORIENTED_EDGE('',*,*,#2705,.F.);
#2379=ORIENTED_EDGE('',*,*,#3395,.F.);
#2380=ORIENTED_EDGE('',*,*,#3396,.T.);
#2381=ORIENTED_EDGE('',*,*,#3393,.T.);
#2382=ORIENTED_EDGE('',*,*,#2704,.F.);
#2383=ORIENTED_EDGE('',*,*,#3397,.F.);
#2384=ORIENTED_EDGE('',*,*,#3398,.T.);
#2385=ORIENTED_EDGE('',*,*,#3395,.T.);
#2386=ORIENTED_EDGE('',*,*,#2703,.F.);
#2387=ORIENTED_EDGE('',*,*,#3378,.F.);
#2388=ORIENTED_EDGE('',*,*,#3399,.T.);
#2389=ORIENTED_EDGE('',*,*,#3397,.T.);
#2390=ORIENTED_EDGE('',*,*,#3377,.F.);
#2391=ORIENTED_EDGE('',*,*,#3380,.F.);
#2392=ORIENTED_EDGE('',*,*,#3382,.F.);
#2393=ORIENTED_EDGE('',*,*,#3384,.F.);
#2394=ORIENTED_EDGE('',*,*,#3386,.F.);
#2395=ORIENTED_EDGE('',*,*,#3388,.F.);
#2396=ORIENTED_EDGE('',*,*,#3390,.F.);
#2397=ORIENTED_EDGE('',*,*,#3392,.F.);
#2398=ORIENTED_EDGE('',*,*,#3394,.F.);
#2399=ORIENTED_EDGE('',*,*,#3396,.F.);
#2400=ORIENTED_EDGE('',*,*,#3398,.F.);
#2401=ORIENTED_EDGE('',*,*,#3399,.F.);
#2402=ORIENTED_EDGE('',*,*,#2757,.T.);
#2403=ORIENTED_EDGE('',*,*,#2753,.T.);
#2404=ORIENTED_EDGE('',*,*,#2817,.T.);
#2405=ORIENTED_EDGE('',*,*,#2784,.T.);
#2406=ORIENTED_EDGE('',*,*,#2781,.T.);
#2407=ORIENTED_EDGE('',*,*,#2778,.T.);
#2408=ORIENTED_EDGE('',*,*,#2775,.T.);
#2409=ORIENTED_EDGE('',*,*,#2772,.T.);
#2410=ORIENTED_EDGE('',*,*,#2769,.T.);
#2411=ORIENTED_EDGE('',*,*,#2766,.T.);
#2412=ORIENTED_EDGE('',*,*,#2763,.T.);
#2413=ORIENTED_EDGE('',*,*,#2760,.T.);
#2414=ORIENTED_EDGE('',*,*,#2823,.T.);
#2415=ORIENTED_EDGE('',*,*,#2819,.T.);
#2416=ORIENTED_EDGE('',*,*,#2868,.T.);
#2417=ORIENTED_EDGE('',*,*,#2829,.T.);
#2418=ORIENTED_EDGE('',*,*,#2826,.T.);
#2419=ORIENTED_EDGE('',*,*,#3084,.T.);
#2420=ORIENTED_EDGE('',*,*,#3080,.T.);
#2421=ORIENTED_EDGE('',*,*,#3117,.T.);
#2422=ORIENTED_EDGE('',*,*,#3096,.T.);
#2423=ORIENTED_EDGE('',*,*,#3093,.T.);
#2424=ORIENTED_EDGE('',*,*,#3090,.T.);
#2425=ORIENTED_EDGE('',*,*,#3087,.T.);
#2426=ORIENTED_EDGE('',*,*,#3123,.T.);
#2427=ORIENTED_EDGE('',*,*,#3119,.T.);
#2428=ORIENTED_EDGE('',*,*,#3177,.T.);
#2429=ORIENTED_EDGE('',*,*,#3150,.T.);
#2430=ORIENTED_EDGE('',*,*,#3147,.T.);
#2431=ORIENTED_EDGE('',*,*,#3144,.T.);
#2432=ORIENTED_EDGE('',*,*,#3141,.T.);
#2433=ORIENTED_EDGE('',*,*,#3138,.T.);
#2434=ORIENTED_EDGE('',*,*,#3135,.T.);
#2435=ORIENTED_EDGE('',*,*,#3132,.T.);
#2436=ORIENTED_EDGE('',*,*,#3129,.T.);
#2437=ORIENTED_EDGE('',*,*,#3126,.T.);
#2438=ORIENTED_EDGE('',*,*,#3183,.T.);
#2439=ORIENTED_EDGE('',*,*,#3179,.T.);
#2440=ORIENTED_EDGE('',*,*,#3257,.T.);
#2441=ORIENTED_EDGE('',*,*,#3210,.T.);
#2442=ORIENTED_EDGE('',*,*,#3207,.T.);
#2443=ORIENTED_EDGE('',*,*,#3204,.T.);
#2444=ORIENTED_EDGE('',*,*,#3201,.T.);
#2445=ORIENTED_EDGE('',*,*,#3198,.T.);
#2446=ORIENTED_EDGE('',*,*,#3195,.T.);
#2447=ORIENTED_EDGE('',*,*,#3192,.T.);
#2448=ORIENTED_EDGE('',*,*,#3189,.T.);
#2449=ORIENTED_EDGE('',*,*,#3186,.T.);
#2450=ORIENTED_EDGE('',*,*,#3263,.T.);
#2451=ORIENTED_EDGE('',*,*,#3259,.T.);
#2452=ORIENTED_EDGE('',*,*,#3323,.T.);
#2453=ORIENTED_EDGE('',*,*,#3290,.T.);
#2454=ORIENTED_EDGE('',*,*,#3287,.T.);
#2455=ORIENTED_EDGE('',*,*,#3284,.T.);
#2456=ORIENTED_EDGE('',*,*,#3281,.T.);
#2457=ORIENTED_EDGE('',*,*,#3278,.T.);
#2458=ORIENTED_EDGE('',*,*,#3275,.T.);
#2459=ORIENTED_EDGE('',*,*,#3272,.T.);
#2460=ORIENTED_EDGE('',*,*,#3269,.T.);
#2461=ORIENTED_EDGE('',*,*,#3266,.T.);
#2462=ORIENTED_EDGE('',*,*,#3329,.T.);
#2463=ORIENTED_EDGE('',*,*,#3325,.T.);
#2464=ORIENTED_EDGE('',*,*,#3374,.T.);
#2465=ORIENTED_EDGE('',*,*,#3335,.T.);
#2466=ORIENTED_EDGE('',*,*,#3332,.T.);
#2467=EDGE_CURVE('',#3400,#3401,#4022,.T.);
#2468=EDGE_CURVE('',#3401,#3402,#4023,.T.);
#2469=EDGE_CURVE('',#3402,#3403,#4024,.T.);
#2470=EDGE_CURVE('',#3403,#3404,#4025,.T.);
#2471=EDGE_CURVE('',#3404,#3405,#547,.F.);
#2472=EDGE_CURVE('',#3405,#3406,#548,.F.);
#2473=EDGE_CURVE('',#3406,#3407,#209,.T.);
#2474=EDGE_CURVE('',#3407,#3408,#210,.T.);
#2475=EDGE_CURVE('',#3408,#3409,#211,.T.);
#2476=EDGE_CURVE('',#3409,#3410,#212,.T.);
#2477=EDGE_CURVE('',#3410,#3411,#213,.T.);
#2478=EDGE_CURVE('',#3411,#3412,#214,.T.);
#2479=EDGE_CURVE('',#3412,#3413,#215,.T.);
#2480=EDGE_CURVE('',#3413,#3414,#549,.F.);
#2481=EDGE_CURVE('',#3414,#3400,#4026,.T.);
#2482=EDGE_CURVE('',#3415,#3416,#216,.T.);
#2483=EDGE_CURVE('',#3416,#3417,#217,.T.);
#2484=EDGE_CURVE('',#3417,#3418,#218,.T.);
#2485=EDGE_CURVE('',#3418,#3419,#219,.T.);
#2486=EDGE_CURVE('',#3419,#3420,#220,.T.);
#2487=EDGE_CURVE('',#3420,#3421,#221,.T.);
#2488=EDGE_CURVE('',#3421,#3422,#222,.T.);
#2489=EDGE_CURVE('',#3422,#3423,#223,.T.);
#2490=EDGE_CURVE('',#3423,#3424,#224,.T.);
#2491=EDGE_CURVE('',#3424,#3425,#225,.T.);
#2492=EDGE_CURVE('',#3425,#3426,#226,.T.);
#2493=EDGE_CURVE('',#3426,#3415,#227,.T.);
#2494=EDGE_CURVE('',#3427,#3428,#4027,.T.);
#2495=EDGE_CURVE('',#3428,#3429,#4028,.T.);
#2496=EDGE_CURVE('',#3429,#3430,#4029,.T.);
#2497=EDGE_CURVE('',#3430,#3431,#4030,.T.);
#2498=EDGE_CURVE('',#3431,#3432,#4031,.T.);
#2499=EDGE_CURVE('',#3432,#3433,#4032,.T.);
#2500=EDGE_CURVE('',#3433,#3434,#4033,.T.);
#2501=EDGE_CURVE('',#3434,#3435,#4034,.T.);
#2502=EDGE_CURVE('',#3435,#3436,#4035,.T.);
#2503=EDGE_CURVE('',#3436,#3437,#4036,.T.);
#2504=EDGE_CURVE('',#3437,#3438,#4037,.T.);
#2505=EDGE_CURVE('',#3438,#3427,#4038,.T.);
#2506=EDGE_CURVE('',#3439,#3440,#228,.T.);
#2507=EDGE_CURVE('',#3440,#3441,#550,.F.);
#2508=EDGE_CURVE('',#3441,#3442,#4039,.T.);
#2509=EDGE_CURVE('',#3442,#3443,#551,.T.);
#2510=EDGE_CURVE('',#3443,#3444,#552,.T.);
#2511=EDGE_CURVE('',#3444,#3445,#229,.T.);
#2512=EDGE_CURVE('',#3445,#3446,#230,.T.);
#2513=EDGE_CURVE('',#3446,#3447,#4040,.T.);
#2514=EDGE_CURVE('',#3447,#3448,#4041,.T.);
#2515=EDGE_CURVE('',#3448,#3449,#4042,.T.);
#2516=EDGE_CURVE('',#3449,#3450,#4043,.T.);
#2517=EDGE_CURVE('',#3450,#3451,#4044,.T.);
#2518=EDGE_CURVE('',#3451,#3439,#231,.T.);
#2519=EDGE_CURVE('',#3452,#3453,#232,.T.);
#2520=EDGE_CURVE('',#3453,#3454,#553,.F.);
#2521=EDGE_CURVE('',#3454,#3455,#4045,.T.);
#2522=EDGE_CURVE('',#3455,#3456,#554,.T.);
#2523=EDGE_CURVE('',#3456,#3457,#555,.T.);
#2524=EDGE_CURVE('',#3457,#3458,#233,.T.);
#2525=EDGE_CURVE('',#3458,#3459,#234,.T.);
#2526=EDGE_CURVE('',#3459,#3460,#4046,.T.);
#2527=EDGE_CURVE('',#3460,#3461,#4047,.T.);
#2528=EDGE_CURVE('',#3461,#3462,#4048,.T.);
#2529=EDGE_CURVE('',#3462,#3463,#4049,.T.);
#2530=EDGE_CURVE('',#3463,#3464,#4050,.T.);
#2531=EDGE_CURVE('',#3464,#3452,#235,.T.);
#2532=EDGE_CURVE('',#3465,#3466,#236,.T.);
#2533=EDGE_CURVE('',#3466,#3467,#237,.T.);
#2534=EDGE_CURVE('',#3467,#3468,#238,.T.);
#2535=EDGE_CURVE('',#3468,#3469,#4051,.T.);
#2536=EDGE_CURVE('',#3469,#3470,#4052,.T.);
#2537=EDGE_CURVE('',#3470,#3471,#4053,.T.);
#2538=EDGE_CURVE('',#3471,#3472,#239,.T.);
#2539=EDGE_CURVE('',#3472,#3473,#240,.T.);
#2540=EDGE_CURVE('',#3473,#3474,#241,.T.);
#2541=EDGE_CURVE('',#3474,#3475,#242,.T.);
#2542=EDGE_CURVE('',#3475,#3476,#4054,.T.);
#2543=EDGE_CURVE('',#3476,#3477,#4055,.T.);
#2544=EDGE_CURVE('',#3477,#3478,#4056,.T.);
#2545=EDGE_CURVE('',#3478,#3479,#243,.T.);
#2546=EDGE_CURVE('',#3479,#3480,#244,.T.);
#2547=EDGE_CURVE('',#3480,#3481,#245,.T.);
#2548=EDGE_CURVE('',#3481,#3482,#246,.T.);
#2549=EDGE_CURVE('',#3482,#3483,#4057,.T.);
#2550=EDGE_CURVE('',#3483,#3484,#4058,.T.);
#2551=EDGE_CURVE('',#3484,#3485,#4059,.T.);
#2552=EDGE_CURVE('',#3485,#3486,#4060,.T.);
#2553=EDGE_CURVE('',#3486,#3487,#4061,.T.);
#2554=EDGE_CURVE('',#3487,#3488,#247,.T.);
#2555=EDGE_CURVE('',#3488,#3489,#248,.T.);
#2556=EDGE_CURVE('',#3489,#3490,#249,.T.);
#2557=EDGE_CURVE('',#3490,#3491,#250,.T.);
#2558=EDGE_CURVE('',#3491,#3465,#251,.T.);
#2559=EDGE_CURVE('',#3492,#3493,#252,.T.);
#2560=EDGE_CURVE('',#3493,#3494,#253,.T.);
#2561=EDGE_CURVE('',#3494,#3495,#254,.T.);
#2562=EDGE_CURVE('',#3495,#3496,#4062,.T.);
#2563=EDGE_CURVE('',#3496,#3497,#4063,.T.);
#2564=EDGE_CURVE('',#3497,#3498,#4064,.T.);
#2565=EDGE_CURVE('',#3498,#3499,#255,.T.);
#2566=EDGE_CURVE('',#3499,#3500,#256,.T.);
#2567=EDGE_CURVE('',#3500,#3501,#257,.T.);
#2568=EDGE_CURVE('',#3501,#3502,#258,.T.);
#2569=EDGE_CURVE('',#3502,#3503,#4065,.T.);
#2570=EDGE_CURVE('',#3503,#3504,#4066,.T.);
#2571=EDGE_CURVE('',#3504,#3505,#4067,.T.);
#2572=EDGE_CURVE('',#3505,#3506,#259,.T.);
#2573=EDGE_CURVE('',#3506,#3507,#260,.T.);
#2574=EDGE_CURVE('',#3507,#3508,#261,.T.);
#2575=EDGE_CURVE('',#3508,#3509,#262,.T.);
#2576=EDGE_CURVE('',#3509,#3510,#4068,.T.);
#2577=EDGE_CURVE('',#3510,#3511,#4069,.T.);
#2578=EDGE_CURVE('',#3511,#3512,#4070,.T.);
#2579=EDGE_CURVE('',#3512,#3513,#4071,.T.);
#2580=EDGE_CURVE('',#3513,#3514,#4072,.T.);
#2581=EDGE_CURVE('',#3514,#3515,#263,.T.);
#2582=EDGE_CURVE('',#3515,#3516,#264,.T.);
#2583=EDGE_CURVE('',#3516,#3517,#265,.T.);
#2584=EDGE_CURVE('',#3517,#3518,#266,.T.);
#2585=EDGE_CURVE('',#3518,#3492,#267,.T.);
#2586=EDGE_CURVE('',#3519,#3520,#268,.T.);
#2587=EDGE_CURVE('',#3520,#3521,#556,.F.);
#2588=EDGE_CURVE('',#3521,#3522,#4073,.T.);
#2589=EDGE_CURVE('',#3522,#3523,#557,.T.);
#2590=EDGE_CURVE('',#3523,#3524,#558,.T.);
#2591=EDGE_CURVE('',#3524,#3525,#269,.T.);
#2592=EDGE_CURVE('',#3525,#3526,#270,.T.);
#2593=EDGE_CURVE('',#3526,#3527,#4074,.T.);
#2594=EDGE_CURVE('',#3527,#3528,#4075,.T.);
#2595=EDGE_CURVE('',#3528,#3529,#4076,.T.);
#2596=EDGE_CURVE('',#3529,#3530,#4077,.T.);
#2597=EDGE_CURVE('',#3530,#3531,#4078,.T.);
#2598=EDGE_CURVE('',#3531,#3519,#271,.T.);
#2599=EDGE_CURVE('',#3532,#3533,#272,.T.);
#2600=EDGE_CURVE('',#3533,#3534,#273,.T.);
#2601=EDGE_CURVE('',#3534,#3535,#559,.F.);
#2602=EDGE_CURVE('',#3535,#3536,#274,.T.);
#2603=EDGE_CURVE('',#3536,#3537,#560,.F.);
#2604=EDGE_CURVE('',#3537,#3538,#4079,.T.);
#2605=EDGE_CURVE('',#3538,#3539,#275,.T.);
#2606=EDGE_CURVE('',#3539,#3540,#276,.T.);
#2607=EDGE_CURVE('',#3540,#3541,#277,.T.);
#2608=EDGE_CURVE('',#3541,#3542,#561,.T.);
#2609=EDGE_CURVE('',#3542,#3543,#4080,.T.);
#2610=EDGE_CURVE('',#3543,#3544,#562,.F.);
#2611=EDGE_CURVE('',#3544,#3545,#278,.T.);
#2612=EDGE_CURVE('',#3545,#3546,#279,.T.);
#2613=EDGE_CURVE('',#3546,#3547,#280,.T.);
#2614=EDGE_CURVE('',#3547,#3548,#281,.T.);
#2615=EDGE_CURVE('',#3548,#3549,#282,.T.);
#2616=EDGE_CURVE('',#3549,#3532,#283,.T.);
#2617=EDGE_CURVE('',#3550,#3551,#4081,.T.);
#2618=EDGE_CURVE('',#3550,#3552,#4082,.T.);
#2619=EDGE_CURVE('',#3552,#3553,#4083,.T.);
#2620=EDGE_CURVE('',#3551,#3553,#4084,.T.);
#2621=EDGE_CURVE('',#3554,#3555,#4085,.T.);
#2622=EDGE_CURVE('',#3554,#3556,#4086,.T.);
#2623=EDGE_CURVE('',#3556,#3557,#4087,.T.);
#2624=EDGE_CURVE('',#3555,#3557,#4088,.T.);
#2625=EDGE_CURVE('',#3558,#3559,#4089,.T.);
#2626=EDGE_CURVE('',#3559,#3560,#4090,.T.);
#2627=EDGE_CURVE('',#3561,#3560,#4091,.T.);
#2628=EDGE_CURVE('',#3558,#3561,#4092,.T.);
#2629=EDGE_CURVE('',#3562,#3563,#4093,.T.);
#2630=EDGE_CURVE('',#3562,#3564,#4094,.T.);
#2631=EDGE_CURVE('',#3564,#3565,#4095,.T.);
#2632=EDGE_CURVE('',#3563,#3565,#4096,.T.);
#2633=EDGE_CURVE('',#3566,#3567,#4097,.T.);
#2634=EDGE_CURVE('',#3566,#3568,#4098,.T.);
#2635=EDGE_CURVE('',#3568,#3569,#4099,.T.);
#2636=EDGE_CURVE('',#3567,#3569,#4100,.T.);
#2637=EDGE_CURVE('',#3570,#3571,#4101,.T.);
#2638=EDGE_CURVE('',#3571,#3572,#4102,.T.);
#2639=EDGE_CURVE('',#3572,#3573,#4103,.T.);
#2640=EDGE_CURVE('',#3573,#3574,#4104,.T.);
#2641=EDGE_CURVE('',#3574,#3575,#563,.F.);
#2642=EDGE_CURVE('',#3575,#3576,#564,.F.);
#2643=EDGE_CURVE('',#3576,#3577,#284,.T.);
#2644=EDGE_CURVE('',#3577,#3578,#285,.T.);
#2645=EDGE_CURVE('',#3578,#3579,#286,.T.);
#2646=EDGE_CURVE('',#3579,#3580,#287,.T.);
#2647=EDGE_CURVE('',#3580,#3581,#288,.T.);
#2648=EDGE_CURVE('',#3581,#3582,#289,.T.);
#2649=EDGE_CURVE('',#3582,#3583,#290,.T.);
#2650=EDGE_CURVE('',#3583,#3584,#565,.F.);
#2651=EDGE_CURVE('',#3584,#3570,#4105,.T.);
#2652=EDGE_CURVE('',#3585,#3586,#4106,.T.);
#2653=EDGE_CURVE('',#3586,#3587,#4107,.T.);
#2654=EDGE_CURVE('',#3587,#3588,#291,.T.);
#2655=EDGE_CURVE('',#3588,#3589,#292,.T.);
#2656=EDGE_CURVE('',#3589,#3590,#293,.T.);
#2657=EDGE_CURVE('',#3590,#3591,#294,.T.);
#2658=EDGE_CURVE('',#3591,#3592,#4108,.T.);
#2659=EDGE_CURVE('',#3592,#3593,#4109,.T.);
#2660=EDGE_CURVE('',#3593,#3585,#4110,.T.);
#2661=EDGE_CURVE('',#3594,#3595,#4111,.T.);
#2662=EDGE_CURVE('',#3595,#3596,#4112,.T.);
#2663=EDGE_CURVE('',#3596,#3597,#295,.T.);
#2664=EDGE_CURVE('',#3597,#3598,#566,.F.);
#2665=EDGE_CURVE('',#3598,#3599,#296,.T.);
#2666=EDGE_CURVE('',#3599,#3600,#4113,.T.);
#2667=EDGE_CURVE('',#3600,#3601,#4114,.T.);
#2668=EDGE_CURVE('',#3601,#3602,#4115,.T.);
#2669=EDGE_CURVE('',#3602,#3603,#297,.T.);
#2670=EDGE_CURVE('',#3603,#3604,#298,.T.);
#2671=EDGE_CURVE('',#3604,#3605,#4116,.T.);
#2672=EDGE_CURVE('',#3605,#3606,#567,.F.);
#2673=EDGE_CURVE('',#3606,#3607,#568,.F.);
#2674=EDGE_CURVE('',#3607,#3608,#299,.T.);
#2675=EDGE_CURVE('',#3608,#3609,#300,.T.);
#2676=EDGE_CURVE('',#3609,#3610,#301,.T.);
#2677=EDGE_CURVE('',#3610,#3611,#302,.T.);
#2678=EDGE_CURVE('',#3611,#3612,#303,.T.);
#2679=EDGE_CURVE('',#3612,#3613,#304,.T.);
#2680=EDGE_CURVE('',#3613,#3614,#305,.T.);
#2681=EDGE_CURVE('',#3614,#3615,#569,.F.);
#2682=EDGE_CURVE('',#3615,#3594,#4117,.T.);
#2683=EDGE_CURVE('',#3616,#3617,#306,.T.);
#2684=EDGE_CURVE('',#3617,#3618,#307,.T.);
#2685=EDGE_CURVE('',#3618,#3619,#570,.F.);
#2686=EDGE_CURVE('',#3619,#3620,#308,.T.);
#2687=EDGE_CURVE('',#3620,#3621,#571,.F.);
#2688=EDGE_CURVE('',#3621,#3622,#4118,.T.);
#2689=EDGE_CURVE('',#3622,#3623,#309,.T.);
#2690=EDGE_CURVE('',#3623,#3624,#310,.T.);
#2691=EDGE_CURVE('',#3624,#3625,#311,.T.);
#2692=EDGE_CURVE('',#3625,#3626,#572,.T.);
#2693=EDGE_CURVE('',#3626,#3627,#4119,.T.);
#2694=EDGE_CURVE('',#3627,#3628,#573,.F.);
#2695=EDGE_CURVE('',#3628,#3629,#312,.T.);
#2696=EDGE_CURVE('',#3629,#3630,#313,.T.);
#2697=EDGE_CURVE('',#3630,#3631,#314,.T.);
#2698=EDGE_CURVE('',#3631,#3632,#315,.T.);
#2699=EDGE_CURVE('',#3632,#3633,#316,.T.);
#2700=EDGE_CURVE('',#3633,#3616,#317,.T.);
#2701=EDGE_CURVE('',#3634,#3635,#4120,.T.);
#2702=EDGE_CURVE('',#3635,#3636,#4121,.T.);
#2703=EDGE_CURVE('',#3636,#3637,#4122,.T.);
#2704=EDGE_CURVE('',#3637,#3638,#4123,.T.);
#2705=EDGE_CURVE('',#3638,#3639,#4124,.T.);
#2706=EDGE_CURVE('',#3639,#3640,#4125,.T.);
#2707=EDGE_CURVE('',#3640,#3641,#4126,.T.);
#2708=EDGE_CURVE('',#3641,#3642,#4127,.T.);
#2709=EDGE_CURVE('',#3642,#3643,#4128,.T.);
#2710=EDGE_CURVE('',#3643,#3644,#4129,.T.);
#2711=EDGE_CURVE('',#3644,#3645,#4130,.T.);
#2712=EDGE_CURVE('',#3645,#3634,#4131,.T.);
#2713=EDGE_CURVE('',#3646,#3647,#4132,.T.);
#2714=EDGE_CURVE('',#3647,#3552,#4133,.T.);
#2715=EDGE_CURVE('',#3646,#3550,#4134,.T.);
#2716=EDGE_CURVE('',#3648,#3551,#4135,.T.);
#2717=EDGE_CURVE('',#3646,#3648,#4136,.T.);
#2718=EDGE_CURVE('',#3649,#3569,#4137,.T.);
#2719=EDGE_CURVE('',#3650,#3649,#4138,.T.);
#2720=EDGE_CURVE('',#3650,#3567,#4139,.T.);
#2721=EDGE_CURVE('',#3651,#3652,#4140,.T.);
#2722=EDGE_CURVE('',#3652,#3565,#4141,.T.);
#2723=EDGE_CURVE('',#3651,#3564,#4142,.T.);
#2724=EDGE_CURVE('',#3653,#3651,#4143,.T.);
#2725=EDGE_CURVE('',#3653,#3654,#4144,.T.);
#2726=EDGE_CURVE('',#3654,#3652,#4145,.T.);
#2727=EDGE_CURVE('',#3655,#3656,#4146,.T.);
#2728=EDGE_CURVE('',#3655,#3650,#4147,.T.);
#2729=EDGE_CURVE('',#3656,#3649,#4148,.T.);
#2730=EDGE_CURVE('',#3657,#3658,#4149,.T.);
#2731=EDGE_CURVE('',#3658,#3659,#4150,.T.);
#2732=EDGE_CURVE('',#3660,#3659,#4151,.T.);
#2733=EDGE_CURVE('',#3657,#3660,#4152,.T.);
#2734=EDGE_CURVE('',#3661,#3662,#4153,.T.);
#2735=EDGE_CURVE('',#3662,#3663,#4154,.T.);
#2736=EDGE_CURVE('',#3664,#3663,#4155,.T.);
#2737=EDGE_CURVE('',#3661,#3664,#4156,.T.);
#2738=EDGE_CURVE('',#3648,#3665,#4157,.T.);
#2739=EDGE_CURVE('',#3647,#3665,#4158,.T.);
#2740=EDGE_CURVE('',#3554,#3661,#4159,.T.);
#2741=EDGE_CURVE('',#3555,#3662,#4160,.T.);
#2742=EDGE_CURVE('',#3556,#3664,#4161,.T.);
#2743=EDGE_CURVE('',#3557,#3663,#4162,.T.);
#2744=EDGE_CURVE('',#3653,#3562,#4163,.T.);
#2745=EDGE_CURVE('',#3655,#3566,#4164,.T.);
#2746=EDGE_CURVE('',#3658,#3561,#4165,.T.);
#2747=EDGE_CURVE('',#3659,#3560,#4166,.T.);
#2748=EDGE_CURVE('',#3660,#3559,#4167,.T.);
#2749=EDGE_CURVE('',#3665,#3553,#4168,.T.);
#2750=EDGE_CURVE('',#3656,#3568,#4169,.T.);
#2751=EDGE_CURVE('',#3657,#3558,#4170,.T.);
#2752=EDGE_CURVE('',#3654,#3563,#4171,.T.);
#2753=EDGE_CURVE('',#3666,#3667,#318,.T.);
#2754=EDGE_CURVE('',#3668,#3666,#4172,.T.);
#2755=EDGE_CURVE('',#3668,#3669,#319,.T.);
#2756=EDGE_CURVE('',#3669,#3667,#4173,.T.);
#2757=EDGE_CURVE('',#3670,#3666,#320,.T.);
#2758=EDGE_CURVE('',#3671,#3670,#4174,.T.);
#2759=EDGE_CURVE('',#3671,#3668,#321,.T.);
#2760=EDGE_CURVE('',#3672,#3670,#322,.T.);
#2761=EDGE_CURVE('',#3673,#3672,#4175,.T.);
#2762=EDGE_CURVE('',#3673,#3671,#323,.T.);
#2763=EDGE_CURVE('',#3674,#3672,#324,.T.);
#2764=EDGE_CURVE('',#3675,#3674,#4176,.T.);
#2765=EDGE_CURVE('',#3675,#3673,#325,.T.);
#2766=EDGE_CURVE('',#3676,#3674,#326,.T.);
#2767=EDGE_CURVE('',#3677,#3676,#4177,.T.);
#2768=EDGE_CURVE('',#3677,#3675,#327,.T.);
#2769=EDGE_CURVE('',#3678,#3676,#328,.T.);
#2770=EDGE_CURVE('',#3679,#3678,#4178,.T.);
#2771=EDGE_CURVE('',#3679,#3677,#329,.T.);
#2772=EDGE_CURVE('',#3680,#3678,#330,.T.);
#2773=EDGE_CURVE('',#3681,#3680,#4179,.T.);
#2774=EDGE_CURVE('',#3681,#3679,#331,.T.);
#2775=EDGE_CURVE('',#3682,#3680,#332,.T.);
#2776=EDGE_CURVE('',#3683,#3682,#4180,.T.);
#2777=EDGE_CURVE('',#3683,#3681,#333,.T.);
#2778=EDGE_CURVE('',#3684,#3682,#334,.T.);
#2779=EDGE_CURVE('',#3685,#3684,#4181,.T.);
#2780=EDGE_CURVE('',#3685,#3683,#335,.T.);
#2781=EDGE_CURVE('',#3686,#3684,#336,.T.);
#2782=EDGE_CURVE('',#3687,#3686,#4182,.T.);
#2783=EDGE_CURVE('',#3687,#3685,#337,.T.);
#2784=EDGE_CURVE('',#3688,#3686,#338,.T.);
#2785=EDGE_CURVE('',#3689,#3688,#4183,.T.);
#2786=EDGE_CURVE('',#3689,#3687,#339,.T.);
#2787=EDGE_CURVE('',#3690,#3571,#4184,.T.);
#2788=EDGE_CURVE('',#3690,#3691,#4185,.T.);
#2789=EDGE_CURVE('',#3691,#3572,#4186,.T.);
#2790=EDGE_CURVE('',#3692,#3570,#4187,.T.);
#2791=EDGE_CURVE('',#3692,#3690,#4188,.T.);
#2792=EDGE_CURVE('',#3693,#3584,#4189,.T.);
#2793=EDGE_CURVE('',#3693,#3692,#4190,.T.);
#2794=EDGE_CURVE('',#3694,#3583,#4191,.T.);
#2795=EDGE_CURVE('',#3694,#3693,#574,.F.);
#2796=EDGE_CURVE('',#3695,#3582,#4192,.T.);
#2797=EDGE_CURVE('',#3695,#3694,#340,.T.);
#2798=EDGE_CURVE('',#3696,#3581,#4193,.T.);
#2799=EDGE_CURVE('',#3696,#3695,#341,.T.);
#2800=EDGE_CURVE('',#3697,#3580,#4194,.T.);
#2801=EDGE_CURVE('',#3697,#3696,#342,.T.);
#2802=EDGE_CURVE('',#3698,#3579,#4195,.T.);
#2803=EDGE_CURVE('',#3698,#3697,#343,.T.);
#2804=EDGE_CURVE('',#3699,#3578,#4196,.T.);
#2805=EDGE_CURVE('',#3699,#3698,#344,.T.);
#2806=EDGE_CURVE('',#3700,#3577,#4197,.T.);
#2807=EDGE_CURVE('',#3700,#3699,#345,.T.);
#2808=EDGE_CURVE('',#3701,#3576,#4198,.T.);
#2809=EDGE_CURVE('',#3701,#3700,#346,.T.);
#2810=EDGE_CURVE('',#3702,#3575,#4199,.T.);
#2811=EDGE_CURVE('',#3702,#3701,#575,.F.);
#2812=EDGE_CURVE('',#3703,#3574,#4200,.T.);
#2813=EDGE_CURVE('',#3703,#3702,#576,.F.);
#2814=EDGE_CURVE('',#3704,#3573,#4201,.T.);
#2815=EDGE_CURVE('',#3704,#3703,#4202,.T.);
#2816=EDGE_CURVE('',#3691,#3704,#4203,.T.);
#2817=EDGE_CURVE('',#3667,#3688,#347,.T.);
#2818=EDGE_CURVE('',#3669,#3689,#348,.T.);
#2819=EDGE_CURVE('',#3705,#3706,#349,.T.);
#2820=EDGE_CURVE('',#3707,#3705,#4204,.T.);
#2821=EDGE_CURVE('',#3707,#3708,#350,.T.);
#2822=EDGE_CURVE('',#3708,#3706,#4205,.T.);
#2823=EDGE_CURVE('',#3709,#3705,#4206,.T.);
#2824=EDGE_CURVE('',#3710,#3709,#4207,.T.);
#2825=EDGE_CURVE('',#3710,#3707,#4208,.T.);
#2826=EDGE_CURVE('',#3711,#3709,#351,.T.);
#2827=EDGE_CURVE('',#3712,#3711,#4209,.T.);
#2828=EDGE_CURVE('',#3712,#3710,#352,.T.);
#2829=EDGE_CURVE('',#3713,#3711,#353,.T.);
#2830=EDGE_CURVE('',#3714,#3713,#4210,.T.);
#2831=EDGE_CURVE('',#3714,#3712,#354,.T.);
#2832=EDGE_CURVE('',#3715,#3533,#4211,.T.);
#2833=EDGE_CURVE('',#3715,#3716,#355,.T.);
#2834=EDGE_CURVE('',#3716,#3534,#4212,.T.);
#2835=EDGE_CURVE('',#3717,#3532,#4213,.T.);
#2836=EDGE_CURVE('',#3717,#3715,#356,.T.);
#2837=EDGE_CURVE('',#3718,#3549,#4214,.T.);
#2838=EDGE_CURVE('',#3718,#3717,#357,.T.);
#2839=EDGE_CURVE('',#3719,#3548,#4215,.T.);
#2840=EDGE_CURVE('',#3719,#3718,#358,.T.);
#2841=EDGE_CURVE('',#3720,#3547,#4216,.T.);
#2842=EDGE_CURVE('',#3720,#3719,#359,.T.);
#2843=EDGE_CURVE('',#3721,#3546,#4217,.T.);
#2844=EDGE_CURVE('',#3721,#3720,#360,.T.);
#2845=EDGE_CURVE('',#3722,#3545,#4218,.T.);
#2846=EDGE_CURVE('',#3722,#3721,#361,.T.);
#2847=EDGE_CURVE('',#3723,#3544,#4219,.T.);
#2848=EDGE_CURVE('',#3723,#3722,#362,.T.);
#2849=EDGE_CURVE('',#3724,#3543,#4220,.T.);
#2850=EDGE_CURVE('',#3724,#3723,#577,.F.);
#2851=EDGE_CURVE('',#3725,#3542,#4221,.T.);
#2852=EDGE_CURVE('',#3725,#3724,#4222,.T.);
#2853=EDGE_CURVE('',#3726,#3541,#4223,.T.);
#2854=EDGE_CURVE('',#3726,#3725,#578,.T.);
#2855=EDGE_CURVE('',#3727,#3540,#4224,.T.);
#2856=EDGE_CURVE('',#3727,#3726,#363,.T.);
#2857=EDGE_CURVE('',#3728,#3539,#4225,.T.);
#2858=EDGE_CURVE('',#3728,#3727,#364,.T.);
#2859=EDGE_CURVE('',#3729,#3538,#4226,.T.);
#2860=EDGE_CURVE('',#3729,#3728,#365,.T.);
#2861=EDGE_CURVE('',#3730,#3537,#4227,.T.);
#2862=EDGE_CURVE('',#3730,#3729,#4228,.T.);
#2863=EDGE_CURVE('',#3731,#3536,#4229,.T.);
#2864=EDGE_CURVE('',#3731,#3730,#579,.F.);
#2865=EDGE_CURVE('',#3732,#3535,#4230,.T.);
#2866=EDGE_CURVE('',#3732,#3731,#366,.T.);
#2867=EDGE_CURVE('',#3716,#3732,#580,.F.);
#2868=EDGE_CURVE('',#3706,#3713,#367,.T.);
#2869=EDGE_CURVE('',#3708,#3714,#368,.T.);
#2870=EDGE_CURVE('',#3733,#3520,#4231,.T.);
#2871=EDGE_CURVE('',#3733,#3734,#581,.F.);
#2872=EDGE_CURVE('',#3734,#3521,#4232,.T.);
#2873=EDGE_CURVE('',#3735,#3519,#4233,.T.);
#2874=EDGE_CURVE('',#3735,#3733,#369,.T.);
#2875=EDGE_CURVE('',#3736,#3531,#4234,.T.);
#2876=EDGE_CURVE('',#3736,#3735,#370,.T.);
#2877=EDGE_CURVE('',#3737,#3530,#4235,.T.);
#2878=EDGE_CURVE('',#3737,#3736,#4236,.T.);
#2879=EDGE_CURVE('',#3738,#3529,#4237,.T.);
#2880=EDGE_CURVE('',#3738,#3737,#4238,.T.);
#2881=EDGE_CURVE('',#3739,#3528,#4239,.T.);
#2882=EDGE_CURVE('',#3739,#3738,#4240,.T.);
#2883=EDGE_CURVE('',#3740,#3527,#4241,.T.);
#2884=EDGE_CURVE('',#3740,#3739,#4242,.T.);
#2885=EDGE_CURVE('',#3741,#3526,#4243,.T.);
#2886=EDGE_CURVE('',#3741,#3740,#4244,.T.);
#2887=EDGE_CURVE('',#3742,#3525,#4245,.T.);
#2888=EDGE_CURVE('',#3742,#3741,#371,.T.);
#2889=EDGE_CURVE('',#3743,#3524,#4246,.T.);
#2890=EDGE_CURVE('',#3743,#3742,#372,.T.);
#2891=EDGE_CURVE('',#3744,#3523,#4247,.T.);
#2892=EDGE_CURVE('',#3744,#3743,#582,.T.);
#2893=EDGE_CURVE('',#3745,#3522,#4248,.T.);
#2894=EDGE_CURVE('',#3745,#3744,#583,.T.);
#2895=EDGE_CURVE('',#3734,#3745,#4249,.T.);
#2896=EDGE_CURVE('',#3746,#3493,#4250,.T.);
#2897=EDGE_CURVE('',#3746,#3747,#373,.T.);
#2898=EDGE_CURVE('',#3747,#3494,#4251,.T.);
#2899=EDGE_CURVE('',#3748,#3492,#4252,.T.);
#2900=EDGE_CURVE('',#3748,#3746,#374,.T.);
#2901=EDGE_CURVE('',#3749,#3518,#4253,.T.);
#2902=EDGE_CURVE('',#3749,#3748,#375,.T.);
#2903=EDGE_CURVE('',#3750,#3517,#4254,.T.);
#2904=EDGE_CURVE('',#3750,#3749,#376,.T.);
#2905=EDGE_CURVE('',#3751,#3516,#4255,.T.);
#2906=EDGE_CURVE('',#3751,#3750,#377,.T.);
#2907=EDGE_CURVE('',#3752,#3515,#4256,.T.);
#2908=EDGE_CURVE('',#3752,#3751,#378,.T.);
#2909=EDGE_CURVE('',#3753,#3514,#4257,.T.);
#2910=EDGE_CURVE('',#3753,#3752,#379,.T.);
#2911=EDGE_CURVE('',#3754,#3513,#4258,.T.);
#2912=EDGE_CURVE('',#3754,#3753,#4259,.T.);
#2913=EDGE_CURVE('',#3755,#3512,#4260,.T.);
#2914=EDGE_CURVE('',#3755,#3754,#4261,.T.);
#2915=EDGE_CURVE('',#3756,#3511,#4262,.T.);
#2916=EDGE_CURVE('',#3756,#3755,#4263,.T.);
#2917=EDGE_CURVE('',#3757,#3510,#4264,.T.);
#2918=EDGE_CURVE('',#3757,#3756,#4265,.T.);
#2919=EDGE_CURVE('',#3758,#3509,#4266,.T.);
#2920=EDGE_CURVE('',#3758,#3757,#4267,.T.);
#2921=EDGE_CURVE('',#3759,#3508,#4268,.T.);
#2922=EDGE_CURVE('',#3759,#3758,#380,.T.);
#2923=EDGE_CURVE('',#3760,#3507,#4269,.T.);
#2924=EDGE_CURVE('',#3760,#3759,#381,.T.);
#2925=EDGE_CURVE('',#3761,#3506,#4270,.T.);
#2926=EDGE_CURVE('',#3761,#3760,#382,.T.);
#2927=EDGE_CURVE('',#3762,#3505,#4271,.T.);
#2928=EDGE_CURVE('',#3762,#3761,#383,.T.);
#2929=EDGE_CURVE('',#3763,#3504,#4272,.T.);
#2930=EDGE_CURVE('',#3763,#3762,#4273,.T.);
#2931=EDGE_CURVE('',#3764,#3503,#4274,.T.);
#2932=EDGE_CURVE('',#3764,#3763,#4275,.T.);
#2933=EDGE_CURVE('',#3765,#3502,#4276,.T.);
#2934=EDGE_CURVE('',#3765,#3764,#4277,.T.);
#2935=EDGE_CURVE('',#3766,#3501,#4278,.T.);
#2936=EDGE_CURVE('',#3766,#3765,#384,.T.);
#2937=EDGE_CURVE('',#3767,#3500,#4279,.T.);
#2938=EDGE_CURVE('',#3767,#3766,#385,.T.);
#2939=EDGE_CURVE('',#3768,#3499,#4280,.T.);
#2940=EDGE_CURVE('',#3768,#3767,#386,.T.);
#2941=EDGE_CURVE('',#3769,#3498,#4281,.T.);
#2942=EDGE_CURVE('',#3769,#3768,#387,.T.);
#2943=EDGE_CURVE('',#3770,#3497,#4282,.T.);
#2944=EDGE_CURVE('',#3770,#3769,#4283,.T.);
#2945=EDGE_CURVE('',#3771,#3496,#4284,.T.);
#2946=EDGE_CURVE('',#3771,#3770,#4285,.T.);
#2947=EDGE_CURVE('',#3772,#3495,#4286,.T.);
#2948=EDGE_CURVE('',#3772,#3771,#4287,.T.);
#2949=EDGE_CURVE('',#3747,#3772,#388,.T.);
#2950=EDGE_CURVE('',#3773,#3466,#4288,.T.);
#2951=EDGE_CURVE('',#3773,#3774,#389,.T.);
#2952=EDGE_CURVE('',#3774,#3467,#4289,.T.);
#2953=EDGE_CURVE('',#3775,#3465,#4290,.T.);
#2954=EDGE_CURVE('',#3775,#3773,#390,.T.);
#2955=EDGE_CURVE('',#3776,#3491,#4291,.T.);
#2956=EDGE_CURVE('',#3776,#3775,#391,.T.);
#2957=EDGE_CURVE('',#3777,#3490,#4292,.T.);
#2958=EDGE_CURVE('',#3777,#3776,#392,.T.);
#2959=EDGE_CURVE('',#3778,#3489,#4293,.T.);
#2960=EDGE_CURVE('',#3778,#3777,#393,.T.);
#2961=EDGE_CURVE('',#3779,#3488,#4294,.T.);
#2962=EDGE_CURVE('',#3779,#3778,#394,.T.);
#2963=EDGE_CURVE('',#3780,#3487,#4295,.T.);
#2964=EDGE_CURVE('',#3780,#3779,#395,.T.);
#2965=EDGE_CURVE('',#3781,#3486,#4296,.T.);
#2966=EDGE_CURVE('',#3781,#3780,#4297,.T.);
#2967=EDGE_CURVE('',#3782,#3485,#4298,.T.);
#2968=EDGE_CURVE('',#3782,#3781,#4299,.T.);
#2969=EDGE_CURVE('',#3783,#3484,#4300,.T.);
#2970=EDGE_CURVE('',#3783,#3782,#4301,.T.);
#2971=EDGE_CURVE('',#3784,#3483,#4302,.T.);
#2972=EDGE_CURVE('',#3784,#3783,#4303,.T.);
#2973=EDGE_CURVE('',#3785,#3482,#4304,.T.);
#2974=EDGE_CURVE('',#3785,#3784,#4305,.T.);
#2975=EDGE_CURVE('',#3786,#3481,#4306,.T.);
#2976=EDGE_CURVE('',#3786,#3785,#396,.T.);
#2977=EDGE_CURVE('',#3787,#3480,#4307,.T.);
#2978=EDGE_CURVE('',#3787,#3786,#397,.T.);
#2979=EDGE_CURVE('',#3788,#3479,#4308,.T.);
#2980=EDGE_CURVE('',#3788,#3787,#398,.T.);
#2981=EDGE_CURVE('',#3789,#3478,#4309,.T.);
#2982=EDGE_CURVE('',#3789,#3788,#399,.T.);
#2983=EDGE_CURVE('',#3790,#3477,#4310,.T.);
#2984=EDGE_CURVE('',#3790,#3789,#4311,.T.);
#2985=EDGE_CURVE('',#3791,#3476,#4312,.T.);
#2986=EDGE_CURVE('',#3791,#3790,#4313,.T.);
#2987=EDGE_CURVE('',#3792,#3475,#4314,.T.);
#2988=EDGE_CURVE('',#3792,#3791,#4315,.T.);
#2989=EDGE_CURVE('',#3793,#3474,#4316,.T.);
#2990=EDGE_CURVE('',#3793,#3792,#400,.T.);
#2991=EDGE_CURVE('',#3794,#3473,#4317,.T.);
#2992=EDGE_CURVE('',#3794,#3793,#401,.T.);
#2993=EDGE_CURVE('',#3795,#3472,#4318,.T.);
#2994=EDGE_CURVE('',#3795,#3794,#402,.T.);
#2995=EDGE_CURVE('',#3796,#3471,#4319,.T.);
#2996=EDGE_CURVE('',#3796,#3795,#403,.T.);
#2997=EDGE_CURVE('',#3797,#3470,#4320,.T.);
#2998=EDGE_CURVE('',#3797,#3796,#4321,.T.);
#2999=EDGE_CURVE('',#3798,#3469,#4322,.T.);
#3000=EDGE_CURVE('',#3798,#3797,#4323,.T.);
#3001=EDGE_CURVE('',#3799,#3468,#4324,.T.);
#3002=EDGE_CURVE('',#3799,#3798,#4325,.T.);
#3003=EDGE_CURVE('',#3774,#3799,#404,.T.);
#3004=EDGE_CURVE('',#3800,#3453,#4326,.T.);
#3005=EDGE_CURVE('',#3800,#3801,#584,.F.);
#3006=EDGE_CURVE('',#3801,#3454,#4327,.T.);
#3007=EDGE_CURVE('',#3802,#3452,#4328,.T.);
#3008=EDGE_CURVE('',#3802,#3800,#405,.T.);
#3009=EDGE_CURVE('',#3803,#3464,#4329,.T.);
#3010=EDGE_CURVE('',#3803,#3802,#406,.T.);
#3011=EDGE_CURVE('',#3804,#3463,#4330,.T.);
#3012=EDGE_CURVE('',#3804,#3803,#4331,.T.);
#3013=EDGE_CURVE('',#3805,#3462,#4332,.T.);
#3014=EDGE_CURVE('',#3805,#3804,#4333,.T.);
#3015=EDGE_CURVE('',#3806,#3461,#4334,.T.);
#3016=EDGE_CURVE('',#3806,#3805,#4335,.T.);
#3017=EDGE_CURVE('',#3807,#3460,#4336,.T.);
#3018=EDGE_CURVE('',#3807,#3806,#4337,.T.);
#3019=EDGE_CURVE('',#3808,#3459,#4338,.T.);
#3020=EDGE_CURVE('',#3808,#3807,#4339,.T.);
#3021=EDGE_CURVE('',#3809,#3458,#4340,.T.);
#3022=EDGE_CURVE('',#3809,#3808,#407,.T.);
#3023=EDGE_CURVE('',#3810,#3457,#4341,.T.);
#3024=EDGE_CURVE('',#3810,#3809,#408,.T.);
#3025=EDGE_CURVE('',#3811,#3456,#4342,.T.);
#3026=EDGE_CURVE('',#3811,#3810,#585,.T.);
#3027=EDGE_CURVE('',#3812,#3455,#4343,.T.);
#3028=EDGE_CURVE('',#3812,#3811,#586,.T.);
#3029=EDGE_CURVE('',#3801,#3812,#4344,.T.);
#3030=EDGE_CURVE('',#3813,#3440,#4345,.T.);
#3031=EDGE_CURVE('',#3813,#3814,#587,.F.);
#3032=EDGE_CURVE('',#3814,#3441,#4346,.T.);
#3033=EDGE_CURVE('',#3815,#3439,#4347,.T.);
#3034=EDGE_CURVE('',#3815,#3813,#409,.T.);
#3035=EDGE_CURVE('',#3816,#3451,#4348,.T.);
#3036=EDGE_CURVE('',#3816,#3815,#410,.T.);
#3037=EDGE_CURVE('',#3817,#3450,#4349,.T.);
#3038=EDGE_CURVE('',#3817,#3816,#4350,.T.);
#3039=EDGE_CURVE('',#3818,#3449,#4351,.T.);
#3040=EDGE_CURVE('',#3818,#3817,#4352,.T.);
#3041=EDGE_CURVE('',#3819,#3448,#4353,.T.);
#3042=EDGE_CURVE('',#3819,#3818,#4354,.T.);
#3043=EDGE_CURVE('',#3820,#3447,#4355,.T.);
#3044=EDGE_CURVE('',#3820,#3819,#4356,.T.);
#3045=EDGE_CURVE('',#3821,#3446,#4357,.T.);
#3046=EDGE_CURVE('',#3821,#3820,#4358,.T.);
#3047=EDGE_CURVE('',#3822,#3445,#4359,.T.);
#3048=EDGE_CURVE('',#3822,#3821,#411,.T.);
#3049=EDGE_CURVE('',#3823,#3444,#4360,.T.);
#3050=EDGE_CURVE('',#3823,#3822,#412,.T.);
#3051=EDGE_CURVE('',#3824,#3443,#4361,.T.);
#3052=EDGE_CURVE('',#3824,#3823,#588,.T.);
#3053=EDGE_CURVE('',#3825,#3442,#4362,.T.);
#3054=EDGE_CURVE('',#3825,#3824,#589,.T.);
#3055=EDGE_CURVE('',#3814,#3825,#4363,.T.);
#3056=EDGE_CURVE('',#3826,#3428,#4364,.T.);
#3057=EDGE_CURVE('',#3826,#3827,#4365,.T.);
#3058=EDGE_CURVE('',#3827,#3429,#4366,.T.);
#3059=EDGE_CURVE('',#3828,#3427,#4367,.T.);
#3060=EDGE_CURVE('',#3828,#3826,#4368,.T.);
#3061=EDGE_CURVE('',#3829,#3438,#4369,.T.);
#3062=EDGE_CURVE('',#3829,#3828,#4370,.T.);
#3063=EDGE_CURVE('',#3830,#3437,#4371,.T.);
#3064=EDGE_CURVE('',#3830,#3829,#4372,.T.);
#3065=EDGE_CURVE('',#3831,#3436,#4373,.T.);
#3066=EDGE_CURVE('',#3831,#3830,#4374,.T.);
#3067=EDGE_CURVE('',#3832,#3435,#4375,.T.);
#3068=EDGE_CURVE('',#3832,#3831,#4376,.T.);
#3069=EDGE_CURVE('',#3833,#3434,#4377,.T.);
#3070=EDGE_CURVE('',#3833,#3832,#4378,.T.);
#3071=EDGE_CURVE('',#3834,#3433,#4379,.T.);
#3072=EDGE_CURVE('',#3834,#3833,#4380,.T.);
#3073=EDGE_CURVE('',#3835,#3432,#4381,.T.);
#3074=EDGE_CURVE('',#3835,#3834,#4382,.T.);
#3075=EDGE_CURVE('',#3836,#3431,#4383,.T.);
#3076=EDGE_CURVE('',#3836,#3835,#4384,.T.);
#3077=EDGE_CURVE('',#3837,#3430,#4385,.T.);
#3078=EDGE_CURVE('',#3837,#3836,#4386,.T.);
#3079=EDGE_CURVE('',#3827,#3837,#4387,.T.);
#3080=EDGE_CURVE('',#3838,#3839,#413,.T.);
#3081=EDGE_CURVE('',#3840,#3838,#4388,.T.);
#3082=EDGE_CURVE('',#3840,#3841,#414,.T.);
#3083=EDGE_CURVE('',#3841,#3839,#4389,.T.);
#3084=EDGE_CURVE('',#3842,#3838,#4390,.T.);
#3085=EDGE_CURVE('',#3843,#3842,#4391,.T.);
#3086=EDGE_CURVE('',#3843,#3840,#4392,.T.);
#3087=EDGE_CURVE('',#3844,#3842,#4393,.T.);
#3088=EDGE_CURVE('',#3845,#3844,#4394,.T.);
#3089=EDGE_CURVE('',#3845,#3843,#4395,.T.);
#3090=EDGE_CURVE('',#3846,#3844,#4396,.T.);
#3091=EDGE_CURVE('',#3847,#3846,#4397,.T.);
#3092=EDGE_CURVE('',#3847,#3845,#4398,.T.);
#3093=EDGE_CURVE('',#3848,#3846,#415,.T.);
#3094=EDGE_CURVE('',#3849,#3848,#4399,.T.);
#3095=EDGE_CURVE('',#3849,#3847,#416,.T.);
#3096=EDGE_CURVE('',#3850,#3848,#417,.T.);
#3097=EDGE_CURVE('',#3851,#3850,#4400,.T.);
#3098=EDGE_CURVE('',#3851,#3849,#418,.T.);
#3099=EDGE_CURVE('',#3852,#3586,#4401,.T.);
#3100=EDGE_CURVE('',#3852,#3853,#4402,.T.);
#3101=EDGE_CURVE('',#3853,#3587,#4403,.T.);
#3102=EDGE_CURVE('',#3854,#3585,#4404,.T.);
#3103=EDGE_CURVE('',#3854,#3852,#4405,.T.);
#3104=EDGE_CURVE('',#3855,#3593,#4406,.T.);
#3105=EDGE_CURVE('',#3855,#3854,#4407,.T.);
#3106=EDGE_CURVE('',#3856,#3592,#4408,.T.);
#3107=EDGE_CURVE('',#3856,#3855,#4409,.T.);
#3108=EDGE_CURVE('',#3857,#3591,#4410,.T.);
#3109=EDGE_CURVE('',#3857,#3856,#4411,.T.);
#3110=EDGE_CURVE('',#3858,#3590,#4412,.T.);
#3111=EDGE_CURVE('',#3858,#3857,#419,.T.);
#3112=EDGE_CURVE('',#3859,#3589,#4413,.T.);
#3113=EDGE_CURVE('',#3859,#3858,#420,.T.);
#3114=EDGE_CURVE('',#3860,#3588,#4414,.T.);
#3115=EDGE_CURVE('',#3860,#3859,#421,.T.);
#3116=EDGE_CURVE('',#3853,#3860,#422,.T.);
#3117=EDGE_CURVE('',#3839,#3850,#423,.T.);
#3118=EDGE_CURVE('',#3841,#3851,#424,.T.);
#3119=EDGE_CURVE('',#3861,#3862,#425,.T.);
#3120=EDGE_CURVE('',#3863,#3861,#4415,.T.);
#3121=EDGE_CURVE('',#3863,#3864,#426,.T.);
#3122=EDGE_CURVE('',#3864,#3862,#4416,.T.);
#3123=EDGE_CURVE('',#3865,#3861,#427,.T.);
#3124=EDGE_CURVE('',#3866,#3865,#4417,.T.);
#3125=EDGE_CURVE('',#3866,#3863,#428,.T.);
#3126=EDGE_CURVE('',#3867,#3865,#429,.T.);
#3127=EDGE_CURVE('',#3868,#3867,#4418,.T.);
#3128=EDGE_CURVE('',#3868,#3866,#430,.T.);
#3129=EDGE_CURVE('',#3869,#3867,#431,.T.);
#3130=EDGE_CURVE('',#3870,#3869,#4419,.T.);
#3131=EDGE_CURVE('',#3870,#3868,#432,.T.);
#3132=EDGE_CURVE('',#3871,#3869,#433,.T.);
#3133=EDGE_CURVE('',#3872,#3871,#4420,.T.);
#3134=EDGE_CURVE('',#3872,#3870,#434,.T.);
#3135=EDGE_CURVE('',#3873,#3871,#435,.T.);
#3136=EDGE_CURVE('',#3874,#3873,#4421,.T.);
#3137=EDGE_CURVE('',#3874,#3872,#436,.T.);
#3138=EDGE_CURVE('',#3875,#3873,#437,.T.);
#3139=EDGE_CURVE('',#3876,#3875,#4422,.T.);
#3140=EDGE_CURVE('',#3876,#3874,#438,.T.);
#3141=EDGE_CURVE('',#3877,#3875,#439,.T.);
#3142=EDGE_CURVE('',#3878,#3877,#4423,.T.);
#3143=EDGE_CURVE('',#3878,#3876,#440,.T.);
#3144=EDGE_CURVE('',#3879,#3877,#441,.T.);
#3145=EDGE_CURVE('',#3880,#3879,#4424,.T.);
#3146=EDGE_CURVE('',#3880,#3878,#442,.T.);
#3147=EDGE_CURVE('',#3881,#3879,#443,.T.);
#3148=EDGE_CURVE('',#3882,#3881,#4425,.T.);
#3149=EDGE_CURVE('',#3882,#3880,#444,.T.);
#3150=EDGE_CURVE('',#3883,#3881,#445,.T.);
#3151=EDGE_CURVE('',#3884,#3883,#4426,.T.);
#3152=EDGE_CURVE('',#3884,#3882,#446,.T.);
#3153=EDGE_CURVE('',#3885,#3416,#4427,.T.);
#3154=EDGE_CURVE('',#3885,#3886,#447,.T.);
#3155=EDGE_CURVE('',#3886,#3417,#4428,.T.);
#3156=EDGE_CURVE('',#3887,#3415,#4429,.T.);
#3157=EDGE_CURVE('',#3887,#3885,#448,.T.);
#3158=EDGE_CURVE('',#3888,#3426,#4430,.T.);
#3159=EDGE_CURVE('',#3888,#3887,#449,.T.);
#3160=EDGE_CURVE('',#3889,#3425,#4431,.T.);
#3161=EDGE_CURVE('',#3889,#3888,#450,.T.);
#3162=EDGE_CURVE('',#3890,#3424,#4432,.T.);
#3163=EDGE_CURVE('',#3890,#3889,#451,.T.);
#3164=EDGE_CURVE('',#3891,#3423,#4433,.T.);
#3165=EDGE_CURVE('',#3891,#3890,#452,.T.);
#3166=EDGE_CURVE('',#3892,#3422,#4434,.T.);
#3167=EDGE_CURVE('',#3892,#3891,#453,.T.);
#3168=EDGE_CURVE('',#3893,#3421,#4435,.T.);
#3169=EDGE_CURVE('',#3893,#3892,#454,.T.);
#3170=EDGE_CURVE('',#3894,#3420,#4436,.T.);
#3171=EDGE_CURVE('',#3894,#3893,#455,.T.);
#3172=EDGE_CURVE('',#3895,#3419,#4437,.T.);
#3173=EDGE_CURVE('',#3895,#3894,#456,.T.);
#3174=EDGE_CURVE('',#3896,#3418,#4438,.T.);
#3175=EDGE_CURVE('',#3896,#3895,#457,.T.);
#3176=EDGE_CURVE('',#3886,#3896,#458,.T.);
#3177=EDGE_CURVE('',#3862,#3883,#459,.T.);
#3178=EDGE_CURVE('',#3864,#3884,#460,.T.);
#3179=EDGE_CURVE('',#3897,#3898,#461,.T.);
#3180=EDGE_CURVE('',#3899,#3897,#4439,.T.);
#3181=EDGE_CURVE('',#3899,#3900,#462,.T.);
#3182=EDGE_CURVE('',#3900,#3898,#4440,.T.);
#3183=EDGE_CURVE('',#3901,#3897,#463,.T.);
#3184=EDGE_CURVE('',#3902,#3901,#4441,.T.);
#3185=EDGE_CURVE('',#3902,#3899,#464,.T.);
#3186=EDGE_CURVE('',#3903,#3901,#465,.T.);
#3187=EDGE_CURVE('',#3904,#3903,#4442,.T.);
#3188=EDGE_CURVE('',#3904,#3902,#466,.T.);
#3189=EDGE_CURVE('',#3905,#3903,#467,.T.);
#3190=EDGE_CURVE('',#3906,#3905,#4443,.T.);
#3191=EDGE_CURVE('',#3906,#3904,#468,.T.);
#3192=EDGE_CURVE('',#3907,#3905,#469,.T.);
#3193=EDGE_CURVE('',#3908,#3907,#4444,.T.);
#3194=EDGE_CURVE('',#3908,#3906,#470,.T.);
#3195=EDGE_CURVE('',#3909,#3907,#471,.T.);
#3196=EDGE_CURVE('',#3910,#3909,#4445,.T.);
#3197=EDGE_CURVE('',#3910,#3908,#472,.T.);
#3198=EDGE_CURVE('',#3911,#3909,#473,.T.);
#3199=EDGE_CURVE('',#3912,#3911,#4446,.T.);
#3200=EDGE_CURVE('',#3912,#3910,#474,.T.);
#3201=EDGE_CURVE('',#3913,#3911,#475,.T.);
#3202=EDGE_CURVE('',#3914,#3913,#4447,.T.);
#3203=EDGE_CURVE('',#3914,#3912,#476,.T.);
#3204=EDGE_CURVE('',#3915,#3913,#477,.T.);
#3205=EDGE_CURVE('',#3916,#3915,#4448,.T.);
#3206=EDGE_CURVE('',#3916,#3914,#478,.T.);
#3207=EDGE_CURVE('',#3917,#3915,#479,.T.);
#3208=EDGE_CURVE('',#3918,#3917,#4449,.T.);
#3209=EDGE_CURVE('',#3918,#3916,#480,.T.);
#3210=EDGE_CURVE('',#3919,#3917,#481,.T.);
#3211=EDGE_CURVE('',#3920,#3919,#4450,.T.);
#3212=EDGE_CURVE('',#3920,#3918,#482,.T.);
#3213=EDGE_CURVE('',#3921,#3595,#4451,.T.);
#3214=EDGE_CURVE('',#3921,#3922,#4452,.T.);
#3215=EDGE_CURVE('',#3922,#3596,#4453,.T.);
#3216=EDGE_CURVE('',#3923,#3594,#4454,.T.);
#3217=EDGE_CURVE('',#3923,#3921,#4455,.T.);
#3218=EDGE_CURVE('',#3924,#3615,#4456,.T.);
#3219=EDGE_CURVE('',#3924,#3923,#4457,.T.);
#3220=EDGE_CURVE('',#3925,#3614,#4458,.T.);
#3221=EDGE_CURVE('',#3925,#3924,#590,.F.);
#3222=EDGE_CURVE('',#3926,#3613,#4459,.T.);
#3223=EDGE_CURVE('',#3926,#3925,#483,.T.);
#3224=EDGE_CURVE('',#3927,#3612,#4460,.T.);
#3225=EDGE_CURVE('',#3927,#3926,#484,.T.);
#3226=EDGE_CURVE('',#3928,#3611,#4461,.T.);
#3227=EDGE_CURVE('',#3928,#3927,#485,.T.);
#3228=EDGE_CURVE('',#3929,#3610,#4462,.T.);
#3229=EDGE_CURVE('',#3929,#3928,#486,.T.);
#3230=EDGE_CURVE('',#3930,#3609,#4463,.T.);
#3231=EDGE_CURVE('',#3930,#3929,#487,.T.);
#3232=EDGE_CURVE('',#3931,#3608,#4464,.T.);
#3233=EDGE_CURVE('',#3931,#3930,#488,.T.);
#3234=EDGE_CURVE('',#3932,#3607,#4465,.T.);
#3235=EDGE_CURVE('',#3932,#3931,#489,.T.);
#3236=EDGE_CURVE('',#3933,#3606,#4466,.T.);
#3237=EDGE_CURVE('',#3933,#3932,#591,.F.);
#3238=EDGE_CURVE('',#3934,#3605,#4467,.T.);
#3239=EDGE_CURVE('',#3934,#3933,#592,.F.);
#3240=EDGE_CURVE('',#3935,#3604,#4468,.T.);
#3241=EDGE_CURVE('',#3935,#3934,#4469,.T.);
#3242=EDGE_CURVE('',#3936,#3603,#4470,.T.);
#3243=EDGE_CURVE('',#3936,#3935,#490,.T.);
#3244=EDGE_CURVE('',#3937,#3602,#4471,.T.);
#3245=EDGE_CURVE('',#3937,#3936,#491,.T.);
#3246=EDGE_CURVE('',#3938,#3601,#4472,.T.);
#3247=EDGE_CURVE('',#3938,#3937,#4473,.T.);
#3248=EDGE_CURVE('',#3939,#3600,#4474,.T.);
#3249=EDGE_CURVE('',#3939,#3938,#4475,.T.);
#3250=EDGE_CURVE('',#3940,#3599,#4476,.T.);
#3251=EDGE_CURVE('',#3940,#3939,#4477,.T.);
#3252=EDGE_CURVE('',#3941,#3598,#4478,.T.);
#3253=EDGE_CURVE('',#3941,#3940,#492,.T.);
#3254=EDGE_CURVE('',#3942,#3597,#4479,.T.);
#3255=EDGE_CURVE('',#3942,#3941,#593,.F.);
#3256=EDGE_CURVE('',#3922,#3942,#493,.T.);
#3257=EDGE_CURVE('',#3898,#3919,#494,.T.);
#3258=EDGE_CURVE('',#3900,#3920,#495,.T.);
#3259=EDGE_CURVE('',#3943,#3944,#496,.T.);
#3260=EDGE_CURVE('',#3945,#3943,#4480,.T.);
#3261=EDGE_CURVE('',#3945,#3946,#497,.T.);
#3262=EDGE_CURVE('',#3946,#3944,#4481,.T.);
#3263=EDGE_CURVE('',#3947,#3943,#498,.T.);
#3264=EDGE_CURVE('',#3948,#3947,#4482,.T.);
#3265=EDGE_CURVE('',#3948,#3945,#499,.T.);
#3266=EDGE_CURVE('',#3949,#3947,#500,.T.);
#3267=EDGE_CURVE('',#3950,#3949,#4483,.T.);
#3268=EDGE_CURVE('',#3950,#3948,#501,.T.);
#3269=EDGE_CURVE('',#3951,#3949,#502,.T.);
#3270=EDGE_CURVE('',#3952,#3951,#4484,.T.);
#3271=EDGE_CURVE('',#3952,#3950,#503,.T.);
#3272=EDGE_CURVE('',#3953,#3951,#504,.T.);
#3273=EDGE_CURVE('',#3954,#3953,#4485,.T.);
#3274=EDGE_CURVE('',#3954,#3952,#505,.T.);
#3275=EDGE_CURVE('',#3955,#3953,#506,.T.);
#3276=EDGE_CURVE('',#3956,#3955,#4486,.T.);
#3277=EDGE_CURVE('',#3956,#3954,#507,.T.);
#3278=EDGE_CURVE('',#3957,#3955,#508,.T.);
#3279=EDGE_CURVE('',#3958,#3957,#4487,.T.);
#3280=EDGE_CURVE('',#3958,#3956,#509,.T.);
#3281=EDGE_CURVE('',#3959,#3957,#510,.T.);
#3282=EDGE_CURVE('',#3960,#3959,#4488,.T.);
#3283=EDGE_CURVE('',#3960,#3958,#511,.T.);
#3284=EDGE_CURVE('',#3961,#3959,#512,.T.);
#3285=EDGE_CURVE('',#3962,#3961,#4489,.T.);
#3286=EDGE_CURVE('',#3962,#3960,#513,.T.);
#3287=EDGE_CURVE('',#3963,#3961,#514,.T.);
#3288=EDGE_CURVE('',#3964,#3963,#4490,.T.);
#3289=EDGE_CURVE('',#3964,#3962,#515,.T.);
#3290=EDGE_CURVE('',#3965,#3963,#516,.T.);
#3291=EDGE_CURVE('',#3966,#3965,#4491,.T.);
#3292=EDGE_CURVE('',#3966,#3964,#517,.T.);
#3293=EDGE_CURVE('',#3967,#3401,#4492,.T.);
#3294=EDGE_CURVE('',#3967,#3968,#4493,.T.);
#3295=EDGE_CURVE('',#3968,#3402,#4494,.T.);
#3296=EDGE_CURVE('',#3969,#3400,#4495,.T.);
#3297=EDGE_CURVE('',#3969,#3967,#4496,.T.);
#3298=EDGE_CURVE('',#3970,#3414,#4497,.T.);
#3299=EDGE_CURVE('',#3970,#3969,#4498,.T.);
#3300=EDGE_CURVE('',#3971,#3413,#4499,.T.);
#3301=EDGE_CURVE('',#3971,#3970,#594,.F.);
#3302=EDGE_CURVE('',#3972,#3412,#4500,.T.);
#3303=EDGE_CURVE('',#3972,#3971,#518,.T.);
#3304=EDGE_CURVE('',#3973,#3411,#4501,.T.);
#3305=EDGE_CURVE('',#3973,#3972,#519,.T.);
#3306=EDGE_CURVE('',#3974,#3410,#4502,.T.);
#3307=EDGE_CURVE('',#3974,#3973,#520,.T.);
#3308=EDGE_CURVE('',#3975,#3409,#4503,.T.);
#3309=EDGE_CURVE('',#3975,#3974,#521,.T.);
#3310=EDGE_CURVE('',#3976,#3408,#4504,.T.);
#3311=EDGE_CURVE('',#3976,#3975,#522,.T.);
#3312=EDGE_CURVE('',#3977,#3407,#4505,.T.);
#3313=EDGE_CURVE('',#3977,#3976,#523,.T.);
#3314=EDGE_CURVE('',#3978,#3406,#4506,.T.);
#3315=EDGE_CURVE('',#3978,#3977,#524,.T.);
#3316=EDGE_CURVE('',#3979,#3405,#4507,.T.);
#3317=EDGE_CURVE('',#3979,#3978,#595,.F.);
#3318=EDGE_CURVE('',#3980,#3404,#4508,.T.);
#3319=EDGE_CURVE('',#3980,#3979,#596,.F.);
#3320=EDGE_CURVE('',#3981,#3403,#4509,.T.);
#3321=EDGE_CURVE('',#3981,#3980,#4510,.T.);
#3322=EDGE_CURVE('',#3968,#3981,#4511,.T.);
#3323=EDGE_CURVE('',#3944,#3965,#525,.T.);
#3324=EDGE_CURVE('',#3946,#3966,#526,.T.);
#3325=EDGE_CURVE('',#3982,#3983,#527,.T.);
#3326=EDGE_CURVE('',#3984,#3982,#4512,.T.);
#3327=EDGE_CURVE('',#3984,#3985,#528,.T.);
#3328=EDGE_CURVE('',#3985,#3983,#4513,.T.);
#3329=EDGE_CURVE('',#3986,#3982,#4514,.T.);
#3330=EDGE_CURVE('',#3987,#3986,#4515,.T.);
#3331=EDGE_CURVE('',#3987,#3984,#4516,.T.);
#3332=EDGE_CURVE('',#3988,#3986,#529,.T.);
#3333=EDGE_CURVE('',#3989,#3988,#4517,.T.);
#3334=EDGE_CURVE('',#3989,#3987,#530,.T.);
#3335=EDGE_CURVE('',#3990,#3988,#531,.T.);
#3336=EDGE_CURVE('',#3991,#3990,#4518,.T.);
#3337=EDGE_CURVE('',#3991,#3989,#532,.T.);
#3338=EDGE_CURVE('',#3992,#3617,#4519,.T.);
#3339=EDGE_CURVE('',#3992,#3993,#533,.T.);
#3340=EDGE_CURVE('',#3993,#3618,#4520,.T.);
#3341=EDGE_CURVE('',#3994,#3616,#4521,.T.);
#3342=EDGE_CURVE('',#3994,#3992,#534,.T.);
#3343=EDGE_CURVE('',#3995,#3633,#4522,.T.);
#3344=EDGE_CURVE('',#3995,#3994,#535,.T.);
#3345=EDGE_CURVE('',#3996,#3632,#4523,.T.);
#3346=EDGE_CURVE('',#3996,#3995,#536,.T.);
#3347=EDGE_CURVE('',#3997,#3631,#4524,.T.);
#3348=EDGE_CURVE('',#3997,#3996,#537,.T.);
#3349=EDGE_CURVE('',#3998,#3630,#4525,.T.);
#3350=EDGE_CURVE('',#3998,#3997,#538,.T.);
#3351=EDGE_CURVE('',#3999,#3629,#4526,.T.);
#3352=EDGE_CURVE('',#3999,#3998,#539,.T.);
#3353=EDGE_CURVE('',#4000,#3628,#4527,.T.);
#3354=EDGE_CURVE('',#4000,#3999,#540,.T.);
#3355=EDGE_CURVE('',#4001,#3627,#4528,.T.);
#3356=EDGE_CURVE('',#4001,#4000,#597,.F.);
#3357=EDGE_CURVE('',#4002,#3626,#4529,.T.);
#3358=EDGE_CURVE('',#4002,#4001,#4530,.T.);
#3359=EDGE_CURVE('',#4003,#3625,#4531,.T.);
#3360=EDGE_CURVE('',#4003,#4002,#598,.T.);
#3361=EDGE_CURVE('',#4004,#3624,#4532,.T.);
#3362=EDGE_CURVE('',#4004,#4003,#541,.T.);
#3363=EDGE_CURVE('',#4005,#3623,#4533,.T.);
#3364=EDGE_CURVE('',#4005,#4004,#542,.T.);
#3365=EDGE_CURVE('',#4006,#3622,#4534,.T.);
#3366=EDGE_CURVE('',#4006,#4005,#543,.T.);
#3367=EDGE_CURVE('',#4007,#3621,#4535,.T.);
#3368=EDGE_CURVE('',#4007,#4006,#4536,.T.);
#3369=EDGE_CURVE('',#4008,#3620,#4537,.T.);
#3370=EDGE_CURVE('',#4008,#4007,#599,.F.);
#3371=EDGE_CURVE('',#4009,#3619,#4538,.T.);
#3372=EDGE_CURVE('',#4009,#4008,#544,.T.);
#3373=EDGE_CURVE('',#3993,#4009,#600,.F.);
#3374=EDGE_CURVE('',#3983,#3990,#545,.T.);
#3375=EDGE_CURVE('',#3985,#3991,#546,.T.);
#3376=EDGE_CURVE('',#4010,#3635,#4539,.T.);
#3377=EDGE_CURVE('',#4010,#4011,#4540,.T.);
#3378=EDGE_CURVE('',#4011,#3636,#4541,.T.);
#3379=EDGE_CURVE('',#4012,#3634,#4542,.T.);
#3380=EDGE_CURVE('',#4012,#4010,#4543,.T.);
#3381=EDGE_CURVE('',#4013,#3645,#4544,.T.);
#3382=EDGE_CURVE('',#4013,#4012,#4545,.T.);
#3383=EDGE_CURVE('',#4014,#3644,#4546,.T.);
#3384=EDGE_CURVE('',#4014,#4013,#4547,.T.);
#3385=EDGE_CURVE('',#4015,#3643,#4548,.T.);
#3386=EDGE_CURVE('',#4015,#4014,#4549,.T.);
#3387=EDGE_CURVE('',#4016,#3642,#4550,.T.);
#3388=EDGE_CURVE('',#4016,#4015,#4551,.T.);
#3389=EDGE_CURVE('',#4017,#3641,#4552,.T.);
#3390=EDGE_CURVE('',#4017,#4016,#4553,.T.);
#3391=EDGE_CURVE('',#4018,#3640,#4554,.T.);
#3392=EDGE_CURVE('',#4018,#4017,#4555,.T.);
#3393=EDGE_CURVE('',#4019,#3639,#4556,.T.);
#3394=EDGE_CURVE('',#4019,#4018,#4557,.T.);
#3395=EDGE_CURVE('',#4020,#3638,#4558,.T.);
#3396=EDGE_CURVE('',#4020,#4019,#4559,.T.);
#3397=EDGE_CURVE('',#4021,#3637,#4560,.T.);
#3398=EDGE_CURVE('',#4021,#4020,#4561,.T.);
#3399=EDGE_CURVE('',#4011,#4021,#4562,.T.);
#3400=VERTEX_POINT('',#9857);
#3401=VERTEX_POINT('',#9858);
#3402=VERTEX_POINT('',#9860);
#3403=VERTEX_POINT('',#9862);
#3404=VERTEX_POINT('',#9864);
#3405=VERTEX_POINT('',#9866);
#3406=VERTEX_POINT('',#9868);
#3407=VERTEX_POINT('',#9872);
#3408=VERTEX_POINT('',#9876);
#3409=VERTEX_POINT('',#9880);
#3410=VERTEX_POINT('',#9884);
#3411=VERTEX_POINT('',#9888);
#3412=VERTEX_POINT('',#9892);
#3413=VERTEX_POINT('',#9896);
#3414=VERTEX_POINT('',#9898);
#3415=VERTEX_POINT('',#9903);
#3416=VERTEX_POINT('',#9904);
#3417=VERTEX_POINT('',#9908);
#3418=VERTEX_POINT('',#9912);
#3419=VERTEX_POINT('',#9916);
#3420=VERTEX_POINT('',#9920);
#3421=VERTEX_POINT('',#9924);
#3422=VERTEX_POINT('',#9928);
#3423=VERTEX_POINT('',#9932);
#3424=VERTEX_POINT('',#9936);
#3425=VERTEX_POINT('',#9940);
#3426=VERTEX_POINT('',#9944);
#3427=VERTEX_POINT('',#9949);
#3428=VERTEX_POINT('',#9950);
#3429=VERTEX_POINT('',#9952);
#3430=VERTEX_POINT('',#9954);
#3431=VERTEX_POINT('',#9956);
#3432=VERTEX_POINT('',#9958);
#3433=VERTEX_POINT('',#9960);
#3434=VERTEX_POINT('',#9962);
#3435=VERTEX_POINT('',#9964);
#3436=VERTEX_POINT('',#9966);
#3437=VERTEX_POINT('',#9968);
#3438=VERTEX_POINT('',#9970);
#3439=VERTEX_POINT('',#9975);
#3440=VERTEX_POINT('',#9976);
#3441=VERTEX_POINT('',#9978);
#3442=VERTEX_POINT('',#9980);
#3443=VERTEX_POINT('',#9982);
#3444=VERTEX_POINT('',#9984);
#3445=VERTEX_POINT('',#9988);
#3446=VERTEX_POINT('',#9992);
#3447=VERTEX_POINT('',#9994);
#3448=VERTEX_POINT('',#9996);
#3449=VERTEX_POINT('',#9998);
#3450=VERTEX_POINT('',#10000);
#3451=VERTEX_POINT('',#10002);
#3452=VERTEX_POINT('',#10009);
#3453=VERTEX_POINT('',#10010);
#3454=VERTEX_POINT('',#10012);
#3455=VERTEX_POINT('',#10014);
#3456=VERTEX_POINT('',#10016);
#3457=VERTEX_POINT('',#10018);
#3458=VERTEX_POINT('',#10022);
#3459=VERTEX_POINT('',#10026);
#3460=VERTEX_POINT('',#10028);
#3461=VERTEX_POINT('',#10030);
#3462=VERTEX_POINT('',#10032);
#3463=VERTEX_POINT('',#10034);
#3464=VERTEX_POINT('',#10036);
#3465=VERTEX_POINT('',#10043);
#3466=VERTEX_POINT('',#10044);
#3467=VERTEX_POINT('',#10048);
#3468=VERTEX_POINT('',#10052);
#3469=VERTEX_POINT('',#10054);
#3470=VERTEX_POINT('',#10056);
#3471=VERTEX_POINT('',#10058);
#3472=VERTEX_POINT('',#10062);
#3473=VERTEX_POINT('',#10066);
#3474=VERTEX_POINT('',#10070);
#3475=VERTEX_POINT('',#10074);
#3476=VERTEX_POINT('',#10076);
#3477=VERTEX_POINT('',#10078);
#3478=VERTEX_POINT('',#10080);
#3479=VERTEX_POINT('',#10084);
#3480=VERTEX_POINT('',#10088);
#3481=VERTEX_POINT('',#10092);
#3482=VERTEX_POINT('',#10096);
#3483=VERTEX_POINT('',#10098);
#3484=VERTEX_POINT('',#10100);
#3485=VERTEX_POINT('',#10102);
#3486=VERTEX_POINT('',#10104);
#3487=VERTEX_POINT('',#10106);
#3488=VERTEX_POINT('',#10110);
#3489=VERTEX_POINT('',#10114);
#3490=VERTEX_POINT('',#10118);
#3491=VERTEX_POINT('',#10122);
#3492=VERTEX_POINT('',#10129);
#3493=VERTEX_POINT('',#10130);
#3494=VERTEX_POINT('',#10134);
#3495=VERTEX_POINT('',#10138);
#3496=VERTEX_POINT('',#10140);
#3497=VERTEX_POINT('',#10142);
#3498=VERTEX_POINT('',#10144);
#3499=VERTEX_POINT('',#10148);
#3500=VERTEX_POINT('',#10152);
#3501=VERTEX_POINT('',#10156);
#3502=VERTEX_POINT('',#10160);
#3503=VERTEX_POINT('',#10162);
#3504=VERTEX_POINT('',#10164);
#3505=VERTEX_POINT('',#10166);
#3506=VERTEX_POINT('',#10170);
#3507=VERTEX_POINT('',#10174);
#3508=VERTEX_POINT('',#10178);
#3509=VERTEX_POINT('',#10182);
#3510=VERTEX_POINT('',#10184);
#3511=VERTEX_POINT('',#10186);
#3512=VERTEX_POINT('',#10188);
#3513=VERTEX_POINT('',#10190);
#3514=VERTEX_POINT('',#10192);
#3515=VERTEX_POINT('',#10196);
#3516=VERTEX_POINT('',#10200);
#3517=VERTEX_POINT('',#10204);
#3518=VERTEX_POINT('',#10208);
#3519=VERTEX_POINT('',#10215);
#3520=VERTEX_POINT('',#10216);
#3521=VERTEX_POINT('',#10218);
#3522=VERTEX_POINT('',#10220);
#3523=VERTEX_POINT('',#10222);
#3524=VERTEX_POINT('',#10224);
#3525=VERTEX_POINT('',#10228);
#3526=VERTEX_POINT('',#10232);
#3527=VERTEX_POINT('',#10234);
#3528=VERTEX_POINT('',#10236);
#3529=VERTEX_POINT('',#10238);
#3530=VERTEX_POINT('',#10240);
#3531=VERTEX_POINT('',#10242);
#3532=VERTEX_POINT('',#10249);
#3533=VERTEX_POINT('',#10250);
#3534=VERTEX_POINT('',#10254);
#3535=VERTEX_POINT('',#10256);
#3536=VERTEX_POINT('',#10260);
#3537=VERTEX_POINT('',#10262);
#3538=VERTEX_POINT('',#10264);
#3539=VERTEX_POINT('',#10268);
#3540=VERTEX_POINT('',#10272);
#3541=VERTEX_POINT('',#10276);
#3542=VERTEX_POINT('',#10278);
#3543=VERTEX_POINT('',#10280);
#3544=VERTEX_POINT('',#10282);
#3545=VERTEX_POINT('',#10286);
#3546=VERTEX_POINT('',#10290);
#3547=VERTEX_POINT('',#10294);
#3548=VERTEX_POINT('',#10298);
#3549=VERTEX_POINT('',#10302);
#3550=VERTEX_POINT('',#10307);
#3551=VERTEX_POINT('',#10308);
#3552=VERTEX_POINT('',#10310);
#3553=VERTEX_POINT('',#10312);
#3554=VERTEX_POINT('',#10315);
#3555=VERTEX_POINT('',#10316);
#3556=VERTEX_POINT('',#10318);
#3557=VERTEX_POINT('',#10320);
#3558=VERTEX_POINT('',#10323);
#3559=VERTEX_POINT('',#10324);
#3560=VERTEX_POINT('',#10326);
#3561=VERTEX_POINT('',#10328);
#3562=VERTEX_POINT('',#10331);
#3563=VERTEX_POINT('',#10332);
#3564=VERTEX_POINT('',#10334);
#3565=VERTEX_POINT('',#10336);
#3566=VERTEX_POINT('',#10339);
#3567=VERTEX_POINT('',#10340);
#3568=VERTEX_POINT('',#10342);
#3569=VERTEX_POINT('',#10344);
#3570=VERTEX_POINT('',#10347);
#3571=VERTEX_POINT('',#10348);
#3572=VERTEX_POINT('',#10350);
#3573=VERTEX_POINT('',#10352);
#3574=VERTEX_POINT('',#10354);
#3575=VERTEX_POINT('',#10356);
#3576=VERTEX_POINT('',#10358);
#3577=VERTEX_POINT('',#10362);
#3578=VERTEX_POINT('',#10366);
#3579=VERTEX_POINT('',#10370);
#3580=VERTEX_POINT('',#10374);
#3581=VERTEX_POINT('',#10378);
#3582=VERTEX_POINT('',#10382);
#3583=VERTEX_POINT('',#10386);
#3584=VERTEX_POINT('',#10388);
#3585=VERTEX_POINT('',#10391);
#3586=VERTEX_POINT('',#10392);
#3587=VERTEX_POINT('',#10394);
#3588=VERTEX_POINT('',#10398);
#3589=VERTEX_POINT('',#10402);
#3590=VERTEX_POINT('',#10406);
#3591=VERTEX_POINT('',#10410);
#3592=VERTEX_POINT('',#10412);
#3593=VERTEX_POINT('',#10414);
#3594=VERTEX_POINT('',#10417);
#3595=VERTEX_POINT('',#10418);
#3596=VERTEX_POINT('',#10420);
#3597=VERTEX_POINT('',#10424);
#3598=VERTEX_POINT('',#10426);
#3599=VERTEX_POINT('',#10430);
#3600=VERTEX_POINT('',#10432);
#3601=VERTEX_POINT('',#10434);
#3602=VERTEX_POINT('',#10436);
#3603=VERTEX_POINT('',#10440);
#3604=VERTEX_POINT('',#10444);
#3605=VERTEX_POINT('',#10446);
#3606=VERTEX_POINT('',#10448);
#3607=VERTEX_POINT('',#10450);
#3608=VERTEX_POINT('',#10454);
#3609=VERTEX_POINT('',#10458);
#3610=VERTEX_POINT('',#10462);
#3611=VERTEX_POINT('',#10466);
#3612=VERTEX_POINT('',#10470);
#3613=VERTEX_POINT('',#10474);
#3614=VERTEX_POINT('',#10478);
#3615=VERTEX_POINT('',#10480);
#3616=VERTEX_POINT('',#10485);
#3617=VERTEX_POINT('',#10486);
#3618=VERTEX_POINT('',#10490);
#3619=VERTEX_POINT('',#10492);
#3620=VERTEX_POINT('',#10496);
#3621=VERTEX_POINT('',#10498);
#3622=VERTEX_POINT('',#10500);
#3623=VERTEX_POINT('',#10504);
#3624=VERTEX_POINT('',#10508);
#3625=VERTEX_POINT('',#10512);
#3626=VERTEX_POINT('',#10514);
#3627=VERTEX_POINT('',#10516);
#3628=VERTEX_POINT('',#10518);
#3629=VERTEX_POINT('',#10522);
#3630=VERTEX_POINT('',#10526);
#3631=VERTEX_POINT('',#10530);
#3632=VERTEX_POINT('',#10534);
#3633=VERTEX_POINT('',#10538);
#3634=VERTEX_POINT('',#10543);
#3635=VERTEX_POINT('',#10544);
#3636=VERTEX_POINT('',#10546);
#3637=VERTEX_POINT('',#10548);
#3638=VERTEX_POINT('',#10550);
#3639=VERTEX_POINT('',#10552);
#3640=VERTEX_POINT('',#10554);
#3641=VERTEX_POINT('',#10556);
#3642=VERTEX_POINT('',#10558);
#3643=VERTEX_POINT('',#10560);
#3644=VERTEX_POINT('',#10562);
#3645=VERTEX_POINT('',#10564);
#3646=VERTEX_POINT('',#10568);
#3647=VERTEX_POINT('',#10569);
#3648=VERTEX_POINT('',#10574);
#3649=VERTEX_POINT('',#10578);
#3650=VERTEX_POINT('',#10580);
#3651=VERTEX_POINT('',#10584);
#3652=VERTEX_POINT('',#10585);
#3653=VERTEX_POINT('',#10590);
#3654=VERTEX_POINT('',#10592);
#3655=VERTEX_POINT('',#10595);
#3656=VERTEX_POINT('',#10596);
#3657=VERTEX_POINT('',#10600);
#3658=VERTEX_POINT('',#10601);
#3659=VERTEX_POINT('',#10603);
#3660=VERTEX_POINT('',#10605);
#3661=VERTEX_POINT('',#10608);
#3662=VERTEX_POINT('',#10609);
#3663=VERTEX_POINT('',#10611);
#3664=VERTEX_POINT('',#10613);
#3665=VERTEX_POINT('',#10616);
#3666=VERTEX_POINT('',#10658);
#3667=VERTEX_POINT('',#10659);
#3668=VERTEX_POINT('',#10661);
#3669=VERTEX_POINT('',#10665);
#3670=VERTEX_POINT('',#10678);
#3671=VERTEX_POINT('',#10680);
#3672=VERTEX_POINT('',#10695);
#3673=VERTEX_POINT('',#10697);
#3674=VERTEX_POINT('',#10712);
#3675=VERTEX_POINT('',#10714);
#3676=VERTEX_POINT('',#10729);
#3677=VERTEX_POINT('',#10731);
#3678=VERTEX_POINT('',#10746);
#3679=VERTEX_POINT('',#10748);
#3680=VERTEX_POINT('',#10763);
#3681=VERTEX_POINT('',#10765);
#3682=VERTEX_POINT('',#10780);
#3683=VERTEX_POINT('',#10782);
#3684=VERTEX_POINT('',#10797);
#3685=VERTEX_POINT('',#10799);
#3686=VERTEX_POINT('',#10814);
#3687=VERTEX_POINT('',#10816);
#3688=VERTEX_POINT('',#10831);
#3689=VERTEX_POINT('',#10833);
#3690=VERTEX_POINT('',#10839);
#3691=VERTEX_POINT('',#10841);
#3692=VERTEX_POINT('',#10845);
#3693=VERTEX_POINT('',#10849);
#3694=VERTEX_POINT('',#10853);
#3695=VERTEX_POINT('',#10864);
#3696=VERTEX_POINT('',#10877);
#3697=VERTEX_POINT('',#10890);
#3698=VERTEX_POINT('',#10903);
#3699=VERTEX_POINT('',#10916);
#3700=VERTEX_POINT('',#10929);
#3701=VERTEX_POINT('',#10942);
#3702=VERTEX_POINT('',#10948);
#3703=VERTEX_POINT('',#10952);
#3704=VERTEX_POINT('',#10956);
#3705=VERTEX_POINT('',#10986);
#3706=VERTEX_POINT('',#10987);
#3707=VERTEX_POINT('',#10989);
#3708=VERTEX_POINT('',#10993);
#3709=VERTEX_POINT('',#10997);
#3710=VERTEX_POINT('',#10999);
#3711=VERTEX_POINT('',#11012);
#3712=VERTEX_POINT('',#11014);
#3713=VERTEX_POINT('',#11029);
#3714=VERTEX_POINT('',#11031);
#3715=VERTEX_POINT('',#11044);
#3716=VERTEX_POINT('',#11048);
#3717=VERTEX_POINT('',#11059);
#3718=VERTEX_POINT('',#11072);
#3719=VERTEX_POINT('',#11085);
#3720=VERTEX_POINT('',#11098);
#3721=VERTEX_POINT('',#11111);
#3722=VERTEX_POINT('',#11124);
#3723=VERTEX_POINT('',#11137);
#3724=VERTEX_POINT('',#11143);
#3725=VERTEX_POINT('',#11147);
#3726=VERTEX_POINT('',#11151);
#3727=VERTEX_POINT('',#11162);
#3728=VERTEX_POINT('',#11175);
#3729=VERTEX_POINT('',#11188);
#3730=VERTEX_POINT('',#11194);
#3731=VERTEX_POINT('',#11198);
#3732=VERTEX_POINT('',#11209);
#3733=VERTEX_POINT('',#11232);
#3734=VERTEX_POINT('',#11234);
#3735=VERTEX_POINT('',#11245);
#3736=VERTEX_POINT('',#11258);
#3737=VERTEX_POINT('',#11264);
#3738=VERTEX_POINT('',#11268);
#3739=VERTEX_POINT('',#11272);
#3740=VERTEX_POINT('',#11276);
#3741=VERTEX_POINT('',#11280);
#3742=VERTEX_POINT('',#11291);
#3743=VERTEX_POINT('',#11304);
#3744=VERTEX_POINT('',#11310);
#3745=VERTEX_POINT('',#11314);
#3746=VERTEX_POINT('',#11328);
#3747=VERTEX_POINT('',#11332);
#3748=VERTEX_POINT('',#11343);
#3749=VERTEX_POINT('',#11356);
#3750=VERTEX_POINT('',#11369);
#3751=VERTEX_POINT('',#11382);
#3752=VERTEX_POINT('',#11395);
#3753=VERTEX_POINT('',#11408);
#3754=VERTEX_POINT('',#11414);
#3755=VERTEX_POINT('',#11418);
#3756=VERTEX_POINT('',#11422);
#3757=VERTEX_POINT('',#11426);
#3758=VERTEX_POINT('',#11430);
#3759=VERTEX_POINT('',#11441);
#3760=VERTEX_POINT('',#11454);
#3761=VERTEX_POINT('',#11467);
#3762=VERTEX_POINT('',#11480);
#3763=VERTEX_POINT('',#11486);
#3764=VERTEX_POINT('',#11490);
#3765=VERTEX_POINT('',#11494);
#3766=VERTEX_POINT('',#11505);
#3767=VERTEX_POINT('',#11518);
#3768=VERTEX_POINT('',#11531);
#3769=VERTEX_POINT('',#11544);
#3770=VERTEX_POINT('',#11550);
#3771=VERTEX_POINT('',#11554);
#3772=VERTEX_POINT('',#11558);
#3773=VERTEX_POINT('',#11581);
#3774=VERTEX_POINT('',#11585);
#3775=VERTEX_POINT('',#11596);
#3776=VERTEX_POINT('',#11609);
#3777=VERTEX_POINT('',#11622);
#3778=VERTEX_POINT('',#11635);
#3779=VERTEX_POINT('',#11648);
#3780=VERTEX_POINT('',#11661);
#3781=VERTEX_POINT('',#11667);
#3782=VERTEX_POINT('',#11671);
#3783=VERTEX_POINT('',#11675);
#3784=VERTEX_POINT('',#11679);
#3785=VERTEX_POINT('',#11683);
#3786=VERTEX_POINT('',#11694);
#3787=VERTEX_POINT('',#11707);
#3788=VERTEX_POINT('',#11720);
#3789=VERTEX_POINT('',#11733);
#3790=VERTEX_POINT('',#11739);
#3791=VERTEX_POINT('',#11743);
#3792=VERTEX_POINT('',#11747);
#3793=VERTEX_POINT('',#11758);
#3794=VERTEX_POINT('',#11771);
#3795=VERTEX_POINT('',#11784);
#3796=VERTEX_POINT('',#11797);
#3797=VERTEX_POINT('',#11803);
#3798=VERTEX_POINT('',#11807);
#3799=VERTEX_POINT('',#11811);
#3800=VERTEX_POINT('',#11827);
#3801=VERTEX_POINT('',#11829);
#3802=VERTEX_POINT('',#11840);
#3803=VERTEX_POINT('',#11853);
#3804=VERTEX_POINT('',#11859);
#3805=VERTEX_POINT('',#11863);
#3806=VERTEX_POINT('',#11867);
#3807=VERTEX_POINT('',#11871);
#3808=VERTEX_POINT('',#11875);
#3809=VERTEX_POINT('',#11886);
#3810=VERTEX_POINT('',#11899);
#3811=VERTEX_POINT('',#11905);
#3812=VERTEX_POINT('',#11909);
#3813=VERTEX_POINT('',#11916);
#3814=VERTEX_POINT('',#11918);
#3815=VERTEX_POINT('',#11929);
#3816=VERTEX_POINT('',#11942);
#3817=VERTEX_POINT('',#11948);
#3818=VERTEX_POINT('',#11952);
#3819=VERTEX_POINT('',#11956);
#3820=VERTEX_POINT('',#11960);
#3821=VERTEX_POINT('',#11964);
#3822=VERTEX_POINT('',#11975);
#3823=VERTEX_POINT('',#11988);
#3824=VERTEX_POINT('',#11994);
#3825=VERTEX_POINT('',#11998);
#3826=VERTEX_POINT('',#12005);
#3827=VERTEX_POINT('',#12007);
#3828=VERTEX_POINT('',#12011);
#3829=VERTEX_POINT('',#12015);
#3830=VERTEX_POINT('',#12019);
#3831=VERTEX_POINT('',#12023);
#3832=VERTEX_POINT('',#12027);
#3833=VERTEX_POINT('',#12031);
#3834=VERTEX_POINT('',#12035);
#3835=VERTEX_POINT('',#12039);
#3836=VERTEX_POINT('',#12043);
#3837=VERTEX_POINT('',#12047);
#3838=VERTEX_POINT('',#12063);
#3839=VERTEX_POINT('',#12064);
#3840=VERTEX_POINT('',#12066);
#3841=VERTEX_POINT('',#12070);
#3842=VERTEX_POINT('',#12074);
#3843=VERTEX_POINT('',#12076);
#3844=VERTEX_POINT('',#12080);
#3845=VERTEX_POINT('',#12082);
#3846=VERTEX_POINT('',#12086);
#3847=VERTEX_POINT('',#12088);
#3848=VERTEX_POINT('',#12101);
#3849=VERTEX_POINT('',#12103);
#3850=VERTEX_POINT('',#12118);
#3851=VERTEX_POINT('',#12120);
#3852=VERTEX_POINT('',#12126);
#3853=VERTEX_POINT('',#12128);
#3854=VERTEX_POINT('',#12132);
#3855=VERTEX_POINT('',#12136);
#3856=VERTEX_POINT('',#12140);
#3857=VERTEX_POINT('',#12144);
#3858=VERTEX_POINT('',#12155);
#3859=VERTEX_POINT('',#12168);
#3860=VERTEX_POINT('',#12181);
#3861=VERTEX_POINT('',#12222);
#3862=VERTEX_POINT('',#12223);
#3863=VERTEX_POINT('',#12225);
#3864=VERTEX_POINT('',#12229);
#3865=VERTEX_POINT('',#12242);
#3866=VERTEX_POINT('',#12244);
#3867=VERTEX_POINT('',#12259);
#3868=VERTEX_POINT('',#12261);
#3869=VERTEX_POINT('',#12276);
#3870=VERTEX_POINT('',#12278);
#3871=VERTEX_POINT('',#12293);
#3872=VERTEX_POINT('',#12295);
#3873=VERTEX_POINT('',#12310);
#3874=VERTEX_POINT('',#12312);
#3875=VERTEX_POINT('',#12327);
#3876=VERTEX_POINT('',#12329);
#3877=VERTEX_POINT('',#12344);
#3878=VERTEX_POINT('',#12346);
#3879=VERTEX_POINT('',#12361);
#3880=VERTEX_POINT('',#12363);
#3881=VERTEX_POINT('',#12378);
#3882=VERTEX_POINT('',#12380);
#3883=VERTEX_POINT('',#12395);
#3884=VERTEX_POINT('',#12397);
#3885=VERTEX_POINT('',#12410);
#3886=VERTEX_POINT('',#12414);
#3887=VERTEX_POINT('',#12425);
#3888=VERTEX_POINT('',#12438);
#3889=VERTEX_POINT('',#12451);
#3890=VERTEX_POINT('',#12464);
#3891=VERTEX_POINT('',#12477);
#3892=VERTEX_POINT('',#12490);
#3893=VERTEX_POINT('',#12503);
#3894=VERTEX_POINT('',#12516);
#3895=VERTEX_POINT('',#12529);
#3896=VERTEX_POINT('',#12542);
#3897=VERTEX_POINT('',#12583);
#3898=VERTEX_POINT('',#12584);
#3899=VERTEX_POINT('',#12586);
#3900=VERTEX_POINT('',#12590);
#3901=VERTEX_POINT('',#12603);
#3902=VERTEX_POINT('',#12605);
#3903=VERTEX_POINT('',#12620);
#3904=VERTEX_POINT('',#12622);
#3905=VERTEX_POINT('',#12637);
#3906=VERTEX_POINT('',#12639);
#3907=VERTEX_POINT('',#12654);
#3908=VERTEX_POINT('',#12656);
#3909=VERTEX_POINT('',#12671);
#3910=VERTEX_POINT('',#12673);
#3911=VERTEX_POINT('',#12688);
#3912=VERTEX_POINT('',#12690);
#3913=VERTEX_POINT('',#12705);
#3914=VERTEX_POINT('',#12707);
#3915=VERTEX_POINT('',#12722);
#3916=VERTEX_POINT('',#12724);
#3917=VERTEX_POINT('',#12739);
#3918=VERTEX_POINT('',#12741);
#3919=VERTEX_POINT('',#12756);
#3920=VERTEX_POINT('',#12758);
#3921=VERTEX_POINT('',#12764);
#3922=VERTEX_POINT('',#12766);
#3923=VERTEX_POINT('',#12770);
#3924=VERTEX_POINT('',#12774);
#3925=VERTEX_POINT('',#12778);
#3926=VERTEX_POINT('',#12789);
#3927=VERTEX_POINT('',#12802);
#3928=VERTEX_POINT('',#12815);
#3929=VERTEX_POINT('',#12828);
#3930=VERTEX_POINT('',#12841);
#3931=VERTEX_POINT('',#12854);
#3932=VERTEX_POINT('',#12867);
#3933=VERTEX_POINT('',#12873);
#3934=VERTEX_POINT('',#12877);
#3935=VERTEX_POINT('',#12881);
#3936=VERTEX_POINT('',#12892);
#3937=VERTEX_POINT('',#12905);
#3938=VERTEX_POINT('',#12911);
#3939=VERTEX_POINT('',#12915);
#3940=VERTEX_POINT('',#12919);
#3941=VERTEX_POINT('',#12930);
#3942=VERTEX_POINT('',#12936);
#3943=VERTEX_POINT('',#12975);
#3944=VERTEX_POINT('',#12976);
#3945=VERTEX_POINT('',#12978);
#3946=VERTEX_POINT('',#12982);
#3947=VERTEX_POINT('',#12995);
#3948=VERTEX_POINT('',#12997);
#3949=VERTEX_POINT('',#13012);
#3950=VERTEX_POINT('',#13014);
#3951=VERTEX_POINT('',#13029);
#3952=VERTEX_POINT('',#13031);
#3953=VERTEX_POINT('',#13046);
#3954=VERTEX_POINT('',#13048);
#3955=VERTEX_POINT('',#13063);
#3956=VERTEX_POINT('',#13065);
#3957=VERTEX_POINT('',#13080);
#3958=VERTEX_POINT('',#13082);
#3959=VERTEX_POINT('',#13097);
#3960=VERTEX_POINT('',#13099);
#3961=VERTEX_POINT('',#13114);
#3962=VERTEX_POINT('',#13116);
#3963=VERTEX_POINT('',#13131);
#3964=VERTEX_POINT('',#13133);
#3965=VERTEX_POINT('',#13148);
#3966=VERTEX_POINT('',#13150);
#3967=VERTEX_POINT('',#13156);
#3968=VERTEX_POINT('',#13158);
#3969=VERTEX_POINT('',#13162);
#3970=VERTEX_POINT('',#13166);
#3971=VERTEX_POINT('',#13170);
#3972=VERTEX_POINT('',#13181);
#3973=VERTEX_POINT('',#13194);
#3974=VERTEX_POINT('',#13207);
#3975=VERTEX_POINT('',#13220);
#3976=VERTEX_POINT('',#13233);
#3977=VERTEX_POINT('',#13246);
#3978=VERTEX_POINT('',#13259);
#3979=VERTEX_POINT('',#13265);
#3980=VERTEX_POINT('',#13269);
#3981=VERTEX_POINT('',#13273);
#3982=VERTEX_POINT('',#13303);
#3983=VERTEX_POINT('',#13304);
#3984=VERTEX_POINT('',#13306);
#3985=VERTEX_POINT('',#13310);
#3986=VERTEX_POINT('',#13314);
#3987=VERTEX_POINT('',#13316);
#3988=VERTEX_POINT('',#13329);
#3989=VERTEX_POINT('',#13331);
#3990=VERTEX_POINT('',#13346);
#3991=VERTEX_POINT('',#13348);
#3992=VERTEX_POINT('',#13361);
#3993=VERTEX_POINT('',#13365);
#3994=VERTEX_POINT('',#13376);
#3995=VERTEX_POINT('',#13389);
#3996=VERTEX_POINT('',#13402);
#3997=VERTEX_POINT('',#13415);
#3998=VERTEX_POINT('',#13428);
#3999=VERTEX_POINT('',#13441);
#4000=VERTEX_POINT('',#13454);
#4001=VERTEX_POINT('',#13460);
#4002=VERTEX_POINT('',#13464);
#4003=VERTEX_POINT('',#13468);
#4004=VERTEX_POINT('',#13479);
#4005=VERTEX_POINT('',#13492);
#4006=VERTEX_POINT('',#13505);
#4007=VERTEX_POINT('',#13511);
#4008=VERTEX_POINT('',#13515);
#4009=VERTEX_POINT('',#13526);
#4010=VERTEX_POINT('',#13549);
#4011=VERTEX_POINT('',#13551);
#4012=VERTEX_POINT('',#13555);
#4013=VERTEX_POINT('',#13559);
#4014=VERTEX_POINT('',#13563);
#4015=VERTEX_POINT('',#13567);
#4016=VERTEX_POINT('',#13571);
#4017=VERTEX_POINT('',#13575);
#4018=VERTEX_POINT('',#13579);
#4019=VERTEX_POINT('',#13583);
#4020=VERTEX_POINT('',#13587);
#4021=VERTEX_POINT('',#13591);
#4022=LINE('',#9856,#4563);
#4023=LINE('',#9859,#4564);
#4024=LINE('',#9861,#4565);
#4025=LINE('',#9863,#4566);
#4026=LINE('',#9899,#4567);
#4027=LINE('',#9948,#4568);
#4028=LINE('',#9951,#4569);
#4029=LINE('',#9953,#4570);
#4030=LINE('',#9955,#4571);
#4031=LINE('',#9957,#4572);
#4032=LINE('',#9959,#4573);
#4033=LINE('',#9961,#4574);
#4034=LINE('',#9963,#4575);
#4035=LINE('',#9965,#4576);
#4036=LINE('',#9967,#4577);
#4037=LINE('',#9969,#4578);
#4038=LINE('',#9971,#4579);
#4039=LINE('',#9979,#4580);
#4040=LINE('',#9993,#4581);
#4041=LINE('',#9995,#4582);
#4042=LINE('',#9997,#4583);
#4043=LINE('',#9999,#4584);
#4044=LINE('',#10001,#4585);
#4045=LINE('',#10013,#4586);
#4046=LINE('',#10027,#4587);
#4047=LINE('',#10029,#4588);
#4048=LINE('',#10031,#4589);
#4049=LINE('',#10033,#4590);
#4050=LINE('',#10035,#4591);
#4051=LINE('',#10053,#4592);
#4052=LINE('',#10055,#4593);
#4053=LINE('',#10057,#4594);
#4054=LINE('',#10075,#4595);
#4055=LINE('',#10077,#4596);
#4056=LINE('',#10079,#4597);
#4057=LINE('',#10097,#4598);
#4058=LINE('',#10099,#4599);
#4059=LINE('',#10101,#4600);
#4060=LINE('',#10103,#4601);
#4061=LINE('',#10105,#4602);
#4062=LINE('',#10139,#4603);
#4063=LINE('',#10141,#4604);
#4064=LINE('',#10143,#4605);
#4065=LINE('',#10161,#4606);
#4066=LINE('',#10163,#4607);
#4067=LINE('',#10165,#4608);
#4068=LINE('',#10183,#4609);
#4069=LINE('',#10185,#4610);
#4070=LINE('',#10187,#4611);
#4071=LINE('',#10189,#4612);
#4072=LINE('',#10191,#4613);
#4073=LINE('',#10219,#4614);
#4074=LINE('',#10233,#4615);
#4075=LINE('',#10235,#4616);
#4076=LINE('',#10237,#4617);
#4077=LINE('',#10239,#4618);
#4078=LINE('',#10241,#4619);
#4079=LINE('',#10263,#4620);
#4080=LINE('',#10279,#4621);
#4081=LINE('',#10306,#4622);
#4082=LINE('',#10309,#4623);
#4083=LINE('',#10311,#4624);
#4084=LINE('',#10313,#4625);
#4085=LINE('',#10314,#4626);
#4086=LINE('',#10317,#4627);
#4087=LINE('',#10319,#4628);
#4088=LINE('',#10321,#4629);
#4089=LINE('',#10322,#4630);
#4090=LINE('',#10325,#4631);
#4091=LINE('',#10327,#4632);
#4092=LINE('',#10329,#4633);
#4093=LINE('',#10330,#4634);
#4094=LINE('',#10333,#4635);
#4095=LINE('',#10335,#4636);
#4096=LINE('',#10337,#4637);
#4097=LINE('',#10338,#4638);
#4098=LINE('',#10341,#4639);
#4099=LINE('',#10343,#4640);
#4100=LINE('',#10345,#4641);
#4101=LINE('',#10346,#4642);
#4102=LINE('',#10349,#4643);
#4103=LINE('',#10351,#4644);
#4104=LINE('',#10353,#4645);
#4105=LINE('',#10389,#4646);
#4106=LINE('',#10390,#4647);
#4107=LINE('',#10393,#4648);
#4108=LINE('',#10411,#4649);
#4109=LINE('',#10413,#4650);
#4110=LINE('',#10415,#4651);
#4111=LINE('',#10416,#4652);
#4112=LINE('',#10419,#4653);
#4113=LINE('',#10431,#4654);
#4114=LINE('',#10433,#4655);
#4115=LINE('',#10435,#4656);
#4116=LINE('',#10445,#4657);
#4117=LINE('',#10481,#4658);
#4118=LINE('',#10499,#4659);
#4119=LINE('',#10515,#4660);
#4120=LINE('',#10542,#4661);
#4121=LINE('',#10545,#4662);
#4122=LINE('',#10547,#4663);
#4123=LINE('',#10549,#4664);
#4124=LINE('',#10551,#4665);
#4125=LINE('',#10553,#4666);
#4126=LINE('',#10555,#4667);
#4127=LINE('',#10557,#4668);
#4128=LINE('',#10559,#4669);
#4129=LINE('',#10561,#4670);
#4130=LINE('',#10563,#4671);
#4131=LINE('',#10565,#4672);
#4132=LINE('',#10567,#4673);
#4133=LINE('',#10570,#4674);
#4134=LINE('',#10571,#4675);
#4135=LINE('',#10573,#4676);
#4136=LINE('',#10575,#4677);
#4137=LINE('',#10577,#4678);
#4138=LINE('',#10579,#4679);
#4139=LINE('',#10581,#4680);
#4140=LINE('',#10583,#4681);
#4141=LINE('',#10586,#4682);
#4142=LINE('',#10587,#4683);
#4143=LINE('',#10589,#4684);
#4144=LINE('',#10591,#4685);
#4145=LINE('',#10593,#4686);
#4146=LINE('',#10594,#4687);
#4147=LINE('',#10597,#4688);
#4148=LINE('',#10598,#4689);
#4149=LINE('',#10599,#4690);
#4150=LINE('',#10602,#4691);
#4151=LINE('',#10604,#4692);
#4152=LINE('',#10606,#4693);
#4153=LINE('',#10607,#4694);
#4154=LINE('',#10610,#4695);
#4155=LINE('',#10612,#4696);
#4156=LINE('',#10614,#4697);
#4157=LINE('',#10615,#4698);
#4158=LINE('',#10617,#4699);
#4159=LINE('',#10619,#4700);
#4160=LINE('',#10620,#4701);
#4161=LINE('',#10622,#4702);
#4162=LINE('',#10624,#4703);
#4163=LINE('',#10627,#4704);
#4164=LINE('',#10629,#4705);
#4165=LINE('',#10631,#4706);
#4166=LINE('',#10632,#4707);
#4167=LINE('',#10634,#4708);
#4168=LINE('',#10636,#4709);
#4169=LINE('',#10639,#4710);
#4170=LINE('',#10642,#4711);
#4171=LINE('',#10645,#4712);
#4172=LINE('',#10660,#4713);
#4173=LINE('',#10666,#4714);
#4174=LINE('',#10679,#4715);
#4175=LINE('',#10696,#4716);
#4176=LINE('',#10713,#4717);
#4177=LINE('',#10730,#4718);
#4178=LINE('',#10747,#4719);
#4179=LINE('',#10764,#4720);
#4180=LINE('',#10781,#4721);
#4181=LINE('',#10798,#4722);
#4182=LINE('',#10815,#4723);
#4183=LINE('',#10832,#4724);
#4184=LINE('',#10838,#4725);
#4185=LINE('',#10840,#4726);
#4186=LINE('',#10842,#4727);
#4187=LINE('',#10844,#4728);
#4188=LINE('',#10846,#4729);
#4189=LINE('',#10848,#4730);
#4190=LINE('',#10850,#4731);
#4191=LINE('',#10852,#4732);
#4192=LINE('',#10863,#4733);
#4193=LINE('',#10876,#4734);
#4194=LINE('',#10889,#4735);
#4195=LINE('',#10902,#4736);
#4196=LINE('',#10915,#4737);
#4197=LINE('',#10928,#4738);
#4198=LINE('',#10941,#4739);
#4199=LINE('',#10947,#4740);
#4200=LINE('',#10951,#4741);
#4201=LINE('',#10955,#4742);
#4202=LINE('',#10957,#4743);
#4203=LINE('',#10959,#4744);
#4204=LINE('',#10988,#4745);
#4205=LINE('',#10994,#4746);
#4206=LINE('',#10996,#4747);
#4207=LINE('',#10998,#4748);
#4208=LINE('',#11000,#4749);
#4209=LINE('',#11013,#4750);
#4210=LINE('',#11030,#4751);
#4211=LINE('',#11043,#4752);
#4212=LINE('',#11049,#4753);
#4213=LINE('',#11058,#4754);
#4214=LINE('',#11071,#4755);
#4215=LINE('',#11084,#4756);
#4216=LINE('',#11097,#4757);
#4217=LINE('',#11110,#4758);
#4218=LINE('',#11123,#4759);
#4219=LINE('',#11136,#4760);
#4220=LINE('',#11142,#4761);
#4221=LINE('',#11146,#4762);
#4222=LINE('',#11148,#4763);
#4223=LINE('',#11150,#4764);
#4224=LINE('',#11161,#4765);
#4225=LINE('',#11174,#4766);
#4226=LINE('',#11187,#4767);
#4227=LINE('',#11193,#4768);
#4228=LINE('',#11195,#4769);
#4229=LINE('',#11197,#4770);
#4230=LINE('',#11208,#4771);
#4231=LINE('',#11231,#4772);
#4232=LINE('',#11235,#4773);
#4233=LINE('',#11244,#4774);
#4234=LINE('',#11257,#4775);
#4235=LINE('',#11263,#4776);
#4236=LINE('',#11265,#4777);
#4237=LINE('',#11267,#4778);
#4238=LINE('',#11269,#4779);
#4239=LINE('',#11271,#4780);
#4240=LINE('',#11273,#4781);
#4241=LINE('',#11275,#4782);
#4242=LINE('',#11277,#4783);
#4243=LINE('',#11279,#4784);
#4244=LINE('',#11281,#4785);
#4245=LINE('',#11290,#4786);
#4246=LINE('',#11303,#4787);
#4247=LINE('',#11309,#4788);
#4248=LINE('',#11313,#4789);
#4249=LINE('',#11317,#4790);
#4250=LINE('',#11327,#4791);
#4251=LINE('',#11333,#4792);
#4252=LINE('',#11342,#4793);
#4253=LINE('',#11355,#4794);
#4254=LINE('',#11368,#4795);
#4255=LINE('',#11381,#4796);
#4256=LINE('',#11394,#4797);
#4257=LINE('',#11407,#4798);
#4258=LINE('',#11413,#4799);
#4259=LINE('',#11415,#4800);
#4260=LINE('',#11417,#4801);
#4261=LINE('',#11419,#4802);
#4262=LINE('',#11421,#4803);
#4263=LINE('',#11423,#4804);
#4264=LINE('',#11425,#4805);
#4265=LINE('',#11427,#4806);
#4266=LINE('',#11429,#4807);
#4267=LINE('',#11431,#4808);
#4268=LINE('',#11440,#4809);
#4269=LINE('',#11453,#4810);
#4270=LINE('',#11466,#4811);
#4271=LINE('',#11479,#4812);
#4272=LINE('',#11485,#4813);
#4273=LINE('',#11487,#4814);
#4274=LINE('',#11489,#4815);
#4275=LINE('',#11491,#4816);
#4276=LINE('',#11493,#4817);
#4277=LINE('',#11495,#4818);
#4278=LINE('',#11504,#4819);
#4279=LINE('',#11517,#4820);
#4280=LINE('',#11530,#4821);
#4281=LINE('',#11543,#4822);
#4282=LINE('',#11549,#4823);
#4283=LINE('',#11551,#4824);
#4284=LINE('',#11553,#4825);
#4285=LINE('',#11555,#4826);
#4286=LINE('',#11557,#4827);
#4287=LINE('',#11559,#4828);
#4288=LINE('',#11580,#4829);
#4289=LINE('',#11586,#4830);
#4290=LINE('',#11595,#4831);
#4291=LINE('',#11608,#4832);
#4292=LINE('',#11621,#4833);
#4293=LINE('',#11634,#4834);
#4294=LINE('',#11647,#4835);
#4295=LINE('',#11660,#4836);
#4296=LINE('',#11666,#4837);
#4297=LINE('',#11668,#4838);
#4298=LINE('',#11670,#4839);
#4299=LINE('',#11672,#4840);
#4300=LINE('',#11674,#4841);
#4301=LINE('',#11676,#4842);
#4302=LINE('',#11678,#4843);
#4303=LINE('',#11680,#4844);
#4304=LINE('',#11682,#4845);
#4305=LINE('',#11684,#4846);
#4306=LINE('',#11693,#4847);
#4307=LINE('',#11706,#4848);
#4308=LINE('',#11719,#4849);
#4309=LINE('',#11732,#4850);
#4310=LINE('',#11738,#4851);
#4311=LINE('',#11740,#4852);
#4312=LINE('',#11742,#4853);
#4313=LINE('',#11744,#4854);
#4314=LINE('',#11746,#4855);
#4315=LINE('',#11748,#4856);
#4316=LINE('',#11757,#4857);
#4317=LINE('',#11770,#4858);
#4318=LINE('',#11783,#4859);
#4319=LINE('',#11796,#4860);
#4320=LINE('',#11802,#4861);
#4321=LINE('',#11804,#4862);
#4322=LINE('',#11806,#4863);
#4323=LINE('',#11808,#4864);
#4324=LINE('',#11810,#4865);
#4325=LINE('',#11812,#4866);
#4326=LINE('',#11826,#4867);
#4327=LINE('',#11830,#4868);
#4328=LINE('',#11839,#4869);
#4329=LINE('',#11852,#4870);
#4330=LINE('',#11858,#4871);
#4331=LINE('',#11860,#4872);
#4332=LINE('',#11862,#4873);
#4333=LINE('',#11864,#4874);
#4334=LINE('',#11866,#4875);
#4335=LINE('',#11868,#4876);
#4336=LINE('',#11870,#4877);
#4337=LINE('',#11872,#4878);
#4338=LINE('',#11874,#4879);
#4339=LINE('',#11876,#4880);
#4340=LINE('',#11885,#4881);
#4341=LINE('',#11898,#4882);
#4342=LINE('',#11904,#4883);
#4343=LINE('',#11908,#4884);
#4344=LINE('',#11912,#4885);
#4345=LINE('',#11915,#4886);
#4346=LINE('',#11919,#4887);
#4347=LINE('',#11928,#4888);
#4348=LINE('',#11941,#4889);
#4349=LINE('',#11947,#4890);
#4350=LINE('',#11949,#4891);
#4351=LINE('',#11951,#4892);
#4352=LINE('',#11953,#4893);
#4353=LINE('',#11955,#4894);
#4354=LINE('',#11957,#4895);
#4355=LINE('',#11959,#4896);
#4356=LINE('',#11961,#4897);
#4357=LINE('',#11963,#4898);
#4358=LINE('',#11965,#4899);
#4359=LINE('',#11974,#4900);
#4360=LINE('',#11987,#4901);
#4361=LINE('',#11993,#4902);
#4362=LINE('',#11997,#4903);
#4363=LINE('',#12001,#4904);
#4364=LINE('',#12004,#4905);
#4365=LINE('',#12006,#4906);
#4366=LINE('',#12008,#4907);
#4367=LINE('',#12010,#4908);
#4368=LINE('',#12012,#4909);
#4369=LINE('',#12014,#4910);
#4370=LINE('',#12016,#4911);
#4371=LINE('',#12018,#4912);
#4372=LINE('',#12020,#4913);
#4373=LINE('',#12022,#4914);
#4374=LINE('',#12024,#4915);
#4375=LINE('',#12026,#4916);
#4376=LINE('',#12028,#4917);
#4377=LINE('',#12030,#4918);
#4378=LINE('',#12032,#4919);
#4379=LINE('',#12034,#4920);
#4380=LINE('',#12036,#4921);
#4381=LINE('',#12038,#4922);
#4382=LINE('',#12040,#4923);
#4383=LINE('',#12042,#4924);
#4384=LINE('',#12044,#4925);
#4385=LINE('',#12046,#4926);
#4386=LINE('',#12048,#4927);
#4387=LINE('',#12050,#4928);
#4388=LINE('',#12065,#4929);
#4389=LINE('',#12071,#4930);
#4390=LINE('',#12073,#4931);
#4391=LINE('',#12075,#4932);
#4392=LINE('',#12077,#4933);
#4393=LINE('',#12079,#4934);
#4394=LINE('',#12081,#4935);
#4395=LINE('',#12083,#4936);
#4396=LINE('',#12085,#4937);
#4397=LINE('',#12087,#4938);
#4398=LINE('',#12089,#4939);
#4399=LINE('',#12102,#4940);
#4400=LINE('',#12119,#4941);
#4401=LINE('',#12125,#4942);
#4402=LINE('',#12127,#4943);
#4403=LINE('',#12129,#4944);
#4404=LINE('',#12131,#4945);
#4405=LINE('',#12133,#4946);
#4406=LINE('',#12135,#4947);
#4407=LINE('',#12137,#4948);
#4408=LINE('',#12139,#4949);
#4409=LINE('',#12141,#4950);
#4410=LINE('',#12143,#4951);
#4411=LINE('',#12145,#4952);
#4412=LINE('',#12154,#4953);
#4413=LINE('',#12167,#4954);
#4414=LINE('',#12180,#4955);
#4415=LINE('',#12224,#4956);
#4416=LINE('',#12230,#4957);
#4417=LINE('',#12243,#4958);
#4418=LINE('',#12260,#4959);
#4419=LINE('',#12277,#4960);
#4420=LINE('',#12294,#4961);
#4421=LINE('',#12311,#4962);
#4422=LINE('',#12328,#4963);
#4423=LINE('',#12345,#4964);
#4424=LINE('',#12362,#4965);
#4425=LINE('',#12379,#4966);
#4426=LINE('',#12396,#4967);
#4427=LINE('',#12409,#4968);
#4428=LINE('',#12415,#4969);
#4429=LINE('',#12424,#4970);
#4430=LINE('',#12437,#4971);
#4431=LINE('',#12450,#4972);
#4432=LINE('',#12463,#4973);
#4433=LINE('',#12476,#4974);
#4434=LINE('',#12489,#4975);
#4435=LINE('',#12502,#4976);
#4436=LINE('',#12515,#4977);
#4437=LINE('',#12528,#4978);
#4438=LINE('',#12541,#4979);
#4439=LINE('',#12585,#4980);
#4440=LINE('',#12591,#4981);
#4441=LINE('',#12604,#4982);
#4442=LINE('',#12621,#4983);
#4443=LINE('',#12638,#4984);
#4444=LINE('',#12655,#4985);
#4445=LINE('',#12672,#4986);
#4446=LINE('',#12689,#4987);
#4447=LINE('',#12706,#4988);
#4448=LINE('',#12723,#4989);
#4449=LINE('',#12740,#4990);
#4450=LINE('',#12757,#4991);
#4451=LINE('',#12763,#4992);
#4452=LINE('',#12765,#4993);
#4453=LINE('',#12767,#4994);
#4454=LINE('',#12769,#4995);
#4455=LINE('',#12771,#4996);
#4456=LINE('',#12773,#4997);
#4457=LINE('',#12775,#4998);
#4458=LINE('',#12777,#4999);
#4459=LINE('',#12788,#5000);
#4460=LINE('',#12801,#5001);
#4461=LINE('',#12814,#5002);
#4462=LINE('',#12827,#5003);
#4463=LINE('',#12840,#5004);
#4464=LINE('',#12853,#5005);
#4465=LINE('',#12866,#5006);
#4466=LINE('',#12872,#5007);
#4467=LINE('',#12876,#5008);
#4468=LINE('',#12880,#5009);
#4469=LINE('',#12882,#5010);
#4470=LINE('',#12891,#5011);
#4471=LINE('',#12904,#5012);
#4472=LINE('',#12910,#5013);
#4473=LINE('',#12912,#5014);
#4474=LINE('',#12914,#5015);
#4475=LINE('',#12916,#5016);
#4476=LINE('',#12918,#5017);
#4477=LINE('',#12920,#5018);
#4478=LINE('',#12929,#5019);
#4479=LINE('',#12935,#5020);
#4480=LINE('',#12977,#5021);
#4481=LINE('',#12983,#5022);
#4482=LINE('',#12996,#5023);
#4483=LINE('',#13013,#5024);
#4484=LINE('',#13030,#5025);
#4485=LINE('',#13047,#5026);
#4486=LINE('',#13064,#5027);
#4487=LINE('',#13081,#5028);
#4488=LINE('',#13098,#5029);
#4489=LINE('',#13115,#5030);
#4490=LINE('',#13132,#5031);
#4491=LINE('',#13149,#5032);
#4492=LINE('',#13155,#5033);
#4493=LINE('',#13157,#5034);
#4494=LINE('',#13159,#5035);
#4495=LINE('',#13161,#5036);
#4496=LINE('',#13163,#5037);
#4497=LINE('',#13165,#5038);
#4498=LINE('',#13167,#5039);
#4499=LINE('',#13169,#5040);
#4500=LINE('',#13180,#5041);
#4501=LINE('',#13193,#5042);
#4502=LINE('',#13206,#5043);
#4503=LINE('',#13219,#5044);
#4504=LINE('',#13232,#5045);
#4505=LINE('',#13245,#5046);
#4506=LINE('',#13258,#5047);
#4507=LINE('',#13264,#5048);
#4508=LINE('',#13268,#5049);
#4509=LINE('',#13272,#5050);
#4510=LINE('',#13274,#5051);
#4511=LINE('',#13276,#5052);
#4512=LINE('',#13305,#5053);
#4513=LINE('',#13311,#5054);
#4514=LINE('',#13313,#5055);
#4515=LINE('',#13315,#5056);
#4516=LINE('',#13317,#5057);
#4517=LINE('',#13330,#5058);
#4518=LINE('',#13347,#5059);
#4519=LINE('',#13360,#5060);
#4520=LINE('',#13366,#5061);
#4521=LINE('',#13375,#5062);
#4522=LINE('',#13388,#5063);
#4523=LINE('',#13401,#5064);
#4524=LINE('',#13414,#5065);
#4525=LINE('',#13427,#5066);
#4526=LINE('',#13440,#5067);
#4527=LINE('',#13453,#5068);
#4528=LINE('',#13459,#5069);
#4529=LINE('',#13463,#5070);
#4530=LINE('',#13465,#5071);
#4531=LINE('',#13467,#5072);
#4532=LINE('',#13478,#5073);
#4533=LINE('',#13491,#5074);
#4534=LINE('',#13504,#5075);
#4535=LINE('',#13510,#5076);
#4536=LINE('',#13512,#5077);
#4537=LINE('',#13514,#5078);
#4538=LINE('',#13525,#5079);
#4539=LINE('',#13548,#5080);
#4540=LINE('',#13550,#5081);
#4541=LINE('',#13552,#5082);
#4542=LINE('',#13554,#5083);
#4543=LINE('',#13556,#5084);
#4544=LINE('',#13558,#5085);
#4545=LINE('',#13560,#5086);
#4546=LINE('',#13562,#5087);
#4547=LINE('',#13564,#5088);
#4548=LINE('',#13566,#5089);
#4549=LINE('',#13568,#5090);
#4550=LINE('',#13570,#5091);
#4551=LINE('',#13572,#5092);
#4552=LINE('',#13574,#5093);
#4553=LINE('',#13576,#5094);
#4554=LINE('',#13578,#5095);
#4555=LINE('',#13580,#5096);
#4556=LINE('',#13582,#5097);
#4557=LINE('',#13584,#5098);
#4558=LINE('',#13586,#5099);
#4559=LINE('',#13588,#5100);
#4560=LINE('',#13590,#5101);
#4561=LINE('',#13592,#5102);
#4562=LINE('',#13594,#5103);
#4563=VECTOR('',#8877,1.);
#4564=VECTOR('',#8878,1.);
#4565=VECTOR('',#8879,1.);
#4566=VECTOR('',#8880,1.);
#4567=VECTOR('',#8887,1.);
#4568=VECTOR('',#8888,1.);
#4569=VECTOR('',#8889,1.);
#4570=VECTOR('',#8890,1.);
#4571=VECTOR('',#8891,1.);
#4572=VECTOR('',#8892,1.);
#4573=VECTOR('',#8893,1.);
#4574=VECTOR('',#8894,1.);
#4575=VECTOR('',#8895,1.);
#4576=VECTOR('',#8896,1.);
#4577=VECTOR('',#8897,1.);
#4578=VECTOR('',#8898,1.);
#4579=VECTOR('',#8899,1.);
#4580=VECTOR('',#8902,1.);
#4581=VECTOR('',#8907,1.);
#4582=VECTOR('',#8908,1.);
#4583=VECTOR('',#8909,1.);
#4584=VECTOR('',#8910,1.);
#4585=VECTOR('',#8911,1.);
#4586=VECTOR('',#8914,1.);
#4587=VECTOR('',#8919,1.);
#4588=VECTOR('',#8920,1.);
#4589=VECTOR('',#8921,1.);
#4590=VECTOR('',#8922,1.);
#4591=VECTOR('',#8923,1.);
#4592=VECTOR('',#8924,1.);
#4593=VECTOR('',#8925,1.);
#4594=VECTOR('',#8926,1.);
#4595=VECTOR('',#8927,1.);
#4596=VECTOR('',#8928,1.);
#4597=VECTOR('',#8929,1.);
#4598=VECTOR('',#8930,1.);
#4599=VECTOR('',#8931,1.);
#4600=VECTOR('',#8932,1.);
#4601=VECTOR('',#8933,1.);
#4602=VECTOR('',#8934,1.);
#4603=VECTOR('',#8935,1.);
#4604=VECTOR('',#8936,1.);
#4605=VECTOR('',#8937,1.);
#4606=VECTOR('',#8938,1.);
#4607=VECTOR('',#8939,1.);
#4608=VECTOR('',#8940,1.);
#4609=VECTOR('',#8941,1.);
#4610=VECTOR('',#8942,1.);
#4611=VECTOR('',#8943,1.);
#4612=VECTOR('',#8944,1.);
#4613=VECTOR('',#8945,1.);
#4614=VECTOR('',#8948,1.);
#4615=VECTOR('',#8953,1.);
#4616=VECTOR('',#8954,1.);
#4617=VECTOR('',#8955,1.);
#4618=VECTOR('',#8956,1.);
#4619=VECTOR('',#8957,1.);
#4620=VECTOR('',#8962,1.);
#4621=VECTOR('',#8965,1.);
#4622=VECTOR('',#8968,1.);
#4623=VECTOR('',#8969,1.);
#4624=VECTOR('',#8970,1.);
#4625=VECTOR('',#8971,1.);
#4626=VECTOR('',#8972,1.);
#4627=VECTOR('',#8973,1.);
#4628=VECTOR('',#8974,1.);
#4629=VECTOR('',#8975,1.);
#4630=VECTOR('',#8976,1.);
#4631=VECTOR('',#8977,1.);
#4632=VECTOR('',#8978,1.);
#4633=VECTOR('',#8979,1.);
#4634=VECTOR('',#8980,1.);
#4635=VECTOR('',#8981,1.);
#4636=VECTOR('',#8982,1.);
#4637=VECTOR('',#8983,1.);
#4638=VECTOR('',#8984,1.);
#4639=VECTOR('',#8985,1.);
#4640=VECTOR('',#8986,1.);
#4641=VECTOR('',#8987,1.);
#4642=VECTOR('',#8988,1.);
#4643=VECTOR('',#8989,1.);
#4644=VECTOR('',#8990,1.);
#4645=VECTOR('',#8991,1.);
#4646=VECTOR('',#8998,1.);
#4647=VECTOR('',#8999,1.);
#4648=VECTOR('',#9000,1.);
#4649=VECTOR('',#9001,1.);
#4650=VECTOR('',#9002,1.);
#4651=VECTOR('',#9003,1.);
#4652=VECTOR('',#9004,1.);
#4653=VECTOR('',#9005,1.);
#4654=VECTOR('',#9008,1.);
#4655=VECTOR('',#9009,1.);
#4656=VECTOR('',#9010,1.);
#4657=VECTOR('',#9011,1.);
#4658=VECTOR('',#9018,1.);
#4659=VECTOR('',#9023,1.);
#4660=VECTOR('',#9026,1.);
#4661=VECTOR('',#9029,1.);
#4662=VECTOR('',#9030,1.);
#4663=VECTOR('',#9031,1.);
#4664=VECTOR('',#9032,1.);
#4665=VECTOR('',#9033,1.);
#4666=VECTOR('',#9034,1.);
#4667=VECTOR('',#9035,1.);
#4668=VECTOR('',#9036,1.);
#4669=VECTOR('',#9037,1.);
#4670=VECTOR('',#9038,1.);
#4671=VECTOR('',#9039,1.);
#4672=VECTOR('',#9040,1.);
#4673=VECTOR('',#9043,1.);
#4674=VECTOR('',#9044,1.);
#4675=VECTOR('',#9045,1.);
#4676=VECTOR('',#9048,1.);
#4677=VECTOR('',#9049,1.);
#4678=VECTOR('',#9052,1.);
#4679=VECTOR('',#9053,1.);
#4680=VECTOR('',#9054,1.);
#4681=VECTOR('',#9057,1.);
#4682=VECTOR('',#9058,1.);
#4683=VECTOR('',#9059,1.);
#4684=VECTOR('',#9062,1.);
#4685=VECTOR('',#9063,1.);
#4686=VECTOR('',#9064,1.);
#4687=VECTOR('',#9065,1.);
#4688=VECTOR('',#9066,1.);
#4689=VECTOR('',#9067,1.);
#4690=VECTOR('',#9068,1.);
#4691=VECTOR('',#9069,1.);
#4692=VECTOR('',#9070,1.);
#4693=VECTOR('',#9071,1.);
#4694=VECTOR('',#9072,1.);
#4695=VECTOR('',#9073,1.);
#4696=VECTOR('',#9074,1.);
#4697=VECTOR('',#9075,1.);
#4698=VECTOR('',#9076,1.);
#4699=VECTOR('',#9077,1.);
#4700=VECTOR('',#9080,1.);
#4701=VECTOR('',#9081,1.);
#4702=VECTOR('',#9084,1.);
#4703=VECTOR('',#9087,1.);
#4704=VECTOR('',#9092,1.);
#4705=VECTOR('',#9095,1.);
#4706=VECTOR('',#9098,1.);
#4707=VECTOR('',#9099,1.);
#4708=VECTOR('',#9102,1.);
#4709=VECTOR('',#9105,1.);
#4710=VECTOR('',#9110,1.);
#4711=VECTOR('',#9115,1.);
#4712=VECTOR('',#9120,1.);
#4713=VECTOR('',#9123,1.);
#4714=VECTOR('',#9124,1.);
#4715=VECTOR('',#9125,1.);
#4716=VECTOR('',#9126,1.);
#4717=VECTOR('',#9127,1.);
#4718=VECTOR('',#9128,1.);
#4719=VECTOR('',#9129,1.);
#4720=VECTOR('',#9130,1.);
#4721=VECTOR('',#9131,1.);
#4722=VECTOR('',#9132,1.);
#4723=VECTOR('',#9133,1.);
#4724=VECTOR('',#9134,1.);
#4725=VECTOR('',#9137,1.);
#4726=VECTOR('',#9138,1.);
#4727=VECTOR('',#9139,1.);
#4728=VECTOR('',#9142,1.);
#4729=VECTOR('',#9143,1.);
#4730=VECTOR('',#9146,1.);
#4731=VECTOR('',#9147,1.);
#4732=VECTOR('',#9150,1.);
#4733=VECTOR('',#9153,1.);
#4734=VECTOR('',#9154,1.);
#4735=VECTOR('',#9155,1.);
#4736=VECTOR('',#9156,1.);
#4737=VECTOR('',#9157,1.);
#4738=VECTOR('',#9158,1.);
#4739=VECTOR('',#9159,1.);
#4740=VECTOR('',#9162,1.);
#4741=VECTOR('',#9167,1.);
#4742=VECTOR('',#9172,1.);
#4743=VECTOR('',#9173,1.);
#4744=VECTOR('',#9176,1.);
#4745=VECTOR('',#9179,1.);
#4746=VECTOR('',#9180,1.);
#4747=VECTOR('',#9183,1.);
#4748=VECTOR('',#9184,1.);
#4749=VECTOR('',#9185,1.);
#4750=VECTOR('',#9186,1.);
#4751=VECTOR('',#9187,1.);
#4752=VECTOR('',#9188,1.);
#4753=VECTOR('',#9189,1.);
#4754=VECTOR('',#9190,1.);
#4755=VECTOR('',#9191,1.);
#4756=VECTOR('',#9192,1.);
#4757=VECTOR('',#9193,1.);
#4758=VECTOR('',#9194,1.);
#4759=VECTOR('',#9195,1.);
#4760=VECTOR('',#9196,1.);
#4761=VECTOR('',#9199,1.);
#4762=VECTOR('',#9204,1.);
#4763=VECTOR('',#9205,1.);
#4764=VECTOR('',#9208,1.);
#4765=VECTOR('',#9211,1.);
#4766=VECTOR('',#9212,1.);
#4767=VECTOR('',#9213,1.);
#4768=VECTOR('',#9216,1.);
#4769=VECTOR('',#9217,1.);
#4770=VECTOR('',#9220,1.);
#4771=VECTOR('',#9223,1.);
#4772=VECTOR('',#9232,1.);
#4773=VECTOR('',#9235,1.);
#4774=VECTOR('',#9236,1.);
#4775=VECTOR('',#9237,1.);
#4776=VECTOR('',#9240,1.);
#4777=VECTOR('',#9241,1.);
#4778=VECTOR('',#9244,1.);
#4779=VECTOR('',#9245,1.);
#4780=VECTOR('',#9248,1.);
#4781=VECTOR('',#9249,1.);
#4782=VECTOR('',#9252,1.);
#4783=VECTOR('',#9253,1.);
#4784=VECTOR('',#9256,1.);
#4785=VECTOR('',#9257,1.);
#4786=VECTOR('',#9258,1.);
#4787=VECTOR('',#9259,1.);
#4788=VECTOR('',#9262,1.);
#4789=VECTOR('',#9267,1.);
#4790=VECTOR('',#9272,1.);
#4791=VECTOR('',#9275,1.);
#4792=VECTOR('',#9276,1.);
#4793=VECTOR('',#9277,1.);
#4794=VECTOR('',#9278,1.);
#4795=VECTOR('',#9279,1.);
#4796=VECTOR('',#9280,1.);
#4797=VECTOR('',#9281,1.);
#4798=VECTOR('',#9282,1.);
#4799=VECTOR('',#9285,1.);
#4800=VECTOR('',#9286,1.);
#4801=VECTOR('',#9289,1.);
#4802=VECTOR('',#9290,1.);
#4803=VECTOR('',#9293,1.);
#4804=VECTOR('',#9294,1.);
#4805=VECTOR('',#9297,1.);
#4806=VECTOR('',#9298,1.);
#4807=VECTOR('',#9301,1.);
#4808=VECTOR('',#9302,1.);
#4809=VECTOR('',#9303,1.);
#4810=VECTOR('',#9304,1.);
#4811=VECTOR('',#9305,1.);
#4812=VECTOR('',#9306,1.);
#4813=VECTOR('',#9309,1.);
#4814=VECTOR('',#9310,1.);
#4815=VECTOR('',#9313,1.);
#4816=VECTOR('',#9314,1.);
#4817=VECTOR('',#9317,1.);
#4818=VECTOR('',#9318,1.);
#4819=VECTOR('',#9319,1.);
#4820=VECTOR('',#9320,1.);
#4821=VECTOR('',#9321,1.);
#4822=VECTOR('',#9322,1.);
#4823=VECTOR('',#9325,1.);
#4824=VECTOR('',#9326,1.);
#4825=VECTOR('',#9329,1.);
#4826=VECTOR('',#9330,1.);
#4827=VECTOR('',#9333,1.);
#4828=VECTOR('',#9334,1.);
#4829=VECTOR('',#9337,1.);
#4830=VECTOR('',#9338,1.);
#4831=VECTOR('',#9339,1.);
#4832=VECTOR('',#9340,1.);
#4833=VECTOR('',#9341,1.);
#4834=VECTOR('',#9342,1.);
#4835=VECTOR('',#9343,1.);
#4836=VECTOR('',#9344,1.);
#4837=VECTOR('',#9347,1.);
#4838=VECTOR('',#9348,1.);
#4839=VECTOR('',#9351,1.);
#4840=VECTOR('',#9352,1.);
#4841=VECTOR('',#9355,1.);
#4842=VECTOR('',#9356,1.);
#4843=VECTOR('',#9359,1.);
#4844=VECTOR('',#9360,1.);
#4845=VECTOR('',#9363,1.);
#4846=VECTOR('',#9364,1.);
#4847=VECTOR('',#9365,1.);
#4848=VECTOR('',#9366,1.);
#4849=VECTOR('',#9367,1.);
#4850=VECTOR('',#9368,1.);
#4851=VECTOR('',#9371,1.);
#4852=VECTOR('',#9372,1.);
#4853=VECTOR('',#9375,1.);
#4854=VECTOR('',#9376,1.);
#4855=VECTOR('',#9379,1.);
#4856=VECTOR('',#9380,1.);
#4857=VECTOR('',#9381,1.);
#4858=VECTOR('',#9382,1.);
#4859=VECTOR('',#9383,1.);
#4860=VECTOR('',#9384,1.);
#4861=VECTOR('',#9387,1.);
#4862=VECTOR('',#9388,1.);
#4863=VECTOR('',#9391,1.);
#4864=VECTOR('',#9392,1.);
#4865=VECTOR('',#9395,1.);
#4866=VECTOR('',#9396,1.);
#4867=VECTOR('',#9401,1.);
#4868=VECTOR('',#9404,1.);
#4869=VECTOR('',#9405,1.);
#4870=VECTOR('',#9406,1.);
#4871=VECTOR('',#9409,1.);
#4872=VECTOR('',#9410,1.);
#4873=VECTOR('',#9413,1.);
#4874=VECTOR('',#9414,1.);
#4875=VECTOR('',#9417,1.);
#4876=VECTOR('',#9418,1.);
#4877=VECTOR('',#9421,1.);
#4878=VECTOR('',#9422,1.);
#4879=VECTOR('',#9425,1.);
#4880=VECTOR('',#9426,1.);
#4881=VECTOR('',#9427,1.);
#4882=VECTOR('',#9428,1.);
#4883=VECTOR('',#9431,1.);
#4884=VECTOR('',#9436,1.);
#4885=VECTOR('',#9441,1.);
#4886=VECTOR('',#9446,1.);
#4887=VECTOR('',#9449,1.);
#4888=VECTOR('',#9450,1.);
#4889=VECTOR('',#9451,1.);
#4890=VECTOR('',#9454,1.);
#4891=VECTOR('',#9455,1.);
#4892=VECTOR('',#9458,1.);
#4893=VECTOR('',#9459,1.);
#4894=VECTOR('',#9462,1.);
#4895=VECTOR('',#9463,1.);
#4896=VECTOR('',#9466,1.);
#4897=VECTOR('',#9467,1.);
#4898=VECTOR('',#9470,1.);
#4899=VECTOR('',#9471,1.);
#4900=VECTOR('',#9472,1.);
#4901=VECTOR('',#9473,1.);
#4902=VECTOR('',#9476,1.);
#4903=VECTOR('',#9481,1.);
#4904=VECTOR('',#9486,1.);
#4905=VECTOR('',#9491,1.);
#4906=VECTOR('',#9492,1.);
#4907=VECTOR('',#9493,1.);
#4908=VECTOR('',#9496,1.);
#4909=VECTOR('',#9497,1.);
#4910=VECTOR('',#9500,1.);
#4911=VECTOR('',#9501,1.);
#4912=VECTOR('',#9504,1.);
#4913=VECTOR('',#9505,1.);
#4914=VECTOR('',#9508,1.);
#4915=VECTOR('',#9509,1.);
#4916=VECTOR('',#9512,1.);
#4917=VECTOR('',#9513,1.);
#4918=VECTOR('',#9516,1.);
#4919=VECTOR('',#9517,1.);
#4920=VECTOR('',#9520,1.);
#4921=VECTOR('',#9521,1.);
#4922=VECTOR('',#9524,1.);
#4923=VECTOR('',#9525,1.);
#4924=VECTOR('',#9528,1.);
#4925=VECTOR('',#9529,1.);
#4926=VECTOR('',#9532,1.);
#4927=VECTOR('',#9533,1.);
#4928=VECTOR('',#9536,1.);
#4929=VECTOR('',#9539,1.);
#4930=VECTOR('',#9540,1.);
#4931=VECTOR('',#9543,1.);
#4932=VECTOR('',#9544,1.);
#4933=VECTOR('',#9545,1.);
#4934=VECTOR('',#9548,1.);
#4935=VECTOR('',#9549,1.);
#4936=VECTOR('',#9550,1.);
#4937=VECTOR('',#9553,1.);
#4938=VECTOR('',#9554,1.);
#4939=VECTOR('',#9555,1.);
#4940=VECTOR('',#9556,1.);
#4941=VECTOR('',#9557,1.);
#4942=VECTOR('',#9560,1.);
#4943=VECTOR('',#9561,1.);
#4944=VECTOR('',#9562,1.);
#4945=VECTOR('',#9565,1.);
#4946=VECTOR('',#9566,1.);
#4947=VECTOR('',#9569,1.);
#4948=VECTOR('',#9570,1.);
#4949=VECTOR('',#9573,1.);
#4950=VECTOR('',#9574,1.);
#4951=VECTOR('',#9577,1.);
#4952=VECTOR('',#9578,1.);
#4953=VECTOR('',#9579,1.);
#4954=VECTOR('',#9580,1.);
#4955=VECTOR('',#9581,1.);
#4956=VECTOR('',#9584,1.);
#4957=VECTOR('',#9585,1.);
#4958=VECTOR('',#9586,1.);
#4959=VECTOR('',#9587,1.);
#4960=VECTOR('',#9588,1.);
#4961=VECTOR('',#9589,1.);
#4962=VECTOR('',#9590,1.);
#4963=VECTOR('',#9591,1.);
#4964=VECTOR('',#9592,1.);
#4965=VECTOR('',#9593,1.);
#4966=VECTOR('',#9594,1.);
#4967=VECTOR('',#9595,1.);
#4968=VECTOR('',#9596,1.);
#4969=VECTOR('',#9597,1.);
#4970=VECTOR('',#9598,1.);
#4971=VECTOR('',#9599,1.);
#4972=VECTOR('',#9600,1.);
#4973=VECTOR('',#9601,1.);
#4974=VECTOR('',#9602,1.);
#4975=VECTOR('',#9603,1.);
#4976=VECTOR('',#9604,1.);
#4977=VECTOR('',#9605,1.);
#4978=VECTOR('',#9606,1.);
#4979=VECTOR('',#9607,1.);
#4980=VECTOR('',#9610,1.);
#4981=VECTOR('',#9611,1.);
#4982=VECTOR('',#9612,1.);
#4983=VECTOR('',#9613,1.);
#4984=VECTOR('',#9614,1.);
#4985=VECTOR('',#9615,1.);
#4986=VECTOR('',#9616,1.);
#4987=VECTOR('',#9617,1.);
#4988=VECTOR('',#9618,1.);
#4989=VECTOR('',#9619,1.);
#4990=VECTOR('',#9620,1.);
#4991=VECTOR('',#9621,1.);
#4992=VECTOR('',#9624,1.);
#4993=VECTOR('',#9625,1.);
#4994=VECTOR('',#9626,1.);
#4995=VECTOR('',#9629,1.);
#4996=VECTOR('',#9630,1.);
#4997=VECTOR('',#9633,1.);
#4998=VECTOR('',#9634,1.);
#4999=VECTOR('',#9637,1.);
#5000=VECTOR('',#9640,1.);
#5001=VECTOR('',#9641,1.);
#5002=VECTOR('',#9642,1.);
#5003=VECTOR('',#9643,1.);
#5004=VECTOR('',#9644,1.);
#5005=VECTOR('',#9645,1.);
#5006=VECTOR('',#9646,1.);
#5007=VECTOR('',#9649,1.);
#5008=VECTOR('',#9654,1.);
#5009=VECTOR('',#9659,1.);
#5010=VECTOR('',#9660,1.);
#5011=VECTOR('',#9661,1.);
#5012=VECTOR('',#9662,1.);
#5013=VECTOR('',#9665,1.);
#5014=VECTOR('',#9666,1.);
#5015=VECTOR('',#9669,1.);
#5016=VECTOR('',#9670,1.);
#5017=VECTOR('',#9673,1.);
#5018=VECTOR('',#9674,1.);
#5019=VECTOR('',#9675,1.);
#5020=VECTOR('',#9678,1.);
#5021=VECTOR('',#9683,1.);
#5022=VECTOR('',#9684,1.);
#5023=VECTOR('',#9685,1.);
#5024=VECTOR('',#9686,1.);
#5025=VECTOR('',#9687,1.);
#5026=VECTOR('',#9688,1.);
#5027=VECTOR('',#9689,1.);
#5028=VECTOR('',#9690,1.);
#5029=VECTOR('',#9691,1.);
#5030=VECTOR('',#9692,1.);
#5031=VECTOR('',#9693,1.);
#5032=VECTOR('',#9694,1.);
#5033=VECTOR('',#9697,1.);
#5034=VECTOR('',#9698,1.);
#5035=VECTOR('',#9699,1.);
#5036=VECTOR('',#9702,1.);
#5037=VECTOR('',#9703,1.);
#5038=VECTOR('',#9706,1.);
#5039=VECTOR('',#9707,1.);
#5040=VECTOR('',#9710,1.);
#5041=VECTOR('',#9713,1.);
#5042=VECTOR('',#9714,1.);
#5043=VECTOR('',#9715,1.);
#5044=VECTOR('',#9716,1.);
#5045=VECTOR('',#9717,1.);
#5046=VECTOR('',#9718,1.);
#5047=VECTOR('',#9719,1.);
#5048=VECTOR('',#9722,1.);
#5049=VECTOR('',#9727,1.);
#5050=VECTOR('',#9732,1.);
#5051=VECTOR('',#9733,1.);
#5052=VECTOR('',#9736,1.);
#5053=VECTOR('',#9739,1.);
#5054=VECTOR('',#9740,1.);
#5055=VECTOR('',#9743,1.);
#5056=VECTOR('',#9744,1.);
#5057=VECTOR('',#9745,1.);
#5058=VECTOR('',#9746,1.);
#5059=VECTOR('',#9747,1.);
#5060=VECTOR('',#9748,1.);
#5061=VECTOR('',#9749,1.);
#5062=VECTOR('',#9750,1.);
#5063=VECTOR('',#9751,1.);
#5064=VECTOR('',#9752,1.);
#5065=VECTOR('',#9753,1.);
#5066=VECTOR('',#9754,1.);
#5067=VECTOR('',#9755,1.);
#5068=VECTOR('',#9756,1.);
#5069=VECTOR('',#9759,1.);
#5070=VECTOR('',#9764,1.);
#5071=VECTOR('',#9765,1.);
#5072=VECTOR('',#9768,1.);
#5073=VECTOR('',#9771,1.);
#5074=VECTOR('',#9772,1.);
#5075=VECTOR('',#9773,1.);
#5076=VECTOR('',#9776,1.);
#5077=VECTOR('',#9777,1.);
#5078=VECTOR('',#9780,1.);
#5079=VECTOR('',#9783,1.);
#5080=VECTOR('',#9792,1.);
#5081=VECTOR('',#9793,1.);
#5082=VECTOR('',#9794,1.);
#5083=VECTOR('',#9797,1.);
#5084=VECTOR('',#9798,1.);
#5085=VECTOR('',#9801,1.);
#5086=VECTOR('',#9802,1.);
#5087=VECTOR('',#9805,1.);
#5088=VECTOR('',#9806,1.);
#5089=VECTOR('',#9809,1.);
#5090=VECTOR('',#9810,1.);
#5091=VECTOR('',#9813,1.);
#5092=VECTOR('',#9814,1.);
#5093=VECTOR('',#9817,1.);
#5094=VECTOR('',#9818,1.);
#5095=VECTOR('',#9821,1.);
#5096=VECTOR('',#9822,1.);
#5097=VECTOR('',#9825,1.);
#5098=VECTOR('',#9826,1.);
#5099=VECTOR('',#9829,1.);
#5100=VECTOR('',#9830,1.);
#5101=VECTOR('',#9833,1.);
#5102=VECTOR('',#9834,1.);
#5103=VECTOR('',#9837,1.);
#5104=EDGE_LOOP('',(#601,#602,#603,#604,#605,#606,#607,#608,#609,#610,#611,
#612,#613,#614,#615));
#5105=EDGE_LOOP('',(#616,#617,#618,#619,#620,#621,#622,#623,#624,#625,#626,
#627));
#5106=EDGE_LOOP('',(#628,#629,#630,#631,#632,#633,#634,#635,#636,#637,#638,
#639));
#5107=EDGE_LOOP('',(#640,#641,#642,#643,#644,#645,#646,#647,#648,#649,#650,
#651,#652));
#5108=EDGE_LOOP('',(#653,#654,#655,#656,#657,#658,#659,#660,#661,#662,#663,
#664,#665));
#5109=EDGE_LOOP('',(#666,#667,#668,#669,#670,#671,#672,#673,#674,#675,#676,
#677,#678,#679,#680,#681,#682,#683,#684,#685,#686,#687,#688,#689,#690,#691,
#692));
#5110=EDGE_LOOP('',(#693,#694,#695,#696,#697,#698,#699,#700,#701,#702,#703,
#704,#705,#706,#707,#708,#709,#710,#711,#712,#713,#714,#715,#716,#717,#718,
#719));
#5111=EDGE_LOOP('',(#720,#721,#722,#723,#724,#725,#726,#727,#728,#729,#730,
#731,#732));
#5112=EDGE_LOOP('',(#733,#734,#735,#736,#737,#738,#739,#740,#741,#742,#743,
#744,#745,#746,#747,#748,#749,#750));
#5113=EDGE_LOOP('',(#751,#752,#753,#754));
#5114=EDGE_LOOP('',(#755,#756,#757,#758));
#5115=EDGE_LOOP('',(#759,#760,#761,#762));
#5116=EDGE_LOOP('',(#763,#764,#765,#766));
#5117=EDGE_LOOP('',(#767,#768,#769,#770));
#5118=EDGE_LOOP('',(#771,#772,#773,#774,#775,#776,#777,#778,#779,#780,#781,
#782,#783,#784,#785));
#5119=EDGE_LOOP('',(#786,#787,#788,#789,#790,#791,#792,#793,#794));
#5120=EDGE_LOOP('',(#795,#796,#797,#798,#799,#800,#801,#802,#803,#804,#805,
#806,#807,#808,#809,#810,#811,#812,#813,#814,#815,#816));
#5121=EDGE_LOOP('',(#817,#818,#819,#820,#821,#822,#823,#824,#825,#826,#827,
#828,#829,#830,#831,#832,#833,#834));
#5122=EDGE_LOOP('',(#835,#836,#837,#838,#839,#840,#841,#842,#843,#844,#845,
#846));
#5123=EDGE_LOOP('',(#847,#848,#849,#850));
#5124=EDGE_LOOP('',(#851,#852,#853,#854));
#5125=EDGE_LOOP('',(#855,#856,#857,#858));
#5126=EDGE_LOOP('',(#859,#860,#861,#862));
#5127=EDGE_LOOP('',(#863,#864,#865,#866));
#5128=EDGE_LOOP('',(#867,#868,#869,#870));
#5129=EDGE_LOOP('',(#871,#872,#873,#874));
#5130=EDGE_LOOP('',(#875,#876,#877,#878));
#5131=EDGE_LOOP('',(#879,#880,#881,#882));
#5132=EDGE_LOOP('',(#883,#884,#885,#886));
#5133=EDGE_LOOP('',(#887,#888,#889,#890));
#5134=EDGE_LOOP('',(#891,#892,#893,#894));
#5135=EDGE_LOOP('',(#895,#896,#897,#898));
#5136=EDGE_LOOP('',(#899,#900,#901,#902));
#5137=EDGE_LOOP('',(#903,#904,#905,#906));
#5138=EDGE_LOOP('',(#907,#908,#909,#910));
#5139=EDGE_LOOP('',(#911,#912,#913,#914));
#5140=EDGE_LOOP('',(#915,#916,#917,#918));
#5141=EDGE_LOOP('',(#919,#920,#921,#922));
#5142=EDGE_LOOP('',(#923,#924,#925,#926));
#5143=EDGE_LOOP('',(#927,#928,#929,#930));
#5144=EDGE_LOOP('',(#931,#932,#933,#934));
#5145=EDGE_LOOP('',(#935,#936,#937,#938));
#5146=EDGE_LOOP('',(#939,#940,#941,#942));
#5147=EDGE_LOOP('',(#943,#944,#945,#946));
#5148=EDGE_LOOP('',(#947,#948,#949,#950));
#5149=EDGE_LOOP('',(#951,#952,#953,#954));
#5150=EDGE_LOOP('',(#955,#956,#957,#958));
#5151=EDGE_LOOP('',(#959,#960,#961,#962));
#5152=EDGE_LOOP('',(#963,#964,#965,#966));
#5153=EDGE_LOOP('',(#967,#968,#969,#970));
#5154=EDGE_LOOP('',(#971,#972,#973,#974));
#5155=EDGE_LOOP('',(#975,#976,#977,#978));
#5156=EDGE_LOOP('',(#979,#980,#981,#982));
#5157=EDGE_LOOP('',(#983,#984,#985,#986));
#5158=EDGE_LOOP('',(#987,#988,#989,#990));
#5159=EDGE_LOOP('',(#991,#992,#993,#994));
#5160=EDGE_LOOP('',(#995,#996,#997,#998));
#5161=EDGE_LOOP('',(#999,#1000,#1001,#1002));
#5162=EDGE_LOOP('',(#1003,#1004,#1005,#1006));
#5163=EDGE_LOOP('',(#1007,#1008,#1009,#1010));
#5164=EDGE_LOOP('',(#1011,#1012,#1013,#1014));
#5165=EDGE_LOOP('',(#1015,#1016,#1017,#1018));
#5166=EDGE_LOOP('',(#1019,#1020,#1021,#1022));
#5167=EDGE_LOOP('',(#1023,#1024,#1025,#1026));
#5168=EDGE_LOOP('',(#1027,#1028,#1029,#1030));
#5169=EDGE_LOOP('',(#1031,#1032,#1033,#1034));
#5170=EDGE_LOOP('',(#1035,#1036,#1037,#1038));
#5171=EDGE_LOOP('',(#1039,#1040,#1041,#1042));
#5172=EDGE_LOOP('',(#1043,#1044,#1045,#1046));
#5173=EDGE_LOOP('',(#1047,#1048,#1049,#1050));
#5174=EDGE_LOOP('',(#1051,#1052,#1053,#1054));
#5175=EDGE_LOOP('',(#1055,#1056,#1057,#1058,#1059,#1060,#1061,#1062,#1063,
#1064,#1065,#1066,#1067,#1068,#1069));
#5176=EDGE_LOOP('',(#1070,#1071,#1072,#1073,#1074,#1075,#1076,#1077,#1078,
#1079,#1080,#1081));
#5177=EDGE_LOOP('',(#1082,#1083,#1084,#1085));
#5178=EDGE_LOOP('',(#1086,#1087,#1088,#1089));
#5179=EDGE_LOOP('',(#1090,#1091,#1092,#1093));
#5180=EDGE_LOOP('',(#1094,#1095,#1096,#1097));
#5181=EDGE_LOOP('',(#1098,#1099,#1100,#1101));
#5182=EDGE_LOOP('',(#1102,#1103,#1104,#1105));
#5183=EDGE_LOOP('',(#1106,#1107,#1108,#1109));
#5184=EDGE_LOOP('',(#1110,#1111,#1112,#1113));
#5185=EDGE_LOOP('',(#1114,#1115,#1116,#1117));
#5186=EDGE_LOOP('',(#1118,#1119,#1120,#1121));
#5187=EDGE_LOOP('',(#1122,#1123,#1124,#1125));
#5188=EDGE_LOOP('',(#1126,#1127,#1128,#1129));
#5189=EDGE_LOOP('',(#1130,#1131,#1132,#1133));
#5190=EDGE_LOOP('',(#1134,#1135,#1136,#1137));
#5191=EDGE_LOOP('',(#1138,#1139,#1140,#1141));
#5192=EDGE_LOOP('',(#1142,#1143,#1144,#1145));
#5193=EDGE_LOOP('',(#1146,#1147,#1148,#1149));
#5194=EDGE_LOOP('',(#1150,#1151,#1152,#1153));
#5195=EDGE_LOOP('',(#1154,#1155,#1156,#1157));
#5196=EDGE_LOOP('',(#1158,#1159,#1160,#1161));
#5197=EDGE_LOOP('',(#1162,#1163,#1164,#1165));
#5198=EDGE_LOOP('',(#1166,#1167,#1168,#1169));
#5199=EDGE_LOOP('',(#1170,#1171,#1172,#1173));
#5200=EDGE_LOOP('',(#1174,#1175,#1176,#1177,#1178,#1179,#1180,#1181,#1182,
#1183,#1184,#1185,#1186,#1187,#1188,#1189,#1190,#1191));
#5201=EDGE_LOOP('',(#1192,#1193,#1194,#1195,#1196));
#5202=EDGE_LOOP('',(#1197,#1198,#1199,#1200));
#5203=EDGE_LOOP('',(#1201,#1202,#1203,#1204));
#5204=EDGE_LOOP('',(#1205,#1206,#1207,#1208));
#5205=EDGE_LOOP('',(#1209,#1210,#1211,#1212));
#5206=EDGE_LOOP('',(#1213,#1214,#1215,#1216));
#5207=EDGE_LOOP('',(#1217,#1218,#1219,#1220));
#5208=EDGE_LOOP('',(#1221,#1222,#1223,#1224));
#5209=EDGE_LOOP('',(#1225,#1226,#1227,#1228));
#5210=EDGE_LOOP('',(#1229,#1230,#1231,#1232));
#5211=EDGE_LOOP('',(#1233,#1234,#1235,#1236));
#5212=EDGE_LOOP('',(#1237,#1238,#1239,#1240));
#5213=EDGE_LOOP('',(#1241,#1242,#1243,#1244));
#5214=EDGE_LOOP('',(#1245,#1246,#1247,#1248));
#5215=EDGE_LOOP('',(#1249,#1250,#1251,#1252,#1253,#1254,#1255,#1256,#1257,
#1258,#1259,#1260,#1261));
#5216=EDGE_LOOP('',(#1262,#1263,#1264,#1265));
#5217=EDGE_LOOP('',(#1266,#1267,#1268,#1269));
#5218=EDGE_LOOP('',(#1270,#1271,#1272,#1273));
#5219=EDGE_LOOP('',(#1274,#1275,#1276,#1277));
#5220=EDGE_LOOP('',(#1278,#1279,#1280,#1281));
#5221=EDGE_LOOP('',(#1282,#1283,#1284,#1285));
#5222=EDGE_LOOP('',(#1286,#1287,#1288,#1289));
#5223=EDGE_LOOP('',(#1290,#1291,#1292,#1293));
#5224=EDGE_LOOP('',(#1294,#1295,#1296,#1297));
#5225=EDGE_LOOP('',(#1298,#1299,#1300,#1301));
#5226=EDGE_LOOP('',(#1302,#1303,#1304,#1305));
#5227=EDGE_LOOP('',(#1306,#1307,#1308,#1309));
#5228=EDGE_LOOP('',(#1310,#1311,#1312,#1313));
#5229=EDGE_LOOP('',(#1314,#1315,#1316,#1317));
#5230=EDGE_LOOP('',(#1318,#1319,#1320,#1321));
#5231=EDGE_LOOP('',(#1322,#1323,#1324,#1325));
#5232=EDGE_LOOP('',(#1326,#1327,#1328,#1329));
#5233=EDGE_LOOP('',(#1330,#1331,#1332,#1333));
#5234=EDGE_LOOP('',(#1334,#1335,#1336,#1337));
#5235=EDGE_LOOP('',(#1338,#1339,#1340,#1341));
#5236=EDGE_LOOP('',(#1342,#1343,#1344,#1345));
#5237=EDGE_LOOP('',(#1346,#1347,#1348,#1349));
#5238=EDGE_LOOP('',(#1350,#1351,#1352,#1353));
#5239=EDGE_LOOP('',(#1354,#1355,#1356,#1357));
#5240=EDGE_LOOP('',(#1358,#1359,#1360,#1361));
#5241=EDGE_LOOP('',(#1362,#1363,#1364,#1365));
#5242=EDGE_LOOP('',(#1366,#1367,#1368,#1369));
#5243=EDGE_LOOP('',(#1370,#1371,#1372,#1373,#1374,#1375,#1376,#1377,#1378,
#1379,#1380,#1381,#1382,#1383,#1384,#1385,#1386,#1387,#1388,#1389,#1390,
#1391,#1392,#1393,#1394,#1395,#1396));
#5244=EDGE_LOOP('',(#1397,#1398,#1399,#1400));
#5245=EDGE_LOOP('',(#1401,#1402,#1403,#1404));
#5246=EDGE_LOOP('',(#1405,#1406,#1407,#1408));
#5247=EDGE_LOOP('',(#1409,#1410,#1411,#1412));
#5248=EDGE_LOOP('',(#1413,#1414,#1415,#1416));
#5249=EDGE_LOOP('',(#1417,#1418,#1419,#1420));
#5250=EDGE_LOOP('',(#1421,#1422,#1423,#1424));
#5251=EDGE_LOOP('',(#1425,#1426,#1427,#1428));
#5252=EDGE_LOOP('',(#1429,#1430,#1431,#1432));
#5253=EDGE_LOOP('',(#1433,#1434,#1435,#1436));
#5254=EDGE_LOOP('',(#1437,#1438,#1439,#1440));
#5255=EDGE_LOOP('',(#1441,#1442,#1443,#1444));
#5256=EDGE_LOOP('',(#1445,#1446,#1447,#1448));
#5257=EDGE_LOOP('',(#1449,#1450,#1451,#1452));
#5258=EDGE_LOOP('',(#1453,#1454,#1455,#1456));
#5259=EDGE_LOOP('',(#1457,#1458,#1459,#1460));
#5260=EDGE_LOOP('',(#1461,#1462,#1463,#1464));
#5261=EDGE_LOOP('',(#1465,#1466,#1467,#1468));
#5262=EDGE_LOOP('',(#1469,#1470,#1471,#1472));
#5263=EDGE_LOOP('',(#1473,#1474,#1475,#1476));
#5264=EDGE_LOOP('',(#1477,#1478,#1479,#1480));
#5265=EDGE_LOOP('',(#1481,#1482,#1483,#1484));
#5266=EDGE_LOOP('',(#1485,#1486,#1487,#1488));
#5267=EDGE_LOOP('',(#1489,#1490,#1491,#1492));
#5268=EDGE_LOOP('',(#1493,#1494,#1495,#1496));
#5269=EDGE_LOOP('',(#1497,#1498,#1499,#1500));
#5270=EDGE_LOOP('',(#1501,#1502,#1503,#1504));
#5271=EDGE_LOOP('',(#1505,#1506,#1507,#1508,#1509,#1510,#1511,#1512,#1513,
#1514,#1515,#1516,#1517,#1518,#1519,#1520,#1521,#1522,#1523,#1524,#1525,
#1526,#1527,#1528,#1529,#1530,#1531));
#5272=EDGE_LOOP('',(#1532,#1533,#1534,#1535));
#5273=EDGE_LOOP('',(#1536,#1537,#1538,#1539));
#5274=EDGE_LOOP('',(#1540,#1541,#1542,#1543));
#5275=EDGE_LOOP('',(#1544,#1545,#1546,#1547));
#5276=EDGE_LOOP('',(#1548,#1549,#1550,#1551));
#5277=EDGE_LOOP('',(#1552,#1553,#1554,#1555));
#5278=EDGE_LOOP('',(#1556,#1557,#1558,#1559));
#5279=EDGE_LOOP('',(#1560,#1561,#1562,#1563));
#5280=EDGE_LOOP('',(#1564,#1565,#1566,#1567));
#5281=EDGE_LOOP('',(#1568,#1569,#1570,#1571));
#5282=EDGE_LOOP('',(#1572,#1573,#1574,#1575));
#5283=EDGE_LOOP('',(#1576,#1577,#1578,#1579));
#5284=EDGE_LOOP('',(#1580,#1581,#1582,#1583));
#5285=EDGE_LOOP('',(#1584,#1585,#1586,#1587,#1588,#1589,#1590,#1591,#1592,
#1593,#1594,#1595,#1596));
#5286=EDGE_LOOP('',(#1597,#1598,#1599,#1600));
#5287=EDGE_LOOP('',(#1601,#1602,#1603,#1604));
#5288=EDGE_LOOP('',(#1605,#1606,#1607,#1608));
#5289=EDGE_LOOP('',(#1609,#1610,#1611,#1612));
#5290=EDGE_LOOP('',(#1613,#1614,#1615,#1616));
#5291=EDGE_LOOP('',(#1617,#1618,#1619,#1620));
#5292=EDGE_LOOP('',(#1621,#1622,#1623,#1624));
#5293=EDGE_LOOP('',(#1625,#1626,#1627,#1628));
#5294=EDGE_LOOP('',(#1629,#1630,#1631,#1632));
#5295=EDGE_LOOP('',(#1633,#1634,#1635,#1636));
#5296=EDGE_LOOP('',(#1637,#1638,#1639,#1640));
#5297=EDGE_LOOP('',(#1641,#1642,#1643,#1644));
#5298=EDGE_LOOP('',(#1645,#1646,#1647,#1648));
#5299=EDGE_LOOP('',(#1649,#1650,#1651,#1652,#1653,#1654,#1655,#1656,#1657,
#1658,#1659,#1660,#1661));
#5300=EDGE_LOOP('',(#1662,#1663,#1664,#1665));
#5301=EDGE_LOOP('',(#1666,#1667,#1668,#1669));
#5302=EDGE_LOOP('',(#1670,#1671,#1672,#1673));
#5303=EDGE_LOOP('',(#1674,#1675,#1676,#1677));
#5304=EDGE_LOOP('',(#1678,#1679,#1680,#1681));
#5305=EDGE_LOOP('',(#1682,#1683,#1684,#1685));
#5306=EDGE_LOOP('',(#1686,#1687,#1688,#1689));
#5307=EDGE_LOOP('',(#1690,#1691,#1692,#1693));
#5308=EDGE_LOOP('',(#1694,#1695,#1696,#1697));
#5309=EDGE_LOOP('',(#1698,#1699,#1700,#1701));
#5310=EDGE_LOOP('',(#1702,#1703,#1704,#1705));
#5311=EDGE_LOOP('',(#1706,#1707,#1708,#1709));
#5312=EDGE_LOOP('',(#1710,#1711,#1712,#1713,#1714,#1715,#1716,#1717,#1718,
#1719,#1720,#1721));
#5313=EDGE_LOOP('',(#1722,#1723,#1724,#1725));
#5314=EDGE_LOOP('',(#1726,#1727,#1728,#1729));
#5315=EDGE_LOOP('',(#1730,#1731,#1732,#1733));
#5316=EDGE_LOOP('',(#1734,#1735,#1736,#1737));
#5317=EDGE_LOOP('',(#1738,#1739,#1740,#1741));
#5318=EDGE_LOOP('',(#1742,#1743,#1744,#1745));
#5319=EDGE_LOOP('',(#1746,#1747,#1748,#1749));
#5320=EDGE_LOOP('',(#1750,#1751,#1752,#1753));
#5321=EDGE_LOOP('',(#1754,#1755,#1756,#1757));
#5322=EDGE_LOOP('',(#1758,#1759,#1760,#1761));
#5323=EDGE_LOOP('',(#1762,#1763,#1764,#1765));
#5324=EDGE_LOOP('',(#1766,#1767,#1768,#1769));
#5325=EDGE_LOOP('',(#1770,#1771,#1772,#1773));
#5326=EDGE_LOOP('',(#1774,#1775,#1776,#1777));
#5327=EDGE_LOOP('',(#1778,#1779,#1780,#1781));
#5328=EDGE_LOOP('',(#1782,#1783,#1784,#1785));
#5329=EDGE_LOOP('',(#1786,#1787,#1788,#1789,#1790,#1791,#1792,#1793,#1794));
#5330=EDGE_LOOP('',(#1795,#1796,#1797,#1798,#1799,#1800,#1801));
#5331=EDGE_LOOP('',(#1802,#1803,#1804,#1805));
#5332=EDGE_LOOP('',(#1806,#1807,#1808,#1809));
#5333=EDGE_LOOP('',(#1810,#1811,#1812,#1813));
#5334=EDGE_LOOP('',(#1814,#1815,#1816,#1817));
#5335=EDGE_LOOP('',(#1818,#1819,#1820,#1821));
#5336=EDGE_LOOP('',(#1822,#1823,#1824,#1825));
#5337=EDGE_LOOP('',(#1826,#1827,#1828,#1829));
#5338=EDGE_LOOP('',(#1830,#1831,#1832,#1833));
#5339=EDGE_LOOP('',(#1834,#1835,#1836,#1837));
#5340=EDGE_LOOP('',(#1838,#1839,#1840,#1841));
#5341=EDGE_LOOP('',(#1842,#1843,#1844,#1845));
#5342=EDGE_LOOP('',(#1846,#1847,#1848,#1849));
#5343=EDGE_LOOP('',(#1850,#1851,#1852,#1853));
#5344=EDGE_LOOP('',(#1854,#1855,#1856,#1857));
#5345=EDGE_LOOP('',(#1858,#1859,#1860,#1861));
#5346=EDGE_LOOP('',(#1862,#1863,#1864,#1865));
#5347=EDGE_LOOP('',(#1866,#1867,#1868,#1869));
#5348=EDGE_LOOP('',(#1870,#1871,#1872,#1873));
#5349=EDGE_LOOP('',(#1874,#1875,#1876,#1877));
#5350=EDGE_LOOP('',(#1878,#1879,#1880,#1881));
#5351=EDGE_LOOP('',(#1882,#1883,#1884,#1885));
#5352=EDGE_LOOP('',(#1886,#1887,#1888,#1889));
#5353=EDGE_LOOP('',(#1890,#1891,#1892,#1893));
#5354=EDGE_LOOP('',(#1894,#1895,#1896,#1897));
#5355=EDGE_LOOP('',(#1898,#1899,#1900,#1901,#1902,#1903,#1904,#1905,#1906,
#1907,#1908,#1909));
#5356=EDGE_LOOP('',(#1910,#1911,#1912,#1913,#1914,#1915,#1916,#1917,#1918,
#1919,#1920,#1921));
#5357=EDGE_LOOP('',(#1922,#1923,#1924,#1925));
#5358=EDGE_LOOP('',(#1926,#1927,#1928,#1929));
#5359=EDGE_LOOP('',(#1930,#1931,#1932,#1933));
#5360=EDGE_LOOP('',(#1934,#1935,#1936,#1937));
#5361=EDGE_LOOP('',(#1938,#1939,#1940,#1941));
#5362=EDGE_LOOP('',(#1942,#1943,#1944,#1945));
#5363=EDGE_LOOP('',(#1946,#1947,#1948,#1949));
#5364=EDGE_LOOP('',(#1950,#1951,#1952,#1953));
#5365=EDGE_LOOP('',(#1954,#1955,#1956,#1957));
#5366=EDGE_LOOP('',(#1958,#1959,#1960,#1961));
#5367=EDGE_LOOP('',(#1962,#1963,#1964,#1965));
#5368=EDGE_LOOP('',(#1966,#1967,#1968,#1969));
#5369=EDGE_LOOP('',(#1970,#1971,#1972,#1973));
#5370=EDGE_LOOP('',(#1974,#1975,#1976,#1977));
#5371=EDGE_LOOP('',(#1978,#1979,#1980,#1981));
#5372=EDGE_LOOP('',(#1982,#1983,#1984,#1985));
#5373=EDGE_LOOP('',(#1986,#1987,#1988,#1989));
#5374=EDGE_LOOP('',(#1990,#1991,#1992,#1993));
#5375=EDGE_LOOP('',(#1994,#1995,#1996,#1997));
#5376=EDGE_LOOP('',(#1998,#1999,#2000,#2001));
#5377=EDGE_LOOP('',(#2002,#2003,#2004,#2005));
#5378=EDGE_LOOP('',(#2006,#2007,#2008,#2009));
#5379=EDGE_LOOP('',(#2010,#2011,#2012,#2013));
#5380=EDGE_LOOP('',(#2014,#2015,#2016,#2017));
#5381=EDGE_LOOP('',(#2018,#2019,#2020,#2021));
#5382=EDGE_LOOP('',(#2022,#2023,#2024,#2025));
#5383=EDGE_LOOP('',(#2026,#2027,#2028,#2029));
#5384=EDGE_LOOP('',(#2030,#2031,#2032,#2033));
#5385=EDGE_LOOP('',(#2034,#2035,#2036,#2037));
#5386=EDGE_LOOP('',(#2038,#2039,#2040,#2041));
#5387=EDGE_LOOP('',(#2042,#2043,#2044,#2045));
#5388=EDGE_LOOP('',(#2046,#2047,#2048,#2049));
#5389=EDGE_LOOP('',(#2050,#2051,#2052,#2053));
#5390=EDGE_LOOP('',(#2054,#2055,#2056,#2057));
#5391=EDGE_LOOP('',(#2058,#2059,#2060,#2061,#2062,#2063,#2064,#2065,#2066,
#2067,#2068,#2069,#2070,#2071,#2072,#2073,#2074,#2075,#2076,#2077,#2078,
#2079));
#5392=EDGE_LOOP('',(#2080,#2081,#2082,#2083,#2084,#2085,#2086,#2087,#2088,
#2089,#2090,#2091));
#5393=EDGE_LOOP('',(#2092,#2093,#2094,#2095));
#5394=EDGE_LOOP('',(#2096,#2097,#2098,#2099));
#5395=EDGE_LOOP('',(#2100,#2101,#2102,#2103));
#5396=EDGE_LOOP('',(#2104,#2105,#2106,#2107));
#5397=EDGE_LOOP('',(#2108,#2109,#2110,#2111));
#5398=EDGE_LOOP('',(#2112,#2113,#2114,#2115));
#5399=EDGE_LOOP('',(#2116,#2117,#2118,#2119));
#5400=EDGE_LOOP('',(#2120,#2121,#2122,#2123));
#5401=EDGE_LOOP('',(#2124,#2125,#2126,#2127));
#5402=EDGE_LOOP('',(#2128,#2129,#2130,#2131));
#5403=EDGE_LOOP('',(#2132,#2133,#2134,#2135));
#5404=EDGE_LOOP('',(#2136,#2137,#2138,#2139));
#5405=EDGE_LOOP('',(#2140,#2141,#2142,#2143));
#5406=EDGE_LOOP('',(#2144,#2145,#2146,#2147));
#5407=EDGE_LOOP('',(#2148,#2149,#2150,#2151));
#5408=EDGE_LOOP('',(#2152,#2153,#2154,#2155));
#5409=EDGE_LOOP('',(#2156,#2157,#2158,#2159));
#5410=EDGE_LOOP('',(#2160,#2161,#2162,#2163));
#5411=EDGE_LOOP('',(#2164,#2165,#2166,#2167));
#5412=EDGE_LOOP('',(#2168,#2169,#2170,#2171));
#5413=EDGE_LOOP('',(#2172,#2173,#2174,#2175));
#5414=EDGE_LOOP('',(#2176,#2177,#2178,#2179));
#5415=EDGE_LOOP('',(#2180,#2181,#2182,#2183));
#5416=EDGE_LOOP('',(#2184,#2185,#2186,#2187));
#5417=EDGE_LOOP('',(#2188,#2189,#2190,#2191));
#5418=EDGE_LOOP('',(#2192,#2193,#2194,#2195));
#5419=EDGE_LOOP('',(#2196,#2197,#2198,#2199));
#5420=EDGE_LOOP('',(#2200,#2201,#2202,#2203,#2204,#2205,#2206,#2207,#2208,
#2209,#2210,#2211,#2212,#2213,#2214));
#5421=EDGE_LOOP('',(#2215,#2216,#2217,#2218,#2219,#2220,#2221,#2222,#2223,
#2224,#2225,#2226));
#5422=EDGE_LOOP('',(#2227,#2228,#2229,#2230));
#5423=EDGE_LOOP('',(#2231,#2232,#2233,#2234));
#5424=EDGE_LOOP('',(#2235,#2236,#2237,#2238));
#5425=EDGE_LOOP('',(#2239,#2240,#2241,#2242));
#5426=EDGE_LOOP('',(#2243,#2244,#2245,#2246));
#5427=EDGE_LOOP('',(#2247,#2248,#2249,#2250));
#5428=EDGE_LOOP('',(#2251,#2252,#2253,#2254));
#5429=EDGE_LOOP('',(#2255,#2256,#2257,#2258));
#5430=EDGE_LOOP('',(#2259,#2260,#2261,#2262));
#5431=EDGE_LOOP('',(#2263,#2264,#2265,#2266));
#5432=EDGE_LOOP('',(#2267,#2268,#2269,#2270));
#5433=EDGE_LOOP('',(#2271,#2272,#2273,#2274));
#5434=EDGE_LOOP('',(#2275,#2276,#2277,#2278));
#5435=EDGE_LOOP('',(#2279,#2280,#2281,#2282));
#5436=EDGE_LOOP('',(#2283,#2284,#2285,#2286));
#5437=EDGE_LOOP('',(#2287,#2288,#2289,#2290));
#5438=EDGE_LOOP('',(#2291,#2292,#2293,#2294));
#5439=EDGE_LOOP('',(#2295,#2296,#2297,#2298));
#5440=EDGE_LOOP('',(#2299,#2300,#2301,#2302));
#5441=EDGE_LOOP('',(#2303,#2304,#2305,#2306));
#5442=EDGE_LOOP('',(#2307,#2308,#2309,#2310));
#5443=EDGE_LOOP('',(#2311,#2312,#2313,#2314));
#5444=EDGE_LOOP('',(#2315,#2316,#2317,#2318));
#5445=EDGE_LOOP('',(#2319,#2320,#2321,#2322,#2323,#2324,#2325,#2326,#2327,
#2328,#2329,#2330,#2331,#2332,#2333,#2334,#2335,#2336));
#5446=EDGE_LOOP('',(#2337,#2338,#2339,#2340,#2341));
#5447=EDGE_LOOP('',(#2342,#2343,#2344,#2345));
#5448=EDGE_LOOP('',(#2346,#2347,#2348,#2349));
#5449=EDGE_LOOP('',(#2350,#2351,#2352,#2353));
#5450=EDGE_LOOP('',(#2354,#2355,#2356,#2357));
#5451=EDGE_LOOP('',(#2358,#2359,#2360,#2361));
#5452=EDGE_LOOP('',(#2362,#2363,#2364,#2365));
#5453=EDGE_LOOP('',(#2366,#2367,#2368,#2369));
#5454=EDGE_LOOP('',(#2370,#2371,#2372,#2373));
#5455=EDGE_LOOP('',(#2374,#2375,#2376,#2377));
#5456=EDGE_LOOP('',(#2378,#2379,#2380,#2381));
#5457=EDGE_LOOP('',(#2382,#2383,#2384,#2385));
#5458=EDGE_LOOP('',(#2386,#2387,#2388,#2389));
#5459=EDGE_LOOP('',(#2390,#2391,#2392,#2393,#2394,#2395,#2396,#2397,#2398,
#2399,#2400,#2401));
#5460=EDGE_LOOP('',(#2402,#2403,#2404,#2405,#2406,#2407,#2408,#2409,#2410,
#2411,#2412,#2413));
#5461=EDGE_LOOP('',(#2414,#2415,#2416,#2417,#2418));
#5462=EDGE_LOOP('',(#2419,#2420,#2421,#2422,#2423,#2424,#2425));
#5463=EDGE_LOOP('',(#2426,#2427,#2428,#2429,#2430,#2431,#2432,#2433,#2434,
#2435,#2436,#2437));
#5464=EDGE_LOOP('',(#2438,#2439,#2440,#2441,#2442,#2443,#2444,#2445,#2446,
#2447,#2448,#2449));
#5465=EDGE_LOOP('',(#2450,#2451,#2452,#2453,#2454,#2455,#2456,#2457,#2458,
#2459,#2460,#2461));
#5466=EDGE_LOOP('',(#2462,#2463,#2464,#2465,#2466));
#5467=FACE_BOUND('',#5104,.T.);
#5468=FACE_BOUND('',#5105,.T.);
#5469=FACE_BOUND('',#5106,.T.);
#5470=FACE_BOUND('',#5107,.T.);
#5471=FACE_BOUND('',#5108,.T.);
#5472=FACE_BOUND('',#5109,.T.);
#5473=FACE_BOUND('',#5110,.T.);
#5474=FACE_BOUND('',#5111,.T.);
#5475=FACE_BOUND('',#5112,.T.);
#5476=FACE_BOUND('',#5113,.T.);
#5477=FACE_BOUND('',#5114,.T.);
#5478=FACE_BOUND('',#5115,.T.);
#5479=FACE_BOUND('',#5116,.T.);
#5480=FACE_BOUND('',#5117,.T.);
#5481=FACE_BOUND('',#5118,.T.);
#5482=FACE_BOUND('',#5119,.T.);
#5483=FACE_BOUND('',#5120,.T.);
#5484=FACE_BOUND('',#5121,.T.);
#5485=FACE_BOUND('',#5122,.T.);
#5486=FACE_BOUND('',#5123,.T.);
#5487=FACE_BOUND('',#5124,.T.);
#5488=FACE_BOUND('',#5125,.T.);
#5489=FACE_BOUND('',#5126,.T.);
#5490=FACE_BOUND('',#5127,.T.);
#5491=FACE_BOUND('',#5128,.T.);
#5492=FACE_BOUND('',#5129,.T.);
#5493=FACE_BOUND('',#5130,.T.);
#5494=FACE_BOUND('',#5131,.T.);
#5495=FACE_BOUND('',#5132,.T.);
#5496=FACE_BOUND('',#5133,.T.);
#5497=FACE_BOUND('',#5134,.T.);
#5498=FACE_BOUND('',#5135,.T.);
#5499=FACE_BOUND('',#5136,.T.);
#5500=FACE_BOUND('',#5137,.T.);
#5501=FACE_BOUND('',#5138,.T.);
#5502=FACE_BOUND('',#5139,.T.);
#5503=FACE_BOUND('',#5140,.T.);
#5504=FACE_BOUND('',#5141,.T.);
#5505=FACE_BOUND('',#5142,.T.);
#5506=FACE_BOUND('',#5143,.T.);
#5507=FACE_BOUND('',#5144,.T.);
#5508=FACE_BOUND('',#5145,.T.);
#5509=FACE_BOUND('',#5146,.T.);
#5510=FACE_BOUND('',#5147,.T.);
#5511=FACE_BOUND('',#5148,.T.);
#5512=FACE_BOUND('',#5149,.T.);
#5513=FACE_BOUND('',#5150,.T.);
#5514=FACE_BOUND('',#5151,.T.);
#5515=FACE_BOUND('',#5152,.T.);
#5516=FACE_BOUND('',#5153,.T.);
#5517=FACE_BOUND('',#5154,.T.);
#5518=FACE_BOUND('',#5155,.T.);
#5519=FACE_BOUND('',#5156,.T.);
#5520=FACE_BOUND('',#5157,.T.);
#5521=FACE_BOUND('',#5158,.T.);
#5522=FACE_BOUND('',#5159,.T.);
#5523=FACE_BOUND('',#5160,.T.);
#5524=FACE_BOUND('',#5161,.T.);
#5525=FACE_BOUND('',#5162,.T.);
#5526=FACE_BOUND('',#5163,.T.);
#5527=FACE_BOUND('',#5164,.T.);
#5528=FACE_BOUND('',#5165,.T.);
#5529=FACE_BOUND('',#5166,.T.);
#5530=FACE_BOUND('',#5167,.T.);
#5531=FACE_BOUND('',#5168,.T.);
#5532=FACE_BOUND('',#5169,.T.);
#5533=FACE_BOUND('',#5170,.T.);
#5534=FACE_BOUND('',#5171,.T.);
#5535=FACE_BOUND('',#5172,.T.);
#5536=FACE_BOUND('',#5173,.T.);
#5537=FACE_BOUND('',#5174,.T.);
#5538=FACE_BOUND('',#5175,.T.);
#5539=FACE_BOUND('',#5176,.T.);
#5540=FACE_BOUND('',#5177,.T.);
#5541=FACE_BOUND('',#5178,.T.);
#5542=FACE_BOUND('',#5179,.T.);
#5543=FACE_BOUND('',#5180,.T.);
#5544=FACE_BOUND('',#5181,.T.);
#5545=FACE_BOUND('',#5182,.T.);
#5546=FACE_BOUND('',#5183,.T.);
#5547=FACE_BOUND('',#5184,.T.);
#5548=FACE_BOUND('',#5185,.T.);
#5549=FACE_BOUND('',#5186,.T.);
#5550=FACE_BOUND('',#5187,.T.);
#5551=FACE_BOUND('',#5188,.T.);
#5552=FACE_BOUND('',#5189,.T.);
#5553=FACE_BOUND('',#5190,.T.);
#5554=FACE_BOUND('',#5191,.T.);
#5555=FACE_BOUND('',#5192,.T.);
#5556=FACE_BOUND('',#5193,.T.);
#5557=FACE_BOUND('',#5194,.T.);
#5558=FACE_BOUND('',#5195,.T.);
#5559=FACE_BOUND('',#5196,.T.);
#5560=FACE_BOUND('',#5197,.T.);
#5561=FACE_BOUND('',#5198,.T.);
#5562=FACE_BOUND('',#5199,.T.);
#5563=FACE_BOUND('',#5200,.T.);
#5564=FACE_BOUND('',#5201,.T.);
#5565=FACE_BOUND('',#5202,.T.);
#5566=FACE_BOUND('',#5203,.T.);
#5567=FACE_BOUND('',#5204,.T.);
#5568=FACE_BOUND('',#5205,.T.);
#5569=FACE_BOUND('',#5206,.T.);
#5570=FACE_BOUND('',#5207,.T.);
#5571=FACE_BOUND('',#5208,.T.);
#5572=FACE_BOUND('',#5209,.T.);
#5573=FACE_BOUND('',#5210,.T.);
#5574=FACE_BOUND('',#5211,.T.);
#5575=FACE_BOUND('',#5212,.T.);
#5576=FACE_BOUND('',#5213,.T.);
#5577=FACE_BOUND('',#5214,.T.);
#5578=FACE_BOUND('',#5215,.T.);
#5579=FACE_BOUND('',#5216,.T.);
#5580=FACE_BOUND('',#5217,.T.);
#5581=FACE_BOUND('',#5218,.T.);
#5582=FACE_BOUND('',#5219,.T.);
#5583=FACE_BOUND('',#5220,.T.);
#5584=FACE_BOUND('',#5221,.T.);
#5585=FACE_BOUND('',#5222,.T.);
#5586=FACE_BOUND('',#5223,.T.);
#5587=FACE_BOUND('',#5224,.T.);
#5588=FACE_BOUND('',#5225,.T.);
#5589=FACE_BOUND('',#5226,.T.);
#5590=FACE_BOUND('',#5227,.T.);
#5591=FACE_BOUND('',#5228,.T.);
#5592=FACE_BOUND('',#5229,.T.);
#5593=FACE_BOUND('',#5230,.T.);
#5594=FACE_BOUND('',#5231,.T.);
#5595=FACE_BOUND('',#5232,.T.);
#5596=FACE_BOUND('',#5233,.T.);
#5597=FACE_BOUND('',#5234,.T.);
#5598=FACE_BOUND('',#5235,.T.);
#5599=FACE_BOUND('',#5236,.T.);
#5600=FACE_BOUND('',#5237,.T.);
#5601=FACE_BOUND('',#5238,.T.);
#5602=FACE_BOUND('',#5239,.T.);
#5603=FACE_BOUND('',#5240,.T.);
#5604=FACE_BOUND('',#5241,.T.);
#5605=FACE_BOUND('',#5242,.T.);
#5606=FACE_BOUND('',#5243,.T.);
#5607=FACE_BOUND('',#5244,.T.);
#5608=FACE_BOUND('',#5245,.T.);
#5609=FACE_BOUND('',#5246,.T.);
#5610=FACE_BOUND('',#5247,.T.);
#5611=FACE_BOUND('',#5248,.T.);
#5612=FACE_BOUND('',#5249,.T.);
#5613=FACE_BOUND('',#5250,.T.);
#5614=FACE_BOUND('',#5251,.T.);
#5615=FACE_BOUND('',#5252,.T.);
#5616=FACE_BOUND('',#5253,.T.);
#5617=FACE_BOUND('',#5254,.T.);
#5618=FACE_BOUND('',#5255,.T.);
#5619=FACE_BOUND('',#5256,.T.);
#5620=FACE_BOUND('',#5257,.T.);
#5621=FACE_BOUND('',#5258,.T.);
#5622=FACE_BOUND('',#5259,.T.);
#5623=FACE_BOUND('',#5260,.T.);
#5624=FACE_BOUND('',#5261,.T.);
#5625=FACE_BOUND('',#5262,.T.);
#5626=FACE_BOUND('',#5263,.T.);
#5627=FACE_BOUND('',#5264,.T.);
#5628=FACE_BOUND('',#5265,.T.);
#5629=FACE_BOUND('',#5266,.T.);
#5630=FACE_BOUND('',#5267,.T.);
#5631=FACE_BOUND('',#5268,.T.);
#5632=FACE_BOUND('',#5269,.T.);
#5633=FACE_BOUND('',#5270,.T.);
#5634=FACE_BOUND('',#5271,.T.);
#5635=FACE_BOUND('',#5272,.T.);
#5636=FACE_BOUND('',#5273,.T.);
#5637=FACE_BOUND('',#5274,.T.);
#5638=FACE_BOUND('',#5275,.T.);
#5639=FACE_BOUND('',#5276,.T.);
#5640=FACE_BOUND('',#5277,.T.);
#5641=FACE_BOUND('',#5278,.T.);
#5642=FACE_BOUND('',#5279,.T.);
#5643=FACE_BOUND('',#5280,.T.);
#5644=FACE_BOUND('',#5281,.T.);
#5645=FACE_BOUND('',#5282,.T.);
#5646=FACE_BOUND('',#5283,.T.);
#5647=FACE_BOUND('',#5284,.T.);
#5648=FACE_BOUND('',#5285,.T.);
#5649=FACE_BOUND('',#5286,.T.);
#5650=FACE_BOUND('',#5287,.T.);
#5651=FACE_BOUND('',#5288,.T.);
#5652=FACE_BOUND('',#5289,.T.);
#5653=FACE_BOUND('',#5290,.T.);
#5654=FACE_BOUND('',#5291,.T.);
#5655=FACE_BOUND('',#5292,.T.);
#5656=FACE_BOUND('',#5293,.T.);
#5657=FACE_BOUND('',#5294,.T.);
#5658=FACE_BOUND('',#5295,.T.);
#5659=FACE_BOUND('',#5296,.T.);
#5660=FACE_BOUND('',#5297,.T.);
#5661=FACE_BOUND('',#5298,.T.);
#5662=FACE_BOUND('',#5299,.T.);
#5663=FACE_BOUND('',#5300,.T.);
#5664=FACE_BOUND('',#5301,.T.);
#5665=FACE_BOUND('',#5302,.T.);
#5666=FACE_BOUND('',#5303,.T.);
#5667=FACE_BOUND('',#5304,.T.);
#5668=FACE_BOUND('',#5305,.T.);
#5669=FACE_BOUND('',#5306,.T.);
#5670=FACE_BOUND('',#5307,.T.);
#5671=FACE_BOUND('',#5308,.T.);
#5672=FACE_BOUND('',#5309,.T.);
#5673=FACE_BOUND('',#5310,.T.);
#5674=FACE_BOUND('',#5311,.T.);
#5675=FACE_BOUND('',#5312,.T.);
#5676=FACE_BOUND('',#5313,.T.);
#5677=FACE_BOUND('',#5314,.T.);
#5678=FACE_BOUND('',#5315,.T.);
#5679=FACE_BOUND('',#5316,.T.);
#5680=FACE_BOUND('',#5317,.T.);
#5681=FACE_BOUND('',#5318,.T.);
#5682=FACE_BOUND('',#5319,.T.);
#5683=FACE_BOUND('',#5320,.T.);
#5684=FACE_BOUND('',#5321,.T.);
#5685=FACE_BOUND('',#5322,.T.);
#5686=FACE_BOUND('',#5323,.T.);
#5687=FACE_BOUND('',#5324,.T.);
#5688=FACE_BOUND('',#5325,.T.);
#5689=FACE_BOUND('',#5326,.T.);
#5690=FACE_BOUND('',#5327,.T.);
#5691=FACE_BOUND('',#5328,.T.);
#5692=FACE_BOUND('',#5329,.T.);
#5693=FACE_BOUND('',#5330,.T.);
#5694=FACE_BOUND('',#5331,.T.);
#5695=FACE_BOUND('',#5332,.T.);
#5696=FACE_BOUND('',#5333,.T.);
#5697=FACE_BOUND('',#5334,.T.);
#5698=FACE_BOUND('',#5335,.T.);
#5699=FACE_BOUND('',#5336,.T.);
#5700=FACE_BOUND('',#5337,.T.);
#5701=FACE_BOUND('',#5338,.T.);
#5702=FACE_BOUND('',#5339,.T.);
#5703=FACE_BOUND('',#5340,.T.);
#5704=FACE_BOUND('',#5341,.T.);
#5705=FACE_BOUND('',#5342,.T.);
#5706=FACE_BOUND('',#5343,.T.);
#5707=FACE_BOUND('',#5344,.T.);
#5708=FACE_BOUND('',#5345,.T.);
#5709=FACE_BOUND('',#5346,.T.);
#5710=FACE_BOUND('',#5347,.T.);
#5711=FACE_BOUND('',#5348,.T.);
#5712=FACE_BOUND('',#5349,.T.);
#5713=FACE_BOUND('',#5350,.T.);
#5714=FACE_BOUND('',#5351,.T.);
#5715=FACE_BOUND('',#5352,.T.);
#5716=FACE_BOUND('',#5353,.T.);
#5717=FACE_BOUND('',#5354,.T.);
#5718=FACE_BOUND('',#5355,.T.);
#5719=FACE_BOUND('',#5356,.T.);
#5720=FACE_BOUND('',#5357,.T.);
#5721=FACE_BOUND('',#5358,.T.);
#5722=FACE_BOUND('',#5359,.T.);
#5723=FACE_BOUND('',#5360,.T.);
#5724=FACE_BOUND('',#5361,.T.);
#5725=FACE_BOUND('',#5362,.T.);
#5726=FACE_BOUND('',#5363,.T.);
#5727=FACE_BOUND('',#5364,.T.);
#5728=FACE_BOUND('',#5365,.T.);
#5729=FACE_BOUND('',#5366,.T.);
#5730=FACE_BOUND('',#5367,.T.);
#5731=FACE_BOUND('',#5368,.T.);
#5732=FACE_BOUND('',#5369,.T.);
#5733=FACE_BOUND('',#5370,.T.);
#5734=FACE_BOUND('',#5371,.T.);
#5735=FACE_BOUND('',#5372,.T.);
#5736=FACE_BOUND('',#5373,.T.);
#5737=FACE_BOUND('',#5374,.T.);
#5738=FACE_BOUND('',#5375,.T.);
#5739=FACE_BOUND('',#5376,.T.);
#5740=FACE_BOUND('',#5377,.T.);
#5741=FACE_BOUND('',#5378,.T.);
#5742=FACE_BOUND('',#5379,.T.);
#5743=FACE_BOUND('',#5380,.T.);
#5744=FACE_BOUND('',#5381,.T.);
#5745=FACE_BOUND('',#5382,.T.);
#5746=FACE_BOUND('',#5383,.T.);
#5747=FACE_BOUND('',#5384,.T.);
#5748=FACE_BOUND('',#5385,.T.);
#5749=FACE_BOUND('',#5386,.T.);
#5750=FACE_BOUND('',#5387,.T.);
#5751=FACE_BOUND('',#5388,.T.);
#5752=FACE_BOUND('',#5389,.T.);
#5753=FACE_BOUND('',#5390,.T.);
#5754=FACE_BOUND('',#5391,.T.);
#5755=FACE_BOUND('',#5392,.T.);
#5756=FACE_BOUND('',#5393,.T.);
#5757=FACE_BOUND('',#5394,.T.);
#5758=FACE_BOUND('',#5395,.T.);
#5759=FACE_BOUND('',#5396,.T.);
#5760=FACE_BOUND('',#5397,.T.);
#5761=FACE_BOUND('',#5398,.T.);
#5762=FACE_BOUND('',#5399,.T.);
#5763=FACE_BOUND('',#5400,.T.);
#5764=FACE_BOUND('',#5401,.T.);
#5765=FACE_BOUND('',#5402,.T.);
#5766=FACE_BOUND('',#5403,.T.);
#5767=FACE_BOUND('',#5404,.T.);
#5768=FACE_BOUND('',#5405,.T.);
#5769=FACE_BOUND('',#5406,.T.);
#5770=FACE_BOUND('',#5407,.T.);
#5771=FACE_BOUND('',#5408,.T.);
#5772=FACE_BOUND('',#5409,.T.);
#5773=FACE_BOUND('',#5410,.T.);
#5774=FACE_BOUND('',#5411,.T.);
#5775=FACE_BOUND('',#5412,.T.);
#5776=FACE_BOUND('',#5413,.T.);
#5777=FACE_BOUND('',#5414,.T.);
#5778=FACE_BOUND('',#5415,.T.);
#5779=FACE_BOUND('',#5416,.T.);
#5780=FACE_BOUND('',#5417,.T.);
#5781=FACE_BOUND('',#5418,.T.);
#5782=FACE_BOUND('',#5419,.T.);
#5783=FACE_BOUND('',#5420,.T.);
#5784=FACE_BOUND('',#5421,.T.);
#5785=FACE_BOUND('',#5422,.T.);
#5786=FACE_BOUND('',#5423,.T.);
#5787=FACE_BOUND('',#5424,.T.);
#5788=FACE_BOUND('',#5425,.T.);
#5789=FACE_BOUND('',#5426,.T.);
#5790=FACE_BOUND('',#5427,.T.);
#5791=FACE_BOUND('',#5428,.T.);
#5792=FACE_BOUND('',#5429,.T.);
#5793=FACE_BOUND('',#5430,.T.);
#5794=FACE_BOUND('',#5431,.T.);
#5795=FACE_BOUND('',#5432,.T.);
#5796=FACE_BOUND('',#5433,.T.);
#5797=FACE_BOUND('',#5434,.T.);
#5798=FACE_BOUND('',#5435,.T.);
#5799=FACE_BOUND('',#5436,.T.);
#5800=FACE_BOUND('',#5437,.T.);
#5801=FACE_BOUND('',#5438,.T.);
#5802=FACE_BOUND('',#5439,.T.);
#5803=FACE_BOUND('',#5440,.T.);
#5804=FACE_BOUND('',#5441,.T.);
#5805=FACE_BOUND('',#5442,.T.);
#5806=FACE_BOUND('',#5443,.T.);
#5807=FACE_BOUND('',#5444,.T.);
#5808=FACE_BOUND('',#5445,.T.);
#5809=FACE_BOUND('',#5446,.T.);
#5810=FACE_BOUND('',#5447,.T.);
#5811=FACE_BOUND('',#5448,.T.);
#5812=FACE_BOUND('',#5449,.T.);
#5813=FACE_BOUND('',#5450,.T.);
#5814=FACE_BOUND('',#5451,.T.);
#5815=FACE_BOUND('',#5452,.T.);
#5816=FACE_BOUND('',#5453,.T.);
#5817=FACE_BOUND('',#5454,.T.);
#5818=FACE_BOUND('',#5455,.T.);
#5819=FACE_BOUND('',#5456,.T.);
#5820=FACE_BOUND('',#5457,.T.);
#5821=FACE_BOUND('',#5458,.T.);
#5822=FACE_BOUND('',#5459,.T.);
#5823=FACE_BOUND('',#5460,.T.);
#5824=FACE_BOUND('',#5461,.T.);
#5825=FACE_BOUND('',#5462,.T.);
#5826=FACE_BOUND('',#5463,.T.);
#5827=FACE_BOUND('',#5464,.T.);
#5828=FACE_BOUND('',#5465,.T.);
#5829=FACE_BOUND('',#5466,.T.);
#5830=PLANE('',#8654);
#5831=PLANE('',#8682);
#5832=PLANE('',#8683);
#5833=PLANE('',#8684);
#5834=PLANE('',#8685);
#5835=PLANE('',#8686);
#5836=PLANE('',#8687);
#5837=PLANE('',#8688);
#5838=PLANE('',#8689);
#5839=PLANE('',#8690);
#5840=PLANE('',#8691);
#5841=PLANE('',#8692);
#5842=PLANE('',#8693);
#5843=PLANE('',#8694);
#5844=PLANE('',#8695);
#5845=PLANE('',#8696);
#5846=PLANE('',#8697);
#5847=PLANE('',#8698);
#5848=PLANE('',#8699);
#5849=PLANE('',#8700);
#5850=PLANE('',#8701);
#5851=PLANE('',#8702);
#5852=PLANE('',#8703);
#5853=PLANE('',#8704);
#5854=PLANE('',#8705);
#5855=PLANE('',#8712);
#5856=PLANE('',#8713);
#5857=PLANE('',#8714);
#5858=PLANE('',#8715);
#5859=PLANE('',#8718);
#5860=PLANE('',#8721);
#5861=PLANE('',#8726);
#5862=PLANE('',#8729);
#5863=PLANE('',#8730);
#5864=PLANE('',#8731);
#5865=PLANE('',#8732);
#5866=PLANE('',#8733);
#5867=PLANE('',#8738);
#5868=PLANE('',#8739);
#5869=PLANE('',#8740);
#5870=PLANE('',#8741);
#5871=PLANE('',#8742);
#5872=PLANE('',#8743);
#5873=PLANE('',#8744);
#5874=PLANE('',#8745);
#5875=PLANE('',#8746);
#5876=PLANE('',#8747);
#5877=PLANE('',#8748);
#5878=PLANE('',#8749);
#5879=PLANE('',#8750);
#5880=PLANE('',#8751);
#5881=PLANE('',#8752);
#5882=PLANE('',#8753);
#5883=PLANE('',#8754);
#5884=PLANE('',#8755);
#5885=PLANE('',#8756);
#5886=PLANE('',#8757);
#5887=PLANE('',#8758);
#5888=PLANE('',#8759);
#5889=PLANE('',#8760);
#5890=PLANE('',#8761);
#5891=PLANE('',#8762);
#5892=PLANE('',#8763);
#5893=PLANE('',#8766);
#5894=PLANE('',#8767);
#5895=PLANE('',#8768);
#5896=PLANE('',#8769);
#5897=PLANE('',#8770);
#5898=PLANE('',#8775);
#5899=PLANE('',#8776);
#5900=PLANE('',#8779);
#5901=PLANE('',#8780);
#5902=PLANE('',#8781);
#5903=PLANE('',#8782);
#5904=PLANE('',#8783);
#5905=PLANE('',#8788);
#5906=PLANE('',#8789);
#5907=PLANE('',#8790);
#5908=PLANE('',#8791);
#5909=PLANE('',#8792);
#5910=PLANE('',#8793);
#5911=PLANE('',#8794);
#5912=PLANE('',#8795);
#5913=PLANE('',#8796);
#5914=PLANE('',#8797);
#5915=PLANE('',#8798);
#5916=PLANE('',#8799);
#5917=PLANE('',#8800);
#5918=PLANE('',#8801);
#5919=PLANE('',#8802);
#5920=PLANE('',#8803);
#5921=PLANE('',#8804);
#5922=PLANE('',#8805);
#5923=PLANE('',#8806);
#5924=PLANE('',#8807);
#5925=PLANE('',#8808);
#5926=PLANE('',#8809);
#5927=PLANE('',#8810);
#5928=PLANE('',#8811);
#5929=PLANE('',#8812);
#5930=PLANE('',#8813);
#5931=PLANE('',#8814);
#5932=PLANE('',#8815);
#5933=PLANE('',#8822);
#5934=PLANE('',#8823);
#5935=PLANE('',#8824);
#5936=PLANE('',#8825);
#5937=PLANE('',#8828);
#5938=PLANE('',#8829);
#5939=PLANE('',#8830);
#5940=PLANE('',#8831);
#5941=PLANE('',#8838);
#5942=PLANE('',#8839);
#5943=PLANE('',#8840);
#5944=PLANE('',#8841);
#5945=PLANE('',#8844);
#5946=PLANE('',#8847);
#5947=PLANE('',#8852);
#5948=PLANE('',#8853);
#5949=PLANE('',#8854);
#5950=PLANE('',#8855);
#5951=PLANE('',#8856);
#5952=PLANE('',#8857);
#5953=PLANE('',#8858);
#5954=PLANE('',#8859);
#5955=PLANE('',#8860);
#5956=PLANE('',#8861);
#5957=PLANE('',#8862);
#5958=PLANE('',#8863);
#5959=PLANE('',#8864);
#5960=PLANE('',#8865);
#5961=PLANE('',#8866);
#5962=PLANE('',#8867);
#5963=PLANE('',#8868);
#5964=PLANE('',#8869);
#5965=PLANE('',#8870);
#5966=PLANE('',#8871);
#5967=PLANE('',#8872);
#5968=OVER_RIDING_STYLED_ITEM('',(#6639),#6302,#6637);
#5969=OVER_RIDING_STYLED_ITEM('',(#6640),#6303,#6637);
#5970=OVER_RIDING_STYLED_ITEM('',(#6641),#6304,#6637);
#5971=OVER_RIDING_STYLED_ITEM('',(#6642),#6305,#6637);
#5972=OVER_RIDING_STYLED_ITEM('',(#6643),#6306,#6637);
#5973=OVER_RIDING_STYLED_ITEM('',(#6644),#6307,#6637);
#5974=OVER_RIDING_STYLED_ITEM('',(#6645),#6308,#6637);
#5975=OVER_RIDING_STYLED_ITEM('',(#6646),#6309,#6637);
#5976=OVER_RIDING_STYLED_ITEM('',(#6647),#6310,#6637);
#5977=OVER_RIDING_STYLED_ITEM('',(#6648),#6311,#6637);
#5978=OVER_RIDING_STYLED_ITEM('',(#6649),#6312,#6637);
#5979=OVER_RIDING_STYLED_ITEM('',(#6650),#6313,#6637);
#5980=OVER_RIDING_STYLED_ITEM('',(#6651),#6314,#6637);
#5981=OVER_RIDING_STYLED_ITEM('',(#6652),#6315,#6637);
#5982=OVER_RIDING_STYLED_ITEM('',(#6653),#6316,#6637);
#5983=OVER_RIDING_STYLED_ITEM('',(#6654),#6317,#6637);
#5984=OVER_RIDING_STYLED_ITEM('',(#6655),#6318,#6637);
#5985=OVER_RIDING_STYLED_ITEM('',(#6656),#6319,#6637);
#5986=OVER_RIDING_STYLED_ITEM('',(#6657),#6320,#6637);
#5987=OVER_RIDING_STYLED_ITEM('',(#6658),#6321,#6637);
#5988=OVER_RIDING_STYLED_ITEM('',(#6659),#6322,#6637);
#5989=OVER_RIDING_STYLED_ITEM('',(#6660),#6323,#6637);
#5990=OVER_RIDING_STYLED_ITEM('',(#6661),#6324,#6637);
#5991=OVER_RIDING_STYLED_ITEM('',(#6662),#6325,#6637);
#5992=OVER_RIDING_STYLED_ITEM('',(#6663),#6326,#6637);
#5993=OVER_RIDING_STYLED_ITEM('',(#6664),#6327,#6637);
#5994=OVER_RIDING_STYLED_ITEM('',(#6665),#6328,#6637);
#5995=OVER_RIDING_STYLED_ITEM('',(#6666),#6329,#6637);
#5996=OVER_RIDING_STYLED_ITEM('',(#6667),#6330,#6637);
#5997=OVER_RIDING_STYLED_ITEM('',(#6668),#6331,#6637);
#5998=OVER_RIDING_STYLED_ITEM('',(#6669),#6332,#6637);
#5999=OVER_RIDING_STYLED_ITEM('',(#6670),#6333,#6637);
#6000=OVER_RIDING_STYLED_ITEM('',(#6671),#6334,#6637);
#6001=OVER_RIDING_STYLED_ITEM('',(#6672),#6335,#6637);
#6002=OVER_RIDING_STYLED_ITEM('',(#6673),#6336,#6637);
#6003=OVER_RIDING_STYLED_ITEM('',(#6674),#6337,#6637);
#6004=OVER_RIDING_STYLED_ITEM('',(#6675),#6338,#6637);
#6005=OVER_RIDING_STYLED_ITEM('',(#6676),#6339,#6637);
#6006=OVER_RIDING_STYLED_ITEM('',(#6677),#6340,#6637);
#6007=OVER_RIDING_STYLED_ITEM('',(#6678),#6341,#6637);
#6008=OVER_RIDING_STYLED_ITEM('',(#6679),#6342,#6637);
#6009=OVER_RIDING_STYLED_ITEM('',(#6680),#6343,#6637);
#6010=OVER_RIDING_STYLED_ITEM('',(#6681),#6344,#6637);
#6011=OVER_RIDING_STYLED_ITEM('',(#6682),#6345,#6637);
#6012=OVER_RIDING_STYLED_ITEM('',(#6683),#6346,#6637);
#6013=OVER_RIDING_STYLED_ITEM('',(#6684),#6347,#6637);
#6014=OVER_RIDING_STYLED_ITEM('',(#6685),#6348,#6637);
#6015=OVER_RIDING_STYLED_ITEM('',(#6686),#6349,#6637);
#6016=OVER_RIDING_STYLED_ITEM('',(#6687),#6350,#6637);
#6017=OVER_RIDING_STYLED_ITEM('',(#6688),#6351,#6637);
#6018=OVER_RIDING_STYLED_ITEM('',(#6689),#6352,#6637);
#6019=OVER_RIDING_STYLED_ITEM('',(#6690),#6353,#6637);
#6020=OVER_RIDING_STYLED_ITEM('',(#6691),#6354,#6637);
#6021=OVER_RIDING_STYLED_ITEM('',(#6692),#6355,#6637);
#6022=OVER_RIDING_STYLED_ITEM('',(#6693),#6356,#6637);
#6023=OVER_RIDING_STYLED_ITEM('',(#6694),#6357,#6637);
#6024=OVER_RIDING_STYLED_ITEM('',(#6695),#6358,#6637);
#6025=OVER_RIDING_STYLED_ITEM('',(#6696),#6359,#6637);
#6026=OVER_RIDING_STYLED_ITEM('',(#6697),#6360,#6637);
#6027=OVER_RIDING_STYLED_ITEM('',(#6698),#6361,#6637);
#6028=OVER_RIDING_STYLED_ITEM('',(#6699),#6362,#6637);
#6029=OVER_RIDING_STYLED_ITEM('',(#6700),#6363,#6637);
#6030=OVER_RIDING_STYLED_ITEM('',(#6701),#6364,#6637);
#6031=OVER_RIDING_STYLED_ITEM('',(#6702),#6365,#6637);
#6032=OVER_RIDING_STYLED_ITEM('',(#6703),#6366,#6637);
#6033=OVER_RIDING_STYLED_ITEM('',(#6704),#6367,#6637);
#6034=OVER_RIDING_STYLED_ITEM('',(#6705),#6368,#6637);
#6035=OVER_RIDING_STYLED_ITEM('',(#6706),#6369,#6637);
#6036=OVER_RIDING_STYLED_ITEM('',(#6707),#6370,#6637);
#6037=OVER_RIDING_STYLED_ITEM('',(#6708),#6371,#6637);
#6038=OVER_RIDING_STYLED_ITEM('',(#6709),#6372,#6637);
#6039=OVER_RIDING_STYLED_ITEM('',(#6710),#6373,#6637);
#6040=OVER_RIDING_STYLED_ITEM('',(#6711),#6374,#6637);
#6041=OVER_RIDING_STYLED_ITEM('',(#6712),#6375,#6637);
#6042=OVER_RIDING_STYLED_ITEM('',(#6713),#6376,#6637);
#6043=OVER_RIDING_STYLED_ITEM('',(#6714),#6377,#6637);
#6044=OVER_RIDING_STYLED_ITEM('',(#6715),#6378,#6637);
#6045=OVER_RIDING_STYLED_ITEM('',(#6716),#6379,#6637);
#6046=OVER_RIDING_STYLED_ITEM('',(#6717),#6380,#6637);
#6047=OVER_RIDING_STYLED_ITEM('',(#6718),#6381,#6637);
#6048=OVER_RIDING_STYLED_ITEM('',(#6719),#6382,#6637);
#6049=OVER_RIDING_STYLED_ITEM('',(#6720),#6383,#6637);
#6050=OVER_RIDING_STYLED_ITEM('',(#6721),#6384,#6637);
#6051=OVER_RIDING_STYLED_ITEM('',(#6722),#6385,#6637);
#6052=OVER_RIDING_STYLED_ITEM('',(#6723),#6386,#6637);
#6053=OVER_RIDING_STYLED_ITEM('',(#6724),#6387,#6637);
#6054=OVER_RIDING_STYLED_ITEM('',(#6725),#6388,#6637);
#6055=OVER_RIDING_STYLED_ITEM('',(#6726),#6389,#6637);
#6056=OVER_RIDING_STYLED_ITEM('',(#6727),#6390,#6637);
#6057=OVER_RIDING_STYLED_ITEM('',(#6728),#6391,#6637);
#6058=OVER_RIDING_STYLED_ITEM('',(#6729),#6392,#6637);
#6059=OVER_RIDING_STYLED_ITEM('',(#6730),#6393,#6637);
#6060=OVER_RIDING_STYLED_ITEM('',(#6731),#6394,#6637);
#6061=OVER_RIDING_STYLED_ITEM('',(#6732),#6395,#6637);
#6062=OVER_RIDING_STYLED_ITEM('',(#6733),#6396,#6637);
#6063=OVER_RIDING_STYLED_ITEM('',(#6734),#6397,#6637);
#6064=OVER_RIDING_STYLED_ITEM('',(#6735),#6398,#6637);
#6065=OVER_RIDING_STYLED_ITEM('',(#6736),#6399,#6637);
#6066=OVER_RIDING_STYLED_ITEM('',(#6737),#6400,#6637);
#6067=OVER_RIDING_STYLED_ITEM('',(#6738),#6401,#6637);
#6068=OVER_RIDING_STYLED_ITEM('',(#6739),#6402,#6637);
#6069=OVER_RIDING_STYLED_ITEM('',(#6740),#6403,#6637);
#6070=OVER_RIDING_STYLED_ITEM('',(#6741),#6404,#6637);
#6071=OVER_RIDING_STYLED_ITEM('',(#6742),#6405,#6637);
#6072=OVER_RIDING_STYLED_ITEM('',(#6743),#6406,#6637);
#6073=OVER_RIDING_STYLED_ITEM('',(#6744),#6407,#6637);
#6074=OVER_RIDING_STYLED_ITEM('',(#6745),#6408,#6637);
#6075=OVER_RIDING_STYLED_ITEM('',(#6746),#6409,#6637);
#6076=OVER_RIDING_STYLED_ITEM('',(#6747),#6410,#6637);
#6077=OVER_RIDING_STYLED_ITEM('',(#6748),#6411,#6637);
#6078=OVER_RIDING_STYLED_ITEM('',(#6749),#6412,#6637);
#6079=OVER_RIDING_STYLED_ITEM('',(#6750),#6413,#6637);
#6080=OVER_RIDING_STYLED_ITEM('',(#6751),#6414,#6637);
#6081=OVER_RIDING_STYLED_ITEM('',(#6752),#6415,#6637);
#6082=OVER_RIDING_STYLED_ITEM('',(#6753),#6416,#6637);
#6083=OVER_RIDING_STYLED_ITEM('',(#6754),#6417,#6637);
#6084=OVER_RIDING_STYLED_ITEM('',(#6755),#6418,#6637);
#6085=OVER_RIDING_STYLED_ITEM('',(#6756),#6419,#6637);
#6086=OVER_RIDING_STYLED_ITEM('',(#6757),#6420,#6637);
#6087=OVER_RIDING_STYLED_ITEM('',(#6758),#6421,#6637);
#6088=OVER_RIDING_STYLED_ITEM('',(#6759),#6422,#6637);
#6089=OVER_RIDING_STYLED_ITEM('',(#6760),#6423,#6637);
#6090=OVER_RIDING_STYLED_ITEM('',(#6761),#6424,#6637);
#6091=OVER_RIDING_STYLED_ITEM('',(#6762),#6425,#6637);
#6092=OVER_RIDING_STYLED_ITEM('',(#6763),#6426,#6637);
#6093=OVER_RIDING_STYLED_ITEM('',(#6764),#6427,#6637);
#6094=OVER_RIDING_STYLED_ITEM('',(#6765),#6428,#6637);
#6095=OVER_RIDING_STYLED_ITEM('',(#6766),#6429,#6637);
#6096=OVER_RIDING_STYLED_ITEM('',(#6767),#6430,#6637);
#6097=OVER_RIDING_STYLED_ITEM('',(#6768),#6431,#6637);
#6098=OVER_RIDING_STYLED_ITEM('',(#6769),#6432,#6637);
#6099=OVER_RIDING_STYLED_ITEM('',(#6770),#6433,#6637);
#6100=OVER_RIDING_STYLED_ITEM('',(#6771),#6434,#6637);
#6101=OVER_RIDING_STYLED_ITEM('',(#6772),#6435,#6637);
#6102=OVER_RIDING_STYLED_ITEM('',(#6773),#6436,#6637);
#6103=OVER_RIDING_STYLED_ITEM('',(#6774),#6437,#6637);
#6104=OVER_RIDING_STYLED_ITEM('',(#6775),#6438,#6637);
#6105=OVER_RIDING_STYLED_ITEM('',(#6776),#6439,#6637);
#6106=OVER_RIDING_STYLED_ITEM('',(#6777),#6440,#6637);
#6107=OVER_RIDING_STYLED_ITEM('',(#6778),#6441,#6637);
#6108=OVER_RIDING_STYLED_ITEM('',(#6779),#6442,#6637);
#6109=OVER_RIDING_STYLED_ITEM('',(#6780),#6443,#6637);
#6110=OVER_RIDING_STYLED_ITEM('',(#6781),#6444,#6637);
#6111=OVER_RIDING_STYLED_ITEM('',(#6782),#6445,#6637);
#6112=OVER_RIDING_STYLED_ITEM('',(#6783),#6446,#6637);
#6113=OVER_RIDING_STYLED_ITEM('',(#6784),#6447,#6637);
#6114=OVER_RIDING_STYLED_ITEM('',(#6785),#6448,#6637);
#6115=OVER_RIDING_STYLED_ITEM('',(#6786),#6449,#6637);
#6116=OVER_RIDING_STYLED_ITEM('',(#6787),#6450,#6637);
#6117=OVER_RIDING_STYLED_ITEM('',(#6788),#6451,#6637);
#6118=OVER_RIDING_STYLED_ITEM('',(#6789),#6452,#6637);
#6119=OVER_RIDING_STYLED_ITEM('',(#6790),#6453,#6637);
#6120=OVER_RIDING_STYLED_ITEM('',(#6791),#6454,#6637);
#6121=OVER_RIDING_STYLED_ITEM('',(#6792),#6455,#6637);
#6122=OVER_RIDING_STYLED_ITEM('',(#6793),#6456,#6637);
#6123=OVER_RIDING_STYLED_ITEM('',(#6794),#6457,#6637);
#6124=OVER_RIDING_STYLED_ITEM('',(#6795),#6458,#6637);
#6125=OVER_RIDING_STYLED_ITEM('',(#6796),#6459,#6637);
#6126=OVER_RIDING_STYLED_ITEM('',(#6797),#6460,#6637);
#6127=OVER_RIDING_STYLED_ITEM('',(#6798),#6461,#6637);
#6128=OVER_RIDING_STYLED_ITEM('',(#6799),#6462,#6637);
#6129=OVER_RIDING_STYLED_ITEM('',(#6800),#6463,#6637);
#6130=OVER_RIDING_STYLED_ITEM('',(#6801),#6464,#6637);
#6131=OVER_RIDING_STYLED_ITEM('',(#6802),#6465,#6637);
#6132=OVER_RIDING_STYLED_ITEM('',(#6803),#6466,#6637);
#6133=OVER_RIDING_STYLED_ITEM('',(#6804),#6467,#6637);
#6134=OVER_RIDING_STYLED_ITEM('',(#6805),#6468,#6637);
#6135=OVER_RIDING_STYLED_ITEM('',(#6806),#6469,#6637);
#6136=OVER_RIDING_STYLED_ITEM('',(#6807),#6470,#6637);
#6137=OVER_RIDING_STYLED_ITEM('',(#6808),#6471,#6637);
#6138=OVER_RIDING_STYLED_ITEM('',(#6809),#6472,#6637);
#6139=OVER_RIDING_STYLED_ITEM('',(#6810),#6473,#6637);
#6140=OVER_RIDING_STYLED_ITEM('',(#6811),#6474,#6637);
#6141=OVER_RIDING_STYLED_ITEM('',(#6812),#6475,#6637);
#6142=OVER_RIDING_STYLED_ITEM('',(#6813),#6476,#6637);
#6143=OVER_RIDING_STYLED_ITEM('',(#6814),#6477,#6637);
#6144=OVER_RIDING_STYLED_ITEM('',(#6815),#6478,#6637);
#6145=OVER_RIDING_STYLED_ITEM('',(#6816),#6479,#6637);
#6146=OVER_RIDING_STYLED_ITEM('',(#6817),#6480,#6637);
#6147=OVER_RIDING_STYLED_ITEM('',(#6818),#6481,#6637);
#6148=OVER_RIDING_STYLED_ITEM('',(#6819),#6482,#6637);
#6149=OVER_RIDING_STYLED_ITEM('',(#6820),#6483,#6637);
#6150=OVER_RIDING_STYLED_ITEM('',(#6821),#6484,#6637);
#6151=OVER_RIDING_STYLED_ITEM('',(#6822),#6485,#6637);
#6152=OVER_RIDING_STYLED_ITEM('',(#6823),#6486,#6637);
#6153=OVER_RIDING_STYLED_ITEM('',(#6824),#6487,#6637);
#6154=OVER_RIDING_STYLED_ITEM('',(#6825),#6488,#6637);
#6155=OVER_RIDING_STYLED_ITEM('',(#6826),#6489,#6637);
#6156=OVER_RIDING_STYLED_ITEM('',(#6827),#6490,#6637);
#6157=OVER_RIDING_STYLED_ITEM('',(#6828),#6491,#6637);
#6158=OVER_RIDING_STYLED_ITEM('',(#6829),#6492,#6637);
#6159=OVER_RIDING_STYLED_ITEM('',(#6830),#6493,#6637);
#6160=OVER_RIDING_STYLED_ITEM('',(#6831),#6494,#6637);
#6161=OVER_RIDING_STYLED_ITEM('',(#6832),#6495,#6637);
#6162=OVER_RIDING_STYLED_ITEM('',(#6833),#6496,#6637);
#6163=OVER_RIDING_STYLED_ITEM('',(#6834),#6497,#6637);
#6164=OVER_RIDING_STYLED_ITEM('',(#6835),#6498,#6637);
#6165=OVER_RIDING_STYLED_ITEM('',(#6836),#6499,#6637);
#6166=OVER_RIDING_STYLED_ITEM('',(#6837),#6500,#6637);
#6167=OVER_RIDING_STYLED_ITEM('',(#6838),#6501,#6637);
#6168=OVER_RIDING_STYLED_ITEM('',(#6839),#6502,#6637);
#6169=OVER_RIDING_STYLED_ITEM('',(#6840),#6503,#6637);
#6170=OVER_RIDING_STYLED_ITEM('',(#6841),#6504,#6637);
#6171=OVER_RIDING_STYLED_ITEM('',(#6842),#6505,#6637);
#6172=OVER_RIDING_STYLED_ITEM('',(#6843),#6506,#6637);
#6173=OVER_RIDING_STYLED_ITEM('',(#6844),#6507,#6637);
#6174=OVER_RIDING_STYLED_ITEM('',(#6845),#6508,#6637);
#6175=OVER_RIDING_STYLED_ITEM('',(#6846),#6509,#6637);
#6176=OVER_RIDING_STYLED_ITEM('',(#6847),#6510,#6637);
#6177=OVER_RIDING_STYLED_ITEM('',(#6848),#6511,#6637);
#6178=OVER_RIDING_STYLED_ITEM('',(#6849),#6512,#6637);
#6179=OVER_RIDING_STYLED_ITEM('',(#6850),#6513,#6637);
#6180=OVER_RIDING_STYLED_ITEM('',(#6851),#6514,#6637);
#6181=OVER_RIDING_STYLED_ITEM('',(#6852),#6515,#6637);
#6182=OVER_RIDING_STYLED_ITEM('',(#6853),#6516,#6637);
#6183=OVER_RIDING_STYLED_ITEM('',(#6854),#6517,#6637);
#6184=OVER_RIDING_STYLED_ITEM('',(#6855),#6518,#6637);
#6185=OVER_RIDING_STYLED_ITEM('',(#6856),#6519,#6637);
#6186=OVER_RIDING_STYLED_ITEM('',(#6857),#6520,#6637);
#6187=OVER_RIDING_STYLED_ITEM('',(#6858),#6521,#6637);
#6188=OVER_RIDING_STYLED_ITEM('',(#6859),#6522,#6637);
#6189=OVER_RIDING_STYLED_ITEM('',(#6860),#6523,#6637);
#6190=OVER_RIDING_STYLED_ITEM('',(#6861),#6524,#6637);
#6191=OVER_RIDING_STYLED_ITEM('',(#6862),#6525,#6637);
#6192=OVER_RIDING_STYLED_ITEM('',(#6863),#6526,#6637);
#6193=OVER_RIDING_STYLED_ITEM('',(#6864),#6527,#6637);
#6194=OVER_RIDING_STYLED_ITEM('',(#6865),#6528,#6637);
#6195=OVER_RIDING_STYLED_ITEM('',(#6866),#6529,#6637);
#6196=OVER_RIDING_STYLED_ITEM('',(#6867),#6530,#6637);
#6197=OVER_RIDING_STYLED_ITEM('',(#6868),#6531,#6637);
#6198=OVER_RIDING_STYLED_ITEM('',(#6869),#6532,#6637);
#6199=OVER_RIDING_STYLED_ITEM('',(#6870),#6533,#6637);
#6200=OVER_RIDING_STYLED_ITEM('',(#6871),#6534,#6637);
#6201=OVER_RIDING_STYLED_ITEM('',(#6872),#6535,#6637);
#6202=OVER_RIDING_STYLED_ITEM('',(#6873),#6536,#6637);
#6203=OVER_RIDING_STYLED_ITEM('',(#6874),#6537,#6637);
#6204=OVER_RIDING_STYLED_ITEM('',(#6875),#6538,#6637);
#6205=OVER_RIDING_STYLED_ITEM('',(#6876),#6539,#6637);
#6206=OVER_RIDING_STYLED_ITEM('',(#6877),#6540,#6637);
#6207=OVER_RIDING_STYLED_ITEM('',(#6878),#6541,#6637);
#6208=OVER_RIDING_STYLED_ITEM('',(#6879),#6542,#6637);
#6209=OVER_RIDING_STYLED_ITEM('',(#6880),#6543,#6637);
#6210=OVER_RIDING_STYLED_ITEM('',(#6881),#6544,#6637);
#6211=OVER_RIDING_STYLED_ITEM('',(#6882),#6545,#6637);
#6212=OVER_RIDING_STYLED_ITEM('',(#6883),#6546,#6637);
#6213=OVER_RIDING_STYLED_ITEM('',(#6884),#6547,#6637);
#6214=OVER_RIDING_STYLED_ITEM('',(#6885),#6548,#6637);
#6215=OVER_RIDING_STYLED_ITEM('',(#6886),#6549,#6637);
#6216=OVER_RIDING_STYLED_ITEM('',(#6887),#6550,#6637);
#6217=OVER_RIDING_STYLED_ITEM('',(#6888),#6551,#6637);
#6218=OVER_RIDING_STYLED_ITEM('',(#6889),#6552,#6637);
#6219=OVER_RIDING_STYLED_ITEM('',(#6890),#6553,#6637);
#6220=OVER_RIDING_STYLED_ITEM('',(#6891),#6554,#6637);
#6221=OVER_RIDING_STYLED_ITEM('',(#6892),#6555,#6637);
#6222=OVER_RIDING_STYLED_ITEM('',(#6893),#6556,#6637);
#6223=OVER_RIDING_STYLED_ITEM('',(#6894),#6557,#6637);
#6224=OVER_RIDING_STYLED_ITEM('',(#6895),#6558,#6637);
#6225=OVER_RIDING_STYLED_ITEM('',(#6896),#6559,#6637);
#6226=OVER_RIDING_STYLED_ITEM('',(#6897),#6560,#6637);
#6227=OVER_RIDING_STYLED_ITEM('',(#6898),#6561,#6637);
#6228=OVER_RIDING_STYLED_ITEM('',(#6899),#6562,#6637);
#6229=OVER_RIDING_STYLED_ITEM('',(#6900),#6563,#6637);
#6230=OVER_RIDING_STYLED_ITEM('',(#6901),#6564,#6637);
#6231=OVER_RIDING_STYLED_ITEM('',(#6902),#6565,#6637);
#6232=OVER_RIDING_STYLED_ITEM('',(#6903),#6566,#6637);
#6233=OVER_RIDING_STYLED_ITEM('',(#6904),#6567,#6637);
#6234=OVER_RIDING_STYLED_ITEM('',(#6905),#6568,#6637);
#6235=OVER_RIDING_STYLED_ITEM('',(#6906),#6569,#6637);
#6236=OVER_RIDING_STYLED_ITEM('',(#6907),#6570,#6637);
#6237=OVER_RIDING_STYLED_ITEM('',(#6908),#6571,#6637);
#6238=OVER_RIDING_STYLED_ITEM('',(#6909),#6572,#6637);
#6239=OVER_RIDING_STYLED_ITEM('',(#6910),#6573,#6637);
#6240=OVER_RIDING_STYLED_ITEM('',(#6911),#6574,#6637);
#6241=OVER_RIDING_STYLED_ITEM('',(#6912),#6575,#6637);
#6242=OVER_RIDING_STYLED_ITEM('',(#6913),#6576,#6637);
#6243=OVER_RIDING_STYLED_ITEM('',(#6914),#6577,#6637);
#6244=OVER_RIDING_STYLED_ITEM('',(#6915),#6578,#6637);
#6245=OVER_RIDING_STYLED_ITEM('',(#6916),#6579,#6637);
#6246=OVER_RIDING_STYLED_ITEM('',(#6917),#6580,#6637);
#6247=OVER_RIDING_STYLED_ITEM('',(#6918),#6581,#6637);
#6248=OVER_RIDING_STYLED_ITEM('',(#6919),#6582,#6637);
#6249=OVER_RIDING_STYLED_ITEM('',(#6920),#6583,#6637);
#6250=OVER_RIDING_STYLED_ITEM('',(#6921),#6584,#6637);
#6251=OVER_RIDING_STYLED_ITEM('',(#6922),#6585,#6637);
#6252=OVER_RIDING_STYLED_ITEM('',(#6923),#6586,#6637);
#6253=OVER_RIDING_STYLED_ITEM('',(#6924),#6587,#6637);
#6254=OVER_RIDING_STYLED_ITEM('',(#6925),#6588,#6637);
#6255=OVER_RIDING_STYLED_ITEM('',(#6926),#6589,#6637);
#6256=OVER_RIDING_STYLED_ITEM('',(#6927),#6590,#6637);
#6257=OVER_RIDING_STYLED_ITEM('',(#6928),#6591,#6637);
#6258=OVER_RIDING_STYLED_ITEM('',(#6929),#6592,#6637);
#6259=OVER_RIDING_STYLED_ITEM('',(#6930),#6593,#6637);
#6260=OVER_RIDING_STYLED_ITEM('',(#6931),#6594,#6637);
#6261=OVER_RIDING_STYLED_ITEM('',(#6932),#6595,#6637);
#6262=OVER_RIDING_STYLED_ITEM('',(#6933),#6596,#6637);
#6263=OVER_RIDING_STYLED_ITEM('',(#6934),#6597,#6637);
#6264=OVER_RIDING_STYLED_ITEM('',(#6935),#6598,#6637);
#6265=OVER_RIDING_STYLED_ITEM('',(#6936),#6599,#6637);
#6266=OVER_RIDING_STYLED_ITEM('',(#6937),#6600,#6637);
#6267=OVER_RIDING_STYLED_ITEM('',(#6938),#6601,#6637);
#6268=OVER_RIDING_STYLED_ITEM('',(#6939),#6602,#6637);
#6269=OVER_RIDING_STYLED_ITEM('',(#6940),#6603,#6637);
#6270=OVER_RIDING_STYLED_ITEM('',(#6941),#6604,#6637);
#6271=OVER_RIDING_STYLED_ITEM('',(#6942),#6605,#6637);
#6272=OVER_RIDING_STYLED_ITEM('',(#6943),#6606,#6637);
#6273=OVER_RIDING_STYLED_ITEM('',(#6944),#6607,#6637);
#6274=OVER_RIDING_STYLED_ITEM('',(#6945),#6608,#6637);
#6275=OVER_RIDING_STYLED_ITEM('',(#6946),#6609,#6637);
#6276=OVER_RIDING_STYLED_ITEM('',(#6947),#6610,#6637);
#6277=OVER_RIDING_STYLED_ITEM('',(#6948),#6611,#6637);
#6278=OVER_RIDING_STYLED_ITEM('',(#6949),#6612,#6637);
#6279=OVER_RIDING_STYLED_ITEM('',(#6950),#6613,#6637);
#6280=OVER_RIDING_STYLED_ITEM('',(#6951),#6614,#6637);
#6281=OVER_RIDING_STYLED_ITEM('',(#6952),#6615,#6637);
#6282=OVER_RIDING_STYLED_ITEM('',(#6953),#6616,#6637);
#6283=OVER_RIDING_STYLED_ITEM('',(#6954),#6617,#6637);
#6284=OVER_RIDING_STYLED_ITEM('',(#6955),#6618,#6637);
#6285=OVER_RIDING_STYLED_ITEM('',(#6956),#6619,#6637);
#6286=OVER_RIDING_STYLED_ITEM('',(#6957),#6620,#6637);
#6287=OVER_RIDING_STYLED_ITEM('',(#6958),#6621,#6637);
#6288=OVER_RIDING_STYLED_ITEM('',(#6959),#6622,#6637);
#6289=OVER_RIDING_STYLED_ITEM('',(#6960),#6623,#6637);
#6290=OVER_RIDING_STYLED_ITEM('',(#6961),#6624,#6637);
#6291=OVER_RIDING_STYLED_ITEM('',(#6962),#6625,#6637);
#6292=OVER_RIDING_STYLED_ITEM('',(#6963),#6626,#6637);
#6293=OVER_RIDING_STYLED_ITEM('',(#6964),#6627,#6637);
#6294=OVER_RIDING_STYLED_ITEM('',(#6965),#6628,#6637);
#6295=OVER_RIDING_STYLED_ITEM('',(#6966),#6629,#6637);
#6296=OVER_RIDING_STYLED_ITEM('',(#6967),#6630,#6637);
#6297=OVER_RIDING_STYLED_ITEM('',(#6968),#6631,#6637);
#6298=OVER_RIDING_STYLED_ITEM('',(#6969),#6632,#6637);
#6299=OVER_RIDING_STYLED_ITEM('',(#6970),#6633,#6637);
#6300=OVER_RIDING_STYLED_ITEM('',(#6971),#6634,#6637);
#6301=OVER_RIDING_STYLED_ITEM('',(#6972),#6635,#6637);
#6302=ADVANCED_FACE('Face appearance 2',(#5467,#5468,#5469,#5470,#5471,
#5472,#5473,#5474,#5475,#5476,#5477,#5478,#5479,#5480,#5481,#5482,#5483,
#5484,#5485),#5830,.T.);
#6303=ADVANCED_FACE('Face appearance 1',(#5486),#5831,.T.);
#6304=ADVANCED_FACE('Face appearance 1',(#5487),#5832,.F.);
#6305=ADVANCED_FACE('Face appearance 1',(#5488),#5833,.F.);
#6306=ADVANCED_FACE('Face appearance 1',(#5489),#5834,.T.);
#6307=ADVANCED_FACE('Face appearance 2',(#5490,#5491,#5492,#5493,#5494),
#5835,.F.);
#6308=ADVANCED_FACE('Face appearance 2',(#5495),#5836,.T.);
#6309=ADVANCED_FACE('Face appearance 2',(#5496),#5837,.F.);
#6310=ADVANCED_FACE('Face appearance 2',(#5497),#5838,.F.);
#6311=ADVANCED_FACE('Face appearance 2',(#5498),#5839,.T.);
#6312=ADVANCED_FACE('Face appearance 1',(#5499),#5840,.T.);
#6313=ADVANCED_FACE('Face appearance 1',(#5500),#5841,.F.);
#6314=ADVANCED_FACE('Face appearance 1',(#5501),#5842,.F.);
#6315=ADVANCED_FACE('Face appearance 1',(#5502),#5843,.T.);
#6316=ADVANCED_FACE('Face appearance 1',(#5503),#5844,.T.);
#6317=ADVANCED_FACE('Face appearance 1',(#5504),#5845,.F.);
#6318=ADVANCED_FACE('Face appearance 1',(#5505),#5846,.T.);
#6319=ADVANCED_FACE('Face appearance 1',(#5506),#5847,.T.);
#6320=ADVANCED_FACE('Face appearance 1',(#5507),#5848,.F.);
#6321=ADVANCED_FACE('Face appearance 1',(#5508),#5849,.T.);
#6322=ADVANCED_FACE('Face appearance 1',(#5509),#5850,.F.);
#6323=ADVANCED_FACE('Face appearance 1',(#5510),#5851,.F.);
#6324=ADVANCED_FACE('Face appearance 3',(#5511),#39,.T.);
#6325=ADVANCED_FACE('Face appearance 3',(#5512),#40,.T.);
#6326=ADVANCED_FACE('Face appearance 3',(#5513),#41,.T.);
#6327=ADVANCED_FACE('Face appearance 3',(#5514),#42,.T.);
#6328=ADVANCED_FACE('Face appearance 3',(#5515),#43,.T.);
#6329=ADVANCED_FACE('Face appearance 3',(#5516),#44,.T.);
#6330=ADVANCED_FACE('Face appearance 3',(#5517),#45,.T.);
#6331=ADVANCED_FACE('Face appearance 3',(#5518),#46,.T.);
#6332=ADVANCED_FACE('Face appearance 3',(#5519),#47,.T.);
#6333=ADVANCED_FACE('Face appearance 3',(#5520),#48,.T.);
#6334=ADVANCED_FACE('Face appearance 3',(#5521),#49,.T.);
#6335=ADVANCED_FACE('Face appearance 3',(#5522),#5852,.T.);
#6336=ADVANCED_FACE('Face appearance 3',(#5523),#5853,.T.);
#6337=ADVANCED_FACE('Face appearance 3',(#5524),#5854,.T.);
#6338=ADVANCED_FACE('Face appearance 3',(#5525),#12,.F.);
#6339=ADVANCED_FACE('Face appearance 3',(#5526),#50,.T.);
#6340=ADVANCED_FACE('Face appearance 3',(#5527),#51,.T.);
#6341=ADVANCED_FACE('Face appearance 3',(#5528),#52,.T.);
#6342=ADVANCED_FACE('Face appearance 3',(#5529),#53,.T.);
#6343=ADVANCED_FACE('Face appearance 3',(#5530),#54,.T.);
#6344=ADVANCED_FACE('Face appearance 3',(#5531),#55,.T.);
#6345=ADVANCED_FACE('Face appearance 3',(#5532),#56,.T.);
#6346=ADVANCED_FACE('Face appearance 3',(#5533),#13,.F.);
#6347=ADVANCED_FACE('Face appearance 3',(#5534),#14,.F.);
#6348=ADVANCED_FACE('Face appearance 3',(#5535),#5855,.T.);
#6349=ADVANCED_FACE('Face appearance 3',(#5536),#5856,.T.);
#6350=ADVANCED_FACE('Face appearance 3',(#5537),#57,.T.);
#6351=ADVANCED_FACE('Face appearance 3',(#5538,#5539),#5857,.T.);
#6352=ADVANCED_FACE('Face appearance 3',(#5540),#58,.T.);
#6353=ADVANCED_FACE('Face appearance 3',(#5541),#5858,.T.);
#6354=ADVANCED_FACE('Face appearance 3',(#5542),#59,.T.);
#6355=ADVANCED_FACE('Face appearance 3',(#5543),#60,.T.);
#6356=ADVANCED_FACE('Face appearance 3',(#5544),#61,.T.);
#6357=ADVANCED_FACE('Face appearance 3',(#5545),#62,.T.);
#6358=ADVANCED_FACE('Face appearance 3',(#5546),#63,.T.);
#6359=ADVANCED_FACE('Face appearance 3',(#5547),#64,.T.);
#6360=ADVANCED_FACE('Face appearance 3',(#5548),#65,.T.);
#6361=ADVANCED_FACE('Face appearance 3',(#5549),#66,.T.);
#6362=ADVANCED_FACE('Face appearance 3',(#5550),#67,.T.);
#6363=ADVANCED_FACE('Face appearance 3',(#5551),#68,.T.);
#6364=ADVANCED_FACE('Face appearance 3',(#5552),#15,.F.);
#6365=ADVANCED_FACE('Face appearance 3',(#5553),#5859,.T.);
#6366=ADVANCED_FACE('Face appearance 3',(#5554),#16,.T.);
#6367=ADVANCED_FACE('Face appearance 3',(#5555),#69,.T.);
#6368=ADVANCED_FACE('Face appearance 3',(#5556),#70,.T.);
#6369=ADVANCED_FACE('Face appearance 3',(#5557),#71,.T.);
#6370=ADVANCED_FACE('Face appearance 3',(#5558),#5860,.T.);
#6371=ADVANCED_FACE('Face appearance 3',(#5559),#17,.F.);
#6372=ADVANCED_FACE('Face appearance 3',(#5560),#72,.T.);
#6373=ADVANCED_FACE('Face appearance 3',(#5561),#18,.F.);
#6374=ADVANCED_FACE('Face appearance 3',(#5562),#73,.T.);
#6375=ADVANCED_FACE('Face appearance 3',(#5563,#5564),#5861,.T.);
#6376=ADVANCED_FACE('Face appearance 3',(#5565),#19,.F.);
#6377=ADVANCED_FACE('Face appearance 3',(#5566),#74,.T.);
#6378=ADVANCED_FACE('Face appearance 3',(#5567),#75,.T.);
#6379=ADVANCED_FACE('Face appearance 3',(#5568),#5862,.T.);
#6380=ADVANCED_FACE('Face appearance 3',(#5569),#5863,.T.);
#6381=ADVANCED_FACE('Face appearance 3',(#5570),#5864,.T.);
#6382=ADVANCED_FACE('Face appearance 3',(#5571),#5865,.T.);
#6383=ADVANCED_FACE('Face appearance 3',(#5572),#5866,.T.);
#6384=ADVANCED_FACE('Face appearance 3',(#5573),#76,.T.);
#6385=ADVANCED_FACE('Face appearance 3',(#5574),#77,.T.);
#6386=ADVANCED_FACE('Face appearance 3',(#5575),#20,.T.);
#6387=ADVANCED_FACE('Face appearance 3',(#5576),#21,.T.);
#6388=ADVANCED_FACE('Face appearance 3',(#5577),#5867,.T.);
#6389=ADVANCED_FACE('Face appearance 3',(#5578),#5868,.T.);
#6390=ADVANCED_FACE('Face appearance 3',(#5579),#78,.T.);
#6391=ADVANCED_FACE('Face appearance 3',(#5580),#79,.T.);
#6392=ADVANCED_FACE('Face appearance 3',(#5581),#80,.T.);
#6393=ADVANCED_FACE('Face appearance 3',(#5582),#81,.T.);
#6394=ADVANCED_FACE('Face appearance 3',(#5583),#82,.T.);
#6395=ADVANCED_FACE('Face appearance 3',(#5584),#83,.T.);
#6396=ADVANCED_FACE('Face appearance 3',(#5585),#84,.T.);
#6397=ADVANCED_FACE('Face appearance 3',(#5586),#5869,.T.);
#6398=ADVANCED_FACE('Face appearance 3',(#5587),#5870,.T.);
#6399=ADVANCED_FACE('Face appearance 3',(#5588),#5871,.T.);
#6400=ADVANCED_FACE('Face appearance 3',(#5589),#5872,.T.);
#6401=ADVANCED_FACE('Face appearance 3',(#5590),#5873,.T.);
#6402=ADVANCED_FACE('Face appearance 3',(#5591),#85,.T.);
#6403=ADVANCED_FACE('Face appearance 3',(#5592),#86,.T.);
#6404=ADVANCED_FACE('Face appearance 3',(#5593),#87,.T.);
#6405=ADVANCED_FACE('Face appearance 3',(#5594),#88,.T.);
#6406=ADVANCED_FACE('Face appearance 3',(#5595),#5874,.T.);
#6407=ADVANCED_FACE('Face appearance 3',(#5596),#5875,.T.);
#6408=ADVANCED_FACE('Face appearance 3',(#5597),#5876,.T.);
#6409=ADVANCED_FACE('Face appearance 3',(#5598),#89,.T.);
#6410=ADVANCED_FACE('Face appearance 3',(#5599),#90,.T.);
#6411=ADVANCED_FACE('Face appearance 3',(#5600),#91,.T.);
#6412=ADVANCED_FACE('Face appearance 3',(#5601),#92,.T.);
#6413=ADVANCED_FACE('Face appearance 3',(#5602),#5877,.T.);
#6414=ADVANCED_FACE('Face appearance 3',(#5603),#5878,.T.);
#6415=ADVANCED_FACE('Face appearance 3',(#5604),#5879,.T.);
#6416=ADVANCED_FACE('Face appearance 3',(#5605),#93,.T.);
#6417=ADVANCED_FACE('Face appearance 3',(#5606),#5880,.T.);
#6418=ADVANCED_FACE('Face appearance 3',(#5607),#94,.T.);
#6419=ADVANCED_FACE('Face appearance 3',(#5608),#95,.T.);
#6420=ADVANCED_FACE('Face appearance 3',(#5609),#96,.T.);
#6421=ADVANCED_FACE('Face appearance 3',(#5610),#97,.T.);
#6422=ADVANCED_FACE('Face appearance 3',(#5611),#98,.T.);
#6423=ADVANCED_FACE('Face appearance 3',(#5612),#99,.T.);
#6424=ADVANCED_FACE('Face appearance 3',(#5613),#100,.T.);
#6425=ADVANCED_FACE('Face appearance 3',(#5614),#5881,.T.);
#6426=ADVANCED_FACE('Face appearance 3',(#5615),#5882,.T.);
#6427=ADVANCED_FACE('Face appearance 3',(#5616),#5883,.T.);
#6428=ADVANCED_FACE('Face appearance 3',(#5617),#5884,.T.);
#6429=ADVANCED_FACE('Face appearance 3',(#5618),#5885,.T.);
#6430=ADVANCED_FACE('Face appearance 3',(#5619),#101,.T.);
#6431=ADVANCED_FACE('Face appearance 3',(#5620),#102,.T.);
#6432=ADVANCED_FACE('Face appearance 3',(#5621),#103,.T.);
#6433=ADVANCED_FACE('Face appearance 3',(#5622),#104,.T.);
#6434=ADVANCED_FACE('Face appearance 3',(#5623),#5886,.T.);
#6435=ADVANCED_FACE('Face appearance 3',(#5624),#5887,.T.);
#6436=ADVANCED_FACE('Face appearance 3',(#5625),#5888,.T.);
#6437=ADVANCED_FACE('Face appearance 3',(#5626),#105,.T.);
#6438=ADVANCED_FACE('Face appearance 3',(#5627),#106,.T.);
#6439=ADVANCED_FACE('Face appearance 3',(#5628),#107,.T.);
#6440=ADVANCED_FACE('Face appearance 3',(#5629),#108,.T.);
#6441=ADVANCED_FACE('Face appearance 3',(#5630),#5889,.T.);
#6442=ADVANCED_FACE('Face appearance 3',(#5631),#5890,.T.);
#6443=ADVANCED_FACE('Face appearance 3',(#5632),#5891,.T.);
#6444=ADVANCED_FACE('Face appearance 3',(#5633),#109,.T.);
#6445=ADVANCED_FACE('Face appearance 3',(#5634),#5892,.T.);
#6446=ADVANCED_FACE('Face appearance 3',(#5635),#22,.F.);
#6447=ADVANCED_FACE('Face appearance 3',(#5636),#110,.T.);
#6448=ADVANCED_FACE('Face appearance 3',(#5637),#111,.T.);
#6449=ADVANCED_FACE('Face appearance 3',(#5638),#5893,.T.);
#6450=ADVANCED_FACE('Face appearance 3',(#5639),#5894,.T.);
#6451=ADVANCED_FACE('Face appearance 3',(#5640),#5895,.T.);
#6452=ADVANCED_FACE('Face appearance 3',(#5641),#5896,.T.);
#6453=ADVANCED_FACE('Face appearance 3',(#5642),#5897,.T.);
#6454=ADVANCED_FACE('Face appearance 3',(#5643),#112,.T.);
#6455=ADVANCED_FACE('Face appearance 3',(#5644),#113,.T.);
#6456=ADVANCED_FACE('Face appearance 3',(#5645),#23,.T.);
#6457=ADVANCED_FACE('Face appearance 3',(#5646),#24,.T.);
#6458=ADVANCED_FACE('Face appearance 3',(#5647),#5898,.T.);
#6459=ADVANCED_FACE('Face appearance 3',(#5648),#5899,.T.);
#6460=ADVANCED_FACE('Face appearance 3',(#5649),#25,.F.);
#6461=ADVANCED_FACE('Face appearance 3',(#5650),#114,.T.);
#6462=ADVANCED_FACE('Face appearance 3',(#5651),#115,.T.);
#6463=ADVANCED_FACE('Face appearance 3',(#5652),#5900,.T.);
#6464=ADVANCED_FACE('Face appearance 3',(#5653),#5901,.T.);
#6465=ADVANCED_FACE('Face appearance 3',(#5654),#5902,.T.);
#6466=ADVANCED_FACE('Face appearance 3',(#5655),#5903,.T.);
#6467=ADVANCED_FACE('Face appearance 3',(#5656),#5904,.T.);
#6468=ADVANCED_FACE('Face appearance 3',(#5657),#116,.T.);
#6469=ADVANCED_FACE('Face appearance 3',(#5658),#117,.T.);
#6470=ADVANCED_FACE('Face appearance 3',(#5659),#26,.T.);
#6471=ADVANCED_FACE('Face appearance 3',(#5660),#27,.T.);
#6472=ADVANCED_FACE('Face appearance 3',(#5661),#5905,.T.);
#6473=ADVANCED_FACE('Face appearance 3',(#5662),#5906,.T.);
#6474=ADVANCED_FACE('Face appearance 3',(#5663),#5907,.T.);
#6475=ADVANCED_FACE('Face appearance 3',(#5664),#5908,.T.);
#6476=ADVANCED_FACE('Face appearance 3',(#5665),#5909,.T.);
#6477=ADVANCED_FACE('Face appearance 3',(#5666),#5910,.T.);
#6478=ADVANCED_FACE('Face appearance 3',(#5667),#5911,.T.);
#6479=ADVANCED_FACE('Face appearance 3',(#5668),#5912,.T.);
#6480=ADVANCED_FACE('Face appearance 3',(#5669),#5913,.T.);
#6481=ADVANCED_FACE('Face appearance 3',(#5670),#5914,.T.);
#6482=ADVANCED_FACE('Face appearance 3',(#5671),#5915,.T.);
#6483=ADVANCED_FACE('Face appearance 3',(#5672),#5916,.T.);
#6484=ADVANCED_FACE('Face appearance 3',(#5673),#5917,.T.);
#6485=ADVANCED_FACE('Face appearance 3',(#5674),#5918,.T.);
#6486=ADVANCED_FACE('Face appearance 3',(#5675),#5919,.T.);
#6487=ADVANCED_FACE('Face appearance 3',(#5676),#118,.T.);
#6488=ADVANCED_FACE('Face appearance 3',(#5677),#5920,.T.);
#6489=ADVANCED_FACE('Face appearance 3',(#5678),#5921,.T.);
#6490=ADVANCED_FACE('Face appearance 3',(#5679),#5922,.T.);
#6491=ADVANCED_FACE('Face appearance 3',(#5680),#119,.T.);
#6492=ADVANCED_FACE('Face appearance 3',(#5681),#120,.T.);
#6493=ADVANCED_FACE('Face appearance 3',(#5682),#5923,.T.);
#6494=ADVANCED_FACE('Face appearance 3',(#5683),#5924,.T.);
#6495=ADVANCED_FACE('Face appearance 3',(#5684),#5925,.T.);
#6496=ADVANCED_FACE('Face appearance 3',(#5685),#5926,.T.);
#6497=ADVANCED_FACE('Face appearance 3',(#5686),#5927,.T.);
#6498=ADVANCED_FACE('Face appearance 3',(#5687),#121,.T.);
#6499=ADVANCED_FACE('Face appearance 3',(#5688),#122,.T.);
#6500=ADVANCED_FACE('Face appearance 3',(#5689),#123,.T.);
#6501=ADVANCED_FACE('Face appearance 3',(#5690),#124,.T.);
#6502=ADVANCED_FACE('Face appearance 3',(#5691),#125,.T.);
#6503=ADVANCED_FACE('Face appearance 3',(#5692,#5693),#5928,.T.);
#6504=ADVANCED_FACE('Face appearance 3',(#5694),#126,.T.);
#6505=ADVANCED_FACE('Face appearance 3',(#5695),#127,.T.);
#6506=ADVANCED_FACE('Face appearance 3',(#5696),#128,.T.);
#6507=ADVANCED_FACE('Face appearance 3',(#5697),#129,.T.);
#6508=ADVANCED_FACE('Face appearance 3',(#5698),#130,.T.);
#6509=ADVANCED_FACE('Face appearance 3',(#5699),#131,.T.);
#6510=ADVANCED_FACE('Face appearance 3',(#5700),#132,.T.);
#6511=ADVANCED_FACE('Face appearance 3',(#5701),#133,.T.);
#6512=ADVANCED_FACE('Face appearance 3',(#5702),#134,.T.);
#6513=ADVANCED_FACE('Face appearance 3',(#5703),#135,.T.);
#6514=ADVANCED_FACE('Face appearance 3',(#5704),#136,.T.);
#6515=ADVANCED_FACE('Face appearance 3',(#5705),#137,.T.);
#6516=ADVANCED_FACE('Face appearance 3',(#5706),#138,.T.);
#6517=ADVANCED_FACE('Face appearance 3',(#5707),#139,.T.);
#6518=ADVANCED_FACE('Face appearance 3',(#5708),#140,.T.);
#6519=ADVANCED_FACE('Face appearance 3',(#5709),#141,.T.);
#6520=ADVANCED_FACE('Face appearance 3',(#5710),#142,.T.);
#6521=ADVANCED_FACE('Face appearance 3',(#5711),#143,.T.);
#6522=ADVANCED_FACE('Face appearance 3',(#5712),#144,.T.);
#6523=ADVANCED_FACE('Face appearance 3',(#5713),#145,.T.);
#6524=ADVANCED_FACE('Face appearance 3',(#5714),#146,.T.);
#6525=ADVANCED_FACE('Face appearance 3',(#5715),#147,.T.);
#6526=ADVANCED_FACE('Face appearance 3',(#5716),#148,.T.);
#6527=ADVANCED_FACE('Face appearance 3',(#5717),#149,.T.);
#6528=ADVANCED_FACE('Face appearance 3',(#5718,#5719),#5929,.T.);
#6529=ADVANCED_FACE('Face appearance 3',(#5720),#150,.T.);
#6530=ADVANCED_FACE('Face appearance 3',(#5721),#151,.T.);
#6531=ADVANCED_FACE('Face appearance 3',(#5722),#152,.T.);
#6532=ADVANCED_FACE('Face appearance 3',(#5723),#153,.T.);
#6533=ADVANCED_FACE('Face appearance 3',(#5724),#154,.T.);
#6534=ADVANCED_FACE('Face appearance 3',(#5725),#155,.T.);
#6535=ADVANCED_FACE('Face appearance 3',(#5726),#156,.T.);
#6536=ADVANCED_FACE('Face appearance 3',(#5727),#157,.T.);
#6537=ADVANCED_FACE('Face appearance 3',(#5728),#158,.T.);
#6538=ADVANCED_FACE('Face appearance 3',(#5729),#159,.T.);
#6539=ADVANCED_FACE('Face appearance 3',(#5730),#160,.T.);
#6540=ADVANCED_FACE('Face appearance 3',(#5731),#5930,.T.);
#6541=ADVANCED_FACE('Face appearance 3',(#5732),#5931,.T.);
#6542=ADVANCED_FACE('Face appearance 3',(#5733),#5932,.T.);
#6543=ADVANCED_FACE('Face appearance 3',(#5734),#28,.F.);
#6544=ADVANCED_FACE('Face appearance 3',(#5735),#161,.T.);
#6545=ADVANCED_FACE('Face appearance 3',(#5736),#162,.T.);
#6546=ADVANCED_FACE('Face appearance 3',(#5737),#163,.T.);
#6547=ADVANCED_FACE('Face appearance 3',(#5738),#164,.T.);
#6548=ADVANCED_FACE('Face appearance 3',(#5739),#165,.T.);
#6549=ADVANCED_FACE('Face appearance 3',(#5740),#166,.T.);
#6550=ADVANCED_FACE('Face appearance 3',(#5741),#167,.T.);
#6551=ADVANCED_FACE('Face appearance 3',(#5742),#29,.F.);
#6552=ADVANCED_FACE('Face appearance 3',(#5743),#30,.F.);
#6553=ADVANCED_FACE('Face appearance 3',(#5744),#5933,.T.);
#6554=ADVANCED_FACE('Face appearance 3',(#5745),#168,.T.);
#6555=ADVANCED_FACE('Face appearance 3',(#5746),#169,.T.);
#6556=ADVANCED_FACE('Face appearance 3',(#5747),#5934,.T.);
#6557=ADVANCED_FACE('Face appearance 3',(#5748),#5935,.T.);
#6558=ADVANCED_FACE('Face appearance 3',(#5749),#5936,.T.);
#6559=ADVANCED_FACE('Face appearance 3',(#5750),#170,.T.);
#6560=ADVANCED_FACE('Face appearance 3',(#5751),#31,.F.);
#6561=ADVANCED_FACE('Face appearance 3',(#5752),#171,.T.);
#6562=ADVANCED_FACE('Face appearance 3',(#5753),#172,.T.);
#6563=ADVANCED_FACE('Face appearance 3',(#5754,#5755),#5937,.T.);
#6564=ADVANCED_FACE('Face appearance 3',(#5756),#173,.T.);
#6565=ADVANCED_FACE('Face appearance 3',(#5757),#174,.T.);
#6566=ADVANCED_FACE('Face appearance 3',(#5758),#175,.T.);
#6567=ADVANCED_FACE('Face appearance 3',(#5759),#176,.T.);
#6568=ADVANCED_FACE('Face appearance 3',(#5760),#177,.T.);
#6569=ADVANCED_FACE('Face appearance 3',(#5761),#178,.T.);
#6570=ADVANCED_FACE('Face appearance 3',(#5762),#179,.T.);
#6571=ADVANCED_FACE('Face appearance 3',(#5763),#180,.T.);
#6572=ADVANCED_FACE('Face appearance 3',(#5764),#181,.T.);
#6573=ADVANCED_FACE('Face appearance 3',(#5765),#182,.T.);
#6574=ADVANCED_FACE('Face appearance 3',(#5766),#183,.T.);
#6575=ADVANCED_FACE('Face appearance 3',(#5767),#5938,.T.);
#6576=ADVANCED_FACE('Face appearance 3',(#5768),#5939,.T.);
#6577=ADVANCED_FACE('Face appearance 3',(#5769),#5940,.T.);
#6578=ADVANCED_FACE('Face appearance 3',(#5770),#32,.F.);
#6579=ADVANCED_FACE('Face appearance 3',(#5771),#184,.T.);
#6580=ADVANCED_FACE('Face appearance 3',(#5772),#185,.T.);
#6581=ADVANCED_FACE('Face appearance 3',(#5773),#186,.T.);
#6582=ADVANCED_FACE('Face appearance 3',(#5774),#187,.T.);
#6583=ADVANCED_FACE('Face appearance 3',(#5775),#188,.T.);
#6584=ADVANCED_FACE('Face appearance 3',(#5776),#189,.T.);
#6585=ADVANCED_FACE('Face appearance 3',(#5777),#190,.T.);
#6586=ADVANCED_FACE('Face appearance 3',(#5778),#33,.F.);
#6587=ADVANCED_FACE('Face appearance 3',(#5779),#34,.F.);
#6588=ADVANCED_FACE('Face appearance 3',(#5780),#5941,.T.);
#6589=ADVANCED_FACE('Face appearance 3',(#5781),#5942,.T.);
#6590=ADVANCED_FACE('Face appearance 3',(#5782),#191,.T.);
#6591=ADVANCED_FACE('Face appearance 3',(#5783,#5784),#5943,.T.);
#6592=ADVANCED_FACE('Face appearance 3',(#5785),#192,.T.);
#6593=ADVANCED_FACE('Face appearance 3',(#5786),#5944,.T.);
#6594=ADVANCED_FACE('Face appearance 3',(#5787),#193,.T.);
#6595=ADVANCED_FACE('Face appearance 3',(#5788),#194,.T.);
#6596=ADVANCED_FACE('Face appearance 3',(#5789),#195,.T.);
#6597=ADVANCED_FACE('Face appearance 3',(#5790),#196,.T.);
#6598=ADVANCED_FACE('Face appearance 3',(#5791),#197,.T.);
#6599=ADVANCED_FACE('Face appearance 3',(#5792),#198,.T.);
#6600=ADVANCED_FACE('Face appearance 3',(#5793),#199,.T.);
#6601=ADVANCED_FACE('Face appearance 3',(#5794),#200,.T.);
#6602=ADVANCED_FACE('Face appearance 3',(#5795),#201,.T.);
#6603=ADVANCED_FACE('Face appearance 3',(#5796),#202,.T.);
#6604=ADVANCED_FACE('Face appearance 3',(#5797),#35,.F.);
#6605=ADVANCED_FACE('Face appearance 3',(#5798),#5945,.T.);
#6606=ADVANCED_FACE('Face appearance 3',(#5799),#36,.T.);
#6607=ADVANCED_FACE('Face appearance 3',(#5800),#203,.T.);
#6608=ADVANCED_FACE('Face appearance 3',(#5801),#204,.T.);
#6609=ADVANCED_FACE('Face appearance 3',(#5802),#205,.T.);
#6610=ADVANCED_FACE('Face appearance 3',(#5803),#5946,.T.);
#6611=ADVANCED_FACE('Face appearance 3',(#5804),#37,.F.);
#6612=ADVANCED_FACE('Face appearance 3',(#5805),#206,.T.);
#6613=ADVANCED_FACE('Face appearance 3',(#5806),#38,.F.);
#6614=ADVANCED_FACE('Face appearance 3',(#5807),#207,.T.);
#6615=ADVANCED_FACE('Face appearance 3',(#5808,#5809),#5947,.T.);
#6616=ADVANCED_FACE('Face appearance 3',(#5810),#5948,.T.);
#6617=ADVANCED_FACE('Face appearance 3',(#5811),#5949,.T.);
#6618=ADVANCED_FACE('Face appearance 3',(#5812),#5950,.T.);
#6619=ADVANCED_FACE('Face appearance 3',(#5813),#5951,.T.);
#6620=ADVANCED_FACE('Face appearance 3',(#5814),#5952,.T.);
#6621=ADVANCED_FACE('Face appearance 3',(#5815),#5953,.T.);
#6622=ADVANCED_FACE('Face appearance 3',(#5816),#5954,.T.);
#6623=ADVANCED_FACE('Face appearance 3',(#5817),#5955,.T.);
#6624=ADVANCED_FACE('Face appearance 3',(#5818),#5956,.T.);
#6625=ADVANCED_FACE('Face appearance 3',(#5819),#5957,.T.);
#6626=ADVANCED_FACE('Face appearance 3',(#5820),#5958,.T.);
#6627=ADVANCED_FACE('Face appearance 3',(#5821),#5959,.T.);
#6628=ADVANCED_FACE('Face appearance 3',(#5822),#5960,.T.);
#6629=ADVANCED_FACE('Face appearance 2',(#5823),#5961,.T.);
#6630=ADVANCED_FACE('Face appearance 2',(#5824),#5962,.T.);
#6631=ADVANCED_FACE('Face appearance 2',(#5825),#5963,.T.);
#6632=ADVANCED_FACE('Face appearance 2',(#5826),#5964,.T.);
#6633=ADVANCED_FACE('Face appearance 2',(#5827),#5965,.T.);
#6634=ADVANCED_FACE('Face appearance 2',(#5828),#5966,.T.);
#6635=ADVANCED_FACE('Face appearance 2',(#5829),#5967,.T.);
#6636=CLOSED_SHELL('',(#6302,#6303,#6304,#6305,#6306,#6307,#6308,#6309,
#6310,#6311,#6312,#6313,#6314,#6315,#6316,#6317,#6318,#6319,#6320,#6321,
#6322,#6323,#6324,#6325,#6326,#6327,#6328,#6329,#6330,#6331,#6332,#6333,
#6334,#6335,#6336,#6337,#6338,#6339,#6340,#6341,#6342,#6343,#6344,#6345,
#6346,#6347,#6348,#6349,#6350,#6351,#6352,#6353,#6354,#6355,#6356,#6357,
#6358,#6359,#6360,#6361,#6362,#6363,#6364,#6365,#6366,#6367,#6368,#6369,
#6370,#6371,#6372,#6373,#6374,#6375,#6376,#6377,#6378,#6379,#6380,#6381,
#6382,#6383,#6384,#6385,#6386,#6387,#6388,#6389,#6390,#6391,#6392,#6393,
#6394,#6395,#6396,#6397,#6398,#6399,#6400,#6401,#6402,#6403,#6404,#6405,
#6406,#6407,#6408,#6409,#6410,#6411,#6412,#6413,#6414,#6415,#6416,#6417,
#6418,#6419,#6420,#6421,#6422,#6423,#6424,#6425,#6426,#6427,#6428,#6429,
#6430,#6431,#6432,#6433,#6434,#6435,#6436,#6437,#6438,#6439,#6440,#6441,
#6442,#6443,#6444,#6445,#6446,#6447,#6448,#6449,#6450,#6451,#6452,#6453,
#6454,#6455,#6456,#6457,#6458,#6459,#6460,#6461,#6462,#6463,#6464,#6465,
#6466,#6467,#6468,#6469,#6470,#6471,#6472,#6473,#6474,#6475,#6476,#6477,
#6478,#6479,#6480,#6481,#6482,#6483,#6484,#6485,#6486,#6487,#6488,#6489,
#6490,#6491,#6492,#6493,#6494,#6495,#6496,#6497,#6498,#6499,#6500,#6501,
#6502,#6503,#6504,#6505,#6506,#6507,#6508,#6509,#6510,#6511,#6512,#6513,
#6514,#6515,#6516,#6517,#6518,#6519,#6520,#6521,#6522,#6523,#6524,#6525,
#6526,#6527,#6528,#6529,#6530,#6531,#6532,#6533,#6534,#6535,#6536,#6537,
#6538,#6539,#6540,#6541,#6542,#6543,#6544,#6545,#6546,#6547,#6548,#6549,
#6550,#6551,#6552,#6553,#6554,#6555,#6556,#6557,#6558,#6559,#6560,#6561,
#6562,#6563,#6564,#6565,#6566,#6567,#6568,#6569,#6570,#6571,#6572,#6573,
#6574,#6575,#6576,#6577,#6578,#6579,#6580,#6581,#6582,#6583,#6584,#6585,
#6586,#6587,#6588,#6589,#6590,#6591,#6592,#6593,#6594,#6595,#6596,#6597,
#6598,#6599,#6600,#6601,#6602,#6603,#6604,#6605,#6606,#6607,#6608,#6609,
#6610,#6611,#6612,#6613,#6614,#6615,#6616,#6617,#6618,#6619,#6620,#6621,
#6622,#6623,#6624,#6625,#6626,#6627,#6628,#6629,#6630,#6631,#6632,#6633,
#6634,#6635));
#6637=STYLED_ITEM('',(#6638),#8650);
#6638=PRESENTATION_STYLE_ASSIGNMENT((#6973));
#6639=PRESENTATION_STYLE_ASSIGNMENT((#6974));
#6640=PRESENTATION_STYLE_ASSIGNMENT((#6975));
#6641=PRESENTATION_STYLE_ASSIGNMENT((#6976));
#6642=PRESENTATION_STYLE_ASSIGNMENT((#6977));
#6643=PRESENTATION_STYLE_ASSIGNMENT((#6978));
#6644=PRESENTATION_STYLE_ASSIGNMENT((#6979));
#6645=PRESENTATION_STYLE_ASSIGNMENT((#6980));
#6646=PRESENTATION_STYLE_ASSIGNMENT((#6981));
#6647=PRESENTATION_STYLE_ASSIGNMENT((#6982));
#6648=PRESENTATION_STYLE_ASSIGNMENT((#6983));
#6649=PRESENTATION_STYLE_ASSIGNMENT((#6984));
#6650=PRESENTATION_STYLE_ASSIGNMENT((#6985));
#6651=PRESENTATION_STYLE_ASSIGNMENT((#6986));
#6652=PRESENTATION_STYLE_ASSIGNMENT((#6987));
#6653=PRESENTATION_STYLE_ASSIGNMENT((#6988));
#6654=PRESENTATION_STYLE_ASSIGNMENT((#6989));
#6655=PRESENTATION_STYLE_ASSIGNMENT((#6990));
#6656=PRESENTATION_STYLE_ASSIGNMENT((#6991));
#6657=PRESENTATION_STYLE_ASSIGNMENT((#6992));
#6658=PRESENTATION_STYLE_ASSIGNMENT((#6993));
#6659=PRESENTATION_STYLE_ASSIGNMENT((#6994));
#6660=PRESENTATION_STYLE_ASSIGNMENT((#6995));
#6661=PRESENTATION_STYLE_ASSIGNMENT((#6996));
#6662=PRESENTATION_STYLE_ASSIGNMENT((#6997));
#6663=PRESENTATION_STYLE_ASSIGNMENT((#6998));
#6664=PRESENTATION_STYLE_ASSIGNMENT((#6999));
#6665=PRESENTATION_STYLE_ASSIGNMENT((#7000));
#6666=PRESENTATION_STYLE_ASSIGNMENT((#7001));
#6667=PRESENTATION_STYLE_ASSIGNMENT((#7002));
#6668=PRESENTATION_STYLE_ASSIGNMENT((#7003));
#6669=PRESENTATION_STYLE_ASSIGNMENT((#7004));
#6670=PRESENTATION_STYLE_ASSIGNMENT((#7005));
#6671=PRESENTATION_STYLE_ASSIGNMENT((#7006));
#6672=PRESENTATION_STYLE_ASSIGNMENT((#7007));
#6673=PRESENTATION_STYLE_ASSIGNMENT((#7008));
#6674=PRESENTATION_STYLE_ASSIGNMENT((#7009));
#6675=PRESENTATION_STYLE_ASSIGNMENT((#7010));
#6676=PRESENTATION_STYLE_ASSIGNMENT((#7011));
#6677=PRESENTATION_STYLE_ASSIGNMENT((#7012));
#6678=PRESENTATION_STYLE_ASSIGNMENT((#7013));
#6679=PRESENTATION_STYLE_ASSIGNMENT((#7014));
#6680=PRESENTATION_STYLE_ASSIGNMENT((#7015));
#6681=PRESENTATION_STYLE_ASSIGNMENT((#7016));
#6682=PRESENTATION_STYLE_ASSIGNMENT((#7017));
#6683=PRESENTATION_STYLE_ASSIGNMENT((#7018));
#6684=PRESENTATION_STYLE_ASSIGNMENT((#7019));
#6685=PRESENTATION_STYLE_ASSIGNMENT((#7020));
#6686=PRESENTATION_STYLE_ASSIGNMENT((#7021));
#6687=PRESENTATION_STYLE_ASSIGNMENT((#7022));
#6688=PRESENTATION_STYLE_ASSIGNMENT((#7023));
#6689=PRESENTATION_STYLE_ASSIGNMENT((#7024));
#6690=PRESENTATION_STYLE_ASSIGNMENT((#7025));
#6691=PRESENTATION_STYLE_ASSIGNMENT((#7026));
#6692=PRESENTATION_STYLE_ASSIGNMENT((#7027));
#6693=PRESENTATION_STYLE_ASSIGNMENT((#7028));
#6694=PRESENTATION_STYLE_ASSIGNMENT((#7029));
#6695=PRESENTATION_STYLE_ASSIGNMENT((#7030));
#6696=PRESENTATION_STYLE_ASSIGNMENT((#7031));
#6697=PRESENTATION_STYLE_ASSIGNMENT((#7032));
#6698=PRESENTATION_STYLE_ASSIGNMENT((#7033));
#6699=PRESENTATION_STYLE_ASSIGNMENT((#7034));
#6700=PRESENTATION_STYLE_ASSIGNMENT((#7035));
#6701=PRESENTATION_STYLE_ASSIGNMENT((#7036));
#6702=PRESENTATION_STYLE_ASSIGNMENT((#7037));
#6703=PRESENTATION_STYLE_ASSIGNMENT((#7038));
#6704=PRESENTATION_STYLE_ASSIGNMENT((#7039));
#6705=PRESENTATION_STYLE_ASSIGNMENT((#7040));
#6706=PRESENTATION_STYLE_ASSIGNMENT((#7041));
#6707=PRESENTATION_STYLE_ASSIGNMENT((#7042));
#6708=PRESENTATION_STYLE_ASSIGNMENT((#7043));
#6709=PRESENTATION_STYLE_ASSIGNMENT((#7044));
#6710=PRESENTATION_STYLE_ASSIGNMENT((#7045));
#6711=PRESENTATION_STYLE_ASSIGNMENT((#7046));
#6712=PRESENTATION_STYLE_ASSIGNMENT((#7047));
#6713=PRESENTATION_STYLE_ASSIGNMENT((#7048));
#6714=PRESENTATION_STYLE_ASSIGNMENT((#7049));
#6715=PRESENTATION_STYLE_ASSIGNMENT((#7050));
#6716=PRESENTATION_STYLE_ASSIGNMENT((#7051));
#6717=PRESENTATION_STYLE_ASSIGNMENT((#7052));
#6718=PRESENTATION_STYLE_ASSIGNMENT((#7053));
#6719=PRESENTATION_STYLE_ASSIGNMENT((#7054));
#6720=PRESENTATION_STYLE_ASSIGNMENT((#7055));
#6721=PRESENTATION_STYLE_ASSIGNMENT((#7056));
#6722=PRESENTATION_STYLE_ASSIGNMENT((#7057));
#6723=PRESENTATION_STYLE_ASSIGNMENT((#7058));
#6724=PRESENTATION_STYLE_ASSIGNMENT((#7059));
#6725=PRESENTATION_STYLE_ASSIGNMENT((#7060));
#6726=PRESENTATION_STYLE_ASSIGNMENT((#7061));
#6727=PRESENTATION_STYLE_ASSIGNMENT((#7062));
#6728=PRESENTATION_STYLE_ASSIGNMENT((#7063));
#6729=PRESENTATION_STYLE_ASSIGNMENT((#7064));
#6730=PRESENTATION_STYLE_ASSIGNMENT((#7065));
#6731=PRESENTATION_STYLE_ASSIGNMENT((#7066));
#6732=PRESENTATION_STYLE_ASSIGNMENT((#7067));
#6733=PRESENTATION_STYLE_ASSIGNMENT((#7068));
#6734=PRESENTATION_STYLE_ASSIGNMENT((#7069));
#6735=PRESENTATION_STYLE_ASSIGNMENT((#7070));
#6736=PRESENTATION_STYLE_ASSIGNMENT((#7071));
#6737=PRESENTATION_STYLE_ASSIGNMENT((#7072));
#6738=PRESENTATION_STYLE_ASSIGNMENT((#7073));
#6739=PRESENTATION_STYLE_ASSIGNMENT((#7074));
#6740=PRESENTATION_STYLE_ASSIGNMENT((#7075));
#6741=PRESENTATION_STYLE_ASSIGNMENT((#7076));
#6742=PRESENTATION_STYLE_ASSIGNMENT((#7077));
#6743=PRESENTATION_STYLE_ASSIGNMENT((#7078));
#6744=PRESENTATION_STYLE_ASSIGNMENT((#7079));
#6745=PRESENTATION_STYLE_ASSIGNMENT((#7080));
#6746=PRESENTATION_STYLE_ASSIGNMENT((#7081));
#6747=PRESENTATION_STYLE_ASSIGNMENT((#7082));
#6748=PRESENTATION_STYLE_ASSIGNMENT((#7083));
#6749=PRESENTATION_STYLE_ASSIGNMENT((#7084));
#6750=PRESENTATION_STYLE_ASSIGNMENT((#7085));
#6751=PRESENTATION_STYLE_ASSIGNMENT((#7086));
#6752=PRESENTATION_STYLE_ASSIGNMENT((#7087));
#6753=PRESENTATION_STYLE_ASSIGNMENT((#7088));
#6754=PRESENTATION_STYLE_ASSIGNMENT((#7089));
#6755=PRESENTATION_STYLE_ASSIGNMENT((#7090));
#6756=PRESENTATION_STYLE_ASSIGNMENT((#7091));
#6757=PRESENTATION_STYLE_ASSIGNMENT((#7092));
#6758=PRESENTATION_STYLE_ASSIGNMENT((#7093));
#6759=PRESENTATION_STYLE_ASSIGNMENT((#7094));
#6760=PRESENTATION_STYLE_ASSIGNMENT((#7095));
#6761=PRESENTATION_STYLE_ASSIGNMENT((#7096));
#6762=PRESENTATION_STYLE_ASSIGNMENT((#7097));
#6763=PRESENTATION_STYLE_ASSIGNMENT((#7098));
#6764=PRESENTATION_STYLE_ASSIGNMENT((#7099));
#6765=PRESENTATION_STYLE_ASSIGNMENT((#7100));
#6766=PRESENTATION_STYLE_ASSIGNMENT((#7101));
#6767=PRESENTATION_STYLE_ASSIGNMENT((#7102));
#6768=PRESENTATION_STYLE_ASSIGNMENT((#7103));
#6769=PRESENTATION_STYLE_ASSIGNMENT((#7104));
#6770=PRESENTATION_STYLE_ASSIGNMENT((#7105));
#6771=PRESENTATION_STYLE_ASSIGNMENT((#7106));
#6772=PRESENTATION_STYLE_ASSIGNMENT((#7107));
#6773=PRESENTATION_STYLE_ASSIGNMENT((#7108));
#6774=PRESENTATION_STYLE_ASSIGNMENT((#7109));
#6775=PRESENTATION_STYLE_ASSIGNMENT((#7110));
#6776=PRESENTATION_STYLE_ASSIGNMENT((#7111));
#6777=PRESENTATION_STYLE_ASSIGNMENT((#7112));
#6778=PRESENTATION_STYLE_ASSIGNMENT((#7113));
#6779=PRESENTATION_STYLE_ASSIGNMENT((#7114));
#6780=PRESENTATION_STYLE_ASSIGNMENT((#7115));
#6781=PRESENTATION_STYLE_ASSIGNMENT((#7116));
#6782=PRESENTATION_STYLE_ASSIGNMENT((#7117));
#6783=PRESENTATION_STYLE_ASSIGNMENT((#7118));
#6784=PRESENTATION_STYLE_ASSIGNMENT((#7119));
#6785=PRESENTATION_STYLE_ASSIGNMENT((#7120));
#6786=PRESENTATION_STYLE_ASSIGNMENT((#7121));
#6787=PRESENTATION_STYLE_ASSIGNMENT((#7122));
#6788=PRESENTATION_STYLE_ASSIGNMENT((#7123));
#6789=PRESENTATION_STYLE_ASSIGNMENT((#7124));
#6790=PRESENTATION_STYLE_ASSIGNMENT((#7125));
#6791=PRESENTATION_STYLE_ASSIGNMENT((#7126));
#6792=PRESENTATION_STYLE_ASSIGNMENT((#7127));
#6793=PRESENTATION_STYLE_ASSIGNMENT((#7128));
#6794=PRESENTATION_STYLE_ASSIGNMENT((#7129));
#6795=PRESENTATION_STYLE_ASSIGNMENT((#7130));
#6796=PRESENTATION_STYLE_ASSIGNMENT((#7131));
#6797=PRESENTATION_STYLE_ASSIGNMENT((#7132));
#6798=PRESENTATION_STYLE_ASSIGNMENT((#7133));
#6799=PRESENTATION_STYLE_ASSIGNMENT((#7134));
#6800=PRESENTATION_STYLE_ASSIGNMENT((#7135));
#6801=PRESENTATION_STYLE_ASSIGNMENT((#7136));
#6802=PRESENTATION_STYLE_ASSIGNMENT((#7137));
#6803=PRESENTATION_STYLE_ASSIGNMENT((#7138));
#6804=PRESENTATION_STYLE_ASSIGNMENT((#7139));
#6805=PRESENTATION_STYLE_ASSIGNMENT((#7140));
#6806=PRESENTATION_STYLE_ASSIGNMENT((#7141));
#6807=PRESENTATION_STYLE_ASSIGNMENT((#7142));
#6808=PRESENTATION_STYLE_ASSIGNMENT((#7143));
#6809=PRESENTATION_STYLE_ASSIGNMENT((#7144));
#6810=PRESENTATION_STYLE_ASSIGNMENT((#7145));
#6811=PRESENTATION_STYLE_ASSIGNMENT((#7146));
#6812=PRESENTATION_STYLE_ASSIGNMENT((#7147));
#6813=PRESENTATION_STYLE_ASSIGNMENT((#7148));
#6814=PRESENTATION_STYLE_ASSIGNMENT((#7149));
#6815=PRESENTATION_STYLE_ASSIGNMENT((#7150));
#6816=PRESENTATION_STYLE_ASSIGNMENT((#7151));
#6817=PRESENTATION_STYLE_ASSIGNMENT((#7152));
#6818=PRESENTATION_STYLE_ASSIGNMENT((#7153));
#6819=PRESENTATION_STYLE_ASSIGNMENT((#7154));
#6820=PRESENTATION_STYLE_ASSIGNMENT((#7155));
#6821=PRESENTATION_STYLE_ASSIGNMENT((#7156));
#6822=PRESENTATION_STYLE_ASSIGNMENT((#7157));
#6823=PRESENTATION_STYLE_ASSIGNMENT((#7158));
#6824=PRESENTATION_STYLE_ASSIGNMENT((#7159));
#6825=PRESENTATION_STYLE_ASSIGNMENT((#7160));
#6826=PRESENTATION_STYLE_ASSIGNMENT((#7161));
#6827=PRESENTATION_STYLE_ASSIGNMENT((#7162));
#6828=PRESENTATION_STYLE_ASSIGNMENT((#7163));
#6829=PRESENTATION_STYLE_ASSIGNMENT((#7164));
#6830=PRESENTATION_STYLE_ASSIGNMENT((#7165));
#6831=PRESENTATION_STYLE_ASSIGNMENT((#7166));
#6832=PRESENTATION_STYLE_ASSIGNMENT((#7167));
#6833=PRESENTATION_STYLE_ASSIGNMENT((#7168));
#6834=PRESENTATION_STYLE_ASSIGNMENT((#7169));
#6835=PRESENTATION_STYLE_ASSIGNMENT((#7170));
#6836=PRESENTATION_STYLE_ASSIGNMENT((#7171));
#6837=PRESENTATION_STYLE_ASSIGNMENT((#7172));
#6838=PRESENTATION_STYLE_ASSIGNMENT((#7173));
#6839=PRESENTATION_STYLE_ASSIGNMENT((#7174));
#6840=PRESENTATION_STYLE_ASSIGNMENT((#7175));
#6841=PRESENTATION_STYLE_ASSIGNMENT((#7176));
#6842=PRESENTATION_STYLE_ASSIGNMENT((#7177));
#6843=PRESENTATION_STYLE_ASSIGNMENT((#7178));
#6844=PRESENTATION_STYLE_ASSIGNMENT((#7179));
#6845=PRESENTATION_STYLE_ASSIGNMENT((#7180));
#6846=PRESENTATION_STYLE_ASSIGNMENT((#7181));
#6847=PRESENTATION_STYLE_ASSIGNMENT((#7182));
#6848=PRESENTATION_STYLE_ASSIGNMENT((#7183));
#6849=PRESENTATION_STYLE_ASSIGNMENT((#7184));
#6850=PRESENTATION_STYLE_ASSIGNMENT((#7185));
#6851=PRESENTATION_STYLE_ASSIGNMENT((#7186));
#6852=PRESENTATION_STYLE_ASSIGNMENT((#7187));
#6853=PRESENTATION_STYLE_ASSIGNMENT((#7188));
#6854=PRESENTATION_STYLE_ASSIGNMENT((#7189));
#6855=PRESENTATION_STYLE_ASSIGNMENT((#7190));
#6856=PRESENTATION_STYLE_ASSIGNMENT((#7191));
#6857=PRESENTATION_STYLE_ASSIGNMENT((#7192));
#6858=PRESENTATION_STYLE_ASSIGNMENT((#7193));
#6859=PRESENTATION_STYLE_ASSIGNMENT((#7194));
#6860=PRESENTATION_STYLE_ASSIGNMENT((#7195));
#6861=PRESENTATION_STYLE_ASSIGNMENT((#7196));
#6862=PRESENTATION_STYLE_ASSIGNMENT((#7197));
#6863=PRESENTATION_STYLE_ASSIGNMENT((#7198));
#6864=PRESENTATION_STYLE_ASSIGNMENT((#7199));
#6865=PRESENTATION_STYLE_ASSIGNMENT((#7200));
#6866=PRESENTATION_STYLE_ASSIGNMENT((#7201));
#6867=PRESENTATION_STYLE_ASSIGNMENT((#7202));
#6868=PRESENTATION_STYLE_ASSIGNMENT((#7203));
#6869=PRESENTATION_STYLE_ASSIGNMENT((#7204));
#6870=PRESENTATION_STYLE_ASSIGNMENT((#7205));
#6871=PRESENTATION_STYLE_ASSIGNMENT((#7206));
#6872=PRESENTATION_STYLE_ASSIGNMENT((#7207));
#6873=PRESENTATION_STYLE_ASSIGNMENT((#7208));
#6874=PRESENTATION_STYLE_ASSIGNMENT((#7209));
#6875=PRESENTATION_STYLE_ASSIGNMENT((#7210));
#6876=PRESENTATION_STYLE_ASSIGNMENT((#7211));
#6877=PRESENTATION_STYLE_ASSIGNMENT((#7212));
#6878=PRESENTATION_STYLE_ASSIGNMENT((#7213));
#6879=PRESENTATION_STYLE_ASSIGNMENT((#7214));
#6880=PRESENTATION_STYLE_ASSIGNMENT((#7215));
#6881=PRESENTATION_STYLE_ASSIGNMENT((#7216));
#6882=PRESENTATION_STYLE_ASSIGNMENT((#7217));
#6883=PRESENTATION_STYLE_ASSIGNMENT((#7218));
#6884=PRESENTATION_STYLE_ASSIGNMENT((#7219));
#6885=PRESENTATION_STYLE_ASSIGNMENT((#7220));
#6886=PRESENTATION_STYLE_ASSIGNMENT((#7221));
#6887=PRESENTATION_STYLE_ASSIGNMENT((#7222));
#6888=PRESENTATION_STYLE_ASSIGNMENT((#7223));
#6889=PRESENTATION_STYLE_ASSIGNMENT((#7224));
#6890=PRESENTATION_STYLE_ASSIGNMENT((#7225));
#6891=PRESENTATION_STYLE_ASSIGNMENT((#7226));
#6892=PRESENTATION_STYLE_ASSIGNMENT((#7227));
#6893=PRESENTATION_STYLE_ASSIGNMENT((#7228));
#6894=PRESENTATION_STYLE_ASSIGNMENT((#7229));
#6895=PRESENTATION_STYLE_ASSIGNMENT((#7230));
#6896=PRESENTATION_STYLE_ASSIGNMENT((#7231));
#6897=PRESENTATION_STYLE_ASSIGNMENT((#7232));
#6898=PRESENTATION_STYLE_ASSIGNMENT((#7233));
#6899=PRESENTATION_STYLE_ASSIGNMENT((#7234));
#6900=PRESENTATION_STYLE_ASSIGNMENT((#7235));
#6901=PRESENTATION_STYLE_ASSIGNMENT((#7236));
#6902=PRESENTATION_STYLE_ASSIGNMENT((#7237));
#6903=PRESENTATION_STYLE_ASSIGNMENT((#7238));
#6904=PRESENTATION_STYLE_ASSIGNMENT((#7239));
#6905=PRESENTATION_STYLE_ASSIGNMENT((#7240));
#6906=PRESENTATION_STYLE_ASSIGNMENT((#7241));
#6907=PRESENTATION_STYLE_ASSIGNMENT((#7242));
#6908=PRESENTATION_STYLE_ASSIGNMENT((#7243));
#6909=PRESENTATION_STYLE_ASSIGNMENT((#7244));
#6910=PRESENTATION_STYLE_ASSIGNMENT((#7245));
#6911=PRESENTATION_STYLE_ASSIGNMENT((#7246));
#6912=PRESENTATION_STYLE_ASSIGNMENT((#7247));
#6913=PRESENTATION_STYLE_ASSIGNMENT((#7248));
#6914=PRESENTATION_STYLE_ASSIGNMENT((#7249));
#6915=PRESENTATION_STYLE_ASSIGNMENT((#7250));
#6916=PRESENTATION_STYLE_ASSIGNMENT((#7251));
#6917=PRESENTATION_STYLE_ASSIGNMENT((#7252));
#6918=PRESENTATION_STYLE_ASSIGNMENT((#7253));
#6919=PRESENTATION_STYLE_ASSIGNMENT((#7254));
#6920=PRESENTATION_STYLE_ASSIGNMENT((#7255));
#6921=PRESENTATION_STYLE_ASSIGNMENT((#7256));
#6922=PRESENTATION_STYLE_ASSIGNMENT((#7257));
#6923=PRESENTATION_STYLE_ASSIGNMENT((#7258));
#6924=PRESENTATION_STYLE_ASSIGNMENT((#7259));
#6925=PRESENTATION_STYLE_ASSIGNMENT((#7260));
#6926=PRESENTATION_STYLE_ASSIGNMENT((#7261));
#6927=PRESENTATION_STYLE_ASSIGNMENT((#7262));
#6928=PRESENTATION_STYLE_ASSIGNMENT((#7263));
#6929=PRESENTATION_STYLE_ASSIGNMENT((#7264));
#6930=PRESENTATION_STYLE_ASSIGNMENT((#7265));
#6931=PRESENTATION_STYLE_ASSIGNMENT((#7266));
#6932=PRESENTATION_STYLE_ASSIGNMENT((#7267));
#6933=PRESENTATION_STYLE_ASSIGNMENT((#7268));
#6934=PRESENTATION_STYLE_ASSIGNMENT((#7269));
#6935=PRESENTATION_STYLE_ASSIGNMENT((#7270));
#6936=PRESENTATION_STYLE_ASSIGNMENT((#7271));
#6937=PRESENTATION_STYLE_ASSIGNMENT((#7272));
#6938=PRESENTATION_STYLE_ASSIGNMENT((#7273));
#6939=PRESENTATION_STYLE_ASSIGNMENT((#7274));
#6940=PRESENTATION_STYLE_ASSIGNMENT((#7275));
#6941=PRESENTATION_STYLE_ASSIGNMENT((#7276));
#6942=PRESENTATION_STYLE_ASSIGNMENT((#7277));
#6943=PRESENTATION_STYLE_ASSIGNMENT((#7278));
#6944=PRESENTATION_STYLE_ASSIGNMENT((#7279));
#6945=PRESENTATION_STYLE_ASSIGNMENT((#7280));
#6946=PRESENTATION_STYLE_ASSIGNMENT((#7281));
#6947=PRESENTATION_STYLE_ASSIGNMENT((#7282));
#6948=PRESENTATION_STYLE_ASSIGNMENT((#7283));
#6949=PRESENTATION_STYLE_ASSIGNMENT((#7284));
#6950=PRESENTATION_STYLE_ASSIGNMENT((#7285));
#6951=PRESENTATION_STYLE_ASSIGNMENT((#7286));
#6952=PRESENTATION_STYLE_ASSIGNMENT((#7287));
#6953=PRESENTATION_STYLE_ASSIGNMENT((#7288));
#6954=PRESENTATION_STYLE_ASSIGNMENT((#7289));
#6955=PRESENTATION_STYLE_ASSIGNMENT((#7290));
#6956=PRESENTATION_STYLE_ASSIGNMENT((#7291));
#6957=PRESENTATION_STYLE_ASSIGNMENT((#7292));
#6958=PRESENTATION_STYLE_ASSIGNMENT((#7293));
#6959=PRESENTATION_STYLE_ASSIGNMENT((#7294));
#6960=PRESENTATION_STYLE_ASSIGNMENT((#7295));
#6961=PRESENTATION_STYLE_ASSIGNMENT((#7296));
#6962=PRESENTATION_STYLE_ASSIGNMENT((#7297));
#6963=PRESENTATION_STYLE_ASSIGNMENT((#7298));
#6964=PRESENTATION_STYLE_ASSIGNMENT((#7299));
#6965=PRESENTATION_STYLE_ASSIGNMENT((#7300));
#6966=PRESENTATION_STYLE_ASSIGNMENT((#7301));
#6967=PRESENTATION_STYLE_ASSIGNMENT((#7302));
#6968=PRESENTATION_STYLE_ASSIGNMENT((#7303));
#6969=PRESENTATION_STYLE_ASSIGNMENT((#7304));
#6970=PRESENTATION_STYLE_ASSIGNMENT((#7305));
#6971=PRESENTATION_STYLE_ASSIGNMENT((#7306));
#6972=PRESENTATION_STYLE_ASSIGNMENT((#7307));
#6973=SURFACE_STYLE_USAGE(.BOTH.,#7308);
#6974=SURFACE_STYLE_USAGE(.BOTH.,#7309);
#6975=SURFACE_STYLE_USAGE(.BOTH.,#7310);
#6976=SURFACE_STYLE_USAGE(.BOTH.,#7311);
#6977=SURFACE_STYLE_USAGE(.BOTH.,#7312);
#6978=SURFACE_STYLE_USAGE(.BOTH.,#7313);
#6979=SURFACE_STYLE_USAGE(.BOTH.,#7314);
#6980=SURFACE_STYLE_USAGE(.BOTH.,#7315);
#6981=SURFACE_STYLE_USAGE(.BOTH.,#7316);
#6982=SURFACE_STYLE_USAGE(.BOTH.,#7317);
#6983=SURFACE_STYLE_USAGE(.BOTH.,#7318);
#6984=SURFACE_STYLE_USAGE(.BOTH.,#7319);
#6985=SURFACE_STYLE_USAGE(.BOTH.,#7320);
#6986=SURFACE_STYLE_USAGE(.BOTH.,#7321);
#6987=SURFACE_STYLE_USAGE(.BOTH.,#7322);
#6988=SURFACE_STYLE_USAGE(.BOTH.,#7323);
#6989=SURFACE_STYLE_USAGE(.BOTH.,#7324);
#6990=SURFACE_STYLE_USAGE(.BOTH.,#7325);
#6991=SURFACE_STYLE_USAGE(.BOTH.,#7326);
#6992=SURFACE_STYLE_USAGE(.BOTH.,#7327);
#6993=SURFACE_STYLE_USAGE(.BOTH.,#7328);
#6994=SURFACE_STYLE_USAGE(.BOTH.,#7329);
#6995=SURFACE_STYLE_USAGE(.BOTH.,#7330);
#6996=SURFACE_STYLE_USAGE(.BOTH.,#7331);
#6997=SURFACE_STYLE_USAGE(.BOTH.,#7332);
#6998=SURFACE_STYLE_USAGE(.BOTH.,#7333);
#6999=SURFACE_STYLE_USAGE(.BOTH.,#7334);
#7000=SURFACE_STYLE_USAGE(.BOTH.,#7335);
#7001=SURFACE_STYLE_USAGE(.BOTH.,#7336);
#7002=SURFACE_STYLE_USAGE(.BOTH.,#7337);
#7003=SURFACE_STYLE_USAGE(.BOTH.,#7338);
#7004=SURFACE_STYLE_USAGE(.BOTH.,#7339);
#7005=SURFACE_STYLE_USAGE(.BOTH.,#7340);
#7006=SURFACE_STYLE_USAGE(.BOTH.,#7341);
#7007=SURFACE_STYLE_USAGE(.BOTH.,#7342);
#7008=SURFACE_STYLE_USAGE(.BOTH.,#7343);
#7009=SURFACE_STYLE_USAGE(.BOTH.,#7344);
#7010=SURFACE_STYLE_USAGE(.BOTH.,#7345);
#7011=SURFACE_STYLE_USAGE(.BOTH.,#7346);
#7012=SURFACE_STYLE_USAGE(.BOTH.,#7347);
#7013=SURFACE_STYLE_USAGE(.BOTH.,#7348);
#7014=SURFACE_STYLE_USAGE(.BOTH.,#7349);
#7015=SURFACE_STYLE_USAGE(.BOTH.,#7350);
#7016=SURFACE_STYLE_USAGE(.BOTH.,#7351);
#7017=SURFACE_STYLE_USAGE(.BOTH.,#7352);
#7018=SURFACE_STYLE_USAGE(.BOTH.,#7353);
#7019=SURFACE_STYLE_USAGE(.BOTH.,#7354);
#7020=SURFACE_STYLE_USAGE(.BOTH.,#7355);
#7021=SURFACE_STYLE_USAGE(.BOTH.,#7356);
#7022=SURFACE_STYLE_USAGE(.BOTH.,#7357);
#7023=SURFACE_STYLE_USAGE(.BOTH.,#7358);
#7024=SURFACE_STYLE_USAGE(.BOTH.,#7359);
#7025=SURFACE_STYLE_USAGE(.BOTH.,#7360);
#7026=SURFACE_STYLE_USAGE(.BOTH.,#7361);
#7027=SURFACE_STYLE_USAGE(.BOTH.,#7362);
#7028=SURFACE_STYLE_USAGE(.BOTH.,#7363);
#7029=SURFACE_STYLE_USAGE(.BOTH.,#7364);
#7030=SURFACE_STYLE_USAGE(.BOTH.,#7365);
#7031=SURFACE_STYLE_USAGE(.BOTH.,#7366);
#7032=SURFACE_STYLE_USAGE(.BOTH.,#7367);
#7033=SURFACE_STYLE_USAGE(.BOTH.,#7368);
#7034=SURFACE_STYLE_USAGE(.BOTH.,#7369);
#7035=SURFACE_STYLE_USAGE(.BOTH.,#7370);
#7036=SURFACE_STYLE_USAGE(.BOTH.,#7371);
#7037=SURFACE_STYLE_USAGE(.BOTH.,#7372);
#7038=SURFACE_STYLE_USAGE(.BOTH.,#7373);
#7039=SURFACE_STYLE_USAGE(.BOTH.,#7374);
#7040=SURFACE_STYLE_USAGE(.BOTH.,#7375);
#7041=SURFACE_STYLE_USAGE(.BOTH.,#7376);
#7042=SURFACE_STYLE_USAGE(.BOTH.,#7377);
#7043=SURFACE_STYLE_USAGE(.BOTH.,#7378);
#7044=SURFACE_STYLE_USAGE(.BOTH.,#7379);
#7045=SURFACE_STYLE_USAGE(.BOTH.,#7380);
#7046=SURFACE_STYLE_USAGE(.BOTH.,#7381);
#7047=SURFACE_STYLE_USAGE(.BOTH.,#7382);
#7048=SURFACE_STYLE_USAGE(.BOTH.,#7383);
#7049=SURFACE_STYLE_USAGE(.BOTH.,#7384);
#7050=SURFACE_STYLE_USAGE(.BOTH.,#7385);
#7051=SURFACE_STYLE_USAGE(.BOTH.,#7386);
#7052=SURFACE_STYLE_USAGE(.BOTH.,#7387);
#7053=SURFACE_STYLE_USAGE(.BOTH.,#7388);
#7054=SURFACE_STYLE_USAGE(.BOTH.,#7389);
#7055=SURFACE_STYLE_USAGE(.BOTH.,#7390);
#7056=SURFACE_STYLE_USAGE(.BOTH.,#7391);
#7057=SURFACE_STYLE_USAGE(.BOTH.,#7392);
#7058=SURFACE_STYLE_USAGE(.BOTH.,#7393);
#7059=SURFACE_STYLE_USAGE(.BOTH.,#7394);
#7060=SURFACE_STYLE_USAGE(.BOTH.,#7395);
#7061=SURFACE_STYLE_USAGE(.BOTH.,#7396);
#7062=SURFACE_STYLE_USAGE(.BOTH.,#7397);
#7063=SURFACE_STYLE_USAGE(.BOTH.,#7398);
#7064=SURFACE_STYLE_USAGE(.BOTH.,#7399);
#7065=SURFACE_STYLE_USAGE(.BOTH.,#7400);
#7066=SURFACE_STYLE_USAGE(.BOTH.,#7401);
#7067=SURFACE_STYLE_USAGE(.BOTH.,#7402);
#7068=SURFACE_STYLE_USAGE(.BOTH.,#7403);
#7069=SURFACE_STYLE_USAGE(.BOTH.,#7404);
#7070=SURFACE_STYLE_USAGE(.BOTH.,#7405);
#7071=SURFACE_STYLE_USAGE(.BOTH.,#7406);
#7072=SURFACE_STYLE_USAGE(.BOTH.,#7407);
#7073=SURFACE_STYLE_USAGE(.BOTH.,#7408);
#7074=SURFACE_STYLE_USAGE(.BOTH.,#7409);
#7075=SURFACE_STYLE_USAGE(.BOTH.,#7410);
#7076=SURFACE_STYLE_USAGE(.BOTH.,#7411);
#7077=SURFACE_STYLE_USAGE(.BOTH.,#7412);
#7078=SURFACE_STYLE_USAGE(.BOTH.,#7413);
#7079=SURFACE_STYLE_USAGE(.BOTH.,#7414);
#7080=SURFACE_STYLE_USAGE(.BOTH.,#7415);
#7081=SURFACE_STYLE_USAGE(.BOTH.,#7416);
#7082=SURFACE_STYLE_USAGE(.BOTH.,#7417);
#7083=SURFACE_STYLE_USAGE(.BOTH.,#7418);
#7084=SURFACE_STYLE_USAGE(.BOTH.,#7419);
#7085=SURFACE_STYLE_USAGE(.BOTH.,#7420);
#7086=SURFACE_STYLE_USAGE(.BOTH.,#7421);
#7087=SURFACE_STYLE_USAGE(.BOTH.,#7422);
#7088=SURFACE_STYLE_USAGE(.BOTH.,#7423);
#7089=SURFACE_STYLE_USAGE(.BOTH.,#7424);
#7090=SURFACE_STYLE_USAGE(.BOTH.,#7425);
#7091=SURFACE_STYLE_USAGE(.BOTH.,#7426);
#7092=SURFACE_STYLE_USAGE(.BOTH.,#7427);
#7093=SURFACE_STYLE_USAGE(.BOTH.,#7428);
#7094=SURFACE_STYLE_USAGE(.BOTH.,#7429);
#7095=SURFACE_STYLE_USAGE(.BOTH.,#7430);
#7096=SURFACE_STYLE_USAGE(.BOTH.,#7431);
#7097=SURFACE_STYLE_USAGE(.BOTH.,#7432);
#7098=SURFACE_STYLE_USAGE(.BOTH.,#7433);
#7099=SURFACE_STYLE_USAGE(.BOTH.,#7434);
#7100=SURFACE_STYLE_USAGE(.BOTH.,#7435);
#7101=SURFACE_STYLE_USAGE(.BOTH.,#7436);
#7102=SURFACE_STYLE_USAGE(.BOTH.,#7437);
#7103=SURFACE_STYLE_USAGE(.BOTH.,#7438);
#7104=SURFACE_STYLE_USAGE(.BOTH.,#7439);
#7105=SURFACE_STYLE_USAGE(.BOTH.,#7440);
#7106=SURFACE_STYLE_USAGE(.BOTH.,#7441);
#7107=SURFACE_STYLE_USAGE(.BOTH.,#7442);
#7108=SURFACE_STYLE_USAGE(.BOTH.,#7443);
#7109=SURFACE_STYLE_USAGE(.BOTH.,#7444);
#7110=SURFACE_STYLE_USAGE(.BOTH.,#7445);
#7111=SURFACE_STYLE_USAGE(.BOTH.,#7446);
#7112=SURFACE_STYLE_USAGE(.BOTH.,#7447);
#7113=SURFACE_STYLE_USAGE(.BOTH.,#7448);
#7114=SURFACE_STYLE_USAGE(.BOTH.,#7449);
#7115=SURFACE_STYLE_USAGE(.BOTH.,#7450);
#7116=SURFACE_STYLE_USAGE(.BOTH.,#7451);
#7117=SURFACE_STYLE_USAGE(.BOTH.,#7452);
#7118=SURFACE_STYLE_USAGE(.BOTH.,#7453);
#7119=SURFACE_STYLE_USAGE(.BOTH.,#7454);
#7120=SURFACE_STYLE_USAGE(.BOTH.,#7455);
#7121=SURFACE_STYLE_USAGE(.BOTH.,#7456);
#7122=SURFACE_STYLE_USAGE(.BOTH.,#7457);
#7123=SURFACE_STYLE_USAGE(.BOTH.,#7458);
#7124=SURFACE_STYLE_USAGE(.BOTH.,#7459);
#7125=SURFACE_STYLE_USAGE(.BOTH.,#7460);
#7126=SURFACE_STYLE_USAGE(.BOTH.,#7461);
#7127=SURFACE_STYLE_USAGE(.BOTH.,#7462);
#7128=SURFACE_STYLE_USAGE(.BOTH.,#7463);
#7129=SURFACE_STYLE_USAGE(.BOTH.,#7464);
#7130=SURFACE_STYLE_USAGE(.BOTH.,#7465);
#7131=SURFACE_STYLE_USAGE(.BOTH.,#7466);
#7132=SURFACE_STYLE_USAGE(.BOTH.,#7467);
#7133=SURFACE_STYLE_USAGE(.BOTH.,#7468);
#7134=SURFACE_STYLE_USAGE(.BOTH.,#7469);
#7135=SURFACE_STYLE_USAGE(.BOTH.,#7470);
#7136=SURFACE_STYLE_USAGE(.BOTH.,#7471);
#7137=SURFACE_STYLE_USAGE(.BOTH.,#7472);
#7138=SURFACE_STYLE_USAGE(.BOTH.,#7473);
#7139=SURFACE_STYLE_USAGE(.BOTH.,#7474);
#7140=SURFACE_STYLE_USAGE(.BOTH.,#7475);
#7141=SURFACE_STYLE_USAGE(.BOTH.,#7476);
#7142=SURFACE_STYLE_USAGE(.BOTH.,#7477);
#7143=SURFACE_STYLE_USAGE(.BOTH.,#7478);
#7144=SURFACE_STYLE_USAGE(.BOTH.,#7479);
#7145=SURFACE_STYLE_USAGE(.BOTH.,#7480);
#7146=SURFACE_STYLE_USAGE(.BOTH.,#7481);
#7147=SURFACE_STYLE_USAGE(.BOTH.,#7482);
#7148=SURFACE_STYLE_USAGE(.BOTH.,#7483);
#7149=SURFACE_STYLE_USAGE(.BOTH.,#7484);
#7150=SURFACE_STYLE_USAGE(.BOTH.,#7485);
#7151=SURFACE_STYLE_USAGE(.BOTH.,#7486);
#7152=SURFACE_STYLE_USAGE(.BOTH.,#7487);
#7153=SURFACE_STYLE_USAGE(.BOTH.,#7488);
#7154=SURFACE_STYLE_USAGE(.BOTH.,#7489);
#7155=SURFACE_STYLE_USAGE(.BOTH.,#7490);
#7156=SURFACE_STYLE_USAGE(.BOTH.,#7491);
#7157=SURFACE_STYLE_USAGE(.BOTH.,#7492);
#7158=SURFACE_STYLE_USAGE(.BOTH.,#7493);
#7159=SURFACE_STYLE_USAGE(.BOTH.,#7494);
#7160=SURFACE_STYLE_USAGE(.BOTH.,#7495);
#7161=SURFACE_STYLE_USAGE(.BOTH.,#7496);
#7162=SURFACE_STYLE_USAGE(.BOTH.,#7497);
#7163=SURFACE_STYLE_USAGE(.BOTH.,#7498);
#7164=SURFACE_STYLE_USAGE(.BOTH.,#7499);
#7165=SURFACE_STYLE_USAGE(.BOTH.,#7500);
#7166=SURFACE_STYLE_USAGE(.BOTH.,#7501);
#7167=SURFACE_STYLE_USAGE(.BOTH.,#7502);
#7168=SURFACE_STYLE_USAGE(.BOTH.,#7503);
#7169=SURFACE_STYLE_USAGE(.BOTH.,#7504);
#7170=SURFACE_STYLE_USAGE(.BOTH.,#7505);
#7171=SURFACE_STYLE_USAGE(.BOTH.,#7506);
#7172=SURFACE_STYLE_USAGE(.BOTH.,#7507);
#7173=SURFACE_STYLE_USAGE(.BOTH.,#7508);
#7174=SURFACE_STYLE_USAGE(.BOTH.,#7509);
#7175=SURFACE_STYLE_USAGE(.BOTH.,#7510);
#7176=SURFACE_STYLE_USAGE(.BOTH.,#7511);
#7177=SURFACE_STYLE_USAGE(.BOTH.,#7512);
#7178=SURFACE_STYLE_USAGE(.BOTH.,#7513);
#7179=SURFACE_STYLE_USAGE(.BOTH.,#7514);
#7180=SURFACE_STYLE_USAGE(.BOTH.,#7515);
#7181=SURFACE_STYLE_USAGE(.BOTH.,#7516);
#7182=SURFACE_STYLE_USAGE(.BOTH.,#7517);
#7183=SURFACE_STYLE_USAGE(.BOTH.,#7518);
#7184=SURFACE_STYLE_USAGE(.BOTH.,#7519);
#7185=SURFACE_STYLE_USAGE(.BOTH.,#7520);
#7186=SURFACE_STYLE_USAGE(.BOTH.,#7521);
#7187=SURFACE_STYLE_USAGE(.BOTH.,#7522);
#7188=SURFACE_STYLE_USAGE(.BOTH.,#7523);
#7189=SURFACE_STYLE_USAGE(.BOTH.,#7524);
#7190=SURFACE_STYLE_USAGE(.BOTH.,#7525);
#7191=SURFACE_STYLE_USAGE(.BOTH.,#7526);
#7192=SURFACE_STYLE_USAGE(.BOTH.,#7527);
#7193=SURFACE_STYLE_USAGE(.BOTH.,#7528);
#7194=SURFACE_STYLE_USAGE(.BOTH.,#7529);
#7195=SURFACE_STYLE_USAGE(.BOTH.,#7530);
#7196=SURFACE_STYLE_USAGE(.BOTH.,#7531);
#7197=SURFACE_STYLE_USAGE(.BOTH.,#7532);
#7198=SURFACE_STYLE_USAGE(.BOTH.,#7533);
#7199=SURFACE_STYLE_USAGE(.BOTH.,#7534);
#7200=SURFACE_STYLE_USAGE(.BOTH.,#7535);
#7201=SURFACE_STYLE_USAGE(.BOTH.,#7536);
#7202=SURFACE_STYLE_USAGE(.BOTH.,#7537);
#7203=SURFACE_STYLE_USAGE(.BOTH.,#7538);
#7204=SURFACE_STYLE_USAGE(.BOTH.,#7539);
#7205=SURFACE_STYLE_USAGE(.BOTH.,#7540);
#7206=SURFACE_STYLE_USAGE(.BOTH.,#7541);
#7207=SURFACE_STYLE_USAGE(.BOTH.,#7542);
#7208=SURFACE_STYLE_USAGE(.BOTH.,#7543);
#7209=SURFACE_STYLE_USAGE(.BOTH.,#7544);
#7210=SURFACE_STYLE_USAGE(.BOTH.,#7545);
#7211=SURFACE_STYLE_USAGE(.BOTH.,#7546);
#7212=SURFACE_STYLE_USAGE(.BOTH.,#7547);
#7213=SURFACE_STYLE_USAGE(.BOTH.,#7548);
#7214=SURFACE_STYLE_USAGE(.BOTH.,#7549);
#7215=SURFACE_STYLE_USAGE(.BOTH.,#7550);
#7216=SURFACE_STYLE_USAGE(.BOTH.,#7551);
#7217=SURFACE_STYLE_USAGE(.BOTH.,#7552);
#7218=SURFACE_STYLE_USAGE(.BOTH.,#7553);
#7219=SURFACE_STYLE_USAGE(.BOTH.,#7554);
#7220=SURFACE_STYLE_USAGE(.BOTH.,#7555);
#7221=SURFACE_STYLE_USAGE(.BOTH.,#7556);
#7222=SURFACE_STYLE_USAGE(.BOTH.,#7557);
#7223=SURFACE_STYLE_USAGE(.BOTH.,#7558);
#7224=SURFACE_STYLE_USAGE(.BOTH.,#7559);
#7225=SURFACE_STYLE_USAGE(.BOTH.,#7560);
#7226=SURFACE_STYLE_USAGE(.BOTH.,#7561);
#7227=SURFACE_STYLE_USAGE(.BOTH.,#7562);
#7228=SURFACE_STYLE_USAGE(.BOTH.,#7563);
#7229=SURFACE_STYLE_USAGE(.BOTH.,#7564);
#7230=SURFACE_STYLE_USAGE(.BOTH.,#7565);
#7231=SURFACE_STYLE_USAGE(.BOTH.,#7566);
#7232=SURFACE_STYLE_USAGE(.BOTH.,#7567);
#7233=SURFACE_STYLE_USAGE(.BOTH.,#7568);
#7234=SURFACE_STYLE_USAGE(.BOTH.,#7569);
#7235=SURFACE_STYLE_USAGE(.BOTH.,#7570);
#7236=SURFACE_STYLE_USAGE(.BOTH.,#7571);
#7237=SURFACE_STYLE_USAGE(.BOTH.,#7572);
#7238=SURFACE_STYLE_USAGE(.BOTH.,#7573);
#7239=SURFACE_STYLE_USAGE(.BOTH.,#7574);
#7240=SURFACE_STYLE_USAGE(.BOTH.,#7575);
#7241=SURFACE_STYLE_USAGE(.BOTH.,#7576);
#7242=SURFACE_STYLE_USAGE(.BOTH.,#7577);
#7243=SURFACE_STYLE_USAGE(.BOTH.,#7578);
#7244=SURFACE_STYLE_USAGE(.BOTH.,#7579);
#7245=SURFACE_STYLE_USAGE(.BOTH.,#7580);
#7246=SURFACE_STYLE_USAGE(.BOTH.,#7581);
#7247=SURFACE_STYLE_USAGE(.BOTH.,#7582);
#7248=SURFACE_STYLE_USAGE(.BOTH.,#7583);
#7249=SURFACE_STYLE_USAGE(.BOTH.,#7584);
#7250=SURFACE_STYLE_USAGE(.BOTH.,#7585);
#7251=SURFACE_STYLE_USAGE(.BOTH.,#7586);
#7252=SURFACE_STYLE_USAGE(.BOTH.,#7587);
#7253=SURFACE_STYLE_USAGE(.BOTH.,#7588);
#7254=SURFACE_STYLE_USAGE(.BOTH.,#7589);
#7255=SURFACE_STYLE_USAGE(.BOTH.,#7590);
#7256=SURFACE_STYLE_USAGE(.BOTH.,#7591);
#7257=SURFACE_STYLE_USAGE(.BOTH.,#7592);
#7258=SURFACE_STYLE_USAGE(.BOTH.,#7593);
#7259=SURFACE_STYLE_USAGE(.BOTH.,#7594);
#7260=SURFACE_STYLE_USAGE(.BOTH.,#7595);
#7261=SURFACE_STYLE_USAGE(.BOTH.,#7596);
#7262=SURFACE_STYLE_USAGE(.BOTH.,#7597);
#7263=SURFACE_STYLE_USAGE(.BOTH.,#7598);
#7264=SURFACE_STYLE_USAGE(.BOTH.,#7599);
#7265=SURFACE_STYLE_USAGE(.BOTH.,#7600);
#7266=SURFACE_STYLE_USAGE(.BOTH.,#7601);
#7267=SURFACE_STYLE_USAGE(.BOTH.,#7602);
#7268=SURFACE_STYLE_USAGE(.BOTH.,#7603);
#7269=SURFACE_STYLE_USAGE(.BOTH.,#7604);
#7270=SURFACE_STYLE_USAGE(.BOTH.,#7605);
#7271=SURFACE_STYLE_USAGE(.BOTH.,#7606);
#7272=SURFACE_STYLE_USAGE(.BOTH.,#7607);
#7273=SURFACE_STYLE_USAGE(.BOTH.,#7608);
#7274=SURFACE_STYLE_USAGE(.BOTH.,#7609);
#7275=SURFACE_STYLE_USAGE(.BOTH.,#7610);
#7276=SURFACE_STYLE_USAGE(.BOTH.,#7611);
#7277=SURFACE_STYLE_USAGE(.BOTH.,#7612);
#7278=SURFACE_STYLE_USAGE(.BOTH.,#7613);
#7279=SURFACE_STYLE_USAGE(.BOTH.,#7614);
#7280=SURFACE_STYLE_USAGE(.BOTH.,#7615);
#7281=SURFACE_STYLE_USAGE(.BOTH.,#7616);
#7282=SURFACE_STYLE_USAGE(.BOTH.,#7617);
#7283=SURFACE_STYLE_USAGE(.BOTH.,#7618);
#7284=SURFACE_STYLE_USAGE(.BOTH.,#7619);
#7285=SURFACE_STYLE_USAGE(.BOTH.,#7620);
#7286=SURFACE_STYLE_USAGE(.BOTH.,#7621);
#7287=SURFACE_STYLE_USAGE(.BOTH.,#7622);
#7288=SURFACE_STYLE_USAGE(.BOTH.,#7623);
#7289=SURFACE_STYLE_USAGE(.BOTH.,#7624);
#7290=SURFACE_STYLE_USAGE(.BOTH.,#7625);
#7291=SURFACE_STYLE_USAGE(.BOTH.,#7626);
#7292=SURFACE_STYLE_USAGE(.BOTH.,#7627);
#7293=SURFACE_STYLE_USAGE(.BOTH.,#7628);
#7294=SURFACE_STYLE_USAGE(.BOTH.,#7629);
#7295=SURFACE_STYLE_USAGE(.BOTH.,#7630);
#7296=SURFACE_STYLE_USAGE(.BOTH.,#7631);
#7297=SURFACE_STYLE_USAGE(.BOTH.,#7632);
#7298=SURFACE_STYLE_USAGE(.BOTH.,#7633);
#7299=SURFACE_STYLE_USAGE(.BOTH.,#7634);
#7300=SURFACE_STYLE_USAGE(.BOTH.,#7635);
#7301=SURFACE_STYLE_USAGE(.BOTH.,#7636);
#7302=SURFACE_STYLE_USAGE(.BOTH.,#7637);
#7303=SURFACE_STYLE_USAGE(.BOTH.,#7638);
#7304=SURFACE_STYLE_USAGE(.BOTH.,#7639);
#7305=SURFACE_STYLE_USAGE(.BOTH.,#7640);
#7306=SURFACE_STYLE_USAGE(.BOTH.,#7641);
#7307=SURFACE_STYLE_USAGE(.BOTH.,#7642);
#7308=SURFACE_SIDE_STYLE('',(#7643));
#7309=SURFACE_SIDE_STYLE('',(#7644));
#7310=SURFACE_SIDE_STYLE('',(#7645));
#7311=SURFACE_SIDE_STYLE('',(#7646));
#7312=SURFACE_SIDE_STYLE('',(#7647));
#7313=SURFACE_SIDE_STYLE('',(#7648));
#7314=SURFACE_SIDE_STYLE('',(#7649));
#7315=SURFACE_SIDE_STYLE('',(#7650));
#7316=SURFACE_SIDE_STYLE('',(#7651));
#7317=SURFACE_SIDE_STYLE('',(#7652));
#7318=SURFACE_SIDE_STYLE('',(#7653));
#7319=SURFACE_SIDE_STYLE('',(#7654));
#7320=SURFACE_SIDE_STYLE('',(#7655));
#7321=SURFACE_SIDE_STYLE('',(#7656));
#7322=SURFACE_SIDE_STYLE('',(#7657));
#7323=SURFACE_SIDE_STYLE('',(#7658));
#7324=SURFACE_SIDE_STYLE('',(#7659));
#7325=SURFACE_SIDE_STYLE('',(#7660));
#7326=SURFACE_SIDE_STYLE('',(#7661));
#7327=SURFACE_SIDE_STYLE('',(#7662));
#7328=SURFACE_SIDE_STYLE('',(#7663));
#7329=SURFACE_SIDE_STYLE('',(#7664));
#7330=SURFACE_SIDE_STYLE('',(#7665));
#7331=SURFACE_SIDE_STYLE('',(#7666));
#7332=SURFACE_SIDE_STYLE('',(#7667));
#7333=SURFACE_SIDE_STYLE('',(#7668));
#7334=SURFACE_SIDE_STYLE('',(#7669));
#7335=SURFACE_SIDE_STYLE('',(#7670));
#7336=SURFACE_SIDE_STYLE('',(#7671));
#7337=SURFACE_SIDE_STYLE('',(#7672));
#7338=SURFACE_SIDE_STYLE('',(#7673));
#7339=SURFACE_SIDE_STYLE('',(#7674));
#7340=SURFACE_SIDE_STYLE('',(#7675));
#7341=SURFACE_SIDE_STYLE('',(#7676));
#7342=SURFACE_SIDE_STYLE('',(#7677));
#7343=SURFACE_SIDE_STYLE('',(#7678));
#7344=SURFACE_SIDE_STYLE('',(#7679));
#7345=SURFACE_SIDE_STYLE('',(#7680));
#7346=SURFACE_SIDE_STYLE('',(#7681));
#7347=SURFACE_SIDE_STYLE('',(#7682));
#7348=SURFACE_SIDE_STYLE('',(#7683));
#7349=SURFACE_SIDE_STYLE('',(#7684));
#7350=SURFACE_SIDE_STYLE('',(#7685));
#7351=SURFACE_SIDE_STYLE('',(#7686));
#7352=SURFACE_SIDE_STYLE('',(#7687));
#7353=SURFACE_SIDE_STYLE('',(#7688));
#7354=SURFACE_SIDE_STYLE('',(#7689));
#7355=SURFACE_SIDE_STYLE('',(#7690));
#7356=SURFACE_SIDE_STYLE('',(#7691));
#7357=SURFACE_SIDE_STYLE('',(#7692));
#7358=SURFACE_SIDE_STYLE('',(#7693));
#7359=SURFACE_SIDE_STYLE('',(#7694));
#7360=SURFACE_SIDE_STYLE('',(#7695));
#7361=SURFACE_SIDE_STYLE('',(#7696));
#7362=SURFACE_SIDE_STYLE('',(#7697));
#7363=SURFACE_SIDE_STYLE('',(#7698));
#7364=SURFACE_SIDE_STYLE('',(#7699));
#7365=SURFACE_SIDE_STYLE('',(#7700));
#7366=SURFACE_SIDE_STYLE('',(#7701));
#7367=SURFACE_SIDE_STYLE('',(#7702));
#7368=SURFACE_SIDE_STYLE('',(#7703));
#7369=SURFACE_SIDE_STYLE('',(#7704));
#7370=SURFACE_SIDE_STYLE('',(#7705));
#7371=SURFACE_SIDE_STYLE('',(#7706));
#7372=SURFACE_SIDE_STYLE('',(#7707));
#7373=SURFACE_SIDE_STYLE('',(#7708));
#7374=SURFACE_SIDE_STYLE('',(#7709));
#7375=SURFACE_SIDE_STYLE('',(#7710));
#7376=SURFACE_SIDE_STYLE('',(#7711));
#7377=SURFACE_SIDE_STYLE('',(#7712));
#7378=SURFACE_SIDE_STYLE('',(#7713));
#7379=SURFACE_SIDE_STYLE('',(#7714));
#7380=SURFACE_SIDE_STYLE('',(#7715));
#7381=SURFACE_SIDE_STYLE('',(#7716));
#7382=SURFACE_SIDE_STYLE('',(#7717));
#7383=SURFACE_SIDE_STYLE('',(#7718));
#7384=SURFACE_SIDE_STYLE('',(#7719));
#7385=SURFACE_SIDE_STYLE('',(#7720));
#7386=SURFACE_SIDE_STYLE('',(#7721));
#7387=SURFACE_SIDE_STYLE('',(#7722));
#7388=SURFACE_SIDE_STYLE('',(#7723));
#7389=SURFACE_SIDE_STYLE('',(#7724));
#7390=SURFACE_SIDE_STYLE('',(#7725));
#7391=SURFACE_SIDE_STYLE('',(#7726));
#7392=SURFACE_SIDE_STYLE('',(#7727));
#7393=SURFACE_SIDE_STYLE('',(#7728));
#7394=SURFACE_SIDE_STYLE('',(#7729));
#7395=SURFACE_SIDE_STYLE('',(#7730));
#7396=SURFACE_SIDE_STYLE('',(#7731));
#7397=SURFACE_SIDE_STYLE('',(#7732));
#7398=SURFACE_SIDE_STYLE('',(#7733));
#7399=SURFACE_SIDE_STYLE('',(#7734));
#7400=SURFACE_SIDE_STYLE('',(#7735));
#7401=SURFACE_SIDE_STYLE('',(#7736));
#7402=SURFACE_SIDE_STYLE('',(#7737));
#7403=SURFACE_SIDE_STYLE('',(#7738));
#7404=SURFACE_SIDE_STYLE('',(#7739));
#7405=SURFACE_SIDE_STYLE('',(#7740));
#7406=SURFACE_SIDE_STYLE('',(#7741));
#7407=SURFACE_SIDE_STYLE('',(#7742));
#7408=SURFACE_SIDE_STYLE('',(#7743));
#7409=SURFACE_SIDE_STYLE('',(#7744));
#7410=SURFACE_SIDE_STYLE('',(#7745));
#7411=SURFACE_SIDE_STYLE('',(#7746));
#7412=SURFACE_SIDE_STYLE('',(#7747));
#7413=SURFACE_SIDE_STYLE('',(#7748));
#7414=SURFACE_SIDE_STYLE('',(#7749));
#7415=SURFACE_SIDE_STYLE('',(#7750));
#7416=SURFACE_SIDE_STYLE('',(#7751));
#7417=SURFACE_SIDE_STYLE('',(#7752));
#7418=SURFACE_SIDE_STYLE('',(#7753));
#7419=SURFACE_SIDE_STYLE('',(#7754));
#7420=SURFACE_SIDE_STYLE('',(#7755));
#7421=SURFACE_SIDE_STYLE('',(#7756));
#7422=SURFACE_SIDE_STYLE('',(#7757));
#7423=SURFACE_SIDE_STYLE('',(#7758));
#7424=SURFACE_SIDE_STYLE('',(#7759));
#7425=SURFACE_SIDE_STYLE('',(#7760));
#7426=SURFACE_SIDE_STYLE('',(#7761));
#7427=SURFACE_SIDE_STYLE('',(#7762));
#7428=SURFACE_SIDE_STYLE('',(#7763));
#7429=SURFACE_SIDE_STYLE('',(#7764));
#7430=SURFACE_SIDE_STYLE('',(#7765));
#7431=SURFACE_SIDE_STYLE('',(#7766));
#7432=SURFACE_SIDE_STYLE('',(#7767));
#7433=SURFACE_SIDE_STYLE('',(#7768));
#7434=SURFACE_SIDE_STYLE('',(#7769));
#7435=SURFACE_SIDE_STYLE('',(#7770));
#7436=SURFACE_SIDE_STYLE('',(#7771));
#7437=SURFACE_SIDE_STYLE('',(#7772));
#7438=SURFACE_SIDE_STYLE('',(#7773));
#7439=SURFACE_SIDE_STYLE('',(#7774));
#7440=SURFACE_SIDE_STYLE('',(#7775));
#7441=SURFACE_SIDE_STYLE('',(#7776));
#7442=SURFACE_SIDE_STYLE('',(#7777));
#7443=SURFACE_SIDE_STYLE('',(#7778));
#7444=SURFACE_SIDE_STYLE('',(#7779));
#7445=SURFACE_SIDE_STYLE('',(#7780));
#7446=SURFACE_SIDE_STYLE('',(#7781));
#7447=SURFACE_SIDE_STYLE('',(#7782));
#7448=SURFACE_SIDE_STYLE('',(#7783));
#7449=SURFACE_SIDE_STYLE('',(#7784));
#7450=SURFACE_SIDE_STYLE('',(#7785));
#7451=SURFACE_SIDE_STYLE('',(#7786));
#7452=SURFACE_SIDE_STYLE('',(#7787));
#7453=SURFACE_SIDE_STYLE('',(#7788));
#7454=SURFACE_SIDE_STYLE('',(#7789));
#7455=SURFACE_SIDE_STYLE('',(#7790));
#7456=SURFACE_SIDE_STYLE('',(#7791));
#7457=SURFACE_SIDE_STYLE('',(#7792));
#7458=SURFACE_SIDE_STYLE('',(#7793));
#7459=SURFACE_SIDE_STYLE('',(#7794));
#7460=SURFACE_SIDE_STYLE('',(#7795));
#7461=SURFACE_SIDE_STYLE('',(#7796));
#7462=SURFACE_SIDE_STYLE('',(#7797));
#7463=SURFACE_SIDE_STYLE('',(#7798));
#7464=SURFACE_SIDE_STYLE('',(#7799));
#7465=SURFACE_SIDE_STYLE('',(#7800));
#7466=SURFACE_SIDE_STYLE('',(#7801));
#7467=SURFACE_SIDE_STYLE('',(#7802));
#7468=SURFACE_SIDE_STYLE('',(#7803));
#7469=SURFACE_SIDE_STYLE('',(#7804));
#7470=SURFACE_SIDE_STYLE('',(#7805));
#7471=SURFACE_SIDE_STYLE('',(#7806));
#7472=SURFACE_SIDE_STYLE('',(#7807));
#7473=SURFACE_SIDE_STYLE('',(#7808));
#7474=SURFACE_SIDE_STYLE('',(#7809));
#7475=SURFACE_SIDE_STYLE('',(#7810));
#7476=SURFACE_SIDE_STYLE('',(#7811));
#7477=SURFACE_SIDE_STYLE('',(#7812));
#7478=SURFACE_SIDE_STYLE('',(#7813));
#7479=SURFACE_SIDE_STYLE('',(#7814));
#7480=SURFACE_SIDE_STYLE('',(#7815));
#7481=SURFACE_SIDE_STYLE('',(#7816));
#7482=SURFACE_SIDE_STYLE('',(#7817));
#7483=SURFACE_SIDE_STYLE('',(#7818));
#7484=SURFACE_SIDE_STYLE('',(#7819));
#7485=SURFACE_SIDE_STYLE('',(#7820));
#7486=SURFACE_SIDE_STYLE('',(#7821));
#7487=SURFACE_SIDE_STYLE('',(#7822));
#7488=SURFACE_SIDE_STYLE('',(#7823));
#7489=SURFACE_SIDE_STYLE('',(#7824));
#7490=SURFACE_SIDE_STYLE('',(#7825));
#7491=SURFACE_SIDE_STYLE('',(#7826));
#7492=SURFACE_SIDE_STYLE('',(#7827));
#7493=SURFACE_SIDE_STYLE('',(#7828));
#7494=SURFACE_SIDE_STYLE('',(#7829));
#7495=SURFACE_SIDE_STYLE('',(#7830));
#7496=SURFACE_SIDE_STYLE('',(#7831));
#7497=SURFACE_SIDE_STYLE('',(#7832));
#7498=SURFACE_SIDE_STYLE('',(#7833));
#7499=SURFACE_SIDE_STYLE('',(#7834));
#7500=SURFACE_SIDE_STYLE('',(#7835));
#7501=SURFACE_SIDE_STYLE('',(#7836));
#7502=SURFACE_SIDE_STYLE('',(#7837));
#7503=SURFACE_SIDE_STYLE('',(#7838));
#7504=SURFACE_SIDE_STYLE('',(#7839));
#7505=SURFACE_SIDE_STYLE('',(#7840));
#7506=SURFACE_SIDE_STYLE('',(#7841));
#7507=SURFACE_SIDE_STYLE('',(#7842));
#7508=SURFACE_SIDE_STYLE('',(#7843));
#7509=SURFACE_SIDE_STYLE('',(#7844));
#7510=SURFACE_SIDE_STYLE('',(#7845));
#7511=SURFACE_SIDE_STYLE('',(#7846));
#7512=SURFACE_SIDE_STYLE('',(#7847));
#7513=SURFACE_SIDE_STYLE('',(#7848));
#7514=SURFACE_SIDE_STYLE('',(#7849));
#7515=SURFACE_SIDE_STYLE('',(#7850));
#7516=SURFACE_SIDE_STYLE('',(#7851));
#7517=SURFACE_SIDE_STYLE('',(#7852));
#7518=SURFACE_SIDE_STYLE('',(#7853));
#7519=SURFACE_SIDE_STYLE('',(#7854));
#7520=SURFACE_SIDE_STYLE('',(#7855));
#7521=SURFACE_SIDE_STYLE('',(#7856));
#7522=SURFACE_SIDE_STYLE('',(#7857));
#7523=SURFACE_SIDE_STYLE('',(#7858));
#7524=SURFACE_SIDE_STYLE('',(#7859));
#7525=SURFACE_SIDE_STYLE('',(#7860));
#7526=SURFACE_SIDE_STYLE('',(#7861));
#7527=SURFACE_SIDE_STYLE('',(#7862));
#7528=SURFACE_SIDE_STYLE('',(#7863));
#7529=SURFACE_SIDE_STYLE('',(#7864));
#7530=SURFACE_SIDE_STYLE('',(#7865));
#7531=SURFACE_SIDE_STYLE('',(#7866));
#7532=SURFACE_SIDE_STYLE('',(#7867));
#7533=SURFACE_SIDE_STYLE('',(#7868));
#7534=SURFACE_SIDE_STYLE('',(#7869));
#7535=SURFACE_SIDE_STYLE('',(#7870));
#7536=SURFACE_SIDE_STYLE('',(#7871));
#7537=SURFACE_SIDE_STYLE('',(#7872));
#7538=SURFACE_SIDE_STYLE('',(#7873));
#7539=SURFACE_SIDE_STYLE('',(#7874));
#7540=SURFACE_SIDE_STYLE('',(#7875));
#7541=SURFACE_SIDE_STYLE('',(#7876));
#7542=SURFACE_SIDE_STYLE('',(#7877));
#7543=SURFACE_SIDE_STYLE('',(#7878));
#7544=SURFACE_SIDE_STYLE('',(#7879));
#7545=SURFACE_SIDE_STYLE('',(#7880));
#7546=SURFACE_SIDE_STYLE('',(#7881));
#7547=SURFACE_SIDE_STYLE('',(#7882));
#7548=SURFACE_SIDE_STYLE('',(#7883));
#7549=SURFACE_SIDE_STYLE('',(#7884));
#7550=SURFACE_SIDE_STYLE('',(#7885));
#7551=SURFACE_SIDE_STYLE('',(#7886));
#7552=SURFACE_SIDE_STYLE('',(#7887));
#7553=SURFACE_SIDE_STYLE('',(#7888));
#7554=SURFACE_SIDE_STYLE('',(#7889));
#7555=SURFACE_SIDE_STYLE('',(#7890));
#7556=SURFACE_SIDE_STYLE('',(#7891));
#7557=SURFACE_SIDE_STYLE('',(#7892));
#7558=SURFACE_SIDE_STYLE('',(#7893));
#7559=SURFACE_SIDE_STYLE('',(#7894));
#7560=SURFACE_SIDE_STYLE('',(#7895));
#7561=SURFACE_SIDE_STYLE('',(#7896));
#7562=SURFACE_SIDE_STYLE('',(#7897));
#7563=SURFACE_SIDE_STYLE('',(#7898));
#7564=SURFACE_SIDE_STYLE('',(#7899));
#7565=SURFACE_SIDE_STYLE('',(#7900));
#7566=SURFACE_SIDE_STYLE('',(#7901));
#7567=SURFACE_SIDE_STYLE('',(#7902));
#7568=SURFACE_SIDE_STYLE('',(#7903));
#7569=SURFACE_SIDE_STYLE('',(#7904));
#7570=SURFACE_SIDE_STYLE('',(#7905));
#7571=SURFACE_SIDE_STYLE('',(#7906));
#7572=SURFACE_SIDE_STYLE('',(#7907));
#7573=SURFACE_SIDE_STYLE('',(#7908));
#7574=SURFACE_SIDE_STYLE('',(#7909));
#7575=SURFACE_SIDE_STYLE('',(#7910));
#7576=SURFACE_SIDE_STYLE('',(#7911));
#7577=SURFACE_SIDE_STYLE('',(#7912));
#7578=SURFACE_SIDE_STYLE('',(#7913));
#7579=SURFACE_SIDE_STYLE('',(#7914));
#7580=SURFACE_SIDE_STYLE('',(#7915));
#7581=SURFACE_SIDE_STYLE('',(#7916));
#7582=SURFACE_SIDE_STYLE('',(#7917));
#7583=SURFACE_SIDE_STYLE('',(#7918));
#7584=SURFACE_SIDE_STYLE('',(#7919));
#7585=SURFACE_SIDE_STYLE('',(#7920));
#7586=SURFACE_SIDE_STYLE('',(#7921));
#7587=SURFACE_SIDE_STYLE('',(#7922));
#7588=SURFACE_SIDE_STYLE('',(#7923));
#7589=SURFACE_SIDE_STYLE('',(#7924));
#7590=SURFACE_SIDE_STYLE('',(#7925));
#7591=SURFACE_SIDE_STYLE('',(#7926));
#7592=SURFACE_SIDE_STYLE('',(#7927));
#7593=SURFACE_SIDE_STYLE('',(#7928));
#7594=SURFACE_SIDE_STYLE('',(#7929));
#7595=SURFACE_SIDE_STYLE('',(#7930));
#7596=SURFACE_SIDE_STYLE('',(#7931));
#7597=SURFACE_SIDE_STYLE('',(#7932));
#7598=SURFACE_SIDE_STYLE('',(#7933));
#7599=SURFACE_SIDE_STYLE('',(#7934));
#7600=SURFACE_SIDE_STYLE('',(#7935));
#7601=SURFACE_SIDE_STYLE('',(#7936));
#7602=SURFACE_SIDE_STYLE('',(#7937));
#7603=SURFACE_SIDE_STYLE('',(#7938));
#7604=SURFACE_SIDE_STYLE('',(#7939));
#7605=SURFACE_SIDE_STYLE('',(#7940));
#7606=SURFACE_SIDE_STYLE('',(#7941));
#7607=SURFACE_SIDE_STYLE('',(#7942));
#7608=SURFACE_SIDE_STYLE('',(#7943));
#7609=SURFACE_SIDE_STYLE('',(#7944));
#7610=SURFACE_SIDE_STYLE('',(#7945));
#7611=SURFACE_SIDE_STYLE('',(#7946));
#7612=SURFACE_SIDE_STYLE('',(#7947));
#7613=SURFACE_SIDE_STYLE('',(#7948));
#7614=SURFACE_SIDE_STYLE('',(#7949));
#7615=SURFACE_SIDE_STYLE('',(#7950));
#7616=SURFACE_SIDE_STYLE('',(#7951));
#7617=SURFACE_SIDE_STYLE('',(#7952));
#7618=SURFACE_SIDE_STYLE('',(#7953));
#7619=SURFACE_SIDE_STYLE('',(#7954));
#7620=SURFACE_SIDE_STYLE('',(#7955));
#7621=SURFACE_SIDE_STYLE('',(#7956));
#7622=SURFACE_SIDE_STYLE('',(#7957));
#7623=SURFACE_SIDE_STYLE('',(#7958));
#7624=SURFACE_SIDE_STYLE('',(#7959));
#7625=SURFACE_SIDE_STYLE('',(#7960));
#7626=SURFACE_SIDE_STYLE('',(#7961));
#7627=SURFACE_SIDE_STYLE('',(#7962));
#7628=SURFACE_SIDE_STYLE('',(#7963));
#7629=SURFACE_SIDE_STYLE('',(#7964));
#7630=SURFACE_SIDE_STYLE('',(#7965));
#7631=SURFACE_SIDE_STYLE('',(#7966));
#7632=SURFACE_SIDE_STYLE('',(#7967));
#7633=SURFACE_SIDE_STYLE('',(#7968));
#7634=SURFACE_SIDE_STYLE('',(#7969));
#7635=SURFACE_SIDE_STYLE('',(#7970));
#7636=SURFACE_SIDE_STYLE('',(#7971));
#7637=SURFACE_SIDE_STYLE('',(#7972));
#7638=SURFACE_SIDE_STYLE('',(#7973));
#7639=SURFACE_SIDE_STYLE('',(#7974));
#7640=SURFACE_SIDE_STYLE('',(#7975));
#7641=SURFACE_SIDE_STYLE('',(#7976));
#7642=SURFACE_SIDE_STYLE('',(#7977));
#7643=SURFACE_STYLE_FILL_AREA(#7978);
#7644=SURFACE_STYLE_FILL_AREA(#7979);
#7645=SURFACE_STYLE_FILL_AREA(#7980);
#7646=SURFACE_STYLE_FILL_AREA(#7981);
#7647=SURFACE_STYLE_FILL_AREA(#7982);
#7648=SURFACE_STYLE_FILL_AREA(#7983);
#7649=SURFACE_STYLE_FILL_AREA(#7984);
#7650=SURFACE_STYLE_FILL_AREA(#7985);
#7651=SURFACE_STYLE_FILL_AREA(#7986);
#7652=SURFACE_STYLE_FILL_AREA(#7987);
#7653=SURFACE_STYLE_FILL_AREA(#7988);
#7654=SURFACE_STYLE_FILL_AREA(#7989);
#7655=SURFACE_STYLE_FILL_AREA(#7990);
#7656=SURFACE_STYLE_FILL_AREA(#7991);
#7657=SURFACE_STYLE_FILL_AREA(#7992);
#7658=SURFACE_STYLE_FILL_AREA(#7993);
#7659=SURFACE_STYLE_FILL_AREA(#7994);
#7660=SURFACE_STYLE_FILL_AREA(#7995);
#7661=SURFACE_STYLE_FILL_AREA(#7996);
#7662=SURFACE_STYLE_FILL_AREA(#7997);
#7663=SURFACE_STYLE_FILL_AREA(#7998);
#7664=SURFACE_STYLE_FILL_AREA(#7999);
#7665=SURFACE_STYLE_FILL_AREA(#8000);
#7666=SURFACE_STYLE_FILL_AREA(#8001);
#7667=SURFACE_STYLE_FILL_AREA(#8002);
#7668=SURFACE_STYLE_FILL_AREA(#8003);
#7669=SURFACE_STYLE_FILL_AREA(#8004);
#7670=SURFACE_STYLE_FILL_AREA(#8005);
#7671=SURFACE_STYLE_FILL_AREA(#8006);
#7672=SURFACE_STYLE_FILL_AREA(#8007);
#7673=SURFACE_STYLE_FILL_AREA(#8008);
#7674=SURFACE_STYLE_FILL_AREA(#8009);
#7675=SURFACE_STYLE_FILL_AREA(#8010);
#7676=SURFACE_STYLE_FILL_AREA(#8011);
#7677=SURFACE_STYLE_FILL_AREA(#8012);
#7678=SURFACE_STYLE_FILL_AREA(#8013);
#7679=SURFACE_STYLE_FILL_AREA(#8014);
#7680=SURFACE_STYLE_FILL_AREA(#8015);
#7681=SURFACE_STYLE_FILL_AREA(#8016);
#7682=SURFACE_STYLE_FILL_AREA(#8017);
#7683=SURFACE_STYLE_FILL_AREA(#8018);
#7684=SURFACE_STYLE_FILL_AREA(#8019);
#7685=SURFACE_STYLE_FILL_AREA(#8020);
#7686=SURFACE_STYLE_FILL_AREA(#8021);
#7687=SURFACE_STYLE_FILL_AREA(#8022);
#7688=SURFACE_STYLE_FILL_AREA(#8023);
#7689=SURFACE_STYLE_FILL_AREA(#8024);
#7690=SURFACE_STYLE_FILL_AREA(#8025);
#7691=SURFACE_STYLE_FILL_AREA(#8026);
#7692=SURFACE_STYLE_FILL_AREA(#8027);
#7693=SURFACE_STYLE_FILL_AREA(#8028);
#7694=SURFACE_STYLE_FILL_AREA(#8029);
#7695=SURFACE_STYLE_FILL_AREA(#8030);
#7696=SURFACE_STYLE_FILL_AREA(#8031);
#7697=SURFACE_STYLE_FILL_AREA(#8032);
#7698=SURFACE_STYLE_FILL_AREA(#8033);
#7699=SURFACE_STYLE_FILL_AREA(#8034);
#7700=SURFACE_STYLE_FILL_AREA(#8035);
#7701=SURFACE_STYLE_FILL_AREA(#8036);
#7702=SURFACE_STYLE_FILL_AREA(#8037);
#7703=SURFACE_STYLE_FILL_AREA(#8038);
#7704=SURFACE_STYLE_FILL_AREA(#8039);
#7705=SURFACE_STYLE_FILL_AREA(#8040);
#7706=SURFACE_STYLE_FILL_AREA(#8041);
#7707=SURFACE_STYLE_FILL_AREA(#8042);
#7708=SURFACE_STYLE_FILL_AREA(#8043);
#7709=SURFACE_STYLE_FILL_AREA(#8044);
#7710=SURFACE_STYLE_FILL_AREA(#8045);
#7711=SURFACE_STYLE_FILL_AREA(#8046);
#7712=SURFACE_STYLE_FILL_AREA(#8047);
#7713=SURFACE_STYLE_FILL_AREA(#8048);
#7714=SURFACE_STYLE_FILL_AREA(#8049);
#7715=SURFACE_STYLE_FILL_AREA(#8050);
#7716=SURFACE_STYLE_FILL_AREA(#8051);
#7717=SURFACE_STYLE_FILL_AREA(#8052);
#7718=SURFACE_STYLE_FILL_AREA(#8053);
#7719=SURFACE_STYLE_FILL_AREA(#8054);
#7720=SURFACE_STYLE_FILL_AREA(#8055);
#7721=SURFACE_STYLE_FILL_AREA(#8056);
#7722=SURFACE_STYLE_FILL_AREA(#8057);
#7723=SURFACE_STYLE_FILL_AREA(#8058);
#7724=SURFACE_STYLE_FILL_AREA(#8059);
#7725=SURFACE_STYLE_FILL_AREA(#8060);
#7726=SURFACE_STYLE_FILL_AREA(#8061);
#7727=SURFACE_STYLE_FILL_AREA(#8062);
#7728=SURFACE_STYLE_FILL_AREA(#8063);
#7729=SURFACE_STYLE_FILL_AREA(#8064);
#7730=SURFACE_STYLE_FILL_AREA(#8065);
#7731=SURFACE_STYLE_FILL_AREA(#8066);
#7732=SURFACE_STYLE_FILL_AREA(#8067);
#7733=SURFACE_STYLE_FILL_AREA(#8068);
#7734=SURFACE_STYLE_FILL_AREA(#8069);
#7735=SURFACE_STYLE_FILL_AREA(#8070);
#7736=SURFACE_STYLE_FILL_AREA(#8071);
#7737=SURFACE_STYLE_FILL_AREA(#8072);
#7738=SURFACE_STYLE_FILL_AREA(#8073);
#7739=SURFACE_STYLE_FILL_AREA(#8074);
#7740=SURFACE_STYLE_FILL_AREA(#8075);
#7741=SURFACE_STYLE_FILL_AREA(#8076);
#7742=SURFACE_STYLE_FILL_AREA(#8077);
#7743=SURFACE_STYLE_FILL_AREA(#8078);
#7744=SURFACE_STYLE_FILL_AREA(#8079);
#7745=SURFACE_STYLE_FILL_AREA(#8080);
#7746=SURFACE_STYLE_FILL_AREA(#8081);
#7747=SURFACE_STYLE_FILL_AREA(#8082);
#7748=SURFACE_STYLE_FILL_AREA(#8083);
#7749=SURFACE_STYLE_FILL_AREA(#8084);
#7750=SURFACE_STYLE_FILL_AREA(#8085);
#7751=SURFACE_STYLE_FILL_AREA(#8086);
#7752=SURFACE_STYLE_FILL_AREA(#8087);
#7753=SURFACE_STYLE_FILL_AREA(#8088);
#7754=SURFACE_STYLE_FILL_AREA(#8089);
#7755=SURFACE_STYLE_FILL_AREA(#8090);
#7756=SURFACE_STYLE_FILL_AREA(#8091);
#7757=SURFACE_STYLE_FILL_AREA(#8092);
#7758=SURFACE_STYLE_FILL_AREA(#8093);
#7759=SURFACE_STYLE_FILL_AREA(#8094);
#7760=SURFACE_STYLE_FILL_AREA(#8095);
#7761=SURFACE_STYLE_FILL_AREA(#8096);
#7762=SURFACE_STYLE_FILL_AREA(#8097);
#7763=SURFACE_STYLE_FILL_AREA(#8098);
#7764=SURFACE_STYLE_FILL_AREA(#8099);
#7765=SURFACE_STYLE_FILL_AREA(#8100);
#7766=SURFACE_STYLE_FILL_AREA(#8101);
#7767=SURFACE_STYLE_FILL_AREA(#8102);
#7768=SURFACE_STYLE_FILL_AREA(#8103);
#7769=SURFACE_STYLE_FILL_AREA(#8104);
#7770=SURFACE_STYLE_FILL_AREA(#8105);
#7771=SURFACE_STYLE_FILL_AREA(#8106);
#7772=SURFACE_STYLE_FILL_AREA(#8107);
#7773=SURFACE_STYLE_FILL_AREA(#8108);
#7774=SURFACE_STYLE_FILL_AREA(#8109);
#7775=SURFACE_STYLE_FILL_AREA(#8110);
#7776=SURFACE_STYLE_FILL_AREA(#8111);
#7777=SURFACE_STYLE_FILL_AREA(#8112);
#7778=SURFACE_STYLE_FILL_AREA(#8113);
#7779=SURFACE_STYLE_FILL_AREA(#8114);
#7780=SURFACE_STYLE_FILL_AREA(#8115);
#7781=SURFACE_STYLE_FILL_AREA(#8116);
#7782=SURFACE_STYLE_FILL_AREA(#8117);
#7783=SURFACE_STYLE_FILL_AREA(#8118);
#7784=SURFACE_STYLE_FILL_AREA(#8119);
#7785=SURFACE_STYLE_FILL_AREA(#8120);
#7786=SURFACE_STYLE_FILL_AREA(#8121);
#7787=SURFACE_STYLE_FILL_AREA(#8122);
#7788=SURFACE_STYLE_FILL_AREA(#8123);
#7789=SURFACE_STYLE_FILL_AREA(#8124);
#7790=SURFACE_STYLE_FILL_AREA(#8125);
#7791=SURFACE_STYLE_FILL_AREA(#8126);
#7792=SURFACE_STYLE_FILL_AREA(#8127);
#7793=SURFACE_STYLE_FILL_AREA(#8128);
#7794=SURFACE_STYLE_FILL_AREA(#8129);
#7795=SURFACE_STYLE_FILL_AREA(#8130);
#7796=SURFACE_STYLE_FILL_AREA(#8131);
#7797=SURFACE_STYLE_FILL_AREA(#8132);
#7798=SURFACE_STYLE_FILL_AREA(#8133);
#7799=SURFACE_STYLE_FILL_AREA(#8134);
#7800=SURFACE_STYLE_FILL_AREA(#8135);
#7801=SURFACE_STYLE_FILL_AREA(#8136);
#7802=SURFACE_STYLE_FILL_AREA(#8137);
#7803=SURFACE_STYLE_FILL_AREA(#8138);
#7804=SURFACE_STYLE_FILL_AREA(#8139);
#7805=SURFACE_STYLE_FILL_AREA(#8140);
#7806=SURFACE_STYLE_FILL_AREA(#8141);
#7807=SURFACE_STYLE_FILL_AREA(#8142);
#7808=SURFACE_STYLE_FILL_AREA(#8143);
#7809=SURFACE_STYLE_FILL_AREA(#8144);
#7810=SURFACE_STYLE_FILL_AREA(#8145);
#7811=SURFACE_STYLE_FILL_AREA(#8146);
#7812=SURFACE_STYLE_FILL_AREA(#8147);
#7813=SURFACE_STYLE_FILL_AREA(#8148);
#7814=SURFACE_STYLE_FILL_AREA(#8149);
#7815=SURFACE_STYLE_FILL_AREA(#8150);
#7816=SURFACE_STYLE_FILL_AREA(#8151);
#7817=SURFACE_STYLE_FILL_AREA(#8152);
#7818=SURFACE_STYLE_FILL_AREA(#8153);
#7819=SURFACE_STYLE_FILL_AREA(#8154);
#7820=SURFACE_STYLE_FILL_AREA(#8155);
#7821=SURFACE_STYLE_FILL_AREA(#8156);
#7822=SURFACE_STYLE_FILL_AREA(#8157);
#7823=SURFACE_STYLE_FILL_AREA(#8158);
#7824=SURFACE_STYLE_FILL_AREA(#8159);
#7825=SURFACE_STYLE_FILL_AREA(#8160);
#7826=SURFACE_STYLE_FILL_AREA(#8161);
#7827=SURFACE_STYLE_FILL_AREA(#8162);
#7828=SURFACE_STYLE_FILL_AREA(#8163);
#7829=SURFACE_STYLE_FILL_AREA(#8164);
#7830=SURFACE_STYLE_FILL_AREA(#8165);
#7831=SURFACE_STYLE_FILL_AREA(#8166);
#7832=SURFACE_STYLE_FILL_AREA(#8167);
#7833=SURFACE_STYLE_FILL_AREA(#8168);
#7834=SURFACE_STYLE_FILL_AREA(#8169);
#7835=SURFACE_STYLE_FILL_AREA(#8170);
#7836=SURFACE_STYLE_FILL_AREA(#8171);
#7837=SURFACE_STYLE_FILL_AREA(#8172);
#7838=SURFACE_STYLE_FILL_AREA(#8173);
#7839=SURFACE_STYLE_FILL_AREA(#8174);
#7840=SURFACE_STYLE_FILL_AREA(#8175);
#7841=SURFACE_STYLE_FILL_AREA(#8176);
#7842=SURFACE_STYLE_FILL_AREA(#8177);
#7843=SURFACE_STYLE_FILL_AREA(#8178);
#7844=SURFACE_STYLE_FILL_AREA(#8179);
#7845=SURFACE_STYLE_FILL_AREA(#8180);
#7846=SURFACE_STYLE_FILL_AREA(#8181);
#7847=SURFACE_STYLE_FILL_AREA(#8182);
#7848=SURFACE_STYLE_FILL_AREA(#8183);
#7849=SURFACE_STYLE_FILL_AREA(#8184);
#7850=SURFACE_STYLE_FILL_AREA(#8185);
#7851=SURFACE_STYLE_FILL_AREA(#8186);
#7852=SURFACE_STYLE_FILL_AREA(#8187);
#7853=SURFACE_STYLE_FILL_AREA(#8188);
#7854=SURFACE_STYLE_FILL_AREA(#8189);
#7855=SURFACE_STYLE_FILL_AREA(#8190);
#7856=SURFACE_STYLE_FILL_AREA(#8191);
#7857=SURFACE_STYLE_FILL_AREA(#8192);
#7858=SURFACE_STYLE_FILL_AREA(#8193);
#7859=SURFACE_STYLE_FILL_AREA(#8194);
#7860=SURFACE_STYLE_FILL_AREA(#8195);
#7861=SURFACE_STYLE_FILL_AREA(#8196);
#7862=SURFACE_STYLE_FILL_AREA(#8197);
#7863=SURFACE_STYLE_FILL_AREA(#8198);
#7864=SURFACE_STYLE_FILL_AREA(#8199);
#7865=SURFACE_STYLE_FILL_AREA(#8200);
#7866=SURFACE_STYLE_FILL_AREA(#8201);
#7867=SURFACE_STYLE_FILL_AREA(#8202);
#7868=SURFACE_STYLE_FILL_AREA(#8203);
#7869=SURFACE_STYLE_FILL_AREA(#8204);
#7870=SURFACE_STYLE_FILL_AREA(#8205);
#7871=SURFACE_STYLE_FILL_AREA(#8206);
#7872=SURFACE_STYLE_FILL_AREA(#8207);
#7873=SURFACE_STYLE_FILL_AREA(#8208);
#7874=SURFACE_STYLE_FILL_AREA(#8209);
#7875=SURFACE_STYLE_FILL_AREA(#8210);
#7876=SURFACE_STYLE_FILL_AREA(#8211);
#7877=SURFACE_STYLE_FILL_AREA(#8212);
#7878=SURFACE_STYLE_FILL_AREA(#8213);
#7879=SURFACE_STYLE_FILL_AREA(#8214);
#7880=SURFACE_STYLE_FILL_AREA(#8215);
#7881=SURFACE_STYLE_FILL_AREA(#8216);
#7882=SURFACE_STYLE_FILL_AREA(#8217);
#7883=SURFACE_STYLE_FILL_AREA(#8218);
#7884=SURFACE_STYLE_FILL_AREA(#8219);
#7885=SURFACE_STYLE_FILL_AREA(#8220);
#7886=SURFACE_STYLE_FILL_AREA(#8221);
#7887=SURFACE_STYLE_FILL_AREA(#8222);
#7888=SURFACE_STYLE_FILL_AREA(#8223);
#7889=SURFACE_STYLE_FILL_AREA(#8224);
#7890=SURFACE_STYLE_FILL_AREA(#8225);
#7891=SURFACE_STYLE_FILL_AREA(#8226);
#7892=SURFACE_STYLE_FILL_AREA(#8227);
#7893=SURFACE_STYLE_FILL_AREA(#8228);
#7894=SURFACE_STYLE_FILL_AREA(#8229);
#7895=SURFACE_STYLE_FILL_AREA(#8230);
#7896=SURFACE_STYLE_FILL_AREA(#8231);
#7897=SURFACE_STYLE_FILL_AREA(#8232);
#7898=SURFACE_STYLE_FILL_AREA(#8233);
#7899=SURFACE_STYLE_FILL_AREA(#8234);
#7900=SURFACE_STYLE_FILL_AREA(#8235);
#7901=SURFACE_STYLE_FILL_AREA(#8236);
#7902=SURFACE_STYLE_FILL_AREA(#8237);
#7903=SURFACE_STYLE_FILL_AREA(#8238);
#7904=SURFACE_STYLE_FILL_AREA(#8239);
#7905=SURFACE_STYLE_FILL_AREA(#8240);
#7906=SURFACE_STYLE_FILL_AREA(#8241);
#7907=SURFACE_STYLE_FILL_AREA(#8242);
#7908=SURFACE_STYLE_FILL_AREA(#8243);
#7909=SURFACE_STYLE_FILL_AREA(#8244);
#7910=SURFACE_STYLE_FILL_AREA(#8245);
#7911=SURFACE_STYLE_FILL_AREA(#8246);
#7912=SURFACE_STYLE_FILL_AREA(#8247);
#7913=SURFACE_STYLE_FILL_AREA(#8248);
#7914=SURFACE_STYLE_FILL_AREA(#8249);
#7915=SURFACE_STYLE_FILL_AREA(#8250);
#7916=SURFACE_STYLE_FILL_AREA(#8251);
#7917=SURFACE_STYLE_FILL_AREA(#8252);
#7918=SURFACE_STYLE_FILL_AREA(#8253);
#7919=SURFACE_STYLE_FILL_AREA(#8254);
#7920=SURFACE_STYLE_FILL_AREA(#8255);
#7921=SURFACE_STYLE_FILL_AREA(#8256);
#7922=SURFACE_STYLE_FILL_AREA(#8257);
#7923=SURFACE_STYLE_FILL_AREA(#8258);
#7924=SURFACE_STYLE_FILL_AREA(#8259);
#7925=SURFACE_STYLE_FILL_AREA(#8260);
#7926=SURFACE_STYLE_FILL_AREA(#8261);
#7927=SURFACE_STYLE_FILL_AREA(#8262);
#7928=SURFACE_STYLE_FILL_AREA(#8263);
#7929=SURFACE_STYLE_FILL_AREA(#8264);
#7930=SURFACE_STYLE_FILL_AREA(#8265);
#7931=SURFACE_STYLE_FILL_AREA(#8266);
#7932=SURFACE_STYLE_FILL_AREA(#8267);
#7933=SURFACE_STYLE_FILL_AREA(#8268);
#7934=SURFACE_STYLE_FILL_AREA(#8269);
#7935=SURFACE_STYLE_FILL_AREA(#8270);
#7936=SURFACE_STYLE_FILL_AREA(#8271);
#7937=SURFACE_STYLE_FILL_AREA(#8272);
#7938=SURFACE_STYLE_FILL_AREA(#8273);
#7939=SURFACE_STYLE_FILL_AREA(#8274);
#7940=SURFACE_STYLE_FILL_AREA(#8275);
#7941=SURFACE_STYLE_FILL_AREA(#8276);
#7942=SURFACE_STYLE_FILL_AREA(#8277);
#7943=SURFACE_STYLE_FILL_AREA(#8278);
#7944=SURFACE_STYLE_FILL_AREA(#8279);
#7945=SURFACE_STYLE_FILL_AREA(#8280);
#7946=SURFACE_STYLE_FILL_AREA(#8281);
#7947=SURFACE_STYLE_FILL_AREA(#8282);
#7948=SURFACE_STYLE_FILL_AREA(#8283);
#7949=SURFACE_STYLE_FILL_AREA(#8284);
#7950=SURFACE_STYLE_FILL_AREA(#8285);
#7951=SURFACE_STYLE_FILL_AREA(#8286);
#7952=SURFACE_STYLE_FILL_AREA(#8287);
#7953=SURFACE_STYLE_FILL_AREA(#8288);
#7954=SURFACE_STYLE_FILL_AREA(#8289);
#7955=SURFACE_STYLE_FILL_AREA(#8290);
#7956=SURFACE_STYLE_FILL_AREA(#8291);
#7957=SURFACE_STYLE_FILL_AREA(#8292);
#7958=SURFACE_STYLE_FILL_AREA(#8293);
#7959=SURFACE_STYLE_FILL_AREA(#8294);
#7960=SURFACE_STYLE_FILL_AREA(#8295);
#7961=SURFACE_STYLE_FILL_AREA(#8296);
#7962=SURFACE_STYLE_FILL_AREA(#8297);
#7963=SURFACE_STYLE_FILL_AREA(#8298);
#7964=SURFACE_STYLE_FILL_AREA(#8299);
#7965=SURFACE_STYLE_FILL_AREA(#8300);
#7966=SURFACE_STYLE_FILL_AREA(#8301);
#7967=SURFACE_STYLE_FILL_AREA(#8302);
#7968=SURFACE_STYLE_FILL_AREA(#8303);
#7969=SURFACE_STYLE_FILL_AREA(#8304);
#7970=SURFACE_STYLE_FILL_AREA(#8305);
#7971=SURFACE_STYLE_FILL_AREA(#8306);
#7972=SURFACE_STYLE_FILL_AREA(#8307);
#7973=SURFACE_STYLE_FILL_AREA(#8308);
#7974=SURFACE_STYLE_FILL_AREA(#8309);
#7975=SURFACE_STYLE_FILL_AREA(#8310);
#7976=SURFACE_STYLE_FILL_AREA(#8311);
#7977=SURFACE_STYLE_FILL_AREA(#8312);
#7978=FILL_AREA_STYLE('',(#8313));
#7979=FILL_AREA_STYLE('',(#8314));
#7980=FILL_AREA_STYLE('',(#8315));
#7981=FILL_AREA_STYLE('',(#8316));
#7982=FILL_AREA_STYLE('',(#8317));
#7983=FILL_AREA_STYLE('',(#8318));
#7984=FILL_AREA_STYLE('',(#8319));
#7985=FILL_AREA_STYLE('',(#8320));
#7986=FILL_AREA_STYLE('',(#8321));
#7987=FILL_AREA_STYLE('',(#8322));
#7988=FILL_AREA_STYLE('',(#8323));
#7989=FILL_AREA_STYLE('',(#8324));
#7990=FILL_AREA_STYLE('',(#8325));
#7991=FILL_AREA_STYLE('',(#8326));
#7992=FILL_AREA_STYLE('',(#8327));
#7993=FILL_AREA_STYLE('',(#8328));
#7994=FILL_AREA_STYLE('',(#8329));
#7995=FILL_AREA_STYLE('',(#8330));
#7996=FILL_AREA_STYLE('',(#8331));
#7997=FILL_AREA_STYLE('',(#8332));
#7998=FILL_AREA_STYLE('',(#8333));
#7999=FILL_AREA_STYLE('',(#8334));
#8000=FILL_AREA_STYLE('',(#8335));
#8001=FILL_AREA_STYLE('',(#8336));
#8002=FILL_AREA_STYLE('',(#8337));
#8003=FILL_AREA_STYLE('',(#8338));
#8004=FILL_AREA_STYLE('',(#8339));
#8005=FILL_AREA_STYLE('',(#8340));
#8006=FILL_AREA_STYLE('',(#8341));
#8007=FILL_AREA_STYLE('',(#8342));
#8008=FILL_AREA_STYLE('',(#8343));
#8009=FILL_AREA_STYLE('',(#8344));
#8010=FILL_AREA_STYLE('',(#8345));
#8011=FILL_AREA_STYLE('',(#8346));
#8012=FILL_AREA_STYLE('',(#8347));
#8013=FILL_AREA_STYLE('',(#8348));
#8014=FILL_AREA_STYLE('',(#8349));
#8015=FILL_AREA_STYLE('',(#8350));
#8016=FILL_AREA_STYLE('',(#8351));
#8017=FILL_AREA_STYLE('',(#8352));
#8018=FILL_AREA_STYLE('',(#8353));
#8019=FILL_AREA_STYLE('',(#8354));
#8020=FILL_AREA_STYLE('',(#8355));
#8021=FILL_AREA_STYLE('',(#8356));
#8022=FILL_AREA_STYLE('',(#8357));
#8023=FILL_AREA_STYLE('',(#8358));
#8024=FILL_AREA_STYLE('',(#8359));
#8025=FILL_AREA_STYLE('',(#8360));
#8026=FILL_AREA_STYLE('',(#8361));
#8027=FILL_AREA_STYLE('',(#8362));
#8028=FILL_AREA_STYLE('',(#8363));
#8029=FILL_AREA_STYLE('',(#8364));
#8030=FILL_AREA_STYLE('',(#8365));
#8031=FILL_AREA_STYLE('',(#8366));
#8032=FILL_AREA_STYLE('',(#8367));
#8033=FILL_AREA_STYLE('',(#8368));
#8034=FILL_AREA_STYLE('',(#8369));
#8035=FILL_AREA_STYLE('',(#8370));
#8036=FILL_AREA_STYLE('',(#8371));
#8037=FILL_AREA_STYLE('',(#8372));
#8038=FILL_AREA_STYLE('',(#8373));
#8039=FILL_AREA_STYLE('',(#8374));
#8040=FILL_AREA_STYLE('',(#8375));
#8041=FILL_AREA_STYLE('',(#8376));
#8042=FILL_AREA_STYLE('',(#8377));
#8043=FILL_AREA_STYLE('',(#8378));
#8044=FILL_AREA_STYLE('',(#8379));
#8045=FILL_AREA_STYLE('',(#8380));
#8046=FILL_AREA_STYLE('',(#8381));
#8047=FILL_AREA_STYLE('',(#8382));
#8048=FILL_AREA_STYLE('',(#8383));
#8049=FILL_AREA_STYLE('',(#8384));
#8050=FILL_AREA_STYLE('',(#8385));
#8051=FILL_AREA_STYLE('',(#8386));
#8052=FILL_AREA_STYLE('',(#8387));
#8053=FILL_AREA_STYLE('',(#8388));
#8054=FILL_AREA_STYLE('',(#8389));
#8055=FILL_AREA_STYLE('',(#8390));
#8056=FILL_AREA_STYLE('',(#8391));
#8057=FILL_AREA_STYLE('',(#8392));
#8058=FILL_AREA_STYLE('',(#8393));
#8059=FILL_AREA_STYLE('',(#8394));
#8060=FILL_AREA_STYLE('',(#8395));
#8061=FILL_AREA_STYLE('',(#8396));
#8062=FILL_AREA_STYLE('',(#8397));
#8063=FILL_AREA_STYLE('',(#8398));
#8064=FILL_AREA_STYLE('',(#8399));
#8065=FILL_AREA_STYLE('',(#8400));
#8066=FILL_AREA_STYLE('',(#8401));
#8067=FILL_AREA_STYLE('',(#8402));
#8068=FILL_AREA_STYLE('',(#8403));
#8069=FILL_AREA_STYLE('',(#8404));
#8070=FILL_AREA_STYLE('',(#8405));
#8071=FILL_AREA_STYLE('',(#8406));
#8072=FILL_AREA_STYLE('',(#8407));
#8073=FILL_AREA_STYLE('',(#8408));
#8074=FILL_AREA_STYLE('',(#8409));
#8075=FILL_AREA_STYLE('',(#8410));
#8076=FILL_AREA_STYLE('',(#8411));
#8077=FILL_AREA_STYLE('',(#8412));
#8078=FILL_AREA_STYLE('',(#8413));
#8079=FILL_AREA_STYLE('',(#8414));
#8080=FILL_AREA_STYLE('',(#8415));
#8081=FILL_AREA_STYLE('',(#8416));
#8082=FILL_AREA_STYLE('',(#8417));
#8083=FILL_AREA_STYLE('',(#8418));
#8084=FILL_AREA_STYLE('',(#8419));
#8085=FILL_AREA_STYLE('',(#8420));
#8086=FILL_AREA_STYLE('',(#8421));
#8087=FILL_AREA_STYLE('',(#8422));
#8088=FILL_AREA_STYLE('',(#8423));
#8089=FILL_AREA_STYLE('',(#8424));
#8090=FILL_AREA_STYLE('',(#8425));
#8091=FILL_AREA_STYLE('',(#8426));
#8092=FILL_AREA_STYLE('',(#8427));
#8093=FILL_AREA_STYLE('',(#8428));
#8094=FILL_AREA_STYLE('',(#8429));
#8095=FILL_AREA_STYLE('',(#8430));
#8096=FILL_AREA_STYLE('',(#8431));
#8097=FILL_AREA_STYLE('',(#8432));
#8098=FILL_AREA_STYLE('',(#8433));
#8099=FILL_AREA_STYLE('',(#8434));
#8100=FILL_AREA_STYLE('',(#8435));
#8101=FILL_AREA_STYLE('',(#8436));
#8102=FILL_AREA_STYLE('',(#8437));
#8103=FILL_AREA_STYLE('',(#8438));
#8104=FILL_AREA_STYLE('',(#8439));
#8105=FILL_AREA_STYLE('',(#8440));
#8106=FILL_AREA_STYLE('',(#8441));
#8107=FILL_AREA_STYLE('',(#8442));
#8108=FILL_AREA_STYLE('',(#8443));
#8109=FILL_AREA_STYLE('',(#8444));
#8110=FILL_AREA_STYLE('',(#8445));
#8111=FILL_AREA_STYLE('',(#8446));
#8112=FILL_AREA_STYLE('',(#8447));
#8113=FILL_AREA_STYLE('',(#8448));
#8114=FILL_AREA_STYLE('',(#8449));
#8115=FILL_AREA_STYLE('',(#8450));
#8116=FILL_AREA_STYLE('',(#8451));
#8117=FILL_AREA_STYLE('',(#8452));
#8118=FILL_AREA_STYLE('',(#8453));
#8119=FILL_AREA_STYLE('',(#8454));
#8120=FILL_AREA_STYLE('',(#8455));
#8121=FILL_AREA_STYLE('',(#8456));
#8122=FILL_AREA_STYLE('',(#8457));
#8123=FILL_AREA_STYLE('',(#8458));
#8124=FILL_AREA_STYLE('',(#8459));
#8125=FILL_AREA_STYLE('',(#8460));
#8126=FILL_AREA_STYLE('',(#8461));
#8127=FILL_AREA_STYLE('',(#8462));
#8128=FILL_AREA_STYLE('',(#8463));
#8129=FILL_AREA_STYLE('',(#8464));
#8130=FILL_AREA_STYLE('',(#8465));
#8131=FILL_AREA_STYLE('',(#8466));
#8132=FILL_AREA_STYLE('',(#8467));
#8133=FILL_AREA_STYLE('',(#8468));
#8134=FILL_AREA_STYLE('',(#8469));
#8135=FILL_AREA_STYLE('',(#8470));
#8136=FILL_AREA_STYLE('',(#8471));
#8137=FILL_AREA_STYLE('',(#8472));
#8138=FILL_AREA_STYLE('',(#8473));
#8139=FILL_AREA_STYLE('',(#8474));
#8140=FILL_AREA_STYLE('',(#8475));
#8141=FILL_AREA_STYLE('',(#8476));
#8142=FILL_AREA_STYLE('',(#8477));
#8143=FILL_AREA_STYLE('',(#8478));
#8144=FILL_AREA_STYLE('',(#8479));
#8145=FILL_AREA_STYLE('',(#8480));
#8146=FILL_AREA_STYLE('',(#8481));
#8147=FILL_AREA_STYLE('',(#8482));
#8148=FILL_AREA_STYLE('',(#8483));
#8149=FILL_AREA_STYLE('',(#8484));
#8150=FILL_AREA_STYLE('',(#8485));
#8151=FILL_AREA_STYLE('',(#8486));
#8152=FILL_AREA_STYLE('',(#8487));
#8153=FILL_AREA_STYLE('',(#8488));
#8154=FILL_AREA_STYLE('',(#8489));
#8155=FILL_AREA_STYLE('',(#8490));
#8156=FILL_AREA_STYLE('',(#8491));
#8157=FILL_AREA_STYLE('',(#8492));
#8158=FILL_AREA_STYLE('',(#8493));
#8159=FILL_AREA_STYLE('',(#8494));
#8160=FILL_AREA_STYLE('',(#8495));
#8161=FILL_AREA_STYLE('',(#8496));
#8162=FILL_AREA_STYLE('',(#8497));
#8163=FILL_AREA_STYLE('',(#8498));
#8164=FILL_AREA_STYLE('',(#8499));
#8165=FILL_AREA_STYLE('',(#8500));
#8166=FILL_AREA_STYLE('',(#8501));
#8167=FILL_AREA_STYLE('',(#8502));
#8168=FILL_AREA_STYLE('',(#8503));
#8169=FILL_AREA_STYLE('',(#8504));
#8170=FILL_AREA_STYLE('',(#8505));
#8171=FILL_AREA_STYLE('',(#8506));
#8172=FILL_AREA_STYLE('',(#8507));
#8173=FILL_AREA_STYLE('',(#8508));
#8174=FILL_AREA_STYLE('',(#8509));
#8175=FILL_AREA_STYLE('',(#8510));
#8176=FILL_AREA_STYLE('',(#8511));
#8177=FILL_AREA_STYLE('',(#8512));
#8178=FILL_AREA_STYLE('',(#8513));
#8179=FILL_AREA_STYLE('',(#8514));
#8180=FILL_AREA_STYLE('',(#8515));
#8181=FILL_AREA_STYLE('',(#8516));
#8182=FILL_AREA_STYLE('',(#8517));
#8183=FILL_AREA_STYLE('',(#8518));
#8184=FILL_AREA_STYLE('',(#8519));
#8185=FILL_AREA_STYLE('',(#8520));
#8186=FILL_AREA_STYLE('',(#8521));
#8187=FILL_AREA_STYLE('',(#8522));
#8188=FILL_AREA_STYLE('',(#8523));
#8189=FILL_AREA_STYLE('',(#8524));
#8190=FILL_AREA_STYLE('',(#8525));
#8191=FILL_AREA_STYLE('',(#8526));
#8192=FILL_AREA_STYLE('',(#8527));
#8193=FILL_AREA_STYLE('',(#8528));
#8194=FILL_AREA_STYLE('',(#8529));
#8195=FILL_AREA_STYLE('',(#8530));
#8196=FILL_AREA_STYLE('',(#8531));
#8197=FILL_AREA_STYLE('',(#8532));
#8198=FILL_AREA_STYLE('',(#8533));
#8199=FILL_AREA_STYLE('',(#8534));
#8200=FILL_AREA_STYLE('',(#8535));
#8201=FILL_AREA_STYLE('',(#8536));
#8202=FILL_AREA_STYLE('',(#8537));
#8203=FILL_AREA_STYLE('',(#8538));
#8204=FILL_AREA_STYLE('',(#8539));
#8205=FILL_AREA_STYLE('',(#8540));
#8206=FILL_AREA_STYLE('',(#8541));
#8207=FILL_AREA_STYLE('',(#8542));
#8208=FILL_AREA_STYLE('',(#8543));
#8209=FILL_AREA_STYLE('',(#8544));
#8210=FILL_AREA_STYLE('',(#8545));
#8211=FILL_AREA_STYLE('',(#8546));
#8212=FILL_AREA_STYLE('',(#8547));
#8213=FILL_AREA_STYLE('',(#8548));
#8214=FILL_AREA_STYLE('',(#8549));
#8215=FILL_AREA_STYLE('',(#8550));
#8216=FILL_AREA_STYLE('',(#8551));
#8217=FILL_AREA_STYLE('',(#8552));
#8218=FILL_AREA_STYLE('',(#8553));
#8219=FILL_AREA_STYLE('',(#8554));
#8220=FILL_AREA_STYLE('',(#8555));
#8221=FILL_AREA_STYLE('',(#8556));
#8222=FILL_AREA_STYLE('',(#8557));
#8223=FILL_AREA_STYLE('',(#8558));
#8224=FILL_AREA_STYLE('',(#8559));
#8225=FILL_AREA_STYLE('',(#8560));
#8226=FILL_AREA_STYLE('',(#8561));
#8227=FILL_AREA_STYLE('',(#8562));
#8228=FILL_AREA_STYLE('',(#8563));
#8229=FILL_AREA_STYLE('',(#8564));
#8230=FILL_AREA_STYLE('',(#8565));
#8231=FILL_AREA_STYLE('',(#8566));
#8232=FILL_AREA_STYLE('',(#8567));
#8233=FILL_AREA_STYLE('',(#8568));
#8234=FILL_AREA_STYLE('',(#8569));
#8235=FILL_AREA_STYLE('',(#8570));
#8236=FILL_AREA_STYLE('',(#8571));
#8237=FILL_AREA_STYLE('',(#8572));
#8238=FILL_AREA_STYLE('',(#8573));
#8239=FILL_AREA_STYLE('',(#8574));
#8240=FILL_AREA_STYLE('',(#8575));
#8241=FILL_AREA_STYLE('',(#8576));
#8242=FILL_AREA_STYLE('',(#8577));
#8243=FILL_AREA_STYLE('',(#8578));
#8244=FILL_AREA_STYLE('',(#8579));
#8245=FILL_AREA_STYLE('',(#8580));
#8246=FILL_AREA_STYLE('',(#8581));
#8247=FILL_AREA_STYLE('',(#8582));
#8248=FILL_AREA_STYLE('',(#8583));
#8249=FILL_AREA_STYLE('',(#8584));
#8250=FILL_AREA_STYLE('',(#8585));
#8251=FILL_AREA_STYLE('',(#8586));
#8252=FILL_AREA_STYLE('',(#8587));
#8253=FILL_AREA_STYLE('',(#8588));
#8254=FILL_AREA_STYLE('',(#8589));
#8255=FILL_AREA_STYLE('',(#8590));
#8256=FILL_AREA_STYLE('',(#8591));
#8257=FILL_AREA_STYLE('',(#8592));
#8258=FILL_AREA_STYLE('',(#8593));
#8259=FILL_AREA_STYLE('',(#8594));
#8260=FILL_AREA_STYLE('',(#8595));
#8261=FILL_AREA_STYLE('',(#8596));
#8262=FILL_AREA_STYLE('',(#8597));
#8263=FILL_AREA_STYLE('',(#8598));
#8264=FILL_AREA_STYLE('',(#8599));
#8265=FILL_AREA_STYLE('',(#8600));
#8266=FILL_AREA_STYLE('',(#8601));
#8267=FILL_AREA_STYLE('',(#8602));
#8268=FILL_AREA_STYLE('',(#8603));
#8269=FILL_AREA_STYLE('',(#8604));
#8270=FILL_AREA_STYLE('',(#8605));
#8271=FILL_AREA_STYLE('',(#8606));
#8272=FILL_AREA_STYLE('',(#8607));
#8273=FILL_AREA_STYLE('',(#8608));
#8274=FILL_AREA_STYLE('',(#8609));
#8275=FILL_AREA_STYLE('',(#8610));
#8276=FILL_AREA_STYLE('',(#8611));
#8277=FILL_AREA_STYLE('',(#8612));
#8278=FILL_AREA_STYLE('',(#8613));
#8279=FILL_AREA_STYLE('',(#8614));
#8280=FILL_AREA_STYLE('',(#8615));
#8281=FILL_AREA_STYLE('',(#8616));
#8282=FILL_AREA_STYLE('',(#8617));
#8283=FILL_AREA_STYLE('',(#8618));
#8284=FILL_AREA_STYLE('',(#8619));
#8285=FILL_AREA_STYLE('',(#8620));
#8286=FILL_AREA_STYLE('',(#8621));
#8287=FILL_AREA_STYLE('',(#8622));
#8288=FILL_AREA_STYLE('',(#8623));
#8289=FILL_AREA_STYLE('',(#8624));
#8290=FILL_AREA_STYLE('',(#8625));
#8291=FILL_AREA_STYLE('',(#8626));
#8292=FILL_AREA_STYLE('',(#8627));
#8293=FILL_AREA_STYLE('',(#8628));
#8294=FILL_AREA_STYLE('',(#8629));
#8295=FILL_AREA_STYLE('',(#8630));
#8296=FILL_AREA_STYLE('',(#8631));
#8297=FILL_AREA_STYLE('',(#8632));
#8298=FILL_AREA_STYLE('',(#8633));
#8299=FILL_AREA_STYLE('',(#8634));
#8300=FILL_AREA_STYLE('',(#8635));
#8301=FILL_AREA_STYLE('',(#8636));
#8302=FILL_AREA_STYLE('',(#8637));
#8303=FILL_AREA_STYLE('',(#8638));
#8304=FILL_AREA_STYLE('',(#8639));
#8305=FILL_AREA_STYLE('',(#8640));
#8306=FILL_AREA_STYLE('',(#8641));
#8307=FILL_AREA_STYLE('',(#8642));
#8308=FILL_AREA_STYLE('',(#8643));
#8309=FILL_AREA_STYLE('',(#8644));
#8310=FILL_AREA_STYLE('',(#8645));
#8311=FILL_AREA_STYLE('',(#8646));
#8312=FILL_AREA_STYLE('',(#8647));
#8313=FILL_AREA_STYLE_COLOUR('',#8648);
#8314=FILL_AREA_STYLE_COLOUR('',#8649);
#8315=FILL_AREA_STYLE_COLOUR('',#8649);
#8316=FILL_AREA_STYLE_COLOUR('',#8649);
#8317=FILL_AREA_STYLE_COLOUR('',#8649);
#8318=FILL_AREA_STYLE_COLOUR('',#8649);
#8319=FILL_AREA_STYLE_COLOUR('',#8649);
#8320=FILL_AREA_STYLE_COLOUR('',#8649);
#8321=FILL_AREA_STYLE_COLOUR('',#8649);
#8322=FILL_AREA_STYLE_COLOUR('',#8649);
#8323=FILL_AREA_STYLE_COLOUR('',#8649);
#8324=FILL_AREA_STYLE_COLOUR('',#8649);
#8325=FILL_AREA_STYLE_COLOUR('',#8649);
#8326=FILL_AREA_STYLE_COLOUR('',#8649);
#8327=FILL_AREA_STYLE_COLOUR('',#8649);
#8328=FILL_AREA_STYLE_COLOUR('',#8649);
#8329=FILL_AREA_STYLE_COLOUR('',#8649);
#8330=FILL_AREA_STYLE_COLOUR('',#8649);
#8331=FILL_AREA_STYLE_COLOUR('',#8649);
#8332=FILL_AREA_STYLE_COLOUR('',#8649);
#8333=FILL_AREA_STYLE_COLOUR('',#8649);
#8334=FILL_AREA_STYLE_COLOUR('',#8649);
#8335=FILL_AREA_STYLE_COLOUR('',#8649);
#8336=FILL_AREA_STYLE_COLOUR('',#208);
#8337=FILL_AREA_STYLE_COLOUR('',#208);
#8338=FILL_AREA_STYLE_COLOUR('',#208);
#8339=FILL_AREA_STYLE_COLOUR('',#208);
#8340=FILL_AREA_STYLE_COLOUR('',#208);
#8341=FILL_AREA_STYLE_COLOUR('',#208);
#8342=FILL_AREA_STYLE_COLOUR('',#208);
#8343=FILL_AREA_STYLE_COLOUR('',#208);
#8344=FILL_AREA_STYLE_COLOUR('',#208);
#8345=FILL_AREA_STYLE_COLOUR('',#208);
#8346=FILL_AREA_STYLE_COLOUR('',#208);
#8347=FILL_AREA_STYLE_COLOUR('',#208);
#8348=FILL_AREA_STYLE_COLOUR('',#208);
#8349=FILL_AREA_STYLE_COLOUR('',#208);
#8350=FILL_AREA_STYLE_COLOUR('',#208);
#8351=FILL_AREA_STYLE_COLOUR('',#208);
#8352=FILL_AREA_STYLE_COLOUR('',#208);
#8353=FILL_AREA_STYLE_COLOUR('',#208);
#8354=FILL_AREA_STYLE_COLOUR('',#208);
#8355=FILL_AREA_STYLE_COLOUR('',#208);
#8356=FILL_AREA_STYLE_COLOUR('',#208);
#8357=FILL_AREA_STYLE_COLOUR('',#208);
#8358=FILL_AREA_STYLE_COLOUR('',#208);
#8359=FILL_AREA_STYLE_COLOUR('',#208);
#8360=FILL_AREA_STYLE_COLOUR('',#208);
#8361=FILL_AREA_STYLE_COLOUR('',#208);
#8362=FILL_AREA_STYLE_COLOUR('',#208);
#8363=FILL_AREA_STYLE_COLOUR('',#208);
#8364=FILL_AREA_STYLE_COLOUR('',#208);
#8365=FILL_AREA_STYLE_COLOUR('',#208);
#8366=FILL_AREA_STYLE_COLOUR('',#208);
#8367=FILL_AREA_STYLE_COLOUR('',#208);
#8368=FILL_AREA_STYLE_COLOUR('',#208);
#8369=FILL_AREA_STYLE_COLOUR('',#208);
#8370=FILL_AREA_STYLE_COLOUR('',#208);
#8371=FILL_AREA_STYLE_COLOUR('',#208);
#8372=FILL_AREA_STYLE_COLOUR('',#208);
#8373=FILL_AREA_STYLE_COLOUR('',#208);
#8374=FILL_AREA_STYLE_COLOUR('',#208);
#8375=FILL_AREA_STYLE_COLOUR('',#208);
#8376=FILL_AREA_STYLE_COLOUR('',#208);
#8377=FILL_AREA_STYLE_COLOUR('',#208);
#8378=FILL_AREA_STYLE_COLOUR('',#208);
#8379=FILL_AREA_STYLE_COLOUR('',#208);
#8380=FILL_AREA_STYLE_COLOUR('',#208);
#8381=FILL_AREA_STYLE_COLOUR('',#208);
#8382=FILL_AREA_STYLE_COLOUR('',#208);
#8383=FILL_AREA_STYLE_COLOUR('',#208);
#8384=FILL_AREA_STYLE_COLOUR('',#208);
#8385=FILL_AREA_STYLE_COLOUR('',#208);
#8386=FILL_AREA_STYLE_COLOUR('',#208);
#8387=FILL_AREA_STYLE_COLOUR('',#208);
#8388=FILL_AREA_STYLE_COLOUR('',#208);
#8389=FILL_AREA_STYLE_COLOUR('',#208);
#8390=FILL_AREA_STYLE_COLOUR('',#208);
#8391=FILL_AREA_STYLE_COLOUR('',#208);
#8392=FILL_AREA_STYLE_COLOUR('',#208);
#8393=FILL_AREA_STYLE_COLOUR('',#208);
#8394=FILL_AREA_STYLE_COLOUR('',#208);
#8395=FILL_AREA_STYLE_COLOUR('',#208);
#8396=FILL_AREA_STYLE_COLOUR('',#208);
#8397=FILL_AREA_STYLE_COLOUR('',#208);
#8398=FILL_AREA_STYLE_COLOUR('',#208);
#8399=FILL_AREA_STYLE_COLOUR('',#208);
#8400=FILL_AREA_STYLE_COLOUR('',#208);
#8401=FILL_AREA_STYLE_COLOUR('',#208);
#8402=FILL_AREA_STYLE_COLOUR('',#208);
#8403=FILL_AREA_STYLE_COLOUR('',#208);
#8404=FILL_AREA_STYLE_COLOUR('',#208);
#8405=FILL_AREA_STYLE_COLOUR('',#208);
#8406=FILL_AREA_STYLE_COLOUR('',#208);
#8407=FILL_AREA_STYLE_COLOUR('',#208);
#8408=FILL_AREA_STYLE_COLOUR('',#208);
#8409=FILL_AREA_STYLE_COLOUR('',#208);
#8410=FILL_AREA_STYLE_COLOUR('',#208);
#8411=FILL_AREA_STYLE_COLOUR('',#208);
#8412=FILL_AREA_STYLE_COLOUR('',#208);
#8413=FILL_AREA_STYLE_COLOUR('',#208);
#8414=FILL_AREA_STYLE_COLOUR('',#208);
#8415=FILL_AREA_STYLE_COLOUR('',#208);
#8416=FILL_AREA_STYLE_COLOUR('',#208);
#8417=FILL_AREA_STYLE_COLOUR('',#208);
#8418=FILL_AREA_STYLE_COLOUR('',#208);
#8419=FILL_AREA_STYLE_COLOUR('',#208);
#8420=FILL_AREA_STYLE_COLOUR('',#208);
#8421=FILL_AREA_STYLE_COLOUR('',#208);
#8422=FILL_AREA_STYLE_COLOUR('',#208);
#8423=FILL_AREA_STYLE_COLOUR('',#208);
#8424=FILL_AREA_STYLE_COLOUR('',#208);
#8425=FILL_AREA_STYLE_COLOUR('',#208);
#8426=FILL_AREA_STYLE_COLOUR('',#208);
#8427=FILL_AREA_STYLE_COLOUR('',#208);
#8428=FILL_AREA_STYLE_COLOUR('',#208);
#8429=FILL_AREA_STYLE_COLOUR('',#208);
#8430=FILL_AREA_STYLE_COLOUR('',#208);
#8431=FILL_AREA_STYLE_COLOUR('',#208);
#8432=FILL_AREA_STYLE_COLOUR('',#208);
#8433=FILL_AREA_STYLE_COLOUR('',#208);
#8434=FILL_AREA_STYLE_COLOUR('',#208);
#8435=FILL_AREA_STYLE_COLOUR('',#208);
#8436=FILL_AREA_STYLE_COLOUR('',#208);
#8437=FILL_AREA_STYLE_COLOUR('',#208);
#8438=FILL_AREA_STYLE_COLOUR('',#208);
#8439=FILL_AREA_STYLE_COLOUR('',#208);
#8440=FILL_AREA_STYLE_COLOUR('',#208);
#8441=FILL_AREA_STYLE_COLOUR('',#208);
#8442=FILL_AREA_STYLE_COLOUR('',#208);
#8443=FILL_AREA_STYLE_COLOUR('',#208);
#8444=FILL_AREA_STYLE_COLOUR('',#208);
#8445=FILL_AREA_STYLE_COLOUR('',#208);
#8446=FILL_AREA_STYLE_COLOUR('',#208);
#8447=FILL_AREA_STYLE_COLOUR('',#208);
#8448=FILL_AREA_STYLE_COLOUR('',#208);
#8449=FILL_AREA_STYLE_COLOUR('',#208);
#8450=FILL_AREA_STYLE_COLOUR('',#208);
#8451=FILL_AREA_STYLE_COLOUR('',#208);
#8452=FILL_AREA_STYLE_COLOUR('',#208);
#8453=FILL_AREA_STYLE_COLOUR('',#208);
#8454=FILL_AREA_STYLE_COLOUR('',#208);
#8455=FILL_AREA_STYLE_COLOUR('',#208);
#8456=FILL_AREA_STYLE_COLOUR('',#208);
#8457=FILL_AREA_STYLE_COLOUR('',#208);
#8458=FILL_AREA_STYLE_COLOUR('',#208);
#8459=FILL_AREA_STYLE_COLOUR('',#208);
#8460=FILL_AREA_STYLE_COLOUR('',#208);
#8461=FILL_AREA_STYLE_COLOUR('',#208);
#8462=FILL_AREA_STYLE_COLOUR('',#208);
#8463=FILL_AREA_STYLE_COLOUR('',#208);
#8464=FILL_AREA_STYLE_COLOUR('',#208);
#8465=FILL_AREA_STYLE_COLOUR('',#208);
#8466=FILL_AREA_STYLE_COLOUR('',#208);
#8467=FILL_AREA_STYLE_COLOUR('',#208);
#8468=FILL_AREA_STYLE_COLOUR('',#208);
#8469=FILL_AREA_STYLE_COLOUR('',#208);
#8470=FILL_AREA_STYLE_COLOUR('',#208);
#8471=FILL_AREA_STYLE_COLOUR('',#208);
#8472=FILL_AREA_STYLE_COLOUR('',#208);
#8473=FILL_AREA_STYLE_COLOUR('',#208);
#8474=FILL_AREA_STYLE_COLOUR('',#208);
#8475=FILL_AREA_STYLE_COLOUR('',#208);
#8476=FILL_AREA_STYLE_COLOUR('',#208);
#8477=FILL_AREA_STYLE_COLOUR('',#208);
#8478=FILL_AREA_STYLE_COLOUR('',#208);
#8479=FILL_AREA_STYLE_COLOUR('',#208);
#8480=FILL_AREA_STYLE_COLOUR('',#208);
#8481=FILL_AREA_STYLE_COLOUR('',#208);
#8482=FILL_AREA_STYLE_COLOUR('',#208);
#8483=FILL_AREA_STYLE_COLOUR('',#208);
#8484=FILL_AREA_STYLE_COLOUR('',#208);
#8485=FILL_AREA_STYLE_COLOUR('',#208);
#8486=FILL_AREA_STYLE_COLOUR('',#208);
#8487=FILL_AREA_STYLE_COLOUR('',#208);
#8488=FILL_AREA_STYLE_COLOUR('',#208);
#8489=FILL_AREA_STYLE_COLOUR('',#208);
#8490=FILL_AREA_STYLE_COLOUR('',#208);
#8491=FILL_AREA_STYLE_COLOUR('',#208);
#8492=FILL_AREA_STYLE_COLOUR('',#208);
#8493=FILL_AREA_STYLE_COLOUR('',#208);
#8494=FILL_AREA_STYLE_COLOUR('',#208);
#8495=FILL_AREA_STYLE_COLOUR('',#208);
#8496=FILL_AREA_STYLE_COLOUR('',#208);
#8497=FILL_AREA_STYLE_COLOUR('',#208);
#8498=FILL_AREA_STYLE_COLOUR('',#208);
#8499=FILL_AREA_STYLE_COLOUR('',#208);
#8500=FILL_AREA_STYLE_COLOUR('',#208);
#8501=FILL_AREA_STYLE_COLOUR('',#208);
#8502=FILL_AREA_STYLE_COLOUR('',#208);
#8503=FILL_AREA_STYLE_COLOUR('',#208);
#8504=FILL_AREA_STYLE_COLOUR('',#208);
#8505=FILL_AREA_STYLE_COLOUR('',#208);
#8506=FILL_AREA_STYLE_COLOUR('',#208);
#8507=FILL_AREA_STYLE_COLOUR('',#208);
#8508=FILL_AREA_STYLE_COLOUR('',#208);
#8509=FILL_AREA_STYLE_COLOUR('',#208);
#8510=FILL_AREA_STYLE_COLOUR('',#208);
#8511=FILL_AREA_STYLE_COLOUR('',#208);
#8512=FILL_AREA_STYLE_COLOUR('',#208);
#8513=FILL_AREA_STYLE_COLOUR('',#208);
#8514=FILL_AREA_STYLE_COLOUR('',#208);
#8515=FILL_AREA_STYLE_COLOUR('',#208);
#8516=FILL_AREA_STYLE_COLOUR('',#208);
#8517=FILL_AREA_STYLE_COLOUR('',#208);
#8518=FILL_AREA_STYLE_COLOUR('',#208);
#8519=FILL_AREA_STYLE_COLOUR('',#208);
#8520=FILL_AREA_STYLE_COLOUR('',#208);
#8521=FILL_AREA_STYLE_COLOUR('',#208);
#8522=FILL_AREA_STYLE_COLOUR('',#208);
#8523=FILL_AREA_STYLE_COLOUR('',#208);
#8524=FILL_AREA_STYLE_COLOUR('',#208);
#8525=FILL_AREA_STYLE_COLOUR('',#208);
#8526=FILL_AREA_STYLE_COLOUR('',#208);
#8527=FILL_AREA_STYLE_COLOUR('',#208);
#8528=FILL_AREA_STYLE_COLOUR('',#208);
#8529=FILL_AREA_STYLE_COLOUR('',#208);
#8530=FILL_AREA_STYLE_COLOUR('',#208);
#8531=FILL_AREA_STYLE_COLOUR('',#208);
#8532=FILL_AREA_STYLE_COLOUR('',#208);
#8533=FILL_AREA_STYLE_COLOUR('',#208);
#8534=FILL_AREA_STYLE_COLOUR('',#208);
#8535=FILL_AREA_STYLE_COLOUR('',#208);
#8536=FILL_AREA_STYLE_COLOUR('',#208);
#8537=FILL_AREA_STYLE_COLOUR('',#208);
#8538=FILL_AREA_STYLE_COLOUR('',#208);
#8539=FILL_AREA_STYLE_COLOUR('',#208);
#8540=FILL_AREA_STYLE_COLOUR('',#208);
#8541=FILL_AREA_STYLE_COLOUR('',#208);
#8542=FILL_AREA_STYLE_COLOUR('',#208);
#8543=FILL_AREA_STYLE_COLOUR('',#208);
#8544=FILL_AREA_STYLE_COLOUR('',#208);
#8545=FILL_AREA_STYLE_COLOUR('',#208);
#8546=FILL_AREA_STYLE_COLOUR('',#208);
#8547=FILL_AREA_STYLE_COLOUR('',#208);
#8548=FILL_AREA_STYLE_COLOUR('',#208);
#8549=FILL_AREA_STYLE_COLOUR('',#208);
#8550=FILL_AREA_STYLE_COLOUR('',#208);
#8551=FILL_AREA_STYLE_COLOUR('',#208);
#8552=FILL_AREA_STYLE_COLOUR('',#208);
#8553=FILL_AREA_STYLE_COLOUR('',#208);
#8554=FILL_AREA_STYLE_COLOUR('',#208);
#8555=FILL_AREA_STYLE_COLOUR('',#208);
#8556=FILL_AREA_STYLE_COLOUR('',#208);
#8557=FILL_AREA_STYLE_COLOUR('',#208);
#8558=FILL_AREA_STYLE_COLOUR('',#208);
#8559=FILL_AREA_STYLE_COLOUR('',#208);
#8560=FILL_AREA_STYLE_COLOUR('',#208);
#8561=FILL_AREA_STYLE_COLOUR('',#208);
#8562=FILL_AREA_STYLE_COLOUR('',#208);
#8563=FILL_AREA_STYLE_COLOUR('',#208);
#8564=FILL_AREA_STYLE_COLOUR('',#208);
#8565=FILL_AREA_STYLE_COLOUR('',#208);
#8566=FILL_AREA_STYLE_COLOUR('',#208);
#8567=FILL_AREA_STYLE_COLOUR('',#208);
#8568=FILL_AREA_STYLE_COLOUR('',#208);
#8569=FILL_AREA_STYLE_COLOUR('',#208);
#8570=FILL_AREA_STYLE_COLOUR('',#208);
#8571=FILL_AREA_STYLE_COLOUR('',#208);
#8572=FILL_AREA_STYLE_COLOUR('',#208);
#8573=FILL_AREA_STYLE_COLOUR('',#208);
#8574=FILL_AREA_STYLE_COLOUR('',#208);
#8575=FILL_AREA_STYLE_COLOUR('',#208);
#8576=FILL_AREA_STYLE_COLOUR('',#208);
#8577=FILL_AREA_STYLE_COLOUR('',#208);
#8578=FILL_AREA_STYLE_COLOUR('',#208);
#8579=FILL_AREA_STYLE_COLOUR('',#208);
#8580=FILL_AREA_STYLE_COLOUR('',#208);
#8581=FILL_AREA_STYLE_COLOUR('',#208);
#8582=FILL_AREA_STYLE_COLOUR('',#208);
#8583=FILL_AREA_STYLE_COLOUR('',#208);
#8584=FILL_AREA_STYLE_COLOUR('',#208);
#8585=FILL_AREA_STYLE_COLOUR('',#208);
#8586=FILL_AREA_STYLE_COLOUR('',#208);
#8587=FILL_AREA_STYLE_COLOUR('',#208);
#8588=FILL_AREA_STYLE_COLOUR('',#208);
#8589=FILL_AREA_STYLE_COLOUR('',#208);
#8590=FILL_AREA_STYLE_COLOUR('',#208);
#8591=FILL_AREA_STYLE_COLOUR('',#208);
#8592=FILL_AREA_STYLE_COLOUR('',#208);
#8593=FILL_AREA_STYLE_COLOUR('',#208);
#8594=FILL_AREA_STYLE_COLOUR('',#208);
#8595=FILL_AREA_STYLE_COLOUR('',#208);
#8596=FILL_AREA_STYLE_COLOUR('',#208);
#8597=FILL_AREA_STYLE_COLOUR('',#208);
#8598=FILL_AREA_STYLE_COLOUR('',#208);
#8599=FILL_AREA_STYLE_COLOUR('',#208);
#8600=FILL_AREA_STYLE_COLOUR('',#208);
#8601=FILL_AREA_STYLE_COLOUR('',#208);
#8602=FILL_AREA_STYLE_COLOUR('',#208);
#8603=FILL_AREA_STYLE_COLOUR('',#208);
#8604=FILL_AREA_STYLE_COLOUR('',#208);
#8605=FILL_AREA_STYLE_COLOUR('',#208);
#8606=FILL_AREA_STYLE_COLOUR('',#208);
#8607=FILL_AREA_STYLE_COLOUR('',#208);
#8608=FILL_AREA_STYLE_COLOUR('',#208);
#8609=FILL_AREA_STYLE_COLOUR('',#208);
#8610=FILL_AREA_STYLE_COLOUR('',#208);
#8611=FILL_AREA_STYLE_COLOUR('',#208);
#8612=FILL_AREA_STYLE_COLOUR('',#208);
#8613=FILL_AREA_STYLE_COLOUR('',#208);
#8614=FILL_AREA_STYLE_COLOUR('',#208);
#8615=FILL_AREA_STYLE_COLOUR('',#208);
#8616=FILL_AREA_STYLE_COLOUR('',#208);
#8617=FILL_AREA_STYLE_COLOUR('',#208);
#8618=FILL_AREA_STYLE_COLOUR('',#208);
#8619=FILL_AREA_STYLE_COLOUR('',#208);
#8620=FILL_AREA_STYLE_COLOUR('',#208);
#8621=FILL_AREA_STYLE_COLOUR('',#208);
#8622=FILL_AREA_STYLE_COLOUR('',#208);
#8623=FILL_AREA_STYLE_COLOUR('',#208);
#8624=FILL_AREA_STYLE_COLOUR('',#208);
#8625=FILL_AREA_STYLE_COLOUR('',#208);
#8626=FILL_AREA_STYLE_COLOUR('',#208);
#8627=FILL_AREA_STYLE_COLOUR('',#208);
#8628=FILL_AREA_STYLE_COLOUR('',#208);
#8629=FILL_AREA_STYLE_COLOUR('',#208);
#8630=FILL_AREA_STYLE_COLOUR('',#208);
#8631=FILL_AREA_STYLE_COLOUR('',#208);
#8632=FILL_AREA_STYLE_COLOUR('',#208);
#8633=FILL_AREA_STYLE_COLOUR('',#208);
#8634=FILL_AREA_STYLE_COLOUR('',#208);
#8635=FILL_AREA_STYLE_COLOUR('',#208);
#8636=FILL_AREA_STYLE_COLOUR('',#208);
#8637=FILL_AREA_STYLE_COLOUR('',#208);
#8638=FILL_AREA_STYLE_COLOUR('',#208);
#8639=FILL_AREA_STYLE_COLOUR('',#208);
#8640=FILL_AREA_STYLE_COLOUR('',#208);
#8641=FILL_AREA_STYLE_COLOUR('',#8649);
#8642=FILL_AREA_STYLE_COLOUR('',#8649);
#8643=FILL_AREA_STYLE_COLOUR('',#8649);
#8644=FILL_AREA_STYLE_COLOUR('',#8649);
#8645=FILL_AREA_STYLE_COLOUR('',#8649);
#8646=FILL_AREA_STYLE_COLOUR('',#8649);
#8647=FILL_AREA_STYLE_COLOUR('',#8649);
#8648=COLOUR_RGB('',0.615686274509804,0.811764705882353,0.929411764705882);
#8649=COLOUR_RGB('',0.172549019607843,0.223529411764706,0.286274509803921);
#8650=MANIFOLD_SOLID_BREP('Part 1',#6636);
#8651=SHAPE_DEFINITION_REPRESENTATION(#13609,#8652);
#8652=SHAPE_REPRESENTATION('Part 1',(#8653),#13604);
#8653=AXIS2_PLACEMENT_3D('',#9854,#8873,#8874);
#8654=AXIS2_PLACEMENT_3D('',#9855,#8875,#8876);
#8655=AXIS2_PLACEMENT_3D('',#9865,#8881,#8882);
#8656=AXIS2_PLACEMENT_3D('',#9867,#8883,#8884);
#8657=AXIS2_PLACEMENT_3D('',#9897,#8885,#8886);
#8658=AXIS2_PLACEMENT_3D('',#9977,#8900,#8901);
#8659=AXIS2_PLACEMENT_3D('',#9981,#8903,#8904);
#8660=AXIS2_PLACEMENT_3D('',#9983,#8905,#8906);
#8661=AXIS2_PLACEMENT_3D('',#10011,#8912,#8913);
#8662=AXIS2_PLACEMENT_3D('',#10015,#8915,#8916);
#8663=AXIS2_PLACEMENT_3D('',#10017,#8917,#8918);
#8664=AXIS2_PLACEMENT_3D('',#10217,#8946,#8947);
#8665=AXIS2_PLACEMENT_3D('',#10221,#8949,#8950);
#8666=AXIS2_PLACEMENT_3D('',#10223,#8951,#8952);
#8667=AXIS2_PLACEMENT_3D('',#10255,#8958,#8959);
#8668=AXIS2_PLACEMENT_3D('',#10261,#8960,#8961);
#8669=AXIS2_PLACEMENT_3D('',#10277,#8963,#8964);
#8670=AXIS2_PLACEMENT_3D('',#10281,#8966,#8967);
#8671=AXIS2_PLACEMENT_3D('',#10355,#8992,#8993);
#8672=AXIS2_PLACEMENT_3D('',#10357,#8994,#8995);
#8673=AXIS2_PLACEMENT_3D('',#10387,#8996,#8997);
#8674=AXIS2_PLACEMENT_3D('',#10425,#9006,#9007);
#8675=AXIS2_PLACEMENT_3D('',#10447,#9012,#9013);
#8676=AXIS2_PLACEMENT_3D('',#10449,#9014,#9015);
#8677=AXIS2_PLACEMENT_3D('',#10479,#9016,#9017);
#8678=AXIS2_PLACEMENT_3D('',#10491,#9019,#9020);
#8679=AXIS2_PLACEMENT_3D('',#10497,#9021,#9022);
#8680=AXIS2_PLACEMENT_3D('',#10513,#9024,#9025);
#8681=AXIS2_PLACEMENT_3D('',#10517,#9027,#9028);
#8682=AXIS2_PLACEMENT_3D('',#10566,#9041,#9042);
#8683=AXIS2_PLACEMENT_3D('',#10572,#9046,#9047);
#8684=AXIS2_PLACEMENT_3D('',#10576,#9050,#9051);
#8685=AXIS2_PLACEMENT_3D('',#10582,#9055,#9056);
#8686=AXIS2_PLACEMENT_3D('',#10588,#9060,#9061);
#8687=AXIS2_PLACEMENT_3D('',#10618,#9078,#9079);
#8688=AXIS2_PLACEMENT_3D('',#10621,#9082,#9083);
#8689=AXIS2_PLACEMENT_3D('',#10623,#9085,#9086);
#8690=AXIS2_PLACEMENT_3D('',#10625,#9088,#9089);
#8691=AXIS2_PLACEMENT_3D('',#10626,#9090,#9091);
#8692=AXIS2_PLACEMENT_3D('',#10628,#9093,#9094);
#8693=AXIS2_PLACEMENT_3D('',#10630,#9096,#9097);
#8694=AXIS2_PLACEMENT_3D('',#10633,#9100,#9101);
#8695=AXIS2_PLACEMENT_3D('',#10635,#9103,#9104);
#8696=AXIS2_PLACEMENT_3D('',#10637,#9106,#9107);
#8697=AXIS2_PLACEMENT_3D('',#10638,#9108,#9109);
#8698=AXIS2_PLACEMENT_3D('',#10640,#9111,#9112);
#8699=AXIS2_PLACEMENT_3D('',#10641,#9113,#9114);
#8700=AXIS2_PLACEMENT_3D('',#10643,#9116,#9117);
#8701=AXIS2_PLACEMENT_3D('',#10644,#9118,#9119);
#8702=AXIS2_PLACEMENT_3D('',#10646,#9121,#9122);
#8703=AXIS2_PLACEMENT_3D('',#10837,#9135,#9136);
#8704=AXIS2_PLACEMENT_3D('',#10843,#9140,#9141);
#8705=AXIS2_PLACEMENT_3D('',#10847,#9144,#9145);
#8706=AXIS2_PLACEMENT_3D('',#10851,#9148,#9149);
#8707=AXIS2_PLACEMENT_3D('',#10854,#9151,#9152);
#8708=AXIS2_PLACEMENT_3D('',#10946,#9160,#9161);
#8709=AXIS2_PLACEMENT_3D('',#10949,#9163,#9164);
#8710=AXIS2_PLACEMENT_3D('',#10950,#9165,#9166);
#8711=AXIS2_PLACEMENT_3D('',#10953,#9168,#9169);
#8712=AXIS2_PLACEMENT_3D('',#10954,#9170,#9171);
#8713=AXIS2_PLACEMENT_3D('',#10958,#9174,#9175);
#8714=AXIS2_PLACEMENT_3D('',#10974,#9177,#9178);
#8715=AXIS2_PLACEMENT_3D('',#10995,#9181,#9182);
#8716=AXIS2_PLACEMENT_3D('',#11141,#9197,#9198);
#8717=AXIS2_PLACEMENT_3D('',#11144,#9200,#9201);
#8718=AXIS2_PLACEMENT_3D('',#11145,#9202,#9203);
#8719=AXIS2_PLACEMENT_3D('',#11149,#9206,#9207);
#8720=AXIS2_PLACEMENT_3D('',#11152,#9209,#9210);
#8721=AXIS2_PLACEMENT_3D('',#11192,#9214,#9215);
#8722=AXIS2_PLACEMENT_3D('',#11196,#9218,#9219);
#8723=AXIS2_PLACEMENT_3D('',#11199,#9221,#9222);
#8724=AXIS2_PLACEMENT_3D('',#11213,#9224,#9225);
#8725=AXIS2_PLACEMENT_3D('',#11214,#9226,#9227);
#8726=AXIS2_PLACEMENT_3D('',#11229,#9228,#9229);
#8727=AXIS2_PLACEMENT_3D('',#11230,#9230,#9231);
#8728=AXIS2_PLACEMENT_3D('',#11233,#9233,#9234);
#8729=AXIS2_PLACEMENT_3D('',#11262,#9238,#9239);
#8730=AXIS2_PLACEMENT_3D('',#11266,#9242,#9243);
#8731=AXIS2_PLACEMENT_3D('',#11270,#9246,#9247);
#8732=AXIS2_PLACEMENT_3D('',#11274,#9250,#9251);
#8733=AXIS2_PLACEMENT_3D('',#11278,#9254,#9255);
#8734=AXIS2_PLACEMENT_3D('',#11308,#9260,#9261);
#8735=AXIS2_PLACEMENT_3D('',#11311,#9263,#9264);
#8736=AXIS2_PLACEMENT_3D('',#11312,#9265,#9266);
#8737=AXIS2_PLACEMENT_3D('',#11315,#9268,#9269);
#8738=AXIS2_PLACEMENT_3D('',#11316,#9270,#9271);
#8739=AXIS2_PLACEMENT_3D('',#11318,#9273,#9274);
#8740=AXIS2_PLACEMENT_3D('',#11412,#9283,#9284);
#8741=AXIS2_PLACEMENT_3D('',#11416,#9287,#9288);
#8742=AXIS2_PLACEMENT_3D('',#11420,#9291,#9292);
#8743=AXIS2_PLACEMENT_3D('',#11424,#9295,#9296);
#8744=AXIS2_PLACEMENT_3D('',#11428,#9299,#9300);
#8745=AXIS2_PLACEMENT_3D('',#11484,#9307,#9308);
#8746=AXIS2_PLACEMENT_3D('',#11488,#9311,#9312);
#8747=AXIS2_PLACEMENT_3D('',#11492,#9315,#9316);
#8748=AXIS2_PLACEMENT_3D('',#11548,#9323,#9324);
#8749=AXIS2_PLACEMENT_3D('',#11552,#9327,#9328);
#8750=AXIS2_PLACEMENT_3D('',#11556,#9331,#9332);
#8751=AXIS2_PLACEMENT_3D('',#11571,#9335,#9336);
#8752=AXIS2_PLACEMENT_3D('',#11665,#9345,#9346);
#8753=AXIS2_PLACEMENT_3D('',#11669,#9349,#9350);
#8754=AXIS2_PLACEMENT_3D('',#11673,#9353,#9354);
#8755=AXIS2_PLACEMENT_3D('',#11677,#9357,#9358);
#8756=AXIS2_PLACEMENT_3D('',#11681,#9361,#9362);
#8757=AXIS2_PLACEMENT_3D('',#11737,#9369,#9370);
#8758=AXIS2_PLACEMENT_3D('',#11741,#9373,#9374);
#8759=AXIS2_PLACEMENT_3D('',#11745,#9377,#9378);
#8760=AXIS2_PLACEMENT_3D('',#11801,#9385,#9386);
#8761=AXIS2_PLACEMENT_3D('',#11805,#9389,#9390);
#8762=AXIS2_PLACEMENT_3D('',#11809,#9393,#9394);
#8763=AXIS2_PLACEMENT_3D('',#11824,#9397,#9398);
#8764=AXIS2_PLACEMENT_3D('',#11825,#9399,#9400);
#8765=AXIS2_PLACEMENT_3D('',#11828,#9402,#9403);
#8766=AXIS2_PLACEMENT_3D('',#11857,#9407,#9408);
#8767=AXIS2_PLACEMENT_3D('',#11861,#9411,#9412);
#8768=AXIS2_PLACEMENT_3D('',#11865,#9415,#9416);
#8769=AXIS2_PLACEMENT_3D('',#11869,#9419,#9420);
#8770=AXIS2_PLACEMENT_3D('',#11873,#9423,#9424);
#8771=AXIS2_PLACEMENT_3D('',#11903,#9429,#9430);
#8772=AXIS2_PLACEMENT_3D('',#11906,#9432,#9433);
#8773=AXIS2_PLACEMENT_3D('',#11907,#9434,#9435);
#8774=AXIS2_PLACEMENT_3D('',#11910,#9437,#9438);
#8775=AXIS2_PLACEMENT_3D('',#11911,#9439,#9440);
#8776=AXIS2_PLACEMENT_3D('',#11913,#9442,#9443);
#8777=AXIS2_PLACEMENT_3D('',#11914,#9444,#9445);
#8778=AXIS2_PLACEMENT_3D('',#11917,#9447,#9448);
#8779=AXIS2_PLACEMENT_3D('',#11946,#9452,#9453);
#8780=AXIS2_PLACEMENT_3D('',#11950,#9456,#9457);
#8781=AXIS2_PLACEMENT_3D('',#11954,#9460,#9461);
#8782=AXIS2_PLACEMENT_3D('',#11958,#9464,#9465);
#8783=AXIS2_PLACEMENT_3D('',#11962,#9468,#9469);
#8784=AXIS2_PLACEMENT_3D('',#11992,#9474,#9475);
#8785=AXIS2_PLACEMENT_3D('',#11995,#9477,#9478);
#8786=AXIS2_PLACEMENT_3D('',#11996,#9479,#9480);
#8787=AXIS2_PLACEMENT_3D('',#11999,#9482,#9483);
#8788=AXIS2_PLACEMENT_3D('',#12000,#9484,#9485);
#8789=AXIS2_PLACEMENT_3D('',#12002,#9487,#9488);
#8790=AXIS2_PLACEMENT_3D('',#12003,#9489,#9490);
#8791=AXIS2_PLACEMENT_3D('',#12009,#9494,#9495);
#8792=AXIS2_PLACEMENT_3D('',#12013,#9498,#9499);
#8793=AXIS2_PLACEMENT_3D('',#12017,#9502,#9503);
#8794=AXIS2_PLACEMENT_3D('',#12021,#9506,#9507);
#8795=AXIS2_PLACEMENT_3D('',#12025,#9510,#9511);
#8796=AXIS2_PLACEMENT_3D('',#12029,#9514,#9515);
#8797=AXIS2_PLACEMENT_3D('',#12033,#9518,#9519);
#8798=AXIS2_PLACEMENT_3D('',#12037,#9522,#9523);
#8799=AXIS2_PLACEMENT_3D('',#12041,#9526,#9527);
#8800=AXIS2_PLACEMENT_3D('',#12045,#9530,#9531);
#8801=AXIS2_PLACEMENT_3D('',#12049,#9534,#9535);
#8802=AXIS2_PLACEMENT_3D('',#12051,#9537,#9538);
#8803=AXIS2_PLACEMENT_3D('',#12072,#9541,#9542);
#8804=AXIS2_PLACEMENT_3D('',#12078,#9546,#9547);
#8805=AXIS2_PLACEMENT_3D('',#12084,#9551,#9552);
#8806=AXIS2_PLACEMENT_3D('',#12124,#9558,#9559);
#8807=AXIS2_PLACEMENT_3D('',#12130,#9563,#9564);
#8808=AXIS2_PLACEMENT_3D('',#12134,#9567,#9568);
#8809=AXIS2_PLACEMENT_3D('',#12138,#9571,#9572);
#8810=AXIS2_PLACEMENT_3D('',#12142,#9575,#9576);
#8811=AXIS2_PLACEMENT_3D('',#12210,#9582,#9583);
#8812=AXIS2_PLACEMENT_3D('',#12571,#9608,#9609);
#8813=AXIS2_PLACEMENT_3D('',#12762,#9622,#9623);
#8814=AXIS2_PLACEMENT_3D('',#12768,#9627,#9628);
#8815=AXIS2_PLACEMENT_3D('',#12772,#9631,#9632);
#8816=AXIS2_PLACEMENT_3D('',#12776,#9635,#9636);
#8817=AXIS2_PLACEMENT_3D('',#12779,#9638,#9639);
#8818=AXIS2_PLACEMENT_3D('',#12871,#9647,#9648);
#8819=AXIS2_PLACEMENT_3D('',#12874,#9650,#9651);
#8820=AXIS2_PLACEMENT_3D('',#12875,#9652,#9653);
#8821=AXIS2_PLACEMENT_3D('',#12878,#9655,#9656);
#8822=AXIS2_PLACEMENT_3D('',#12879,#9657,#9658);
#8823=AXIS2_PLACEMENT_3D('',#12909,#9663,#9664);
#8824=AXIS2_PLACEMENT_3D('',#12913,#9667,#9668);
#8825=AXIS2_PLACEMENT_3D('',#12917,#9671,#9672);
#8826=AXIS2_PLACEMENT_3D('',#12934,#9676,#9677);
#8827=AXIS2_PLACEMENT_3D('',#12937,#9679,#9680);
#8828=AXIS2_PLACEMENT_3D('',#12963,#9681,#9682);
#8829=AXIS2_PLACEMENT_3D('',#13154,#9695,#9696);
#8830=AXIS2_PLACEMENT_3D('',#13160,#9700,#9701);
#8831=AXIS2_PLACEMENT_3D('',#13164,#9704,#9705);
#8832=AXIS2_PLACEMENT_3D('',#13168,#9708,#9709);
#8833=AXIS2_PLACEMENT_3D('',#13171,#9711,#9712);
#8834=AXIS2_PLACEMENT_3D('',#13263,#9720,#9721);
#8835=AXIS2_PLACEMENT_3D('',#13266,#9723,#9724);
#8836=AXIS2_PLACEMENT_3D('',#13267,#9725,#9726);
#8837=AXIS2_PLACEMENT_3D('',#13270,#9728,#9729);
#8838=AXIS2_PLACEMENT_3D('',#13271,#9730,#9731);
#8839=AXIS2_PLACEMENT_3D('',#13275,#9734,#9735);
#8840=AXIS2_PLACEMENT_3D('',#13291,#9737,#9738);
#8841=AXIS2_PLACEMENT_3D('',#13312,#9741,#9742);
#8842=AXIS2_PLACEMENT_3D('',#13458,#9757,#9758);
#8843=AXIS2_PLACEMENT_3D('',#13461,#9760,#9761);
#8844=AXIS2_PLACEMENT_3D('',#13462,#9762,#9763);
#8845=AXIS2_PLACEMENT_3D('',#13466,#9766,#9767);
#8846=AXIS2_PLACEMENT_3D('',#13469,#9769,#9770);
#8847=AXIS2_PLACEMENT_3D('',#13509,#9774,#9775);
#8848=AXIS2_PLACEMENT_3D('',#13513,#9778,#9779);
#8849=AXIS2_PLACEMENT_3D('',#13516,#9781,#9782);
#8850=AXIS2_PLACEMENT_3D('',#13530,#9784,#9785);
#8851=AXIS2_PLACEMENT_3D('',#13531,#9786,#9787);
#8852=AXIS2_PLACEMENT_3D('',#13546,#9788,#9789);
#8853=AXIS2_PLACEMENT_3D('',#13547,#9790,#9791);
#8854=AXIS2_PLACEMENT_3D('',#13553,#9795,#9796);
#8855=AXIS2_PLACEMENT_3D('',#13557,#9799,#9800);
#8856=AXIS2_PLACEMENT_3D('',#13561,#9803,#9804);
#8857=AXIS2_PLACEMENT_3D('',#13565,#9807,#9808);
#8858=AXIS2_PLACEMENT_3D('',#13569,#9811,#9812);
#8859=AXIS2_PLACEMENT_3D('',#13573,#9815,#9816);
#8860=AXIS2_PLACEMENT_3D('',#13577,#9819,#9820);
#8861=AXIS2_PLACEMENT_3D('',#13581,#9823,#9824);
#8862=AXIS2_PLACEMENT_3D('',#13585,#9827,#9828);
#8863=AXIS2_PLACEMENT_3D('',#13589,#9831,#9832);
#8864=AXIS2_PLACEMENT_3D('',#13593,#9835,#9836);
#8865=AXIS2_PLACEMENT_3D('',#13595,#9838,#9839);
#8866=AXIS2_PLACEMENT_3D('',#13596,#9840,#9841);
#8867=AXIS2_PLACEMENT_3D('',#13597,#9842,#9843);
#8868=AXIS2_PLACEMENT_3D('',#13598,#9844,#9845);
#8869=AXIS2_PLACEMENT_3D('',#13599,#9846,#9847);
#8870=AXIS2_PLACEMENT_3D('',#13600,#9848,#9849);
#8871=AXIS2_PLACEMENT_3D('',#13601,#9850,#9851);
#8872=AXIS2_PLACEMENT_3D('',#13602,#9852,#9853);
#8873=DIRECTION('',(0.,0.,1.));
#8874=DIRECTION('',(1.,0.,0.));
#8875=DIRECTION('',(0.,-1.,0.));
#8876=DIRECTION('',(1.,0.,0.));
#8877=DIRECTION('',(1.,0.,0.));
#8878=DIRECTION('',(0.,0.,-1.));
#8879=DIRECTION('',(-1.,0.,0.));
#8880=DIRECTION('',(0.,0.,1.));
#8881=DIRECTION('',(0.,-1.,0.));
#8882=DIRECTION('',(0.,0.,-1.));
#8883=DIRECTION('',(0.,-1.,0.));
#8884=DIRECTION('',(0.,0.,-1.));
#8885=DIRECTION('',(0.,-1.,0.));
#8886=DIRECTION('',(0.,0.,-1.));
#8887=DIRECTION('',(0.,0.,1.));
#8888=DIRECTION('',(0.533642154435083,0.,-0.845710382465465));
#8889=DIRECTION('',(-1.,0.,0.));
#8890=DIRECTION('',(-0.530487295118681,0.,0.847692886438046));
#8891=DIRECTION('',(-0.530487295118682,0.,-0.847692886438045));
#8892=DIRECTION('',(-1.,0.,0.));
#8893=DIRECTION('',(0.52999894000318,0.,0.847998304005088));
#8894=DIRECTION('',(-0.526274356936948,0.,0.850314824774096));
#8895=DIRECTION('',(1.,0.,0.));
#8896=DIRECTION('',(0.523410597187795,0.,-0.852080598741408));
#8897=DIRECTION('',(0.5434582635443,0.,0.839436189227874));
#8898=DIRECTION('',(1.,0.,0.));
#8899=DIRECTION('',(-0.543586564657781,0.,-0.839353112059252));
#8900=DIRECTION('',(0.,-1.,0.));
#8901=DIRECTION('',(0.,0.,-1.));
#8902=DIRECTION('',(0.,0.,-1.));
#8903=DIRECTION('',(0.,-1.,0.));
#8904=DIRECTION('',(0.,0.,-1.));
#8905=DIRECTION('',(0.,-1.,0.));
#8906=DIRECTION('',(0.,0.,-1.));
#8907=DIRECTION('',(0.,0.,-1.));
#8908=DIRECTION('',(-1.,0.,0.));
#8909=DIRECTION('',(0.,0.,1.));
#8910=DIRECTION('',(1.,0.,0.));
#8911=DIRECTION('',(0.,0.,-1.));
#8912=DIRECTION('',(0.,-1.,0.));
#8913=DIRECTION('',(0.,0.,-1.));
#8914=DIRECTION('',(0.,0.,-1.));
#8915=DIRECTION('',(0.,-1.,0.));
#8916=DIRECTION('',(0.,0.,-1.));
#8917=DIRECTION('',(0.,-1.,0.));
#8918=DIRECTION('',(0.,0.,-1.));
#8919=DIRECTION('',(0.,0.,-1.));
#8920=DIRECTION('',(-1.,0.,0.));
#8921=DIRECTION('',(0.,0.,1.));
#8922=DIRECTION('',(1.,0.,0.));
#8923=DIRECTION('',(0.,0.,-1.));
#8924=DIRECTION('',(0.,0.,-1.));
#8925=DIRECTION('',(-1.,0.,0.));
#8926=DIRECTION('',(0.,0.,1.));
#8927=DIRECTION('',(0.,0.,-1.));
#8928=DIRECTION('',(-1.,0.,0.));
#8929=DIRECTION('',(0.,0.,1.));
#8930=DIRECTION('',(0.,0.,-1.));
#8931=DIRECTION('',(-1.,0.,0.));
#8932=DIRECTION('',(0.,0.,1.));
#8933=DIRECTION('',(1.,0.,0.));
#8934=DIRECTION('',(0.,0.,-1.));
#8935=DIRECTION('',(0.,0.,-1.));
#8936=DIRECTION('',(-1.,0.,0.));
#8937=DIRECTION('',(0.,0.,1.));
#8938=DIRECTION('',(0.,0.,-1.));
#8939=DIRECTION('',(-1.,0.,0.));
#8940=DIRECTION('',(0.,0.,1.));
#8941=DIRECTION('',(0.,0.,-1.));
#8942=DIRECTION('',(-1.,0.,0.));
#8943=DIRECTION('',(0.,0.,1.));
#8944=DIRECTION('',(1.,0.,0.));
#8945=DIRECTION('',(0.,0.,-1.));
#8946=DIRECTION('',(0.,-1.,0.));
#8947=DIRECTION('',(0.,0.,-1.));
#8948=DIRECTION('',(0.,0.,-1.));
#8949=DIRECTION('',(0.,-1.,0.));
#8950=DIRECTION('',(0.,0.,-1.));
#8951=DIRECTION('',(0.,-1.,0.));
#8952=DIRECTION('',(0.,0.,-1.));
#8953=DIRECTION('',(0.,0.,-1.));
#8954=DIRECTION('',(-1.,0.,0.));
#8955=DIRECTION('',(0.,0.,1.));
#8956=DIRECTION('',(1.,0.,0.));
#8957=DIRECTION('',(0.,0.,-1.));
#8958=DIRECTION('',(0.,-1.,0.));
#8959=DIRECTION('',(0.,0.,-1.));
#8960=DIRECTION('',(0.,-1.,0.));
#8961=DIRECTION('',(0.,0.,-1.));
#8962=DIRECTION('',(-1.,0.,0.));
#8963=DIRECTION('',(0.,-1.,0.));
#8964=DIRECTION('',(0.,0.,-1.));
#8965=DIRECTION('',(0.832050294337844,0.,-0.554700196225229));
#8966=DIRECTION('',(0.,-1.,0.));
#8967=DIRECTION('',(0.,0.,-1.));
#8968=DIRECTION('',(0.,0.,1.));
#8969=DIRECTION('',(-1.,0.,-1.7347234759768E-16));
#8970=DIRECTION('',(0.,0.,1.));
#8971=DIRECTION('',(-1.,0.,6.93889390390723E-17));
#8972=DIRECTION('',(-1.,0.,-1.00929365875014E-16));
#8973=DIRECTION('',(0.,0.,1.));
#8974=DIRECTION('',(-1.,0.,-2.01858731750028E-16));
#8975=DIRECTION('',(0.,0.,1.));
#8976=DIRECTION('',(-1.,0.,6.93889390390723E-17));
#8977=DIRECTION('',(0.,0.,1.));
#8978=DIRECTION('',(-1.,0.,-1.7347234759768E-16));
#8979=DIRECTION('',(0.,0.,1.));
#8980=DIRECTION('',(0.,0.,1.));
#8981=DIRECTION('',(-1.,0.,-1.7347234759768E-16));
#8982=DIRECTION('',(0.,0.,1.));
#8983=DIRECTION('',(-1.,0.,6.93889390390723E-17));
#8984=DIRECTION('',(0.,0.,1.));
#8985=DIRECTION('',(-1.,0.,6.93889390390723E-17));
#8986=DIRECTION('',(0.,0.,1.));
#8987=DIRECTION('',(-1.,0.,-1.7347234759768E-16));
#8988=DIRECTION('',(1.,0.,0.));
#8989=DIRECTION('',(0.,0.,-1.));
#8990=DIRECTION('',(-1.,0.,0.));
#8991=DIRECTION('',(0.,0.,1.));
#8992=DIRECTION('',(0.,-1.,0.));
#8993=DIRECTION('',(0.,0.,-1.));
#8994=DIRECTION('',(0.,-1.,0.));
#8995=DIRECTION('',(0.,0.,-1.));
#8996=DIRECTION('',(0.,-1.,0.));
#8997=DIRECTION('',(0.,0.,-1.));
#8998=DIRECTION('',(0.,0.,1.));
#8999=DIRECTION('',(0.,0.,1.));
#9000=DIRECTION('',(1.,0.,0.));
#9001=DIRECTION('',(-1.,0.,0.));
#9002=DIRECTION('',(0.,0.,-1.));
#9003=DIRECTION('',(-1.,0.,0.));
#9004=DIRECTION('',(1.,0.,0.));
#9005=DIRECTION('',(0.,0.,-1.));
#9006=DIRECTION('',(0.,-1.,0.));
#9007=DIRECTION('',(0.,0.,-1.));
#9008=DIRECTION('',(-1.,0.,0.));
#9009=DIRECTION('',(0.,0.,1.));
#9010=DIRECTION('',(1.,0.,0.));
#9011=DIRECTION('',(0.,0.,1.));
#9012=DIRECTION('',(0.,-1.,0.));
#9013=DIRECTION('',(0.,0.,-1.));
#9014=DIRECTION('',(0.,-1.,0.));
#9015=DIRECTION('',(0.,0.,-1.));
#9016=DIRECTION('',(0.,-1.,0.));
#9017=DIRECTION('',(0.,0.,-1.));
#9018=DIRECTION('',(0.,0.,1.));
#9019=DIRECTION('',(0.,-1.,0.));
#9020=DIRECTION('',(0.,0.,-1.));
#9021=DIRECTION('',(0.,-1.,0.));
#9022=DIRECTION('',(0.,0.,-1.));
#9023=DIRECTION('',(-1.,0.,0.));
#9024=DIRECTION('',(0.,-1.,0.));
#9025=DIRECTION('',(0.,0.,-1.));
#9026=DIRECTION('',(0.832050294337843,0.,-0.554700196225231));
#9027=DIRECTION('',(0.,-1.,0.));
#9028=DIRECTION('',(0.,0.,-1.));
#9029=DIRECTION('',(-1.,0.,0.));
#9030=DIRECTION('',(0.,0.,1.));
#9031=DIRECTION('',(1.,0.,0.));
#9032=DIRECTION('',(0.,0.,-1.));
#9033=DIRECTION('',(1.,0.,0.));
#9034=DIRECTION('',(0.,0.,1.));
#9035=DIRECTION('',(1.,0.,0.));
#9036=DIRECTION('',(0.,0.,-1.));
#9037=DIRECTION('',(-1.,0.,0.));
#9038=DIRECTION('',(0.,0.,1.));
#9039=DIRECTION('',(-1.,0.,0.));
#9040=DIRECTION('',(0.,0.,-1.));
#9041=DIRECTION('',(-1.7347234759768E-16,0.,1.));
#9042=DIRECTION('',(1.,0.,1.7347234759768E-16));
#9043=DIRECTION('',(-1.,0.,-1.7347234759768E-16));
#9044=DIRECTION('',(0.,-1.,0.));
#9045=DIRECTION('',(0.,-1.,0.));
#9046=DIRECTION('',(1.,0.,0.));
#9047=DIRECTION('',(0.,0.,-1.));
#9048=DIRECTION('',(0.,-1.,0.));
#9049=DIRECTION('',(0.,0.,1.));
#9050=DIRECTION('',(-1.7347234759768E-16,0.,1.));
#9051=DIRECTION('',(1.,0.,1.7347234759768E-16));
#9052=DIRECTION('',(0.,-1.,0.));
#9053=DIRECTION('',(-1.,0.,-1.7347234759768E-16));
#9054=DIRECTION('',(0.,-1.,0.));
#9055=DIRECTION('',(1.,0.,0.));
#9056=DIRECTION('',(0.,0.,-1.));
#9057=DIRECTION('',(0.,0.,1.));
#9058=DIRECTION('',(0.,-1.,0.));
#9059=DIRECTION('',(0.,-1.,0.));
#9060=DIRECTION('',(0.,-1.,0.));
#9061=DIRECTION('',(1.,0.,0.));
#9062=DIRECTION('',(-1.,0.,-1.7347234759768E-16));
#9063=DIRECTION('',(0.,0.,1.));
#9064=DIRECTION('',(-1.,0.,6.93889390390723E-17));
#9065=DIRECTION('',(-1.,0.,6.93889390390723E-17));
#9066=DIRECTION('',(0.,0.,1.));
#9067=DIRECTION('',(0.,0.,1.));
#9068=DIRECTION('',(0.,0.,1.));
#9069=DIRECTION('',(-1.,0.,-1.7347234759768E-16));
#9070=DIRECTION('',(0.,0.,1.));
#9071=DIRECTION('',(-1.,0.,6.93889390390723E-17));
#9072=DIRECTION('',(-1.,0.,-1.00929365875014E-16));
#9073=DIRECTION('',(0.,0.,1.));
#9074=DIRECTION('',(-1.,0.,-2.01858731750028E-16));
#9075=DIRECTION('',(0.,0.,1.));
#9076=DIRECTION('',(-1.,0.,6.93889390390723E-17));
#9077=DIRECTION('',(0.,0.,1.));
#9078=DIRECTION('',(1.00929365875014E-16,0.,-1.));
#9079=DIRECTION('',(-1.,0.,-1.00929365875014E-16));
#9080=DIRECTION('',(0.,1.,0.));
#9081=DIRECTION('',(0.,1.,0.));
#9082=DIRECTION('',(-1.,0.,0.));
#9083=DIRECTION('',(0.,0.,1.));
#9084=DIRECTION('',(0.,1.,0.));
#9085=DIRECTION('',(2.01858731750028E-16,0.,-1.));
#9086=DIRECTION('',(-1.,0.,-2.01858731750028E-16));
#9087=DIRECTION('',(0.,1.,0.));
#9088=DIRECTION('',(-1.,0.,0.));
#9089=DIRECTION('',(0.,0.,1.));
#9090=DIRECTION('',(-1.7347234759768E-16,0.,1.));
#9091=DIRECTION('',(1.,0.,1.7347234759768E-16));
#9092=DIRECTION('',(0.,-1.,0.));
#9093=DIRECTION('',(1.,0.,0.));
#9094=DIRECTION('',(0.,0.,-1.));
#9095=DIRECTION('',(0.,-1.,0.));
#9096=DIRECTION('',(-1.7347234759768E-16,0.,1.));
#9097=DIRECTION('',(1.,0.,1.7347234759768E-16));
#9098=DIRECTION('',(0.,-1.,0.));
#9099=DIRECTION('',(0.,-1.,0.));
#9100=DIRECTION('',(1.,0.,0.));
#9101=DIRECTION('',(0.,0.,-1.));
#9102=DIRECTION('',(0.,-1.,0.));
#9103=DIRECTION('',(1.,0.,0.));
#9104=DIRECTION('',(0.,0.,-1.));
#9105=DIRECTION('',(0.,-1.,0.));
#9106=DIRECTION('',(6.93889390390723E-17,0.,1.));
#9107=DIRECTION('',(1.,0.,-6.93889390390723E-17));
#9108=DIRECTION('',(6.93889390390723E-17,0.,1.));
#9109=DIRECTION('',(1.,0.,-6.93889390390723E-17));
#9110=DIRECTION('',(0.,-1.,0.));
#9111=DIRECTION('',(1.,0.,0.));
#9112=DIRECTION('',(0.,0.,-1.));
#9113=DIRECTION('',(1.,0.,0.));
#9114=DIRECTION('',(0.,0.,-1.));
#9115=DIRECTION('',(0.,-1.,0.));
#9116=DIRECTION('',(6.93889390390723E-17,0.,1.));
#9117=DIRECTION('',(1.,0.,-6.93889390390723E-17));
#9118=DIRECTION('',(6.93889390390723E-17,0.,1.));
#9119=DIRECTION('',(1.,0.,-6.93889390390723E-17));
#9120=DIRECTION('',(0.,-1.,0.));
#9121=DIRECTION('',(1.,0.,0.));
#9122=DIRECTION('',(0.,0.,-1.));
#9123=DIRECTION('',(0.,-1.,0.));
#9124=DIRECTION('',(0.,-1.,0.));
#9125=DIRECTION('',(0.,-1.,0.));
#9126=DIRECTION('',(0.,-1.,0.));
#9127=DIRECTION('',(0.,-1.,0.));
#9128=DIRECTION('',(0.,-1.,0.));
#9129=DIRECTION('',(0.,-1.,0.));
#9130=DIRECTION('',(0.,-1.,0.));
#9131=DIRECTION('',(0.,-1.,0.));
#9132=DIRECTION('',(0.,-1.,0.));
#9133=DIRECTION('',(0.,-1.,0.));
#9134=DIRECTION('',(0.,-1.,0.));
#9135=DIRECTION('',(-1.,0.,0.));
#9136=DIRECTION('',(0.,0.,1.));
#9137=DIRECTION('',(0.,-1.,0.));
#9138=DIRECTION('',(0.,0.,-1.));
#9139=DIRECTION('',(0.,-1.,0.));
#9140=DIRECTION('',(0.,0.,-1.));
#9141=DIRECTION('',(-1.,0.,0.));
#9142=DIRECTION('',(0.,-1.,0.));
#9143=DIRECTION('',(1.,0.,0.));
#9144=DIRECTION('',(1.,0.,0.));
#9145=DIRECTION('',(0.,0.,-1.));
#9146=DIRECTION('',(0.,-1.,0.));
#9147=DIRECTION('',(0.,0.,1.));
#9148=DIRECTION('',(0.,-1.,0.));
#9149=DIRECTION('',(0.662861347789798,0.,0.748742167642703));
#9150=DIRECTION('',(0.,-1.,0.));
#9151=DIRECTION('',(0.,-1.,0.));
#9152=DIRECTION('',(0.,0.,-1.));
#9153=DIRECTION('',(0.,-1.,0.));
#9154=DIRECTION('',(0.,-1.,0.));
#9155=DIRECTION('',(0.,-1.,0.));
#9156=DIRECTION('',(0.,-1.,0.));
#9157=DIRECTION('',(0.,-1.,0.));
#9158=DIRECTION('',(0.,-1.,0.));
#9159=DIRECTION('',(0.,-1.,0.));
#9160=DIRECTION('',(0.,-1.,0.));
#9161=DIRECTION('',(0.239747964621357,0.,-0.970835162867475));
#9162=DIRECTION('',(0.,-1.,0.));
#9163=DIRECTION('',(0.,-1.,0.));
#9164=DIRECTION('',(0.,0.,-1.));
#9165=DIRECTION('',(0.,-1.,0.));
#9166=DIRECTION('',(0.659546940295915,0.,-0.751663377813697));
#9167=DIRECTION('',(0.,-1.,0.));
#9168=DIRECTION('',(0.,-1.,0.));
#9169=DIRECTION('',(0.,0.,-1.));
#9170=DIRECTION('',(1.,0.,0.));
#9171=DIRECTION('',(0.,0.,-1.));
#9172=DIRECTION('',(0.,-1.,0.));
#9173=DIRECTION('',(0.,0.,1.));
#9174=DIRECTION('',(0.,0.,1.));
#9175=DIRECTION('',(1.,0.,0.));
#9176=DIRECTION('',(-1.,0.,0.));
#9177=DIRECTION('',(0.,-1.,0.));
#9178=DIRECTION('',(1.,0.,0.));
#9179=DIRECTION('',(0.,-1.,0.));
#9180=DIRECTION('',(0.,-1.,0.));
#9181=DIRECTION('',(0.,0.,-1.));
#9182=DIRECTION('',(-1.,0.,0.));
#9183=DIRECTION('',(1.,0.,0.));
#9184=DIRECTION('',(0.,-1.,0.));
#9185=DIRECTION('',(1.,0.,0.));
#9186=DIRECTION('',(0.,-1.,0.));
#9187=DIRECTION('',(0.,-1.,0.));
#9188=DIRECTION('',(0.,-1.,0.));
#9189=DIRECTION('',(0.,-1.,0.));
#9190=DIRECTION('',(0.,-1.,0.));
#9191=DIRECTION('',(0.,-1.,0.));
#9192=DIRECTION('',(0.,-1.,0.));
#9193=DIRECTION('',(0.,-1.,0.));
#9194=DIRECTION('',(0.,-1.,0.));
#9195=DIRECTION('',(0.,-1.,0.));
#9196=DIRECTION('',(0.,-1.,0.));
#9197=DIRECTION('',(0.,-1.,0.));
#9198=DIRECTION('',(0.683734846158518,0.,-0.729730539410671));
#9199=DIRECTION('',(0.,-1.,0.));
#9200=DIRECTION('',(0.,-1.,0.));
#9201=DIRECTION('',(0.,0.,-1.));
#9202=DIRECTION('',(-0.554700196225229,0.,-0.832050294337844));
#9203=DIRECTION('',(-0.832050294337844,0.,0.554700196225229));
#9204=DIRECTION('',(0.,-1.,0.));
#9205=DIRECTION('',(0.832050294337844,0.,-0.554700196225229));
#9206=DIRECTION('',(0.,-1.,0.));
#9207=DIRECTION('',(0.700106717883592,0.,-0.714038222768406));
#9208=DIRECTION('',(0.,-1.,0.));
#9209=DIRECTION('',(0.,-1.,0.));
#9210=DIRECTION('',(0.,0.,-1.));
#9211=DIRECTION('',(0.,-1.,0.));
#9212=DIRECTION('',(0.,-1.,0.));
#9213=DIRECTION('',(0.,-1.,0.));
#9214=DIRECTION('',(0.,0.,1.));
#9215=DIRECTION('',(1.,0.,0.));
#9216=DIRECTION('',(0.,-1.,0.));
#9217=DIRECTION('',(-1.,0.,0.));
#9218=DIRECTION('',(0.,-1.,0.));
#9219=DIRECTION('',(0.999334689324689,0.,-0.0364716151592905));
#9220=DIRECTION('',(0.,-1.,0.));
#9221=DIRECTION('',(0.,-1.,0.));
#9222=DIRECTION('',(0.,0.,-1.));
#9223=DIRECTION('',(0.,-1.,0.));
#9224=DIRECTION('',(0.,-1.,0.));
#9225=DIRECTION('',(0.725683523606434,0.,0.688028650250954));
#9226=DIRECTION('',(0.,-1.,0.));
#9227=DIRECTION('',(0.,0.,-1.));
#9228=DIRECTION('',(0.,-1.,0.));
#9229=DIRECTION('',(1.,0.,0.));
#9230=DIRECTION('',(0.,-1.,0.));
#9231=DIRECTION('',(0.151825452991168,0.,0.988407320806572));
#9232=DIRECTION('',(0.,-1.,0.));
#9233=DIRECTION('',(0.,-1.,0.));
#9234=DIRECTION('',(0.,0.,-1.));
#9235=DIRECTION('',(0.,-1.,0.));
#9236=DIRECTION('',(0.,-1.,0.));
#9237=DIRECTION('',(0.,-1.,0.));
#9238=DIRECTION('',(-1.,0.,0.));
#9239=DIRECTION('',(0.,0.,1.));
#9240=DIRECTION('',(0.,-1.,0.));
#9241=DIRECTION('',(0.,0.,-1.));
#9242=DIRECTION('',(0.,0.,-1.));
#9243=DIRECTION('',(-1.,0.,0.));
#9244=DIRECTION('',(0.,-1.,0.));
#9245=DIRECTION('',(1.,0.,0.));
#9246=DIRECTION('',(1.,0.,0.));
#9247=DIRECTION('',(0.,0.,-1.));
#9248=DIRECTION('',(0.,-1.,0.));
#9249=DIRECTION('',(0.,0.,1.));
#9250=DIRECTION('',(0.,0.,1.));
#9251=DIRECTION('',(1.,0.,0.));
#9252=DIRECTION('',(0.,-1.,0.));
#9253=DIRECTION('',(-1.,0.,0.));
#9254=DIRECTION('',(-1.,0.,0.));
#9255=DIRECTION('',(0.,0.,1.));
#9256=DIRECTION('',(0.,-1.,0.));
#9257=DIRECTION('',(0.,0.,-1.));
#9258=DIRECTION('',(0.,-1.,0.));
#9259=DIRECTION('',(0.,-1.,0.));
#9260=DIRECTION('',(0.,-1.,0.));
#9261=DIRECTION('',(-0.285858848602665,0.,0.958271735300358));
#9262=DIRECTION('',(0.,-1.,0.));
#9263=DIRECTION('',(0.,-1.,0.));
#9264=DIRECTION('',(0.,0.,-1.));
#9265=DIRECTION('',(0.,-1.,0.));
#9266=DIRECTION('',(0.214596802250395,0.,0.976702724714078));
#9267=DIRECTION('',(0.,-1.,0.));
#9268=DIRECTION('',(0.,-1.,0.));
#9269=DIRECTION('',(0.,0.,-1.));
#9270=DIRECTION('',(-1.,0.,0.));
#9271=DIRECTION('',(0.,0.,1.));
#9272=DIRECTION('',(0.,0.,-1.));
#9273=DIRECTION('',(0.,-1.,0.));
#9274=DIRECTION('',(1.,0.,0.));
#9275=DIRECTION('',(0.,-1.,0.));
#9276=DIRECTION('',(0.,-1.,0.));
#9277=DIRECTION('',(0.,-1.,0.));
#9278=DIRECTION('',(0.,-1.,0.));
#9279=DIRECTION('',(0.,-1.,0.));
#9280=DIRECTION('',(0.,-1.,0.));
#9281=DIRECTION('',(0.,-1.,0.));
#9282=DIRECTION('',(0.,-1.,0.));
#9283=DIRECTION('',(-1.,0.,0.));
#9284=DIRECTION('',(0.,0.,1.));
#9285=DIRECTION('',(0.,-1.,0.));
#9286=DIRECTION('',(0.,0.,-1.));
#9287=DIRECTION('',(0.,0.,-1.));
#9288=DIRECTION('',(-1.,0.,0.));
#9289=DIRECTION('',(0.,-1.,0.));
#9290=DIRECTION('',(1.,0.,0.));
#9291=DIRECTION('',(1.,0.,0.));
#9292=DIRECTION('',(0.,0.,-1.));
#9293=DIRECTION('',(0.,-1.,0.));
#9294=DIRECTION('',(0.,0.,1.));
#9295=DIRECTION('',(0.,0.,1.));
#9296=DIRECTION('',(1.,0.,0.));
#9297=DIRECTION('',(0.,-1.,0.));
#9298=DIRECTION('',(-1.,0.,0.));
#9299=DIRECTION('',(-1.,0.,0.));
#9300=DIRECTION('',(0.,0.,1.));
#9301=DIRECTION('',(0.,-1.,0.));
#9302=DIRECTION('',(0.,0.,-1.));
#9303=DIRECTION('',(0.,-1.,0.));
#9304=DIRECTION('',(0.,-1.,0.));
#9305=DIRECTION('',(0.,-1.,0.));
#9306=DIRECTION('',(0.,-1.,0.));
#9307=DIRECTION('',(1.,0.,0.));
#9308=DIRECTION('',(0.,0.,-1.));
#9309=DIRECTION('',(0.,-1.,0.));
#9310=DIRECTION('',(0.,0.,1.));
#9311=DIRECTION('',(0.,0.,1.));
#9312=DIRECTION('',(1.,0.,0.));
#9313=DIRECTION('',(0.,-1.,0.));
#9314=DIRECTION('',(-1.,0.,0.));
#9315=DIRECTION('',(-1.,0.,0.));
#9316=DIRECTION('',(0.,0.,1.));
#9317=DIRECTION('',(0.,-1.,0.));
#9318=DIRECTION('',(0.,0.,-1.));
#9319=DIRECTION('',(0.,-1.,0.));
#9320=DIRECTION('',(0.,-1.,0.));
#9321=DIRECTION('',(0.,-1.,0.));
#9322=DIRECTION('',(0.,-1.,0.));
#9323=DIRECTION('',(1.,0.,0.));
#9324=DIRECTION('',(0.,0.,-1.));
#9325=DIRECTION('',(0.,-1.,0.));
#9326=DIRECTION('',(0.,0.,1.));
#9327=DIRECTION('',(0.,0.,1.));
#9328=DIRECTION('',(1.,0.,0.));
#9329=DIRECTION('',(0.,-1.,0.));
#9330=DIRECTION('',(-1.,0.,0.));
#9331=DIRECTION('',(-1.,0.,0.));
#9332=DIRECTION('',(0.,0.,1.));
#9333=DIRECTION('',(0.,-1.,0.));
#9334=DIRECTION('',(0.,0.,-1.));
#9335=DIRECTION('',(0.,-1.,0.));
#9336=DIRECTION('',(1.,0.,0.));
#9337=DIRECTION('',(0.,-1.,0.));
#9338=DIRECTION('',(0.,-1.,0.));
#9339=DIRECTION('',(0.,-1.,0.));
#9340=DIRECTION('',(0.,-1.,0.));
#9341=DIRECTION('',(0.,-1.,0.));
#9342=DIRECTION('',(0.,-1.,0.));
#9343=DIRECTION('',(0.,-1.,0.));
#9344=DIRECTION('',(0.,-1.,0.));
#9345=DIRECTION('',(-1.,0.,0.));
#9346=DIRECTION('',(0.,0.,1.));
#9347=DIRECTION('',(0.,-1.,0.));
#9348=DIRECTION('',(0.,0.,-1.));
#9349=DIRECTION('',(0.,0.,-1.));
#9350=DIRECTION('',(-1.,0.,0.));
#9351=DIRECTION('',(0.,-1.,0.));
#9352=DIRECTION('',(1.,0.,0.));
#9353=DIRECTION('',(1.,0.,0.));
#9354=DIRECTION('',(0.,0.,-1.));
#9355=DIRECTION('',(0.,-1.,0.));
#9356=DIRECTION('',(0.,0.,1.));
#9357=DIRECTION('',(0.,0.,1.));
#9358=DIRECTION('',(1.,0.,0.));
#9359=DIRECTION('',(0.,-1.,0.));
#9360=DIRECTION('',(-1.,0.,0.));
#9361=DIRECTION('',(-1.,0.,0.));
#9362=DIRECTION('',(0.,0.,1.));
#9363=DIRECTION('',(0.,-1.,0.));
#9364=DIRECTION('',(0.,0.,-1.));
#9365=DIRECTION('',(0.,-1.,0.));
#9366=DIRECTION('',(0.,-1.,0.));
#9367=DIRECTION('',(0.,-1.,0.));
#9368=DIRECTION('',(0.,-1.,0.));
#9369=DIRECTION('',(1.,0.,0.));
#9370=DIRECTION('',(0.,0.,-1.));
#9371=DIRECTION('',(0.,-1.,0.));
#9372=DIRECTION('',(0.,0.,1.));
#9373=DIRECTION('',(0.,0.,1.));
#9374=DIRECTION('',(1.,0.,0.));
#9375=DIRECTION('',(0.,-1.,0.));
#9376=DIRECTION('',(-1.,0.,0.));
#9377=DIRECTION('',(-1.,0.,0.));
#9378=DIRECTION('',(0.,0.,1.));
#9379=DIRECTION('',(0.,-1.,0.));
#9380=DIRECTION('',(0.,0.,-1.));
#9381=DIRECTION('',(0.,-1.,0.));
#9382=DIRECTION('',(0.,-1.,0.));
#9383=DIRECTION('',(0.,-1.,0.));
#9384=DIRECTION('',(0.,-1.,0.));
#9385=DIRECTION('',(1.,0.,0.));
#9386=DIRECTION('',(0.,0.,-1.));
#9387=DIRECTION('',(0.,-1.,0.));
#9388=DIRECTION('',(0.,0.,1.));
#9389=DIRECTION('',(0.,0.,1.));
#9390=DIRECTION('',(1.,0.,0.));
#9391=DIRECTION('',(0.,-1.,0.));
#9392=DIRECTION('',(-1.,0.,0.));
#9393=DIRECTION('',(-1.,0.,0.));
#9394=DIRECTION('',(0.,0.,1.));
#9395=DIRECTION('',(0.,-1.,0.));
#9396=DIRECTION('',(0.,0.,-1.));
#9397=DIRECTION('',(0.,-1.,0.));
#9398=DIRECTION('',(1.,0.,0.));
#9399=DIRECTION('',(0.,-1.,0.));
#9400=DIRECTION('',(0.151825452991196,0.,0.988407320806568));
#9401=DIRECTION('',(0.,-1.,0.));
#9402=DIRECTION('',(0.,-1.,0.));
#9403=DIRECTION('',(0.,0.,-1.));
#9404=DIRECTION('',(0.,-1.,0.));
#9405=DIRECTION('',(0.,-1.,0.));
#9406=DIRECTION('',(0.,-1.,0.));
#9407=DIRECTION('',(-1.,0.,0.));
#9408=DIRECTION('',(0.,0.,1.));
#9409=DIRECTION('',(0.,-1.,0.));
#9410=DIRECTION('',(0.,0.,-1.));
#9411=DIRECTION('',(0.,0.,-1.));
#9412=DIRECTION('',(-1.,0.,0.));
#9413=DIRECTION('',(0.,-1.,0.));
#9414=DIRECTION('',(1.,0.,0.));
#9415=DIRECTION('',(1.,0.,0.));
#9416=DIRECTION('',(0.,0.,-1.));
#9417=DIRECTION('',(0.,-1.,0.));
#9418=DIRECTION('',(0.,0.,1.));
#9419=DIRECTION('',(0.,0.,1.));
#9420=DIRECTION('',(1.,0.,0.));
#9421=DIRECTION('',(0.,-1.,0.));
#9422=DIRECTION('',(-1.,0.,0.));
#9423=DIRECTION('',(-1.,0.,0.));
#9424=DIRECTION('',(0.,0.,1.));
#9425=DIRECTION('',(0.,-1.,0.));
#9426=DIRECTION('',(0.,0.,-1.));
#9427=DIRECTION('',(0.,-1.,0.));
#9428=DIRECTION('',(0.,-1.,0.));
#9429=DIRECTION('',(0.,-1.,0.));
#9430=DIRECTION('',(-0.285858848602672,0.,0.958271735300356));
#9431=DIRECTION('',(0.,-1.,0.));
#9432=DIRECTION('',(0.,-1.,0.));
#9433=DIRECTION('',(0.,0.,-1.));
#9434=DIRECTION('',(0.,-1.,0.));
#9435=DIRECTION('',(0.21459680225041,0.,0.976702724714075));
#9436=DIRECTION('',(0.,-1.,0.));
#9437=DIRECTION('',(0.,-1.,0.));
#9438=DIRECTION('',(0.,0.,-1.));
#9439=DIRECTION('',(-1.,0.,0.));
#9440=DIRECTION('',(0.,0.,1.));
#9441=DIRECTION('',(0.,0.,-1.));
#9442=DIRECTION('',(0.,-1.,0.));
#9443=DIRECTION('',(1.,0.,0.));
#9444=DIRECTION('',(0.,-1.,0.));
#9445=DIRECTION('',(0.151825452991188,0.,0.988407320806569));
#9446=DIRECTION('',(0.,-1.,0.));
#9447=DIRECTION('',(0.,-1.,0.));
#9448=DIRECTION('',(0.,0.,-1.));
#9449=DIRECTION('',(0.,-1.,0.));
#9450=DIRECTION('',(0.,-1.,0.));
#9451=DIRECTION('',(0.,-1.,0.));
#9452=DIRECTION('',(-1.,0.,0.));
#9453=DIRECTION('',(0.,0.,1.));
#9454=DIRECTION('',(0.,-1.,0.));
#9455=DIRECTION('',(0.,0.,-1.));
#9456=DIRECTION('',(0.,0.,-1.));
#9457=DIRECTION('',(-1.,0.,0.));
#9458=DIRECTION('',(0.,-1.,0.));
#9459=DIRECTION('',(1.,0.,0.));
#9460=DIRECTION('',(1.,0.,0.));
#9461=DIRECTION('',(0.,0.,-1.));
#9462=DIRECTION('',(0.,-1.,0.));
#9463=DIRECTION('',(0.,0.,1.));
#9464=DIRECTION('',(0.,0.,1.));
#9465=DIRECTION('',(1.,0.,0.));
#9466=DIRECTION('',(0.,-1.,0.));
#9467=DIRECTION('',(-1.,0.,0.));
#9468=DIRECTION('',(-1.,0.,0.));
#9469=DIRECTION('',(0.,0.,1.));
#9470=DIRECTION('',(0.,-1.,0.));
#9471=DIRECTION('',(0.,0.,-1.));
#9472=DIRECTION('',(0.,-1.,0.));
#9473=DIRECTION('',(0.,-1.,0.));
#9474=DIRECTION('',(0.,-1.,0.));
#9475=DIRECTION('',(-0.285858848602674,0.,0.958271735300355));
#9476=DIRECTION('',(0.,-1.,0.));
#9477=DIRECTION('',(0.,-1.,0.));
#9478=DIRECTION('',(0.,0.,-1.));
#9479=DIRECTION('',(0.,-1.,0.));
#9480=DIRECTION('',(0.214596802250411,0.,0.976702724714075));
#9481=DIRECTION('',(0.,-1.,0.));
#9482=DIRECTION('',(0.,-1.,0.));
#9483=DIRECTION('',(0.,0.,-1.));
#9484=DIRECTION('',(-1.,0.,0.));
#9485=DIRECTION('',(0.,0.,1.));
#9486=DIRECTION('',(0.,0.,-1.));
#9487=DIRECTION('',(0.,-1.,0.));
#9488=DIRECTION('',(1.,0.,0.));
#9489=DIRECTION('',(0.,0.,1.));
#9490=DIRECTION('',(1.,0.,0.));
#9491=DIRECTION('',(0.,-1.,0.));
#9492=DIRECTION('',(-1.,0.,0.));
#9493=DIRECTION('',(0.,-1.,0.));
#9494=DIRECTION('',(-0.845710382465465,0.,-0.533642154435083));
#9495=DIRECTION('',(-0.533642154435083,0.,0.845710382465465));
#9496=DIRECTION('',(0.,-1.,0.));
#9497=DIRECTION('',(0.533642154435083,0.,-0.845710382465465));
#9498=DIRECTION('',(-0.839353112059252,0.,0.543586564657781));
#9499=DIRECTION('',(0.543586564657781,0.,0.839353112059252));
#9500=DIRECTION('',(0.,-1.,0.));
#9501=DIRECTION('',(-0.543586564657781,0.,-0.839353112059252));
#9502=DIRECTION('',(0.,0.,-1.));
#9503=DIRECTION('',(-1.,0.,0.));
#9504=DIRECTION('',(0.,-1.,0.));
#9505=DIRECTION('',(1.,0.,0.));
#9506=DIRECTION('',(0.839436189227874,0.,-0.5434582635443));
#9507=DIRECTION('',(-0.5434582635443,0.,-0.839436189227874));
#9508=DIRECTION('',(0.,-1.,0.));
#9509=DIRECTION('',(0.5434582635443,0.,0.839436189227874));
#9510=DIRECTION('',(-0.852080598741408,0.,-0.523410597187795));
#9511=DIRECTION('',(-0.523410597187795,0.,0.852080598741408));
#9512=DIRECTION('',(0.,-1.,0.));
#9513=DIRECTION('',(0.523410597187795,0.,-0.852080598741408));
#9514=DIRECTION('',(0.,0.,-1.));
#9515=DIRECTION('',(-1.,0.,0.));
#9516=DIRECTION('',(0.,-1.,0.));
#9517=DIRECTION('',(1.,0.,0.));
#9518=DIRECTION('',(0.850314824774096,0.,0.526274356936948));
#9519=DIRECTION('',(0.526274356936948,0.,-0.850314824774096));
#9520=DIRECTION('',(0.,-1.,0.));
#9521=DIRECTION('',(-0.526274356936948,0.,0.850314824774096));
#9522=DIRECTION('',(0.847998304005088,0.,-0.52999894000318));
#9523=DIRECTION('',(-0.52999894000318,0.,-0.847998304005088));
#9524=DIRECTION('',(0.,-1.,0.));
#9525=DIRECTION('',(0.52999894000318,0.,0.847998304005088));
#9526=DIRECTION('',(0.,0.,1.));
#9527=DIRECTION('',(1.,0.,0.));
#9528=DIRECTION('',(0.,-1.,0.));
#9529=DIRECTION('',(-1.,0.,0.));
#9530=DIRECTION('',(-0.847692886438045,0.,0.530487295118682));
#9531=DIRECTION('',(0.530487295118682,0.,0.847692886438045));
#9532=DIRECTION('',(0.,-1.,0.));
#9533=DIRECTION('',(-0.530487295118682,0.,-0.847692886438045));
#9534=DIRECTION('',(0.847692886438046,0.,0.530487295118681));
#9535=DIRECTION('',(0.530487295118681,0.,-0.847692886438046));
#9536=DIRECTION('',(-0.530487295118681,0.,0.847692886438046));
#9537=DIRECTION('',(0.,-1.,0.));
#9538=DIRECTION('',(1.,0.,0.));
#9539=DIRECTION('',(0.,-1.,0.));
#9540=DIRECTION('',(0.,-1.,0.));
#9541=DIRECTION('',(0.,0.,-1.));
#9542=DIRECTION('',(-1.,0.,0.));
#9543=DIRECTION('',(1.,0.,0.));
#9544=DIRECTION('',(0.,-1.,0.));
#9545=DIRECTION('',(1.,0.,0.));
#9546=DIRECTION('',(-1.,0.,0.));
#9547=DIRECTION('',(0.,0.,1.));
#9548=DIRECTION('',(0.,0.,-1.));
#9549=DIRECTION('',(0.,-1.,0.));
#9550=DIRECTION('',(0.,0.,-1.));
#9551=DIRECTION('',(0.,0.,1.));
#9552=DIRECTION('',(1.,0.,0.));
#9553=DIRECTION('',(-1.,0.,0.));
#9554=DIRECTION('',(0.,-1.,0.));
#9555=DIRECTION('',(-1.,0.,0.));
#9556=DIRECTION('',(0.,-1.,0.));
#9557=DIRECTION('',(0.,-1.,0.));
#9558=DIRECTION('',(0.,0.,-1.));
#9559=DIRECTION('',(-1.,0.,0.));
#9560=DIRECTION('',(0.,-1.,0.));
#9561=DIRECTION('',(1.,0.,0.));
#9562=DIRECTION('',(0.,-1.,0.));
#9563=DIRECTION('',(1.,0.,0.));
#9564=DIRECTION('',(0.,0.,-1.));
#9565=DIRECTION('',(0.,-1.,0.));
#9566=DIRECTION('',(0.,0.,1.));
#9567=DIRECTION('',(0.,0.,1.));
#9568=DIRECTION('',(1.,0.,0.));
#9569=DIRECTION('',(0.,-1.,0.));
#9570=DIRECTION('',(-1.,0.,0.));
#9571=DIRECTION('',(-1.,0.,0.));
#9572=DIRECTION('',(0.,0.,1.));
#9573=DIRECTION('',(0.,-1.,0.));
#9574=DIRECTION('',(0.,0.,-1.));
#9575=DIRECTION('',(0.,0.,1.));
#9576=DIRECTION('',(1.,0.,0.));
#9577=DIRECTION('',(0.,-1.,0.));
#9578=DIRECTION('',(-1.,0.,0.));
#9579=DIRECTION('',(0.,-1.,0.));
#9580=DIRECTION('',(0.,-1.,0.));
#9581=DIRECTION('',(0.,-1.,0.));
#9582=DIRECTION('',(0.,-1.,0.));
#9583=DIRECTION('',(1.,0.,0.));
#9584=DIRECTION('',(0.,-1.,0.));
#9585=DIRECTION('',(0.,-1.,0.));
#9586=DIRECTION('',(0.,-1.,0.));
#9587=DIRECTION('',(0.,-1.,0.));
#9588=DIRECTION('',(0.,-1.,0.));
#9589=DIRECTION('',(0.,-1.,0.));
#9590=DIRECTION('',(0.,-1.,0.));
#9591=DIRECTION('',(0.,-1.,0.));
#9592=DIRECTION('',(0.,-1.,0.));
#9593=DIRECTION('',(0.,-1.,0.));
#9594=DIRECTION('',(0.,-1.,0.));
#9595=DIRECTION('',(0.,-1.,0.));
#9596=DIRECTION('',(0.,-1.,0.));
#9597=DIRECTION('',(0.,-1.,0.));
#9598=DIRECTION('',(0.,-1.,0.));
#9599=DIRECTION('',(0.,-1.,0.));
#9600=DIRECTION('',(0.,-1.,0.));
#9601=DIRECTION('',(0.,-1.,0.));
#9602=DIRECTION('',(0.,-1.,0.));
#9603=DIRECTION('',(0.,-1.,0.));
#9604=DIRECTION('',(0.,-1.,0.));
#9605=DIRECTION('',(0.,-1.,0.));
#9606=DIRECTION('',(0.,-1.,0.));
#9607=DIRECTION('',(0.,-1.,0.));
#9608=DIRECTION('',(0.,-1.,0.));
#9609=DIRECTION('',(1.,0.,0.));
#9610=DIRECTION('',(0.,-1.,0.));
#9611=DIRECTION('',(0.,-1.,0.));
#9612=DIRECTION('',(0.,-1.,0.));
#9613=DIRECTION('',(0.,-1.,0.));
#9614=DIRECTION('',(0.,-1.,0.));
#9615=DIRECTION('',(0.,-1.,0.));
#9616=DIRECTION('',(0.,-1.,0.));
#9617=DIRECTION('',(0.,-1.,0.));
#9618=DIRECTION('',(0.,-1.,0.));
#9619=DIRECTION('',(0.,-1.,0.));
#9620=DIRECTION('',(0.,-1.,0.));
#9621=DIRECTION('',(0.,-1.,0.));
#9622=DIRECTION('',(-1.,0.,0.));
#9623=DIRECTION('',(0.,0.,1.));
#9624=DIRECTION('',(0.,-1.,0.));
#9625=DIRECTION('',(0.,0.,-1.));
#9626=DIRECTION('',(0.,-1.,0.));
#9627=DIRECTION('',(0.,0.,-1.));
#9628=DIRECTION('',(-1.,0.,0.));
#9629=DIRECTION('',(0.,-1.,0.));
#9630=DIRECTION('',(1.,0.,0.));
#9631=DIRECTION('',(1.,0.,0.));
#9632=DIRECTION('',(0.,0.,-1.));
#9633=DIRECTION('',(0.,-1.,0.));
#9634=DIRECTION('',(0.,0.,1.));
#9635=DIRECTION('',(0.,-1.,0.));
#9636=DIRECTION('',(0.662861347789805,0.,0.748742167642697));
#9637=DIRECTION('',(0.,-1.,0.));
#9638=DIRECTION('',(0.,-1.,0.));
#9639=DIRECTION('',(0.,0.,-1.));
#9640=DIRECTION('',(0.,-1.,0.));
#9641=DIRECTION('',(0.,-1.,0.));
#9642=DIRECTION('',(0.,-1.,0.));
#9643=DIRECTION('',(0.,-1.,0.));
#9644=DIRECTION('',(0.,-1.,0.));
#9645=DIRECTION('',(0.,-1.,0.));
#9646=DIRECTION('',(0.,-1.,0.));
#9647=DIRECTION('',(0.,-1.,0.));
#9648=DIRECTION('',(0.239747964621353,0.,-0.970835162867476));
#9649=DIRECTION('',(0.,-1.,0.));
#9650=DIRECTION('',(0.,-1.,0.));
#9651=DIRECTION('',(0.,0.,-1.));
#9652=DIRECTION('',(0.,-1.,0.));
#9653=DIRECTION('',(0.659546940295928,0.,-0.751663377813686));
#9654=DIRECTION('',(0.,-1.,0.));
#9655=DIRECTION('',(0.,-1.,0.));
#9656=DIRECTION('',(0.,0.,-1.));
#9657=DIRECTION('',(1.,0.,0.));
#9658=DIRECTION('',(0.,0.,-1.));
#9659=DIRECTION('',(0.,-1.,0.));
#9660=DIRECTION('',(0.,0.,1.));
#9661=DIRECTION('',(0.,-1.,0.));
#9662=DIRECTION('',(0.,-1.,0.));
#9663=DIRECTION('',(0.,0.,-1.));
#9664=DIRECTION('',(-1.,0.,0.));
#9665=DIRECTION('',(0.,-1.,0.));
#9666=DIRECTION('',(1.,0.,0.));
#9667=DIRECTION('',(1.,0.,0.));
#9668=DIRECTION('',(0.,0.,-1.));
#9669=DIRECTION('',(0.,-1.,0.));
#9670=DIRECTION('',(0.,0.,1.));
#9671=DIRECTION('',(0.,0.,1.));
#9672=DIRECTION('',(1.,0.,0.));
#9673=DIRECTION('',(0.,-1.,0.));
#9674=DIRECTION('',(-1.,0.,0.));
#9675=DIRECTION('',(0.,-1.,0.));
#9676=DIRECTION('',(0.,-1.,0.));
#9677=DIRECTION('',(0.727276949603247,0.,-0.686344110906327));
#9678=DIRECTION('',(0.,-1.,0.));
#9679=DIRECTION('',(0.,-1.,0.));
#9680=DIRECTION('',(0.,0.,-1.));
#9681=DIRECTION('',(0.,-1.,0.));
#9682=DIRECTION('',(1.,0.,0.));
#9683=DIRECTION('',(0.,-1.,0.));
#9684=DIRECTION('',(0.,-1.,0.));
#9685=DIRECTION('',(0.,-1.,0.));
#9686=DIRECTION('',(0.,-1.,0.));
#9687=DIRECTION('',(0.,-1.,0.));
#9688=DIRECTION('',(0.,-1.,0.));
#9689=DIRECTION('',(0.,-1.,0.));
#9690=DIRECTION('',(0.,-1.,0.));
#9691=DIRECTION('',(0.,-1.,0.));
#9692=DIRECTION('',(0.,-1.,0.));
#9693=DIRECTION('',(0.,-1.,0.));
#9694=DIRECTION('',(0.,-1.,0.));
#9695=DIRECTION('',(-1.,0.,0.));
#9696=DIRECTION('',(0.,0.,1.));
#9697=DIRECTION('',(0.,-1.,0.));
#9698=DIRECTION('',(0.,0.,-1.));
#9699=DIRECTION('',(0.,-1.,0.));
#9700=DIRECTION('',(0.,0.,-1.));
#9701=DIRECTION('',(-1.,0.,0.));
#9702=DIRECTION('',(0.,-1.,0.));
#9703=DIRECTION('',(1.,0.,0.));
#9704=DIRECTION('',(1.,0.,0.));
#9705=DIRECTION('',(0.,0.,-1.));
#9706=DIRECTION('',(0.,-1.,0.));
#9707=DIRECTION('',(0.,0.,1.));
#9708=DIRECTION('',(0.,-1.,0.));
#9709=DIRECTION('',(0.662861347789882,0.,0.748742167642627));
#9710=DIRECTION('',(0.,-1.,0.));
#9711=DIRECTION('',(0.,-1.,0.));
#9712=DIRECTION('',(0.,0.,-1.));
#9713=DIRECTION('',(0.,-1.,0.));
#9714=DIRECTION('',(0.,-1.,0.));
#9715=DIRECTION('',(0.,-1.,0.));
#9716=DIRECTION('',(0.,-1.,0.));
#9717=DIRECTION('',(0.,-1.,0.));
#9718=DIRECTION('',(0.,-1.,0.));
#9719=DIRECTION('',(0.,-1.,0.));
#9720=DIRECTION('',(0.,-1.,0.));
#9721=DIRECTION('',(0.239747964621539,0.,-0.97083516286743));
#9722=DIRECTION('',(0.,-1.,0.));
#9723=DIRECTION('',(0.,-1.,0.));
#9724=DIRECTION('',(0.,0.,-1.));
#9725=DIRECTION('',(0.,-1.,0.));
#9726=DIRECTION('',(0.659546940295959,0.,-0.751663377813658));
#9727=DIRECTION('',(0.,-1.,0.));
#9728=DIRECTION('',(0.,-1.,0.));
#9729=DIRECTION('',(0.,0.,-1.));
#9730=DIRECTION('',(1.,0.,0.));
#9731=DIRECTION('',(0.,0.,-1.));
#9732=DIRECTION('',(0.,-1.,0.));
#9733=DIRECTION('',(0.,0.,1.));
#9734=DIRECTION('',(0.,0.,1.));
#9735=DIRECTION('',(1.,0.,0.));
#9736=DIRECTION('',(-1.,0.,0.));
#9737=DIRECTION('',(0.,-1.,0.));
#9738=DIRECTION('',(1.,0.,0.));
#9739=DIRECTION('',(0.,-1.,0.));
#9740=DIRECTION('',(0.,-1.,0.));
#9741=DIRECTION('',(0.,0.,-1.));
#9742=DIRECTION('',(-1.,0.,0.));
#9743=DIRECTION('',(1.,0.,0.));
#9744=DIRECTION('',(0.,-1.,0.));
#9745=DIRECTION('',(1.,0.,0.));
#9746=DIRECTION('',(0.,-1.,0.));
#9747=DIRECTION('',(0.,-1.,0.));
#9748=DIRECTION('',(0.,-1.,0.));
#9749=DIRECTION('',(0.,-1.,0.));
#9750=DIRECTION('',(0.,-1.,0.));
#9751=DIRECTION('',(0.,-1.,0.));
#9752=DIRECTION('',(0.,-1.,0.));
#9753=DIRECTION('',(0.,-1.,0.));
#9754=DIRECTION('',(0.,-1.,0.));
#9755=DIRECTION('',(0.,-1.,0.));
#9756=DIRECTION('',(0.,-1.,0.));
#9757=DIRECTION('',(0.,-1.,0.));
#9758=DIRECTION('',(0.683734846158526,0.,-0.729730539410663));
#9759=DIRECTION('',(0.,-1.,0.));
#9760=DIRECTION('',(0.,-1.,0.));
#9761=DIRECTION('',(0.,0.,-1.));
#9762=DIRECTION('',(-0.554700196225231,0.,-0.832050294337843));
#9763=DIRECTION('',(-0.832050294337843,0.,0.554700196225231));
#9764=DIRECTION('',(0.,-1.,0.));
#9765=DIRECTION('',(0.832050294337843,0.,-0.554700196225231));
#9766=DIRECTION('',(0.,-1.,0.));
#9767=DIRECTION('',(0.700106717883571,0.,-0.714038222768427));
#9768=DIRECTION('',(0.,-1.,0.));
#9769=DIRECTION('',(0.,-1.,0.));
#9770=DIRECTION('',(0.,0.,-1.));
#9771=DIRECTION('',(0.,-1.,0.));
#9772=DIRECTION('',(0.,-1.,0.));
#9773=DIRECTION('',(0.,-1.,0.));
#9774=DIRECTION('',(0.,0.,1.));
#9775=DIRECTION('',(1.,0.,0.));
#9776=DIRECTION('',(0.,-1.,0.));
#9777=DIRECTION('',(-1.,0.,0.));
#9778=DIRECTION('',(0.,-1.,0.));
#9779=DIRECTION('',(0.999334689324694,0.,-0.0364716151591425));
#9780=DIRECTION('',(0.,-1.,0.));
#9781=DIRECTION('',(0.,-1.,0.));
#9782=DIRECTION('',(0.,0.,-1.));
#9783=DIRECTION('',(0.,-1.,0.));
#9784=DIRECTION('',(0.,-1.,0.));
#9785=DIRECTION('',(0.725683523606447,0.,0.688028650250941));
#9786=DIRECTION('',(0.,-1.,0.));
#9787=DIRECTION('',(0.,0.,-1.));
#9788=DIRECTION('',(0.,-1.,0.));
#9789=DIRECTION('',(1.,0.,0.));
#9790=DIRECTION('',(1.,0.,0.));
#9791=DIRECTION('',(0.,0.,-1.));
#9792=DIRECTION('',(0.,-1.,0.));
#9793=DIRECTION('',(0.,0.,1.));
#9794=DIRECTION('',(0.,-1.,0.));
#9795=DIRECTION('',(0.,0.,1.));
#9796=DIRECTION('',(1.,0.,0.));
#9797=DIRECTION('',(0.,-1.,0.));
#9798=DIRECTION('',(-1.,0.,0.));
#9799=DIRECTION('',(-1.,0.,0.));
#9800=DIRECTION('',(0.,0.,1.));
#9801=DIRECTION('',(0.,-1.,0.));
#9802=DIRECTION('',(0.,0.,-1.));
#9803=DIRECTION('',(0.,0.,1.));
#9804=DIRECTION('',(1.,0.,0.));
#9805=DIRECTION('',(0.,-1.,0.));
#9806=DIRECTION('',(-1.,0.,0.));
#9807=DIRECTION('',(1.,0.,0.));
#9808=DIRECTION('',(0.,0.,-1.));
#9809=DIRECTION('',(0.,-1.,0.));
#9810=DIRECTION('',(0.,0.,1.));
#9811=DIRECTION('',(0.,0.,1.));
#9812=DIRECTION('',(1.,0.,0.));
#9813=DIRECTION('',(0.,-1.,0.));
#9814=DIRECTION('',(-1.,0.,0.));
#9815=DIRECTION('',(-1.,0.,0.));
#9816=DIRECTION('',(0.,0.,1.));
#9817=DIRECTION('',(0.,-1.,0.));
#9818=DIRECTION('',(0.,0.,-1.));
#9819=DIRECTION('',(0.,0.,-1.));
#9820=DIRECTION('',(-1.,0.,0.));
#9821=DIRECTION('',(0.,-1.,0.));
#9822=DIRECTION('',(1.,0.,0.));
#9823=DIRECTION('',(1.,0.,0.));
#9824=DIRECTION('',(0.,0.,-1.));
#9825=DIRECTION('',(0.,-1.,0.));
#9826=DIRECTION('',(0.,0.,1.));
#9827=DIRECTION('',(0.,0.,-1.));
#9828=DIRECTION('',(-1.,0.,0.));
#9829=DIRECTION('',(0.,-1.,0.));
#9830=DIRECTION('',(1.,0.,0.));
#9831=DIRECTION('',(-1.,0.,0.));
#9832=DIRECTION('',(0.,0.,1.));
#9833=DIRECTION('',(0.,-1.,0.));
#9834=DIRECTION('',(0.,0.,-1.));
#9835=DIRECTION('',(0.,0.,-1.));
#9836=DIRECTION('',(-1.,0.,0.));
#9837=DIRECTION('',(1.,0.,0.));
#9838=DIRECTION('',(0.,-1.,0.));
#9839=DIRECTION('',(1.,0.,0.));
#9840=DIRECTION('',(0.,-1.,0.));
#9841=DIRECTION('',(1.,0.,0.));
#9842=DIRECTION('',(0.,-1.,0.));
#9843=DIRECTION('',(1.,0.,0.));
#9844=DIRECTION('',(0.,-1.,0.));
#9845=DIRECTION('',(1.,0.,0.));
#9846=DIRECTION('',(0.,-1.,0.));
#9847=DIRECTION('',(1.,0.,0.));
#9848=DIRECTION('',(0.,-1.,0.));
#9849=DIRECTION('',(1.,0.,0.));
#9850=DIRECTION('',(0.,-1.,0.));
#9851=DIRECTION('',(1.,0.,0.));
#9852=DIRECTION('',(0.,-1.,0.));
#9853=DIRECTION('',(1.,0.,0.));
#9854=CARTESIAN_POINT('',(0.,0.,0.));
#9855=CARTESIAN_POINT('',(0.,-0.0025,0.));
#9856=CARTESIAN_POINT('',(0.0185029119303282,-0.0025,0.0569022913324362));
#9857=CARTESIAN_POINT('',(0.0180079349488046,-0.0025,0.0569022913324362));
#9858=CARTESIAN_POINT('',(0.0189978889118518,-0.0025,0.0569022913324362));
#9859=CARTESIAN_POINT('',(0.0189978889118518,-0.0025,0.0534943463676933));
#9860=CARTESIAN_POINT('',(0.0189978889118518,-0.0025,0.0500864014029503));
#9861=CARTESIAN_POINT('',(0.0185029119303282,-0.0025,0.0500864014029503));
#9862=CARTESIAN_POINT('',(0.0180079349488046,-0.0025,0.0500864014029503));
#9863=CARTESIAN_POINT('',(0.0180079349488046,-0.0025,0.050589343531303));
#9864=CARTESIAN_POINT('',(0.0180076550668948,-0.0025,0.0510924855931267));
#9865=CARTESIAN_POINT('',(0.0155279590053683,-0.0025,0.0528638549573557));
#9866=CARTESIAN_POINT('',(0.0169737314614239,-0.0025,0.05018174338778));
#9867=CARTESIAN_POINT('',(0.0156651183608841,-0.0025,0.0526417850134071));
#9868=CARTESIAN_POINT('',(0.0156343211937282,-0.0025,0.0498542742667875));
#9869=CARTESIAN_POINT('',(0.0156343211937282,-0.0025,0.0498542742667875));
#9870=CARTESIAN_POINT('',(0.0146580217681023,-0.0025,0.0498542742667875));
#9871=CARTESIAN_POINT('',(0.0138865404037966,-0.0025,0.0503196664172315));
#9872=CARTESIAN_POINT('',(0.0138865404037966,-0.0025,0.0503196664172315));
#9873=CARTESIAN_POINT('',(0.0138865404037966,-0.0025,0.0503196664172315));
#9874=CARTESIAN_POINT('',(0.0131150590394908,-0.0025,0.0507850585676756));
#9875=CARTESIAN_POINT('',(0.0126781138420079,-0.0025,0.0516157095941405));
#9876=CARTESIAN_POINT('',(0.0126781138420079,-0.0025,0.0516157095941405));
#9877=CARTESIAN_POINT('',(0.0126781138420079,-0.0025,0.0516157095941405));
#9878=CARTESIAN_POINT('',(0.012241168644525,-0.0025,0.0524463606206053));
#9879=CARTESIAN_POINT('',(0.012241168644525,-0.0025,0.053509138783233));
#9880=CARTESIAN_POINT('',(0.012241168644525,-0.0025,0.053509138783233));
#9881=CARTESIAN_POINT('',(0.012241168644525,-0.0025,0.053509138783233));
#9882=CARTESIAN_POINT('',(0.012241168644525,-0.0025,0.0545582624084394));
#9883=CARTESIAN_POINT('',(0.0126701486951788,-0.0025,0.0553809482880752));
#9884=CARTESIAN_POINT('',(0.0126701486951788,-0.0025,0.0553809482880752));
#9885=CARTESIAN_POINT('',(0.0126701486951788,-0.0025,0.0553809482880752));
#9886=CARTESIAN_POINT('',(0.0130991287458326,-0.0025,0.0562036341677109));
#9887=CARTESIAN_POINT('',(0.0138637828414277,-0.0025,0.0566701641962734));
#9888=CARTESIAN_POINT('',(0.0138637828414277,-0.0025,0.0566701641962734));
#9889=CARTESIAN_POINT('',(0.0138637828414277,-0.0025,0.0566701641962734));
#9890=CARTESIAN_POINT('',(0.0146284369370227,-0.0025,0.0571366942248359));
#9891=CARTESIAN_POINT('',(0.0156047363626486,-0.0025,0.0571366942248359));
#9892=CARTESIAN_POINT('',(0.0156047363626486,-0.0025,0.0571366942248359));
#9893=CARTESIAN_POINT('',(0.0156047363626486,-0.0025,0.0571366942248359));
#9894=CARTESIAN_POINT('',(0.0163466328958748,-0.0025,0.0571366942248359));
#9895=CARTESIAN_POINT('',(0.0169656385923089,-0.0025,0.0568089853267237));
#9896=CARTESIAN_POINT('',(0.0169656385923089,-0.0025,0.0568089853267237));
#9897=CARTESIAN_POINT('',(0.0155712246253283,-0.0025,0.0541945608420849));
#9898=CARTESIAN_POINT('',(0.0180075843170504,-0.0025,0.0558825096150492));
#9899=CARTESIAN_POINT('',(0.0180079349488046,-0.0025,0.0563925219353728));
#9900=CARTESIAN_POINT('',(-0.00346610090249063,-0.0025,0.0503196664172315));
#9901=CARTESIAN_POINT('',(-0.00423075499808571,-0.0025,0.0498542742667875));
#9902=CARTESIAN_POINT('',(-0.00520705442371158,-0.0025,0.0498542742667875));
#9903=CARTESIAN_POINT('',(-0.00346610090249063,-0.0025,0.0503196664172315));
#9904=CARTESIAN_POINT('',(-0.00520705442371158,-0.0025,0.0498542742667875));
#9905=CARTESIAN_POINT('',(-0.00520705442371158,-0.0025,0.0498542742667875));
#9906=CARTESIAN_POINT('',(-0.00618335384933744,-0.0025,0.0498542742667875));
#9907=CARTESIAN_POINT('',(-0.00695483521364319,-0.0025,0.0503196664172315));
#9908=CARTESIAN_POINT('',(-0.00695483521364319,-0.0025,0.0503196664172315));
#9909=CARTESIAN_POINT('',(-0.00695483521364319,-0.0025,0.0503196664172315));
#9910=CARTESIAN_POINT('',(-0.00772631657794894,-0.0025,0.0507850585676756));
#9911=CARTESIAN_POINT('',(-0.00816326177543184,-0.0025,0.0516225368628511));
#9912=CARTESIAN_POINT('',(-0.00816326177543184,-0.0025,0.0516225368628511));
#9913=CARTESIAN_POINT('',(-0.00816326177543184,-0.0025,0.0516225368628511));
#9914=CARTESIAN_POINT('',(-0.00860020697291475,-0.0025,0.0524600151580267));
#9915=CARTESIAN_POINT('',(-0.00860020697291475,-0.0025,0.053509138783233));
#9916=CARTESIAN_POINT('',(-0.00860020697291475,-0.0025,0.053509138783233));
#9917=CARTESIAN_POINT('',(-0.00860020697291475,-0.0025,0.053509138783233));
#9918=CARTESIAN_POINT('',(-0.00860020697291475,-0.0025,0.0545582624084394));
#9919=CARTESIAN_POINT('',(-0.00817122692226096,-0.0025,0.0553809482880752));
#9920=CARTESIAN_POINT('',(-0.00817122692226096,-0.0025,0.0553809482880752));
#9921=CARTESIAN_POINT('',(-0.00817122692226096,-0.0025,0.0553809482880752));
#9922=CARTESIAN_POINT('',(-0.00774224687160717,-0.0025,0.0562036341677109));
#9923=CARTESIAN_POINT('',(-0.00697759277601209,-0.0025,0.0566701641962734));
#9924=CARTESIAN_POINT('',(-0.00697759277601209,-0.0025,0.0566701641962734));
#9925=CARTESIAN_POINT('',(-0.00697759277601209,-0.0025,0.0566701641962734));
#9926=CARTESIAN_POINT('',(-0.00621293868041701,-0.0025,0.0571366942248359));
#9927=CARTESIAN_POINT('',(-0.00523663925479114,-0.0025,0.0571366942248359));
#9928=CARTESIAN_POINT('',(-0.00523663925479114,-0.0025,0.0571366942248359));
#9929=CARTESIAN_POINT('',(-0.00523663925479114,-0.0025,0.0571366942248359));
#9930=CARTESIAN_POINT('',(-0.00426033982916528,-0.0025,0.0571366942248359));
#9931=CARTESIAN_POINT('',(-0.00348885846485953,-0.0025,0.0566701641962734));
#9932=CARTESIAN_POINT('',(-0.00348885846485953,-0.0025,0.0566701641962734));
#9933=CARTESIAN_POINT('',(-0.00348885846485953,-0.0025,0.0566701641962734));
#9934=CARTESIAN_POINT('',(-0.00271737710055377,-0.0025,0.0562036341677109));
#9935=CARTESIAN_POINT('',(-0.00228043190307088,-0.0025,0.055372983141246));
#9936=CARTESIAN_POINT('',(-0.00228043190307088,-0.0025,0.055372983141246));
#9937=CARTESIAN_POINT('',(-0.00228043190307088,-0.0025,0.055372983141246));
#9938=CARTESIAN_POINT('',(-0.00184348670558797,-0.0025,0.0545423321147812));
#9939=CARTESIAN_POINT('',(-0.00184348670558797,-0.0025,0.0534954842458117));
#9940=CARTESIAN_POINT('',(-0.00184348670558797,-0.0025,0.0534954842458117));
#9941=CARTESIAN_POINT('',(-0.00184348670558797,-0.0025,0.0534954842458117));
#9942=CARTESIAN_POINT('',(-0.00184348670558797,-0.0025,0.0524463606206053));
#9943=CARTESIAN_POINT('',(-0.00227246675624176,-0.0025,0.0516157095941405));
#9944=CARTESIAN_POINT('',(-0.00227246675624176,-0.0025,0.0516157095941405));
#9945=CARTESIAN_POINT('',(-0.00227246675624176,-0.0025,0.0516157095941405));
#9946=CARTESIAN_POINT('',(-0.00270144680689554,-0.0025,0.0507850585676756));
#9947=CARTESIAN_POINT('',(-0.00346610090249063,-0.0025,0.0503196664172315));
#9948=CARTESIAN_POINT('',(-0.0315705525499652,-0.0025,0.0518410094615926));
#9949=CARTESIAN_POINT('',(-0.0326777079592123,-0.0025,0.0535956175202349));
#9950=CARTESIAN_POINT('',(-0.0304633971407182,-0.0025,0.0500864014029503));
#9951=CARTESIAN_POINT('',(-0.0310311983218222,-0.0025,0.0500864014029503));
#9952=CARTESIAN_POINT('',(-0.0315989995029263,-0.0025,0.0500864014029503));
#9953=CARTESIAN_POINT('',(-0.032487682313432,-0.0025,0.0515064732947697));
#9954=CARTESIAN_POINT('',(-0.0333763651239376,-0.0025,0.0529265451865892));
#9955=CARTESIAN_POINT('',(-0.0342650479344431,-0.0025,0.0515064732947697));
#9956=CARTESIAN_POINT('',(-0.0351537307449487,-0.0025,0.0500864014029503));
#9957=CARTESIAN_POINT('',(-0.035706739510513,-0.0025,0.0500864014029503));
#9958=CARTESIAN_POINT('',(-0.0362597482760773,-0.0025,0.0500864014029503));
#9959=CARTESIAN_POINT('',(-0.03516738528237,-0.0025,0.0518341821928819));
#9960=CARTESIAN_POINT('',(-0.0340750222886628,-0.0025,0.0535819629828135));
#9961=CARTESIAN_POINT('',(-0.0351025262296187,-0.0025,0.0552421271576249));
#9962=CARTESIAN_POINT('',(-0.0361300301705746,-0.0025,0.0569022913324362));
#9963=CARTESIAN_POINT('',(-0.0355690562581811,-0.0025,0.0569022913324362));
#9964=CARTESIAN_POINT('',(-0.0350080823457877,-0.0025,0.0569022913324362));
#9965=CARTESIAN_POINT('',(-0.034185396466152,-0.0025,0.0555630087870264));
#9966=CARTESIAN_POINT('',(-0.0333627105865162,-0.0025,0.0542237262416165));
#9967=CARTESIAN_POINT('',(-0.0324956474602611,-0.0025,0.0555630087870264));
#9968=CARTESIAN_POINT('',(-0.0316285843340059,-0.0025,0.0569022913324362));
#9969=CARTESIAN_POINT('',(-0.0310824028371523,-0.0025,0.0569022913324362));
#9970=CARTESIAN_POINT('',(-0.0305362213402986,-0.0025,0.0569022913324362));
#9971=CARTESIAN_POINT('',(-0.0316069646497555,-0.0025,0.0552489544263355));
#9972=CARTESIAN_POINT('',(-0.0111297100302181,-0.0025,0.0567134035647743));
#9973=CARTESIAN_POINT('',(-0.0105254967493238,-0.0025,0.0571366942248359));
#9974=CARTESIAN_POINT('',(-0.00976766992243938,-0.0025,0.0571366942248359));
#9975=CARTESIAN_POINT('',(-0.0111297100302181,-0.0025,0.0567134035647743));
#9976=CARTESIAN_POINT('',(-0.00976766992243938,-0.0025,0.0571366942248359));
#9977=CARTESIAN_POINT('',(-0.009757738554449,-0.0025,0.0549423059960696));
#9978=CARTESIAN_POINT('',(-0.00909632183255679,-0.0025,0.0570344494429412));
#9979=CARTESIAN_POINT('',(-0.00909632183255679,-0.0025,0.0565825475811531));
#9980=CARTESIAN_POINT('',(-0.00909632183255679,-0.0025,0.0561312442498137));
#9981=CARTESIAN_POINT('',(-0.0097496998827892,-0.0025,0.0547293318838097));
#9982=CARTESIAN_POINT('',(-0.0097676662956563,-0.0025,0.0562762496701375));
#9983=CARTESIAN_POINT('',(-0.00977139812657792,-0.0025,0.0541761471610996));
#9984=CARTESIAN_POINT('',(-0.0109328571157271,-0.0025,0.0559271297849288));
#9985=CARTESIAN_POINT('',(-0.0109328571157271,-0.0025,0.0559271297849288));
#9986=CARTESIAN_POINT('',(-0.0114722113438701,-0.0025,0.0555778012025662));
#9987=CARTESIAN_POINT('',(-0.0117999202419823,-0.0025,0.0549144182595127));
#9988=CARTESIAN_POINT('',(-0.0117999202419823,-0.0025,0.0549144182595127));
#9989=CARTESIAN_POINT('',(-0.0117999202419823,-0.0025,0.0549144182595127));
#9990=CARTESIAN_POINT('',(-0.0121276291400944,-0.0025,0.0542510353164592));
#9991=CARTESIAN_POINT('',(-0.0121276291400944,-0.0025,0.0533498358466507));
#9992=CARTESIAN_POINT('',(-0.0121276291400944,-0.0025,0.0533498358466507));
#9993=CARTESIAN_POINT('',(-0.0121276291400944,-0.0025,0.0517181186248005));
#9994=CARTESIAN_POINT('',(-0.0121276291400944,-0.0025,0.0500864014029503));
#9995=CARTESIAN_POINT('',(-0.012622606121618,-0.0025,0.0500864014029503));
#9996=CARTESIAN_POINT('',(-0.0131175831031416,-0.0025,0.0500864014029503));
#9997=CARTESIAN_POINT('',(-0.0131175831031416,-0.0025,0.0534943463676933));
#9998=CARTESIAN_POINT('',(-0.0131175831031416,-0.0025,0.0569022913324362));
#9999=CARTESIAN_POINT('',(-0.012622606121618,-0.0025,0.0569022913324362));
#10000=CARTESIAN_POINT('',(-0.0121276291400944,-0.0025,0.0569022913324362));
#10001=CARTESIAN_POINT('',(-0.0121276291400944,-0.0025,0.0562184265832507));
#10002=CARTESIAN_POINT('',(-0.0121276291400944,-0.0025,0.0555345618340652));
#10003=CARTESIAN_POINT('',(-0.0121276291400944,-0.0025,0.0555345618340652));
#10004=CARTESIAN_POINT('',(-0.0117339233111124,-0.0025,0.0562901129047128));
#10005=CARTESIAN_POINT('',(-0.0111297100302181,-0.0025,0.0567134035647743));
#10006=CARTESIAN_POINT('',(0.00971166558722164,-0.0025,0.0567134035647743));
#10007=CARTESIAN_POINT('',(0.010315878868116,-0.0025,0.0571366942248359));
#10008=CARTESIAN_POINT('',(0.0110737056950004,-0.0025,0.0571366942248359));
#10009=CARTESIAN_POINT('',(0.00971166558722164,-0.0025,0.0567134035647743));
#10010=CARTESIAN_POINT('',(0.0110737056950004,-0.0025,0.0571366942248359));
#10011=CARTESIAN_POINT('',(0.0110836370629907,-0.0025,0.0549423059960693));
#10012=CARTESIAN_POINT('',(0.011745053784883,-0.0025,0.0570344494429412));
#10013=CARTESIAN_POINT('',(0.011745053784883,-0.0025,0.0565825475811531));
#10014=CARTESIAN_POINT('',(0.011745053784883,-0.0025,0.0561312442498137));
#10015=CARTESIAN_POINT('',(0.0110916757346506,-0.0025,0.0547293318838098));
#10016=CARTESIAN_POINT('',(0.0110737093217835,-0.0025,0.0562762496701375));
#10017=CARTESIAN_POINT('',(0.0110699774908618,-0.0025,0.0541761471610996));
#10018=CARTESIAN_POINT('',(0.00990851850171263,-0.0025,0.0559271297849288));
#10019=CARTESIAN_POINT('',(0.00990851850171263,-0.0025,0.0559271297849288));
#10020=CARTESIAN_POINT('',(0.00936916427356967,-0.0025,0.0555778012025662));
#10021=CARTESIAN_POINT('',(0.00904145537545749,-0.0025,0.0549144182595127));
#10022=CARTESIAN_POINT('',(0.00904145537545749,-0.0025,0.0549144182595127));
#10023=CARTESIAN_POINT('',(0.00904145537545749,-0.0025,0.0549144182595127));
#10024=CARTESIAN_POINT('',(0.00871374647734531,-0.0025,0.0542510353164592));
#10025=CARTESIAN_POINT('',(0.00871374647734531,-0.0025,0.0533498358466507));
#10026=CARTESIAN_POINT('',(0.00871374647734531,-0.0025,0.0533498358466507));
#10027=CARTESIAN_POINT('',(0.00871374647734531,-0.0025,0.0517181186248005));
#10028=CARTESIAN_POINT('',(0.00871374647734531,-0.0025,0.0500864014029503));
#10029=CARTESIAN_POINT('',(0.00821876949582171,-0.0025,0.0500864014029503));
#10030=CARTESIAN_POINT('',(0.00772379251429811,-0.0025,0.0500864014029503));
#10031=CARTESIAN_POINT('',(0.00772379251429811,-0.0025,0.0534943463676933));
#10032=CARTESIAN_POINT('',(0.00772379251429811,-0.0025,0.0569022913324362));
#10033=CARTESIAN_POINT('',(0.00821876949582171,-0.0025,0.0569022913324362));
#10034=CARTESIAN_POINT('',(0.00871374647734531,-0.0025,0.0569022913324362));
#10035=CARTESIAN_POINT('',(0.00871374647734531,-0.0025,0.0562184265832507));
#10036=CARTESIAN_POINT('',(0.00871374647734531,-0.0025,0.0555345618340652));
#10037=CARTESIAN_POINT('',(0.00871374647734531,-0.0025,0.0555345618340652));
#10038=CARTESIAN_POINT('',(0.00910745230632731,-0.0025,0.0562901129047128));
#10039=CARTESIAN_POINT('',(0.00971166558722164,-0.0025,0.0567134035647743));
#10040=CARTESIAN_POINT('',(0.0268037328043849,-0.0025,0.0567281959803141));
#10041=CARTESIAN_POINT('',(0.0273567415699492,-0.0025,0.0571366942248359));
#10042=CARTESIAN_POINT('',(0.0280849835657541,-0.0025,0.0571366942248359));
#10043=CARTESIAN_POINT('',(0.0268037328043849,-0.0025,0.0567281959803141));
#10044=CARTESIAN_POINT('',(0.0280849835657541,-0.0025,0.0571366942248359));
#10045=CARTESIAN_POINT('',(0.0280849835657541,-0.0025,0.0571366942248359));
#10046=CARTESIAN_POINT('',(0.0290316981603004,-0.0025,0.0571366942248359));
#10047=CARTESIAN_POINT('',(0.0296586690035636,-0.0025,0.0564733112817824));
#10048=CARTESIAN_POINT('',(0.0296586690035636,-0.0025,0.0564733112817824));
#10049=CARTESIAN_POINT('',(0.0296586690035636,-0.0025,0.0564733112817824));
#10050=CARTESIAN_POINT('',(0.0302856398468268,-0.0025,0.055809928338729));
#10051=CARTESIAN_POINT('',(0.0302856398468268,-0.0025,0.0546447411454412));
#10052=CARTESIAN_POINT('',(0.0302856398468268,-0.0025,0.0546447411454412));
#10053=CARTESIAN_POINT('',(0.0302856398468268,-0.0025,0.0523655712741958));
#10054=CARTESIAN_POINT('',(0.0302856398468268,-0.0025,0.0500864014029503));
#10055=CARTESIAN_POINT('',(0.0297906628653032,-0.0025,0.0500864014029503));
#10056=CARTESIAN_POINT('',(0.0292956858837796,-0.0025,0.0500864014029503));
#10057=CARTESIAN_POINT('',(0.0292956858837796,-0.0025,0.0521470986754543));
#10058=CARTESIAN_POINT('',(0.0292956858837796,-0.0025,0.0542077959479583));
#10059=CARTESIAN_POINT('',(0.0292956858837796,-0.0025,0.0542077959479583));
#10060=CARTESIAN_POINT('',(0.0292956858837796,-0.0025,0.0552865044042442));
#10061=CARTESIAN_POINT('',(0.0288871876392578,-0.0025,0.0557598617015174));
#10062=CARTESIAN_POINT('',(0.0288871876392578,-0.0025,0.0557598617015174));
#10063=CARTESIAN_POINT('',(0.0288871876392578,-0.0025,0.0557598617015174));
#10064=CARTESIAN_POINT('',(0.028478689394736,-0.0025,0.0562332189987905));
#10065=CARTESIAN_POINT('',(0.0278232715985117,-0.0025,0.0562332189987905));
#10066=CARTESIAN_POINT('',(0.0278232715985117,-0.0025,0.0562332189987905));
#10067=CARTESIAN_POINT('',(0.0278232715985117,-0.0025,0.0562332189987905));
#10068=CARTESIAN_POINT('',(0.0270222054031263,-0.0025,0.0562332189987905));
#10069=CARTESIAN_POINT('',(0.0265784329369328,-0.0025,0.0556142133023564));
#10070=CARTESIAN_POINT('',(0.0265784329369328,-0.0025,0.0556142133023564));
#10071=CARTESIAN_POINT('',(0.0265784329369328,-0.0025,0.0556142133023564));
#10072=CARTESIAN_POINT('',(0.0261346604707392,-0.0025,0.0549952076059223));
#10073=CARTESIAN_POINT('',(0.0260618362711587,-0.0025,0.0539324294432946));
#10074=CARTESIAN_POINT('',(0.0260618362711587,-0.0025,0.0539324294432946));
#10075=CARTESIAN_POINT('',(0.0260618362711587,-0.0025,0.0520094154231224));
#10076=CARTESIAN_POINT('',(0.0260618362711587,-0.0025,0.0500864014029503));
#10077=CARTESIAN_POINT('',(0.0255668592896352,-0.0025,0.0500864014029503));
#10078=CARTESIAN_POINT('',(0.0250718823081116,-0.0025,0.0500864014029503));
#10079=CARTESIAN_POINT('',(0.0250718823081116,-0.0025,0.0521470986754543));
#10080=CARTESIAN_POINT('',(0.0250718823081116,-0.0025,0.0542077959479583));
#10081=CARTESIAN_POINT('',(0.0250718823081116,-0.0025,0.0542077959479583));
#10082=CARTESIAN_POINT('',(0.0250718823081116,-0.0025,0.0552865044042442));
#10083=CARTESIAN_POINT('',(0.0246633840635898,-0.0025,0.0557598617015174));
#10084=CARTESIAN_POINT('',(0.0246633840635898,-0.0025,0.0557598617015174));
#10085=CARTESIAN_POINT('',(0.0246633840635898,-0.0025,0.0557598617015174));
#10086=CARTESIAN_POINT('',(0.0242548858190679,-0.0025,0.0562332189987905));
#10087=CARTESIAN_POINT('',(0.0235994680228436,-0.0025,0.0562332189987905));
#10088=CARTESIAN_POINT('',(0.0235994680228436,-0.0025,0.0562332189987905));
#10089=CARTESIAN_POINT('',(0.0235994680228436,-0.0025,0.0562332189987905));
#10090=CARTESIAN_POINT('',(0.0227119230904564,-0.0025,0.0562332189987905));
#10091=CARTESIAN_POINT('',(0.0222670127461445,-0.0025,0.0554901845874459));
#10092=CARTESIAN_POINT('',(0.0222670127461445,-0.0025,0.0554901845874459));
#10093=CARTESIAN_POINT('',(0.0222670127461445,-0.0025,0.0554901845874459));
#10094=CARTESIAN_POINT('',(0.0218221024018325,-0.0025,0.0547471501761013));
#10095=CARTESIAN_POINT('',(0.0218221024018325,-0.0025,0.0534954842458117));
#10096=CARTESIAN_POINT('',(0.0218221024018325,-0.0025,0.0534954842458117));
#10097=CARTESIAN_POINT('',(0.0218221024018325,-0.0025,0.051790942824381));
#10098=CARTESIAN_POINT('',(0.0218221024018325,-0.0025,0.0500864014029503));
#10099=CARTESIAN_POINT('',(0.0213271254203088,-0.0025,0.0500864014029503));
#10100=CARTESIAN_POINT('',(0.0208321484387852,-0.0025,0.0500864014029503));
#10101=CARTESIAN_POINT('',(0.0208321484387852,-0.0025,0.0534943463676933));
#10102=CARTESIAN_POINT('',(0.0208321484387852,-0.0025,0.0569022913324362));
#10103=CARTESIAN_POINT('',(0.0213271254203088,-0.0025,0.0569022913324362));
#10104=CARTESIAN_POINT('',(0.0218221024018325,-0.0025,0.0569022913324362));
#10105=CARTESIAN_POINT('',(0.0218221024018325,-0.0025,0.0563709022511224));
#10106=CARTESIAN_POINT('',(0.0218221024018325,-0.0025,0.0558395131698085));
#10107=CARTESIAN_POINT('',(0.0218221024018325,-0.0025,0.0558395131698085));
#10108=CARTESIAN_POINT('',(0.0221589143248921,-0.0025,0.0564653461349533));
#10109=CARTESIAN_POINT('',(0.0226755109906662,-0.0025,0.0568010201798946));
#10110=CARTESIAN_POINT('',(0.0226755109906662,-0.0025,0.0568010201798946));
#10111=CARTESIAN_POINT('',(0.0226755109906662,-0.0025,0.0568010201798946));
#10112=CARTESIAN_POINT('',(0.0231921076564403,-0.0025,0.0571366942248359));
#10113=CARTESIAN_POINT('',(0.023861179990086,-0.0025,0.0571366942248359));
#10114=CARTESIAN_POINT('',(0.023861179990086,-0.0025,0.0571366942248359));
#10115=CARTESIAN_POINT('',(0.023861179990086,-0.0025,0.0571366942248359));
#10116=CARTESIAN_POINT('',(0.0246053522795491,-0.0025,0.0571366942248359));
#10117=CARTESIAN_POINT('',(0.0251583610451134,-0.0025,0.0567361611271432));
#10118=CARTESIAN_POINT('',(0.0251583610451134,-0.0025,0.0567361611271432));
#10119=CARTESIAN_POINT('',(0.0251583610451134,-0.0025,0.0567361611271432));
#10120=CARTESIAN_POINT('',(0.0257113698106777,-0.0025,0.0563356280294506));
#10121=CARTESIAN_POINT('',(0.0259298424094191,-0.0025,0.0555914557399875));
#10122=CARTESIAN_POINT('',(0.0259298424094191,-0.0025,0.0555914557399875));
#10123=CARTESIAN_POINT('',(0.0259298424094191,-0.0025,0.0555914557399875));
#10124=CARTESIAN_POINT('',(0.0262507240388206,-0.0025,0.0563196977357923));
#10125=CARTESIAN_POINT('',(0.0268037328043849,-0.0025,0.0567281959803141));
#10126=CARTESIAN_POINT('',(0.0380186595397795,-0.0025,0.0567281959803141));
#10127=CARTESIAN_POINT('',(0.0385716683053438,-0.0025,0.0571366942248359));
#10128=CARTESIAN_POINT('',(0.0392999103011486,-0.0025,0.0571366942248359));
#10129=CARTESIAN_POINT('',(0.0380186595397795,-0.0025,0.0567281959803141));
#10130=CARTESIAN_POINT('',(0.0392999103011486,-0.0025,0.0571366942248359));
#10131=CARTESIAN_POINT('',(0.0392999103011486,-0.0025,0.0571366942248359));
#10132=CARTESIAN_POINT('',(0.0402466248956949,-0.0025,0.0571366942248359));
#10133=CARTESIAN_POINT('',(0.0408735957389581,-0.0025,0.0564733112817824));
#10134=CARTESIAN_POINT('',(0.0408735957389581,-0.0025,0.0564733112817824));
#10135=CARTESIAN_POINT('',(0.0408735957389581,-0.0025,0.0564733112817824));
#10136=CARTESIAN_POINT('',(0.0415005665822214,-0.0025,0.055809928338729));
#10137=CARTESIAN_POINT('',(0.0415005665822214,-0.0025,0.0546447411454412));
#10138=CARTESIAN_POINT('',(0.0415005665822214,-0.0025,0.0546447411454412));
#10139=CARTESIAN_POINT('',(0.0415005665822214,-0.0025,0.0523655712741958));
#10140=CARTESIAN_POINT('',(0.0415005665822214,-0.0025,0.0500864014029503));
#10141=CARTESIAN_POINT('',(0.0410055896006978,-0.0025,0.0500864014029503));
#10142=CARTESIAN_POINT('',(0.0405106126191742,-0.0025,0.0500864014029503));
#10143=CARTESIAN_POINT('',(0.0405106126191742,-0.0025,0.0521470986754543));
#10144=CARTESIAN_POINT('',(0.0405106126191742,-0.0025,0.0542077959479583));
#10145=CARTESIAN_POINT('',(0.0405106126191742,-0.0025,0.0542077959479583));
#10146=CARTESIAN_POINT('',(0.0405106126191742,-0.0025,0.0552865044042442));
#10147=CARTESIAN_POINT('',(0.0401021143746523,-0.0025,0.0557598617015174));
#10148=CARTESIAN_POINT('',(0.0401021143746523,-0.0025,0.0557598617015174));
#10149=CARTESIAN_POINT('',(0.0401021143746523,-0.0025,0.0557598617015174));
#10150=CARTESIAN_POINT('',(0.0396936161301306,-0.0025,0.0562332189987905));
#10151=CARTESIAN_POINT('',(0.0390381983339062,-0.0025,0.0562332189987905));
#10152=CARTESIAN_POINT('',(0.0390381983339062,-0.0025,0.0562332189987905));
#10153=CARTESIAN_POINT('',(0.0390381983339062,-0.0025,0.0562332189987905));
#10154=CARTESIAN_POINT('',(0.0382371321385209,-0.0025,0.0562332189987905));
#10155=CARTESIAN_POINT('',(0.0377933596723273,-0.0025,0.0556142133023564));
#10156=CARTESIAN_POINT('',(0.0377933596723273,-0.0025,0.0556142133023564));
#10157=CARTESIAN_POINT('',(0.0377933596723273,-0.0025,0.0556142133023564));
#10158=CARTESIAN_POINT('',(0.0373495872061338,-0.0025,0.0549952076059223));
#10159=CARTESIAN_POINT('',(0.0372767630065532,-0.0025,0.0539324294432946));
#10160=CARTESIAN_POINT('',(0.0372767630065532,-0.0025,0.0539324294432946));
#10161=CARTESIAN_POINT('',(0.0372767630065532,-0.0025,0.0520094154231224));
#10162=CARTESIAN_POINT('',(0.0372767630065532,-0.0025,0.0500864014029503));
#10163=CARTESIAN_POINT('',(0.0367817860250296,-0.0025,0.0500864014029503));
#10164=CARTESIAN_POINT('',(0.0362868090435061,-0.0025,0.0500864014029503));
#10165=CARTESIAN_POINT('',(0.0362868090435061,-0.0025,0.0521470986754543));
#10166=CARTESIAN_POINT('',(0.0362868090435061,-0.0025,0.0542077959479583));
#10167=CARTESIAN_POINT('',(0.0362868090435061,-0.0025,0.0542077959479583));
#10168=CARTESIAN_POINT('',(0.0362868090435061,-0.0025,0.0552865044042442));
#10169=CARTESIAN_POINT('',(0.0358783107989843,-0.0025,0.0557598617015174));
#10170=CARTESIAN_POINT('',(0.0358783107989843,-0.0025,0.0557598617015174));
#10171=CARTESIAN_POINT('',(0.0358783107989843,-0.0025,0.0557598617015174));
#10172=CARTESIAN_POINT('',(0.0354698125544625,-0.0025,0.0562332189987905));
#10173=CARTESIAN_POINT('',(0.0348143947582382,-0.0025,0.0562332189987905));
#10174=CARTESIAN_POINT('',(0.0348143947582382,-0.0025,0.0562332189987905));
#10175=CARTESIAN_POINT('',(0.0348143947582382,-0.0025,0.0562332189987905));
#10176=CARTESIAN_POINT('',(0.033926849825851,-0.0025,0.0562332189987905));
#10177=CARTESIAN_POINT('',(0.033481939481539,-0.0025,0.0554901845874459));
#10178=CARTESIAN_POINT('',(0.033481939481539,-0.0025,0.0554901845874459));
#10179=CARTESIAN_POINT('',(0.033481939481539,-0.0025,0.0554901845874459));
#10180=CARTESIAN_POINT('',(0.0330370291372269,-0.0025,0.0547471501761013));
#10181=CARTESIAN_POINT('',(0.0330370291372269,-0.0025,0.0534954842458117));
#10182=CARTESIAN_POINT('',(0.0330370291372269,-0.0025,0.0534954842458117));
#10183=CARTESIAN_POINT('',(0.0330370291372269,-0.0025,0.051790942824381));
#10184=CARTESIAN_POINT('',(0.0330370291372269,-0.0025,0.0500864014029503));
#10185=CARTESIAN_POINT('',(0.0325420521557034,-0.0025,0.0500864014029503));
#10186=CARTESIAN_POINT('',(0.0320470751741798,-0.0025,0.0500864014029503));
#10187=CARTESIAN_POINT('',(0.0320470751741798,-0.0025,0.0534943463676933));
#10188=CARTESIAN_POINT('',(0.0320470751741798,-0.0025,0.0569022913324362));
#10189=CARTESIAN_POINT('',(0.0325420521557034,-0.0025,0.0569022913324362));
#10190=CARTESIAN_POINT('',(0.0330370291372269,-0.0025,0.0569022913324362));
#10191=CARTESIAN_POINT('',(0.0330370291372269,-0.0025,0.0563709022511224));
#10192=CARTESIAN_POINT('',(0.0330370291372269,-0.0025,0.0558395131698085));
#10193=CARTESIAN_POINT('',(0.0330370291372269,-0.0025,0.0558395131698085));
#10194=CARTESIAN_POINT('',(0.0333738410602867,-0.0025,0.0564653461349533));
#10195=CARTESIAN_POINT('',(0.0338904377260607,-0.0025,0.0568010201798946));
#10196=CARTESIAN_POINT('',(0.0338904377260607,-0.0025,0.0568010201798946));
#10197=CARTESIAN_POINT('',(0.0338904377260607,-0.0025,0.0568010201798946));
#10198=CARTESIAN_POINT('',(0.0344070343918348,-0.0025,0.0571366942248359));
#10199=CARTESIAN_POINT('',(0.0350761067254805,-0.0025,0.0571366942248359));
#10200=CARTESIAN_POINT('',(0.0350761067254805,-0.0025,0.0571366942248359));
#10201=CARTESIAN_POINT('',(0.0350761067254805,-0.0025,0.0571366942248359));
#10202=CARTESIAN_POINT('',(0.0358202790149436,-0.0025,0.0571366942248359));
#10203=CARTESIAN_POINT('',(0.0363732877805079,-0.0025,0.0567361611271432));
#10204=CARTESIAN_POINT('',(0.0363732877805079,-0.0025,0.0567361611271432));
#10205=CARTESIAN_POINT('',(0.0363732877805079,-0.0025,0.0567361611271432));
#10206=CARTESIAN_POINT('',(0.0369262965460722,-0.0025,0.0563356280294506));
#10207=CARTESIAN_POINT('',(0.0371447691448137,-0.0025,0.0555914557399875));
#10208=CARTESIAN_POINT('',(0.0371447691448137,-0.0025,0.0555914557399875));
#10209=CARTESIAN_POINT('',(0.0371447691448137,-0.0025,0.0555914557399875));
#10210=CARTESIAN_POINT('',(0.0374656507742151,-0.0025,0.0563196977357923));
#10211=CARTESIAN_POINT('',(0.0380186595397795,-0.0025,0.0567281959803141));
#10212=CARTESIAN_POINT('',(0.0528964159384486,-0.0025,0.0567134035647743));
#10213=CARTESIAN_POINT('',(0.053500629219343,-0.0025,0.0571366942248359));
#10214=CARTESIAN_POINT('',(0.0542584560462274,-0.0025,0.0571366942248359));
#10215=CARTESIAN_POINT('',(0.0528964159384486,-0.0025,0.0567134035647743));
#10216=CARTESIAN_POINT('',(0.0542584560462274,-0.0025,0.0571366942248359));
#10217=CARTESIAN_POINT('',(0.0542683874142177,-0.0025,0.054942305996069));
#10218=CARTESIAN_POINT('',(0.05492980413611,-0.0025,0.0570344494429412));
#10219=CARTESIAN_POINT('',(0.05492980413611,-0.0025,0.0565825475811531));
#10220=CARTESIAN_POINT('',(0.05492980413611,-0.0025,0.0561312442498137));
#10221=CARTESIAN_POINT('',(0.0542764260858775,-0.0025,0.0547293318838095));
#10222=CARTESIAN_POINT('',(0.0542584596730105,-0.0025,0.0562762496701375));
#10223=CARTESIAN_POINT('',(0.0542547278420889,-0.0025,0.0541761471610994));
#10224=CARTESIAN_POINT('',(0.0530932688529396,-0.0025,0.0559271297849288));
#10225=CARTESIAN_POINT('',(0.0530932688529396,-0.0025,0.0559271297849288));
#10226=CARTESIAN_POINT('',(0.0525539146247967,-0.0025,0.0555778012025662));
#10227=CARTESIAN_POINT('',(0.0522262057266845,-0.0025,0.0549144182595127));
#10228=CARTESIAN_POINT('',(0.0522262057266845,-0.0025,0.0549144182595127));
#10229=CARTESIAN_POINT('',(0.0522262057266845,-0.0025,0.0549144182595127));
#10230=CARTESIAN_POINT('',(0.0518984968285723,-0.0025,0.0542510353164592));
#10231=CARTESIAN_POINT('',(0.0518984968285723,-0.0025,0.0533498358466507));
#10232=CARTESIAN_POINT('',(0.0518984968285723,-0.0025,0.0533498358466507));
#10233=CARTESIAN_POINT('',(0.0518984968285723,-0.0025,0.0517181186248005));
#10234=CARTESIAN_POINT('',(0.0518984968285723,-0.0025,0.0500864014029503));
#10235=CARTESIAN_POINT('',(0.0514035198470487,-0.0025,0.0500864014029503));
#10236=CARTESIAN_POINT('',(0.0509085428655251,-0.0025,0.0500864014029503));
#10237=CARTESIAN_POINT('',(0.0509085428655251,-0.0025,0.0534943463676933));
#10238=CARTESIAN_POINT('',(0.0509085428655251,-0.0025,0.0569022913324362));
#10239=CARTESIAN_POINT('',(0.0514035198470487,-0.0025,0.0569022913324362));
#10240=CARTESIAN_POINT('',(0.0518984968285723,-0.0025,0.0569022913324362));
#10241=CARTESIAN_POINT('',(0.0518984968285723,-0.0025,0.0562184265832507));
#10242=CARTESIAN_POINT('',(0.0518984968285723,-0.0025,0.0555345618340652));
#10243=CARTESIAN_POINT('',(0.0518984968285723,-0.0025,0.0555345618340652));
#10244=CARTESIAN_POINT('',(0.0522922026575543,-0.0025,0.0562901129047128));
#10245=CARTESIAN_POINT('',(0.0528964159384486,-0.0025,0.0567134035647743));
#10246=CARTESIAN_POINT('',(-0.0422540902040459,-0.0025,0.0566701641962734));
#10247=CARTESIAN_POINT('',(-0.0414894361084508,-0.0025,0.0571366942248359));
#10248=CARTESIAN_POINT('',(-0.0405131366828249,-0.0025,0.0571366942248359));
#10249=CARTESIAN_POINT('',(-0.0422540902040459,-0.0025,0.0566701641962734));
#10250=CARTESIAN_POINT('',(-0.0405131366828249,-0.0025,0.0571366942248359));
#10251=CARTESIAN_POINT('',(-0.0405131366828249,-0.0025,0.0571366942248359));
#10252=CARTESIAN_POINT('',(-0.0395960069193583,-0.0025,0.0571366942248359));
#10253=CARTESIAN_POINT('',(-0.0388529725080136,-0.0025,0.0566849566118132));
#10254=CARTESIAN_POINT('',(-0.0388529725080136,-0.0025,0.0566849566118132));
#10255=CARTESIAN_POINT('',(-0.0405041994101923,-0.0025,0.0539573237572028));
#10256=CARTESIAN_POINT('',(-0.0376877853147259,-0.0025,0.0554537724876556));
#10257=CARTESIAN_POINT('',(-0.0376877853147259,-0.0025,0.0554537724876556));
#10258=CARTESIAN_POINT('',(-0.0372656325327827,-0.0025,0.0546743259765208));
#10259=CARTESIAN_POINT('',(-0.0372656325327827,-0.0025,0.0537139568445531));
#10260=CARTESIAN_POINT('',(-0.0372656325327827,-0.0025,0.0537139568445531));
#10261=CARTESIAN_POINT('',(-0.0423676452411197,-0.0025,0.0536553909920071));
#10262=CARTESIAN_POINT('',(-0.0372787600567037,-0.0025,0.0532906661844916));
#10263=CARTESIAN_POINT('',(-0.0400830187540527,-0.0025,0.0532906661844916));
#10264=CARTESIAN_POINT('',(-0.0428867504379013,-0.0025,0.0532906661844916));
#10265=CARTESIAN_POINT('',(-0.0428867504379013,-0.0025,0.0532906661844916));
#10266=CARTESIAN_POINT('',(-0.0428298565319791,-0.0025,0.0522415425592852));
#10267=CARTESIAN_POINT('',(-0.0422028856887158,-0.0025,0.0514985081479406));
#10268=CARTESIAN_POINT('',(-0.0422028856887158,-0.0025,0.0514985081479406));
#10269=CARTESIAN_POINT('',(-0.0422028856887158,-0.0025,0.0514985081479406));
#10270=CARTESIAN_POINT('',(-0.0415759148454527,-0.0025,0.050755473736596));
#10271=CARTESIAN_POINT('',(-0.0404994821454036,-0.0025,0.050755473736596));
#10272=CARTESIAN_POINT('',(-0.0404994821454036,-0.0025,0.050755473736596));
#10273=CARTESIAN_POINT('',(-0.0404994821454036,-0.0025,0.050755473736596));
#10274=CARTESIAN_POINT('',(-0.0396255917504378,-0.0025,0.050755473736596));
#10275=CARTESIAN_POINT('',(-0.0390498254225046,-0.0025,0.0510831826347082));
#10276=CARTESIAN_POINT('',(-0.0390498254225046,-0.0025,0.0510831826347082));
#10277=CARTESIAN_POINT('',(-0.0402963162753527,-0.0025,0.0532756854115796));
#10278=CARTESIAN_POINT('',(-0.0381235926340903,-0.0025,0.0519934851294642));
#10279=CARTESIAN_POINT('',(-0.0377310246832268,-0.0025,0.0517317731622219));
#10280=CARTESIAN_POINT('',(-0.0373387342902625,-0.0025,0.0514702462359652));
#10281=CARTESIAN_POINT('',(-0.0402236432188193,-0.0025,0.0532795653982107));
#10282=CARTESIAN_POINT('',(-0.0386049150781926,-0.0025,0.0502832543174413));
#10283=CARTESIAN_POINT('',(-0.0386049150781926,-0.0025,0.0502832543174413));
#10284=CARTESIAN_POINT('',(-0.0393911888580381,-0.0025,0.0498542742667875));
#10285=CARTESIAN_POINT('',(-0.0404698973143241,-0.0025,0.0498542742667875));
#10286=CARTESIAN_POINT('',(-0.0404698973143241,-0.0025,0.0498542742667875));
#10287=CARTESIAN_POINT('',(-0.0404698973143241,-0.0025,0.0498542742667875));
#10288=CARTESIAN_POINT('',(-0.0414598512773712,-0.0025,0.0498542742667875));
#10289=CARTESIAN_POINT('',(-0.042231332641677,-0.0025,0.0503196664172315));
#10290=CARTESIAN_POINT('',(-0.042231332641677,-0.0025,0.0503196664172315));
#10291=CARTESIAN_POINT('',(-0.042231332641677,-0.0025,0.0503196664172315));
#10292=CARTESIAN_POINT('',(-0.0430028140059827,-0.0025,0.0507850585676756));
#10293=CARTESIAN_POINT('',(-0.0434397592034656,-0.0025,0.0516157095941405));
#10294=CARTESIAN_POINT('',(-0.0434397592034656,-0.0025,0.0516157095941405));
#10295=CARTESIAN_POINT('',(-0.0434397592034656,-0.0025,0.0516157095941405));
#10296=CARTESIAN_POINT('',(-0.0438767044009485,-0.0025,0.0524463606206053));
#10297=CARTESIAN_POINT('',(-0.0438767044009485,-0.0025,0.0534954842458117));
#10298=CARTESIAN_POINT('',(-0.0438767044009485,-0.0025,0.0534954842458117));
#10299=CARTESIAN_POINT('',(-0.0438767044009485,-0.0025,0.0534954842458117));
#10300=CARTESIAN_POINT('',(-0.0438767044009485,-0.0025,0.0545423321147812));
#10301=CARTESIAN_POINT('',(-0.0434477243502947,-0.0025,0.055372983141246));
#10302=CARTESIAN_POINT('',(-0.0434477243502947,-0.0025,0.055372983141246));
#10303=CARTESIAN_POINT('',(-0.0434477243502947,-0.0025,0.055372983141246));
#10304=CARTESIAN_POINT('',(-0.043018744299641,-0.0025,0.0562036341677109));
#10305=CARTESIAN_POINT('',(-0.0422540902040459,-0.0025,0.0566701641962734));
#10306=CARTESIAN_POINT('',(0.04,-0.0025,6.93889390390723E-18));
#10307=CARTESIAN_POINT('',(0.04,-0.0025,-0.04));
#10308=CARTESIAN_POINT('',(0.04,-0.0025,-0.0025));
#10309=CARTESIAN_POINT('',(0.,-0.0025,-0.04));
#10310=CARTESIAN_POINT('',(0.0025,-0.0025,-0.04));
#10311=CARTESIAN_POINT('',(0.0025,-0.0025,-0.02125));
#10312=CARTESIAN_POINT('',(0.0025,-0.0025,-0.0025));
#10313=CARTESIAN_POINT('',(0.02125,-0.0025,-0.0025));
#10314=CARTESIAN_POINT('',(0.,-0.0025,-0.06875));
#10315=CARTESIAN_POINT('',(0.06875,-0.0025,-0.06875));
#10316=CARTESIAN_POINT('',(-0.06875,-0.0025,-0.06875));
#10317=CARTESIAN_POINT('',(0.06875,-0.0025,1.38777878078145E-17));
#10318=CARTESIAN_POINT('',(0.06875,-0.0025,0.06875));
#10319=CARTESIAN_POINT('',(0.,-0.0025,0.06875));
#10320=CARTESIAN_POINT('',(-0.06875,-0.0025,0.06875));
#10321=CARTESIAN_POINT('',(-0.06875,-0.0025,0.));
#10322=CARTESIAN_POINT('',(-0.02125,-0.0025,0.0025));
#10323=CARTESIAN_POINT('',(-0.0025,-0.0025,0.0025));
#10324=CARTESIAN_POINT('',(-0.04,-0.0025,0.0025));
#10325=CARTESIAN_POINT('',(-0.04,-0.0025,-6.93889390390723E-18));
#10326=CARTESIAN_POINT('',(-0.04,-0.0025,0.04));
#10327=CARTESIAN_POINT('',(0.,-0.0025,0.04));
#10328=CARTESIAN_POINT('',(-0.0025,-0.0025,0.04));
#10329=CARTESIAN_POINT('',(-0.0025,-0.0025,0.02125));
#10330=CARTESIAN_POINT('',(-0.0025,-0.0025,-0.02125));
#10331=CARTESIAN_POINT('',(-0.0025,-0.0025,-0.04));
#10332=CARTESIAN_POINT('',(-0.0025,-0.0025,-0.0025));
#10333=CARTESIAN_POINT('',(0.,-0.0025,-0.04));
#10334=CARTESIAN_POINT('',(-0.04,-0.0025,-0.04));
#10335=CARTESIAN_POINT('',(-0.04,-0.0025,-6.93889390390723E-18));
#10336=CARTESIAN_POINT('',(-0.04,-0.0025,-0.0025));
#10337=CARTESIAN_POINT('',(-0.02125,-0.0025,-0.0025));
#10338=CARTESIAN_POINT('',(0.04,-0.0025,6.93889390390723E-18));
#10339=CARTESIAN_POINT('',(0.04,-0.0025,0.0025));
#10340=CARTESIAN_POINT('',(0.04,-0.0025,0.04));
#10341=CARTESIAN_POINT('',(0.02125,-0.0025,0.0025));
#10342=CARTESIAN_POINT('',(0.0025,-0.0025,0.0025));
#10343=CARTESIAN_POINT('',(0.0025,-0.0025,0.02125));
#10344=CARTESIAN_POINT('',(0.0025,-0.0025,0.04));
#10345=CARTESIAN_POINT('',(0.,-0.0025,0.04));
#10346=CARTESIAN_POINT('',(-0.0232390089667104,-0.0025,0.0569022913324362));
#10347=CARTESIAN_POINT('',(-0.023733985948234,-0.0025,0.0569022913324362));
#10348=CARTESIAN_POINT('',(-0.0227440319851869,-0.0025,0.0569022913324362));
#10349=CARTESIAN_POINT('',(-0.0227440319851869,-0.0025,0.0534943463676933));
#10350=CARTESIAN_POINT('',(-0.0227440319851869,-0.0025,0.0500864014029503));
#10351=CARTESIAN_POINT('',(-0.0232390089667104,-0.0025,0.0500864014029503));
#10352=CARTESIAN_POINT('',(-0.023733985948234,-0.0025,0.0500864014029503));
#10353=CARTESIAN_POINT('',(-0.023733985948234,-0.0025,0.050589343531303));
#10354=CARTESIAN_POINT('',(-0.0237342658301438,-0.0025,0.0510924855931267));
#10355=CARTESIAN_POINT('',(-0.0262139618916709,-0.0025,0.0528638549573565));
#10356=CARTESIAN_POINT('',(-0.0247681894356148,-0.0025,0.05018174338778));
#10357=CARTESIAN_POINT('',(-0.0260768025361522,-0.0025,0.0526417850133998));
#10358=CARTESIAN_POINT('',(-0.0261075997033105,-0.0025,0.0498542742667875));
#10359=CARTESIAN_POINT('',(-0.0261075997033105,-0.0025,0.0498542742667875));
#10360=CARTESIAN_POINT('',(-0.0270838991289363,-0.0025,0.0498542742667875));
#10361=CARTESIAN_POINT('',(-0.0278553804932421,-0.0025,0.0503196664172315));
#10362=CARTESIAN_POINT('',(-0.0278553804932421,-0.0025,0.0503196664172315));
#10363=CARTESIAN_POINT('',(-0.0278553804932421,-0.0025,0.0503196664172315));
#10364=CARTESIAN_POINT('',(-0.0286268618575478,-0.0025,0.0507850585676756));
#10365=CARTESIAN_POINT('',(-0.0290638070550308,-0.0025,0.0516157095941405));
#10366=CARTESIAN_POINT('',(-0.0290638070550308,-0.0025,0.0516157095941405));
#10367=CARTESIAN_POINT('',(-0.0290638070550308,-0.0025,0.0516157095941405));
#10368=CARTESIAN_POINT('',(-0.0295007522525137,-0.0025,0.0524463606206053));
#10369=CARTESIAN_POINT('',(-0.0295007522525137,-0.0025,0.053509138783233));
#10370=CARTESIAN_POINT('',(-0.0295007522525137,-0.0025,0.053509138783233));
#10371=CARTESIAN_POINT('',(-0.0295007522525137,-0.0025,0.053509138783233));
#10372=CARTESIAN_POINT('',(-0.0295007522525137,-0.0025,0.0545582624084394));
#10373=CARTESIAN_POINT('',(-0.0290717722018598,-0.0025,0.0553809482880752));
#10374=CARTESIAN_POINT('',(-0.0290717722018598,-0.0025,0.0553809482880752));
#10375=CARTESIAN_POINT('',(-0.0290717722018598,-0.0025,0.0553809482880752));
#10376=CARTESIAN_POINT('',(-0.0286427921512061,-0.0025,0.0562036341677109));
#10377=CARTESIAN_POINT('',(-0.027878138055611,-0.0025,0.0566701641962734));
#10378=CARTESIAN_POINT('',(-0.027878138055611,-0.0025,0.0566701641962734));
#10379=CARTESIAN_POINT('',(-0.027878138055611,-0.0025,0.0566701641962734));
#10380=CARTESIAN_POINT('',(-0.0271134839600159,-0.0025,0.0571366942248359));
#10381=CARTESIAN_POINT('',(-0.0261371845343901,-0.0025,0.0571366942248359));
#10382=CARTESIAN_POINT('',(-0.0261371845343901,-0.0025,0.0571366942248359));
#10383=CARTESIAN_POINT('',(-0.0261371845343901,-0.0025,0.0571366942248359));
#10384=CARTESIAN_POINT('',(-0.0253952880011638,-0.0025,0.0571366942248359));
#10385=CARTESIAN_POINT('',(-0.0247762823047298,-0.0025,0.0568089853267237));
#10386=CARTESIAN_POINT('',(-0.0247762823047298,-0.0025,0.0568089853267237));
#10387=CARTESIAN_POINT('',(-0.0261706962717141,-0.0025,0.0541945608420801));
#10388=CARTESIAN_POINT('',(-0.0237343365799882,-0.0025,0.0558825096150493));
#10389=CARTESIAN_POINT('',(-0.023733985948234,-0.0025,0.0563925219353728));
#10390=CARTESIAN_POINT('',(-0.0206617150284324,-0.0025,0.055053239389963));
#10391=CARTESIAN_POINT('',(-0.0206617150284324,-0.0025,0.0500864014029503));
#10392=CARTESIAN_POINT('',(-0.0206617150284324,-0.0025,0.0600200773769757));
#10393=CARTESIAN_POINT('',(-0.0190015508536211,-0.0025,0.0600200773769757));
#10394=CARTESIAN_POINT('',(-0.0173413866788097,-0.0025,0.0600200773769757));
#10395=CARTESIAN_POINT('',(-0.0173413866788097,-0.0025,0.0600200773769757));
#10396=CARTESIAN_POINT('',(-0.0160009662552814,-0.0025,0.0600200773769757));
#10397=CARTESIAN_POINT('',(-0.0151999000598961,-0.0025,0.0592042187660506));
#10398=CARTESIAN_POINT('',(-0.0151999000598961,-0.0025,0.0592042187660506));
#10399=CARTESIAN_POINT('',(-0.0151999000598961,-0.0025,0.0592042187660506));
#10400=CARTESIAN_POINT('',(-0.0143988338645108,-0.0025,0.0583883601551255));
#10401=CARTESIAN_POINT('',(-0.0143988338645108,-0.0025,0.0569455307009371));
#10402=CARTESIAN_POINT('',(-0.0143988338645108,-0.0025,0.0569455307009371));
#10403=CARTESIAN_POINT('',(-0.0143988338645108,-0.0025,0.0569455307009371));
#10404=CARTESIAN_POINT('',(-0.0143988338645108,-0.0025,0.055518631540407));
#10405=CARTESIAN_POINT('',(-0.0152363121596864,-0.0025,0.0547027729294819));
#10406=CARTESIAN_POINT('',(-0.0152363121596864,-0.0025,0.0547027729294819));
#10407=CARTESIAN_POINT('',(-0.0152363121596864,-0.0025,0.0547027729294819));
#10408=CARTESIAN_POINT('',(-0.0160737904548619,-0.0025,0.0538869143185568));
#10409=CARTESIAN_POINT('',(-0.0174574502468911,-0.0025,0.0538869143185568));
#10410=CARTESIAN_POINT('',(-0.0174574502468911,-0.0025,0.0538869143185568));
#10411=CARTESIAN_POINT('',(-0.0185134011408081,-0.0025,0.0538869143185568));
#10412=CARTESIAN_POINT('',(-0.0195693520347252,-0.0025,0.0538869143185568));
#10413=CARTESIAN_POINT('',(-0.0195693520347252,-0.0025,0.0519866578607535));
#10414=CARTESIAN_POINT('',(-0.0195693520347252,-0.0025,0.0500864014029503));
#10415=CARTESIAN_POINT('',(-0.0201155335315788,-0.0025,0.0500864014029503));
#10416=CARTESIAN_POINT('',(0.00539455600584107,-0.0025,0.0569022913324362));
#10417=CARTESIAN_POINT('',(0.00489957902431747,-0.0025,0.0569022913324362));
#10418=CARTESIAN_POINT('',(0.00588953298736467,-0.0025,0.0569022913324362));
#10419=CARTESIAN_POINT('',(0.00588953298736467,-0.0025,0.0536252023513144));
#10420=CARTESIAN_POINT('',(0.00588953298736467,-0.0025,0.0503481133701927));
#10421=CARTESIAN_POINT('',(0.00588953298736467,-0.0025,0.0503481133701927));
#10422=CARTESIAN_POINT('',(0.00588953298736467,-0.0025,0.0494309836067259));
#10423=CARTESIAN_POINT('',(0.00551061957392247,-0.0025,0.0487095688796318));
#10424=CARTESIAN_POINT('',(0.00551061957392247,-0.0025,0.0487095688796318));
#10425=CARTESIAN_POINT('',(0.00301930857795298,-0.0025,0.0499882276836278));
#10426=CARTESIAN_POINT('',(0.00444784141129478,-0.0025,0.0475807937861343));
#10427=CARTESIAN_POINT('',(0.00444784141129478,-0.0025,0.0475807937861343));
#10428=CARTESIAN_POINT('',(0.0037639766621093,-0.0025,0.0471734334197309));
#10429=CARTESIAN_POINT('',(0.00289008626714349,-0.0025,0.0471734334197309));
#10430=CARTESIAN_POINT('',(0.00289008626714349,-0.0025,0.0471734334197309));
#10431=CARTESIAN_POINT('',(0.00147684164403472,-0.0025,0.0471734334197309));
#10432=CARTESIAN_POINT('',(6.3597020925954E-5,-0.0025,0.0471734334197309));
#10433=CARTESIAN_POINT('',(6.3597020925954E-5,-0.0025,0.0476251710327536));
#10434=CARTESIAN_POINT('',(6.3597020925954E-5,-0.0025,0.0480769086457763));
#10435=CARTESIAN_POINT('',(0.00147684164403472,-0.0025,0.0480769086457763));
#10436=CARTESIAN_POINT('',(0.00289008626714349,-0.0025,0.0480769086457763));
#10437=CARTESIAN_POINT('',(0.00289008626714349,-0.0025,0.0480769086457763));
#10438=CARTESIAN_POINT('',(0.00377763119953064,-0.0025,0.0480769086457763));
#10439=CARTESIAN_POINT('',(0.00433860511192405,-0.0025,0.0487175340264609));
#10440=CARTESIAN_POINT('',(0.00433860511192405,-0.0025,0.0487175340264609));
#10441=CARTESIAN_POINT('',(0.00433860511192405,-0.0025,0.0487175340264609));
#10442=CARTESIAN_POINT('',(0.00489957902431747,-0.0025,0.0493581594071455));
#10443=CARTESIAN_POINT('',(0.00489957902431747,-0.0025,0.0503481133701927));
#10444=CARTESIAN_POINT('',(0.00489957902431747,-0.0025,0.0503481133701927));
#10445=CARTESIAN_POINT('',(0.00489957902431747,-0.0025,0.0507201995149242));
#10446=CARTESIAN_POINT('',(0.0048992991424077,-0.0025,0.0510924855931267));
#10447=CARTESIAN_POINT('',(0.00241960308087896,-0.0025,0.0528638549573583));
#10448=CARTESIAN_POINT('',(0.00386537553693675,-0.0025,0.05018174338778));
#10449=CARTESIAN_POINT('',(0.0025567624363993,-0.0025,0.0526417850133998));
#10450=CARTESIAN_POINT('',(0.00252596526924107,-0.0025,0.0498542742667875));
#10451=CARTESIAN_POINT('',(0.00252596526924107,-0.0025,0.0498542742667875));
#10452=CARTESIAN_POINT('',(0.00154966584361521,-0.0025,0.0498542742667875));
#10453=CARTESIAN_POINT('',(0.000778184479309454,-0.0025,0.0503196664172315));
#10454=CARTESIAN_POINT('',(0.000778184479309454,-0.0025,0.0503196664172315));
#10455=CARTESIAN_POINT('',(0.000778184479309454,-0.0025,0.0503196664172315));
#10456=CARTESIAN_POINT('',(6.70311500370474E-6,-0.0025,0.0507850585676756));
#10457=CARTESIAN_POINT('',(-0.000430242082479201,-0.0025,0.0516157095941405));
#10458=CARTESIAN_POINT('',(-0.000430242082479201,-0.0025,0.0516157095941405));
#10459=CARTESIAN_POINT('',(-0.000430242082479201,-0.0025,0.0516157095941405));
#10460=CARTESIAN_POINT('',(-0.000867187279962108,-0.0025,0.0524463606206053));
#10461=CARTESIAN_POINT('',(-0.000867187279962108,-0.0025,0.053509138783233));
#10462=CARTESIAN_POINT('',(-0.000867187279962108,-0.0025,0.053509138783233));
#10463=CARTESIAN_POINT('',(-0.000867187279962108,-0.0025,0.053509138783233));
#10464=CARTESIAN_POINT('',(-0.000867187279962108,-0.0025,0.0545582624084394));
#10465=CARTESIAN_POINT('',(-0.000438207229308318,-0.0025,0.0553809482880752));
#10466=CARTESIAN_POINT('',(-0.000438207229308318,-0.0025,0.0553809482880752));
#10467=CARTESIAN_POINT('',(-0.000438207229308318,-0.0025,0.0553809482880752));
#10468=CARTESIAN_POINT('',(-9.22717865452921E-6,-0.0025,0.0562036341677109));
#10469=CARTESIAN_POINT('',(0.000755426916940555,-0.0025,0.0566701641962734));
#10470=CARTESIAN_POINT('',(0.000755426916940555,-0.0025,0.0566701641962734));
#10471=CARTESIAN_POINT('',(0.000755426916940555,-0.0025,0.0566701641962734));
#10472=CARTESIAN_POINT('',(0.00152008101253563,-0.0025,0.0571366942248359));
#10473=CARTESIAN_POINT('',(0.0024963804381615,-0.0025,0.0571366942248359));
#10474=CARTESIAN_POINT('',(0.0024963804381615,-0.0025,0.0571366942248359));
#10475=CARTESIAN_POINT('',(0.0024963804381615,-0.0025,0.0571366942248359));
#10476=CARTESIAN_POINT('',(0.00323827697138768,-0.0025,0.0571366942248359));
#10477=CARTESIAN_POINT('',(0.00385728266782179,-0.0025,0.0568089853267237));
#10478=CARTESIAN_POINT('',(0.00385728266782179,-0.0025,0.0568089853267237));
#10479=CARTESIAN_POINT('',(0.00246286870084081,-0.0025,0.054194560842084));
#10480=CARTESIAN_POINT('',(0.0048992283925633,-0.0025,0.0558825096150493));
#10481=CARTESIAN_POINT('',(0.00489957902431747,-0.0025,0.0563925219353728));
#10482=CARTESIAN_POINT('',(0.0444636012026523,-0.0025,0.0566701641962734));
#10483=CARTESIAN_POINT('',(0.0452282552982474,-0.0025,0.0571366942248359));
#10484=CARTESIAN_POINT('',(0.0462045547238732,-0.0025,0.0571366942248359));
#10485=CARTESIAN_POINT('',(0.0444636012026523,-0.0025,0.0566701641962734));
#10486=CARTESIAN_POINT('',(0.0462045547238732,-0.0025,0.0571366942248359));
#10487=CARTESIAN_POINT('',(0.0462045547238732,-0.0025,0.0571366942248359));
#10488=CARTESIAN_POINT('',(0.0471216844873399,-0.0025,0.0571366942248359));
#10489=CARTESIAN_POINT('',(0.0478647188986846,-0.0025,0.0566849566118132));
#10490=CARTESIAN_POINT('',(0.0478647188986846,-0.0025,0.0566849566118132));
#10491=CARTESIAN_POINT('',(0.0462134919965061,-0.0025,0.0539573237572031));
#10492=CARTESIAN_POINT('',(0.0490299060919723,-0.0025,0.0554537724876556));
#10493=CARTESIAN_POINT('',(0.0490299060919723,-0.0025,0.0554537724876556));
#10494=CARTESIAN_POINT('',(0.0494520588739154,-0.0025,0.0546743259765208));
#10495=CARTESIAN_POINT('',(0.0494520588739154,-0.0025,0.0537139568445531));
#10496=CARTESIAN_POINT('',(0.0494520588739154,-0.0025,0.0537139568445531));
#10497=CARTESIAN_POINT('',(0.0443500461655562,-0.0025,0.0536553909920072));
#10498=CARTESIAN_POINT('',(0.0494389313499945,-0.0025,0.0532906661844916));
#10499=CARTESIAN_POINT('',(0.0466346726526455,-0.0025,0.0532906661844916));
#10500=CARTESIAN_POINT('',(0.0438309409687968,-0.0025,0.0532906661844916));
#10501=CARTESIAN_POINT('',(0.0438309409687968,-0.0025,0.0532906661844916));
#10502=CARTESIAN_POINT('',(0.0438878348747191,-0.0025,0.0522415425592852));
#10503=CARTESIAN_POINT('',(0.0445148057179823,-0.0025,0.0514985081479406));
#10504=CARTESIAN_POINT('',(0.0445148057179823,-0.0025,0.0514985081479406));
#10505=CARTESIAN_POINT('',(0.0445148057179823,-0.0025,0.0514985081479406));
#10506=CARTESIAN_POINT('',(0.0451417765612455,-0.0025,0.050755473736596));
#10507=CARTESIAN_POINT('',(0.0462182092612946,-0.0025,0.050755473736596));
#10508=CARTESIAN_POINT('',(0.0462182092612946,-0.0025,0.050755473736596));
#10509=CARTESIAN_POINT('',(0.0462182092612946,-0.0025,0.050755473736596));
#10510=CARTESIAN_POINT('',(0.0470920996562604,-0.0025,0.050755473736596));
#10511=CARTESIAN_POINT('',(0.0476678659841936,-0.0025,0.0510831826347082));
#10512=CARTESIAN_POINT('',(0.0476678659841936,-0.0025,0.0510831826347082));
#10513=CARTESIAN_POINT('',(0.0464213751313454,-0.0025,0.0532756854115799));
#10514=CARTESIAN_POINT('',(0.0485940987726079,-0.0025,0.0519934851294642));
#10515=CARTESIAN_POINT('',(0.0489866667234714,-0.0025,0.0517317731622219));
#10516=CARTESIAN_POINT('',(0.0493789571164356,-0.0025,0.0514702462359653));
#10517=CARTESIAN_POINT('',(0.0464940481878787,-0.0025,0.0532795653982107));
#10518=CARTESIAN_POINT('',(0.0481127763285056,-0.0025,0.0502832543174413));
#10519=CARTESIAN_POINT('',(0.0481127763285056,-0.0025,0.0502832543174413));
#10520=CARTESIAN_POINT('',(0.0473265025486601,-0.0025,0.0498542742667875));
#10521=CARTESIAN_POINT('',(0.0462477940923741,-0.0025,0.0498542742667875));
#10522=CARTESIAN_POINT('',(0.0462477940923741,-0.0025,0.0498542742667875));
#10523=CARTESIAN_POINT('',(0.0462477940923741,-0.0025,0.0498542742667875));
#10524=CARTESIAN_POINT('',(0.0452578401293269,-0.0025,0.0498542742667875));
#10525=CARTESIAN_POINT('',(0.0444863587650212,-0.0025,0.0503196664172315));
#10526=CARTESIAN_POINT('',(0.0444863587650212,-0.0025,0.0503196664172315));
#10527=CARTESIAN_POINT('',(0.0444863587650212,-0.0025,0.0503196664172315));
#10528=CARTESIAN_POINT('',(0.0437148774007154,-0.0025,0.0507850585676756));
#10529=CARTESIAN_POINT('',(0.0432779322032325,-0.0025,0.0516157095941405));
#10530=CARTESIAN_POINT('',(0.0432779322032325,-0.0025,0.0516157095941405));
#10531=CARTESIAN_POINT('',(0.0432779322032325,-0.0025,0.0516157095941405));
#10532=CARTESIAN_POINT('',(0.0428409870057496,-0.0025,0.0524463606206053));
#10533=CARTESIAN_POINT('',(0.0428409870057496,-0.0025,0.0534954842458117));
#10534=CARTESIAN_POINT('',(0.0428409870057496,-0.0025,0.0534954842458117));
#10535=CARTESIAN_POINT('',(0.0428409870057496,-0.0025,0.0534954842458117));
#10536=CARTESIAN_POINT('',(0.0428409870057496,-0.0025,0.0545423321147812));
#10537=CARTESIAN_POINT('',(0.0432699670564034,-0.0025,0.055372983141246));
#10538=CARTESIAN_POINT('',(0.0432699670564034,-0.0025,0.055372983141246));
#10539=CARTESIAN_POINT('',(0.0432699670564034,-0.0025,0.055372983141246));
#10540=CARTESIAN_POINT('',(0.0436989471070572,-0.0025,0.0562036341677109));
#10541=CARTESIAN_POINT('',(0.0444636012026523,-0.0025,0.0566701641962734));
#10542=CARTESIAN_POINT('',(-0.0524198933142341,-0.0025,0.0500864014029503));
#10543=CARTESIAN_POINT('',(-0.0518737118173805,-0.0025,0.0500864014029503));
#10544=CARTESIAN_POINT('',(-0.0529660748110877,-0.0025,0.0500864014029503));
#10545=CARTESIAN_POINT('',(-0.0529660748110877,-0.0025,0.055053239389963));
#10546=CARTESIAN_POINT('',(-0.0529660748110877,-0.0025,0.0600200773769757));
#10547=CARTESIAN_POINT('',(-0.0524198933142341,-0.0025,0.0600200773769757));
#10548=CARTESIAN_POINT('',(-0.0518737118173805,-0.0025,0.0600200773769757));
#10549=CARTESIAN_POINT('',(-0.0518737118173805,-0.0025,0.0578717634893514));
#10550=CARTESIAN_POINT('',(-0.0518737118173805,-0.0025,0.0557234496017271));
#10551=CARTESIAN_POINT('',(-0.049252040632483,-0.0025,0.0557234496017271));
#10552=CARTESIAN_POINT('',(-0.0466303694475856,-0.0025,0.0557234496017271));
#10553=CARTESIAN_POINT('',(-0.0466303694475856,-0.0025,0.0578717634893514));
#10554=CARTESIAN_POINT('',(-0.0466303694475856,-0.0025,0.0600200773769757));
#10555=CARTESIAN_POINT('',(-0.046084187950732,-0.0025,0.0600200773769757));
#10556=CARTESIAN_POINT('',(-0.0455380064538784,-0.0025,0.0600200773769757));
#10557=CARTESIAN_POINT('',(-0.0455380064538784,-0.0025,0.055053239389963));
#10558=CARTESIAN_POINT('',(-0.0455380064538784,-0.0025,0.0500864014029503));
#10559=CARTESIAN_POINT('',(-0.046084187950732,-0.0025,0.0500864014029503));
#10560=CARTESIAN_POINT('',(-0.0466303694475856,-0.0025,0.0500864014029503));
#10561=CARTESIAN_POINT('',(-0.0466303694475856,-0.0025,0.052453187889316));
#10562=CARTESIAN_POINT('',(-0.0466303694475856,-0.0025,0.0548199743756817));
#10563=CARTESIAN_POINT('',(-0.049252040632483,-0.0025,0.0548199743756817));
#10564=CARTESIAN_POINT('',(-0.0518737118173805,-0.0025,0.0548199743756817));
#10565=CARTESIAN_POINT('',(-0.0518737118173805,-0.0025,0.052453187889316));
#10566=CARTESIAN_POINT('',(0.,0.,-0.04));
#10567=CARTESIAN_POINT('',(0.,0.,-0.04));
#10568=CARTESIAN_POINT('',(0.04,0.,-0.04));
#10569=CARTESIAN_POINT('',(0.0025,0.,-0.04));
#10570=CARTESIAN_POINT('',(0.0025,0.,-0.04));
#10571=CARTESIAN_POINT('',(0.04,0.,-0.04));
#10572=CARTESIAN_POINT('',(0.04,0.,6.93889390390723E-18));
#10573=CARTESIAN_POINT('',(0.04,0.,-0.0025));
#10574=CARTESIAN_POINT('',(0.04,0.,-0.0025));
#10575=CARTESIAN_POINT('',(0.04,0.,6.93889390390723E-18));
#10576=CARTESIAN_POINT('',(0.,0.,0.04));
#10577=CARTESIAN_POINT('',(0.0025,0.,0.04));
#10578=CARTESIAN_POINT('',(0.0025,0.,0.04));
#10579=CARTESIAN_POINT('',(0.,0.,0.04));
#10580=CARTESIAN_POINT('',(0.04,0.,0.04));
#10581=CARTESIAN_POINT('',(0.04,0.,0.04));
#10582=CARTESIAN_POINT('',(-0.04,0.,-6.93889390390723E-18));
#10583=CARTESIAN_POINT('',(-0.04,0.,-6.93889390390723E-18));
#10584=CARTESIAN_POINT('',(-0.04,0.,-0.04));
#10585=CARTESIAN_POINT('',(-0.04,0.,-0.0025));
#10586=CARTESIAN_POINT('',(-0.04,0.,-0.0025));
#10587=CARTESIAN_POINT('',(-0.04,0.,-0.04));
#10588=CARTESIAN_POINT('',(0.,0.,0.));
#10589=CARTESIAN_POINT('',(0.,0.,-0.04));
#10590=CARTESIAN_POINT('',(-0.0025,0.,-0.04));
#10591=CARTESIAN_POINT('',(-0.0025,0.,-0.02125));
#10592=CARTESIAN_POINT('',(-0.0025,0.,-0.0025));
#10593=CARTESIAN_POINT('',(-0.02125,0.,-0.0025));
#10594=CARTESIAN_POINT('',(0.02125,0.,0.0025));
#10595=CARTESIAN_POINT('',(0.04,0.,0.0025));
#10596=CARTESIAN_POINT('',(0.0025,0.,0.0025));
#10597=CARTESIAN_POINT('',(0.04,0.,6.93889390390723E-18));
#10598=CARTESIAN_POINT('',(0.0025,0.,0.02125));
#10599=CARTESIAN_POINT('',(-0.0025,0.,0.02125));
#10600=CARTESIAN_POINT('',(-0.0025,0.,0.0025));
#10601=CARTESIAN_POINT('',(-0.0025,0.,0.04));
#10602=CARTESIAN_POINT('',(0.,0.,0.04));
#10603=CARTESIAN_POINT('',(-0.04,0.,0.04));
#10604=CARTESIAN_POINT('',(-0.04,0.,-6.93889390390723E-18));
#10605=CARTESIAN_POINT('',(-0.04,0.,0.0025));
#10606=CARTESIAN_POINT('',(-0.02125,0.,0.0025));
#10607=CARTESIAN_POINT('',(0.,0.,-0.06875));
#10608=CARTESIAN_POINT('',(0.06875,0.,-0.06875));
#10609=CARTESIAN_POINT('',(-0.06875,0.,-0.06875));
#10610=CARTESIAN_POINT('',(-0.06875,0.,0.));
#10611=CARTESIAN_POINT('',(-0.06875,0.,0.06875));
#10612=CARTESIAN_POINT('',(0.,0.,0.06875));
#10613=CARTESIAN_POINT('',(0.06875,0.,0.06875));
#10614=CARTESIAN_POINT('',(0.06875,0.,1.38777878078145E-17));
#10615=CARTESIAN_POINT('',(0.02125,0.,-0.0025));
#10616=CARTESIAN_POINT('',(0.0025,0.,-0.0025));
#10617=CARTESIAN_POINT('',(0.0025,0.,-0.02125));
#10618=CARTESIAN_POINT('',(0.,-0.0025,-0.06875));
#10619=CARTESIAN_POINT('',(0.06875,-0.0025,-0.06875));
#10620=CARTESIAN_POINT('',(-0.06875,-0.0025,-0.06875));
#10621=CARTESIAN_POINT('',(0.06875,-0.0025,1.38777878078145E-17));
#10622=CARTESIAN_POINT('',(0.06875,-0.0025,0.06875));
#10623=CARTESIAN_POINT('',(0.,-0.0025,0.06875));
#10624=CARTESIAN_POINT('',(-0.06875,-0.0025,0.06875));
#10625=CARTESIAN_POINT('',(-0.06875,-0.0025,0.));
#10626=CARTESIAN_POINT('',(0.,0.,-0.04));
#10627=CARTESIAN_POINT('',(-0.0025,0.,-0.04));
#10628=CARTESIAN_POINT('',(0.04,0.,6.93889390390723E-18));
#10629=CARTESIAN_POINT('',(0.04,0.,0.0025));
#10630=CARTESIAN_POINT('',(0.,0.,0.04));
#10631=CARTESIAN_POINT('',(-0.0025,0.,0.04));
#10632=CARTESIAN_POINT('',(-0.04,0.,0.04));
#10633=CARTESIAN_POINT('',(-0.04,0.,-6.93889390390723E-18));
#10634=CARTESIAN_POINT('',(-0.04,0.,0.0025));
#10635=CARTESIAN_POINT('',(0.0025,0.,-0.02125));
#10636=CARTESIAN_POINT('',(0.0025,0.,-0.0025));
#10637=CARTESIAN_POINT('',(0.02125,0.,-0.0025));
#10638=CARTESIAN_POINT('',(0.02125,0.,0.0025));
#10639=CARTESIAN_POINT('',(0.0025,0.,0.0025));
#10640=CARTESIAN_POINT('',(0.0025,0.,0.02125));
#10641=CARTESIAN_POINT('',(-0.0025,0.,0.02125));
#10642=CARTESIAN_POINT('',(-0.0025,0.,0.0025));
#10643=CARTESIAN_POINT('',(-0.02125,0.,0.0025));
#10644=CARTESIAN_POINT('',(-0.02125,0.,-0.0025));
#10645=CARTESIAN_POINT('',(-0.0025,0.,-0.0025));
#10646=CARTESIAN_POINT('',(-0.0025,0.,-0.02125));
#10647=CARTESIAN_POINT('',(-0.0261371845343901,-0.0005,0.050755473736596));
#10648=CARTESIAN_POINT('',(-0.0261371845343901,-0.0025,0.050755473736596));
#10649=CARTESIAN_POINT('',(-0.0256714130912399,-0.0005,0.050755473736596));
#10650=CARTESIAN_POINT('',(-0.0256714130912399,-0.0025,0.050755473736596));
#10651=CARTESIAN_POINT('',(-0.0252564668707136,-0.0005,0.0508722958900897));
#10652=CARTESIAN_POINT('',(-0.0252564668707136,-0.0025,0.0508722958900897));
#10653=CARTESIAN_POINT('',(-0.0248923458728111,-0.0005,0.0511059401970771));
#10654=CARTESIAN_POINT('',(-0.0248923458728111,-0.0025,0.0511059401970771));
#10655=CARTESIAN_POINT('',(-0.0261371845343901,-0.0025,0.050755473736596));
#10656=CARTESIAN_POINT('',(-0.0254385273696648,-0.0025,0.050755473736596));
#10657=CARTESIAN_POINT('',(-0.0248923458728111,-0.0025,0.0511059401970771));
#10658=CARTESIAN_POINT('',(-0.0261371845343901,-0.0025,0.050755473736596));
#10659=CARTESIAN_POINT('',(-0.0248923458728111,-0.0025,0.0511059401970771));
#10660=CARTESIAN_POINT('',(-0.0261371845343901,-0.0005,0.050755473736596));
#10661=CARTESIAN_POINT('',(-0.0261371845343901,-0.0005,0.050755473736596));
#10662=CARTESIAN_POINT('',(-0.0261371845343901,-0.0005,0.050755473736596));
#10663=CARTESIAN_POINT('',(-0.0254385273696648,-0.0005,0.050755473736596));
#10664=CARTESIAN_POINT('',(-0.0248923458728111,-0.0005,0.0511059401970771));
#10665=CARTESIAN_POINT('',(-0.0248923458728111,-0.0005,0.0511059401970771));
#10666=CARTESIAN_POINT('',(-0.0248923458728111,-0.0005,0.0511059401970771));
#10667=CARTESIAN_POINT('',(-0.0273604035117185,-0.0005,0.0511059401970771));
#10668=CARTESIAN_POINT('',(-0.0273604035117185,-0.0025,0.0511059401970771));
#10669=CARTESIAN_POINT('',(-0.0270015926117021,-0.0005,0.0508722958900897));
#10670=CARTESIAN_POINT('',(-0.0270015926117021,-0.0025,0.0508722958900897));
#10671=CARTESIAN_POINT('',(-0.0265938529525926,-0.0005,0.050755473736596));
#10672=CARTESIAN_POINT('',(-0.0265938529525926,-0.0025,0.050755473736596));
#10673=CARTESIAN_POINT('',(-0.0261371845343901,-0.0005,0.050755473736596));
#10674=CARTESIAN_POINT('',(-0.0261371845343901,-0.0025,0.050755473736596));
#10675=CARTESIAN_POINT('',(-0.0273604035117185,-0.0025,0.0511059401970771));
#10676=CARTESIAN_POINT('',(-0.0268221871616939,-0.0025,0.050755473736596));
#10677=CARTESIAN_POINT('',(-0.0261371845343901,-0.0025,0.050755473736596));
#10678=CARTESIAN_POINT('',(-0.0273604035117185,-0.0025,0.0511059401970771));
#10679=CARTESIAN_POINT('',(-0.0273604035117185,-0.0005,0.0511059401970771));
#10680=CARTESIAN_POINT('',(-0.0273604035117185,-0.0005,0.0511059401970771));
#10681=CARTESIAN_POINT('',(-0.0273604035117185,-0.0005,0.0511059401970771));
#10682=CARTESIAN_POINT('',(-0.0268221871616939,-0.0005,0.050755473736596));
#10683=CARTESIAN_POINT('',(-0.0261371845343901,-0.0005,0.050755473736596));
#10684=CARTESIAN_POINT('',(-0.0282047090756047,-0.0005,0.0520822396227029));
#10685=CARTESIAN_POINT('',(-0.0282047090756047,-0.0025,0.0520822396227029));
#10686=CARTESIAN_POINT('',(-0.0280006495996969,-0.0005,0.0516650176459397));
#10687=CARTESIAN_POINT('',(-0.0280006495996969,-0.0025,0.0516650176459397));
#10688=CARTESIAN_POINT('',(-0.0277192144117348,-0.0005,0.0513395845040644));
#10689=CARTESIAN_POINT('',(-0.0277192144117348,-0.0025,0.0513395845040644));
#10690=CARTESIAN_POINT('',(-0.0273604035117185,-0.0005,0.0511059401970771));
#10691=CARTESIAN_POINT('',(-0.0273604035117185,-0.0025,0.0511059401970771));
#10692=CARTESIAN_POINT('',(-0.0282047090756047,-0.0025,0.0520822396227029));
#10693=CARTESIAN_POINT('',(-0.027898619861743,-0.0025,0.0514564066575581));
#10694=CARTESIAN_POINT('',(-0.0273604035117185,-0.0025,0.0511059401970771));
#10695=CARTESIAN_POINT('',(-0.0282047090756047,-0.0025,0.0520822396227029));
#10696=CARTESIAN_POINT('',(-0.0282047090756047,-0.0005,0.0520822396227029));
#10697=CARTESIAN_POINT('',(-0.0282047090756047,-0.0005,0.0520822396227029));
#10698=CARTESIAN_POINT('',(-0.0282047090756047,-0.0005,0.0520822396227029));
#10699=CARTESIAN_POINT('',(-0.027898619861743,-0.0005,0.0514564066575581));
#10700=CARTESIAN_POINT('',(-0.0273604035117185,-0.0005,0.0511059401970771));
#10701=CARTESIAN_POINT('',(-0.0285107982894665,-0.0005,0.053509138783233));
#10702=CARTESIAN_POINT('',(-0.0285107982894665,-0.0025,0.053509138783233));
#10703=CARTESIAN_POINT('',(-0.0285107982894665,-0.0005,0.0529750946529761));
#10704=CARTESIAN_POINT('',(-0.0285107982894665,-0.0025,0.0529750946529761));
#10705=CARTESIAN_POINT('',(-0.0284087685515125,-0.0005,0.0524994615994661));
#10706=CARTESIAN_POINT('',(-0.0284087685515125,-0.0025,0.0524994615994661));
#10707=CARTESIAN_POINT('',(-0.0282047090756047,-0.0005,0.0520822396227029));
#10708=CARTESIAN_POINT('',(-0.0282047090756047,-0.0025,0.0520822396227029));
#10709=CARTESIAN_POINT('',(-0.0285107982894665,-0.0025,0.053509138783233));
#10710=CARTESIAN_POINT('',(-0.0285107982894665,-0.0025,0.0527080725878477));
#10711=CARTESIAN_POINT('',(-0.0282047090756047,-0.0025,0.0520822396227029));
#10712=CARTESIAN_POINT('',(-0.0285107982894665,-0.0025,0.053509138783233));
#10713=CARTESIAN_POINT('',(-0.0285107982894665,-0.0005,0.053509138783233));
#10714=CARTESIAN_POINT('',(-0.0285107982894665,-0.0005,0.053509138783233));
#10715=CARTESIAN_POINT('',(-0.0285107982894665,-0.0005,0.053509138783233));
#10716=CARTESIAN_POINT('',(-0.0285107982894665,-0.0005,0.0527080725878477));
#10717=CARTESIAN_POINT('',(-0.0282047090756047,-0.0005,0.0520822396227029));
#10718=CARTESIAN_POINT('',(-0.0282047090756047,-0.0005,0.0549155561376311));
#10719=CARTESIAN_POINT('',(-0.0282047090756047,-0.0025,0.0549155561376311));
#10720=CARTESIAN_POINT('',(-0.0284087685515125,-0.0005,0.0545028856733417));
#10721=CARTESIAN_POINT('',(-0.0284087685515125,-0.0025,0.0545028856733417));
#10722=CARTESIAN_POINT('',(-0.0285107982894665,-0.0005,0.0540340798885423));
#10723=CARTESIAN_POINT('',(-0.0285107982894665,-0.0025,0.0540340798885423));
#10724=CARTESIAN_POINT('',(-0.0285107982894665,-0.0005,0.053509138783233));
#10725=CARTESIAN_POINT('',(-0.0285107982894665,-0.0025,0.053509138783233));
#10726=CARTESIAN_POINT('',(-0.0282047090756047,-0.0025,0.0549155561376311));
#10727=CARTESIAN_POINT('',(-0.0285107982894665,-0.0025,0.054296550441197));
#10728=CARTESIAN_POINT('',(-0.0285107982894665,-0.0025,0.053509138783233));
#10729=CARTESIAN_POINT('',(-0.0282047090756047,-0.0025,0.0549155561376311));
#10730=CARTESIAN_POINT('',(-0.0282047090756047,-0.0005,0.0549155561376311));
#10731=CARTESIAN_POINT('',(-0.0282047090756047,-0.0005,0.0549155561376311));
#10732=CARTESIAN_POINT('',(-0.0282047090756047,-0.0005,0.0549155561376311));
#10733=CARTESIAN_POINT('',(-0.0285107982894665,-0.0005,0.054296550441197));
#10734=CARTESIAN_POINT('',(-0.0285107982894665,-0.0005,0.053509138783233));
#10735=CARTESIAN_POINT('',(-0.0273604035117185,-0.0005,0.0558838904164279));
#10736=CARTESIAN_POINT('',(-0.0273604035117185,-0.0025,0.0558838904164279));
#10737=CARTESIAN_POINT('',(-0.0277192144117348,-0.0005,0.0556510046948528));
#10738=CARTESIAN_POINT('',(-0.0277192144117348,-0.0025,0.0556510046948528));
#10739=CARTESIAN_POINT('',(-0.0280006495996969,-0.0005,0.0553282266019205));
#10740=CARTESIAN_POINT('',(-0.0280006495996969,-0.0025,0.0553282266019205));
#10741=CARTESIAN_POINT('',(-0.0282047090756047,-0.0005,0.0549155561376311));
#10742=CARTESIAN_POINT('',(-0.0282047090756047,-0.0025,0.0549155561376311));
#10743=CARTESIAN_POINT('',(-0.0273604035117185,-0.0025,0.0558838904164279));
#10744=CARTESIAN_POINT('',(-0.027898619861743,-0.0025,0.0555345618340652));
#10745=CARTESIAN_POINT('',(-0.0282047090756047,-0.0025,0.0549155561376311));
#10746=CARTESIAN_POINT('',(-0.0273604035117185,-0.0025,0.0558838904164279));
#10747=CARTESIAN_POINT('',(-0.0273604035117185,-0.0005,0.0558838904164279));
#10748=CARTESIAN_POINT('',(-0.0273604035117185,-0.0005,0.0558838904164279));
#10749=CARTESIAN_POINT('',(-0.0273604035117185,-0.0005,0.0558838904164279));
#10750=CARTESIAN_POINT('',(-0.027898619861743,-0.0005,0.0555345618340652));
#10751=CARTESIAN_POINT('',(-0.0282047090756047,-0.0005,0.0549155561376311));
#10752=CARTESIAN_POINT('',(-0.0261371845343901,-0.0005,0.0562332189987905));
#10753=CARTESIAN_POINT('',(-0.0261371845343901,-0.0025,0.0562332189987905));
#10754=CARTESIAN_POINT('',(-0.0265938529525926,-0.0005,0.0562332189987905));
#10755=CARTESIAN_POINT('',(-0.0265938529525926,-0.0025,0.0562332189987905));
#10756=CARTESIAN_POINT('',(-0.0270015926117021,-0.0005,0.056116776138003));
#10757=CARTESIAN_POINT('',(-0.0270015926117021,-0.0025,0.056116776138003));
#10758=CARTESIAN_POINT('',(-0.0273604035117185,-0.0005,0.0558838904164279));
#10759=CARTESIAN_POINT('',(-0.0273604035117185,-0.0025,0.0558838904164279));
#10760=CARTESIAN_POINT('',(-0.0261371845343901,-0.0025,0.0562332189987905));
#10761=CARTESIAN_POINT('',(-0.0268221871616939,-0.0025,0.0562332189987905));
#10762=CARTESIAN_POINT('',(-0.0273604035117185,-0.0025,0.0558838904164279));
#10763=CARTESIAN_POINT('',(-0.0261371845343901,-0.0025,0.0562332189987905));
#10764=CARTESIAN_POINT('',(-0.0261371845343901,-0.0005,0.0562332189987905));
#10765=CARTESIAN_POINT('',(-0.0261371845343901,-0.0005,0.0562332189987905));
#10766=CARTESIAN_POINT('',(-0.0261371845343901,-0.0005,0.0562332189987905));
#10767=CARTESIAN_POINT('',(-0.0268221871616939,-0.0005,0.0562332189987905));
#10768=CARTESIAN_POINT('',(-0.0273604035117185,-0.0005,0.0558838904164279));
#10769=CARTESIAN_POINT('',(-0.0248923458728111,-0.0005,0.0558838904164279));
#10770=CARTESIAN_POINT('',(-0.0248923458728111,-0.0025,0.0558838904164279));
#10771=CARTESIAN_POINT('',(-0.0252564668707136,-0.0005,0.056116776138003));
#10772=CARTESIAN_POINT('',(-0.0252564668707136,-0.0025,0.056116776138003));
#10773=CARTESIAN_POINT('',(-0.0256714130912399,-0.0005,0.0562332189987905));
#10774=CARTESIAN_POINT('',(-0.0256714130912399,-0.0025,0.0562332189987905));
#10775=CARTESIAN_POINT('',(-0.0261371845343901,-0.0005,0.0562332189987905));
#10776=CARTESIAN_POINT('',(-0.0261371845343901,-0.0025,0.0562332189987905));
#10777=CARTESIAN_POINT('',(-0.0248923458728111,-0.0025,0.0558838904164279));
#10778=CARTESIAN_POINT('',(-0.0254385273696648,-0.0025,0.0562332189987905));
#10779=CARTESIAN_POINT('',(-0.0261371845343901,-0.0025,0.0562332189987905));
#10780=CARTESIAN_POINT('',(-0.0248923458728111,-0.0025,0.0558838904164279));
#10781=CARTESIAN_POINT('',(-0.0248923458728111,-0.0005,0.0558838904164279));
#10782=CARTESIAN_POINT('',(-0.0248923458728111,-0.0005,0.0558838904164279));
#10783=CARTESIAN_POINT('',(-0.0248923458728111,-0.0005,0.0558838904164279));
#10784=CARTESIAN_POINT('',(-0.0254385273696648,-0.0005,0.0562332189987905));
#10785=CARTESIAN_POINT('',(-0.0261371845343901,-0.0005,0.0562332189987905));
#10786=CARTESIAN_POINT('',(-0.0240400751620958,-0.0005,0.054907590990802));
#10787=CARTESIAN_POINT('',(-0.0240400751620958,-0.0025,0.054907590990802));
#10788=CARTESIAN_POINT('',(-0.0242441346380036,-0.0005,0.0553255715529775));
#10789=CARTESIAN_POINT('',(-0.0242441346380036,-0.0025,0.0553255715529775));
#10790=CARTESIAN_POINT('',(-0.0245282248749087,-0.0005,0.0556510046948528));
#10791=CARTESIAN_POINT('',(-0.0245282248749087,-0.0025,0.0556510046948528));
#10792=CARTESIAN_POINT('',(-0.0248923458728111,-0.0005,0.0558838904164279));
#10793=CARTESIAN_POINT('',(-0.0248923458728111,-0.0025,0.0558838904164279));
#10794=CARTESIAN_POINT('',(-0.0240400751620958,-0.0025,0.054907590990802));
#10795=CARTESIAN_POINT('',(-0.0243461643759575,-0.0025,0.0555345618340652));
#10796=CARTESIAN_POINT('',(-0.0248923458728111,-0.0025,0.0558838904164279));
#10797=CARTESIAN_POINT('',(-0.0240400751620958,-0.0025,0.054907590990802));
#10798=CARTESIAN_POINT('',(-0.0240400751620958,-0.0005,0.054907590990802));
#10799=CARTESIAN_POINT('',(-0.0240400751620958,-0.0005,0.054907590990802));
#10800=CARTESIAN_POINT('',(-0.0240400751620958,-0.0005,0.054907590990802));
#10801=CARTESIAN_POINT('',(-0.0243461643759575,-0.0005,0.0555345618340652));
#10802=CARTESIAN_POINT('',(-0.0248923458728111,-0.0005,0.0558838904164279));
#10803=CARTESIAN_POINT('',(-0.023733985948234,-0.0005,0.0534954842458117));
#10804=CARTESIAN_POINT('',(-0.023733985948234,-0.0025,0.0534954842458117));
#10805=CARTESIAN_POINT('',(-0.023733985948234,-0.0005,0.0540189081802964));
#10806=CARTESIAN_POINT('',(-0.023733985948234,-0.0025,0.0540189081802964));
#10807=CARTESIAN_POINT('',(-0.023836015686188,-0.0005,0.0544896104286265));
#10808=CARTESIAN_POINT('',(-0.023836015686188,-0.0025,0.0544896104286265));
#10809=CARTESIAN_POINT('',(-0.0240400751620958,-0.0005,0.054907590990802));
#10810=CARTESIAN_POINT('',(-0.0240400751620958,-0.0025,0.054907590990802));
#10811=CARTESIAN_POINT('',(-0.023733985948234,-0.0025,0.0534954842458117));
#10812=CARTESIAN_POINT('',(-0.023733985948234,-0.0025,0.0542806201475388));
#10813=CARTESIAN_POINT('',(-0.0240400751620958,-0.0025,0.054907590990802));
#10814=CARTESIAN_POINT('',(-0.023733985948234,-0.0025,0.0534954842458117));
#10815=CARTESIAN_POINT('',(-0.023733985948234,-0.0005,0.0534954842458117));
#10816=CARTESIAN_POINT('',(-0.023733985948234,-0.0005,0.0534954842458117));
#10817=CARTESIAN_POINT('',(-0.023733985948234,-0.0005,0.0534954842458117));
#10818=CARTESIAN_POINT('',(-0.023733985948234,-0.0005,0.0542806201475388));
#10819=CARTESIAN_POINT('',(-0.0240400751620958,-0.0005,0.054907590990802));
#10820=CARTESIAN_POINT('',(-0.0240400751620958,-0.0005,0.0520822396227029));
#10821=CARTESIAN_POINT('',(-0.0240400751620958,-0.0025,0.0520822396227029));
#10822=CARTESIAN_POINT('',(-0.023836015686188,-0.0005,0.0524994615994661));
#10823=CARTESIAN_POINT('',(-0.023836015686188,-0.0025,0.0524994615994661));
#10824=CARTESIAN_POINT('',(-0.023733985948234,-0.0005,0.0529705431405024));
#10825=CARTESIAN_POINT('',(-0.023733985948234,-0.0025,0.0529705431405024));
#10826=CARTESIAN_POINT('',(-0.023733985948234,-0.0005,0.0534954842458117));
#10827=CARTESIAN_POINT('',(-0.023733985948234,-0.0025,0.0534954842458117));
#10828=CARTESIAN_POINT('',(-0.0240400751620958,-0.0025,0.0520822396227029));
#10829=CARTESIAN_POINT('',(-0.023733985948234,-0.0025,0.0527080725878477));
#10830=CARTESIAN_POINT('',(-0.023733985948234,-0.0025,0.0534954842458117));
#10831=CARTESIAN_POINT('',(-0.0240400751620958,-0.0025,0.0520822396227029));
#10832=CARTESIAN_POINT('',(-0.0240400751620958,-0.0005,0.0520822396227029));
#10833=CARTESIAN_POINT('',(-0.0240400751620958,-0.0005,0.0520822396227029));
#10834=CARTESIAN_POINT('',(-0.0240400751620958,-0.0005,0.0520822396227029));
#10835=CARTESIAN_POINT('',(-0.023733985948234,-0.0005,0.0527080725878477));
#10836=CARTESIAN_POINT('',(-0.023733985948234,-0.0005,0.0534954842458117));
#10837=CARTESIAN_POINT('',(-0.0227440319851869,-0.0005,0.0534943463676933));
#10838=CARTESIAN_POINT('',(-0.0227440319851869,-0.0005,0.0569022913324362));
#10839=CARTESIAN_POINT('',(-0.0227440319851869,-0.0005,0.0569022913324362));
#10840=CARTESIAN_POINT('',(-0.0227440319851869,-0.0005,0.0534943463676933));
#10841=CARTESIAN_POINT('',(-0.0227440319851869,-0.0005,0.0500864014029503));
#10842=CARTESIAN_POINT('',(-0.0227440319851869,-0.0005,0.0500864014029503));
#10843=CARTESIAN_POINT('',(-0.0232390089667104,-0.0005,0.0569022913324362));
#10844=CARTESIAN_POINT('',(-0.023733985948234,-0.0005,0.0569022913324362));
#10845=CARTESIAN_POINT('',(-0.023733985948234,-0.0005,0.0569022913324362));
#10846=CARTESIAN_POINT('',(-0.0232390089667104,-0.0005,0.0569022913324362));
#10847=CARTESIAN_POINT('',(-0.023733985948234,-0.0005,0.0563925219353728));
#10848=CARTESIAN_POINT('',(-0.023733985948234,-0.0005,0.0558827525383094));
#10849=CARTESIAN_POINT('',(-0.0237343365799882,-0.0005,0.0558825096150493));
#10850=CARTESIAN_POINT('',(-0.023733985948234,-0.0005,0.0563925219353728));
#10851=CARTESIAN_POINT('',(-0.0261706962717141,-0.0005,0.0541945608420801));
#10852=CARTESIAN_POINT('',(-0.0247762823047298,-0.0005,0.0568089853267237));
#10853=CARTESIAN_POINT('',(-0.0247762823047298,-0.0005,0.0568089853267237));
#10854=CARTESIAN_POINT('',(-0.0261706962717141,-0.0005,0.0541945608420801));
#10855=CARTESIAN_POINT('',(-0.0261371845343901,-0.0005,0.0571366942248359));
#10856=CARTESIAN_POINT('',(-0.0261371845343901,-0.0025,0.0571366942248359));
#10857=CARTESIAN_POINT('',(-0.0256425868455726,-0.0005,0.0571366942248359));
#10858=CARTESIAN_POINT('',(-0.0256425868455726,-0.0025,0.0571366942248359));
#10859=CARTESIAN_POINT('',(-0.0251889527690192,-0.0005,0.0570274579254652));
#10860=CARTESIAN_POINT('',(-0.0251889527690192,-0.0025,0.0570274579254652));
#10861=CARTESIAN_POINT('',(-0.0247762823047298,-0.0005,0.0568089853267237));
#10862=CARTESIAN_POINT('',(-0.0247762823047298,-0.0025,0.0568089853267237));
#10863=CARTESIAN_POINT('',(-0.0261371845343901,-0.0005,0.0571366942248359));
#10864=CARTESIAN_POINT('',(-0.0261371845343901,-0.0005,0.0571366942248359));
#10865=CARTESIAN_POINT('',(-0.0261371845343901,-0.0005,0.0571366942248359));
#10866=CARTESIAN_POINT('',(-0.0253952880011638,-0.0005,0.0571366942248359));
#10867=CARTESIAN_POINT('',(-0.0247762823047298,-0.0005,0.0568089853267237));
#10868=CARTESIAN_POINT('',(-0.027878138055611,-0.0005,0.0566701641962734));
#10869=CARTESIAN_POINT('',(-0.027878138055611,-0.0025,0.0566701641962734));
#10870=CARTESIAN_POINT('',(-0.0273683686585476,-0.0005,0.0569811842153151));
#10871=CARTESIAN_POINT('',(-0.0273683686585476,-0.0025,0.0569811842153151));
#10872=CARTESIAN_POINT('',(-0.0267880508181406,-0.0005,0.0571366942248359));
#10873=CARTESIAN_POINT('',(-0.0267880508181406,-0.0025,0.0571366942248359));
#10874=CARTESIAN_POINT('',(-0.0261371845343901,-0.0005,0.0571366942248359));
#10875=CARTESIAN_POINT('',(-0.0261371845343901,-0.0025,0.0571366942248359));
#10876=CARTESIAN_POINT('',(-0.027878138055611,-0.0005,0.0566701641962734));
#10877=CARTESIAN_POINT('',(-0.027878138055611,-0.0005,0.0566701641962734));
#10878=CARTESIAN_POINT('',(-0.027878138055611,-0.0005,0.0566701641962734));
#10879=CARTESIAN_POINT('',(-0.0271134839600159,-0.0005,0.0571366942248359));
#10880=CARTESIAN_POINT('',(-0.0261371845343901,-0.0005,0.0571366942248359));
#10881=CARTESIAN_POINT('',(-0.0290717722018598,-0.0005,0.0553809482880752));
#10882=CARTESIAN_POINT('',(-0.0290717722018598,-0.0025,0.0553809482880752));
#10883=CARTESIAN_POINT('',(-0.028785785501424,-0.0005,0.0559294055411657));
#10884=CARTESIAN_POINT('',(-0.028785785501424,-0.0025,0.0559294055411657));
#10885=CARTESIAN_POINT('',(-0.0283879074526744,-0.0005,0.0563591441772317));
#10886=CARTESIAN_POINT('',(-0.0283879074526744,-0.0025,0.0563591441772317));
#10887=CARTESIAN_POINT('',(-0.027878138055611,-0.0005,0.0566701641962734));
#10888=CARTESIAN_POINT('',(-0.027878138055611,-0.0025,0.0566701641962734));
#10889=CARTESIAN_POINT('',(-0.0290717722018598,-0.0005,0.0553809482880752));
#10890=CARTESIAN_POINT('',(-0.0290717722018598,-0.0005,0.0553809482880752));
#10891=CARTESIAN_POINT('',(-0.0290717722018598,-0.0005,0.0553809482880752));
#10892=CARTESIAN_POINT('',(-0.0286427921512061,-0.0005,0.0562036341677109));
#10893=CARTESIAN_POINT('',(-0.027878138055611,-0.0005,0.0566701641962734));
#10894=CARTESIAN_POINT('',(-0.0295007522525137,-0.0005,0.053509138783233));
#10895=CARTESIAN_POINT('',(-0.0295007522525137,-0.0025,0.053509138783233));
#10896=CARTESIAN_POINT('',(-0.0295007522525137,-0.0005,0.0542085545333706));
#10897=CARTESIAN_POINT('',(-0.0295007522525137,-0.0025,0.0542085545333706));
#10898=CARTESIAN_POINT('',(-0.0293577589022957,-0.0005,0.0548324910349847));
#10899=CARTESIAN_POINT('',(-0.0293577589022957,-0.0025,0.0548324910349847));
#10900=CARTESIAN_POINT('',(-0.0290717722018598,-0.0005,0.0553809482880752));
#10901=CARTESIAN_POINT('',(-0.0290717722018598,-0.0025,0.0553809482880752));
#10902=CARTESIAN_POINT('',(-0.0295007522525137,-0.0005,0.053509138783233));
#10903=CARTESIAN_POINT('',(-0.0295007522525137,-0.0005,0.053509138783233));
#10904=CARTESIAN_POINT('',(-0.0295007522525137,-0.0005,0.053509138783233));
#10905=CARTESIAN_POINT('',(-0.0295007522525137,-0.0005,0.0545582624084394));
#10906=CARTESIAN_POINT('',(-0.0290717722018598,-0.0005,0.0553809482880752));
#10907=CARTESIAN_POINT('',(-0.0290638070550308,-0.0005,0.0516157095941405));
#10908=CARTESIAN_POINT('',(-0.0290638070550308,-0.0025,0.0516157095941405));
#10909=CARTESIAN_POINT('',(-0.0293551038533527,-0.0005,0.052169476945117));
#10910=CARTESIAN_POINT('',(-0.0293551038533527,-0.0025,0.052169476945117));
#10911=CARTESIAN_POINT('',(-0.0295007522525137,-0.0005,0.0528006200081479));
#10912=CARTESIAN_POINT('',(-0.0295007522525137,-0.0025,0.0528006200081479));
#10913=CARTESIAN_POINT('',(-0.0295007522525137,-0.0005,0.053509138783233));
#10914=CARTESIAN_POINT('',(-0.0295007522525137,-0.0025,0.053509138783233));
#10915=CARTESIAN_POINT('',(-0.0290638070550308,-0.0005,0.0516157095941405));
#10916=CARTESIAN_POINT('',(-0.0290638070550308,-0.0005,0.0516157095941405));
#10917=CARTESIAN_POINT('',(-0.0290638070550308,-0.0005,0.0516157095941405));
#10918=CARTESIAN_POINT('',(-0.0295007522525137,-0.0005,0.0524463606206053));
#10919=CARTESIAN_POINT('',(-0.0295007522525137,-0.0005,0.053509138783233));
#10920=CARTESIAN_POINT('',(-0.0278553804932421,-0.0005,0.0503196664172315));
#10921=CARTESIAN_POINT('',(-0.0278553804932421,-0.0025,0.0503196664172315));
#10922=CARTESIAN_POINT('',(-0.0283697014027793,-0.0005,0.0506299278508609));
#10923=CARTESIAN_POINT('',(-0.0283697014027793,-0.0025,0.0506299278508609));
#10924=CARTESIAN_POINT('',(-0.0287725102567088,-0.0005,0.0510619422431639));
#10925=CARTESIAN_POINT('',(-0.0287725102567088,-0.0025,0.0510619422431639));
#10926=CARTESIAN_POINT('',(-0.0290638070550308,-0.0005,0.0516157095941405));
#10927=CARTESIAN_POINT('',(-0.0290638070550308,-0.0025,0.0516157095941405));
#10928=CARTESIAN_POINT('',(-0.0278553804932421,-0.0005,0.0503196664172315));
#10929=CARTESIAN_POINT('',(-0.0278553804932421,-0.0005,0.0503196664172315));
#10930=CARTESIAN_POINT('',(-0.0278553804932421,-0.0005,0.0503196664172315));
#10931=CARTESIAN_POINT('',(-0.0286268618575478,-0.0005,0.0507850585676756));
#10932=CARTESIAN_POINT('',(-0.0290638070550308,-0.0005,0.0516157095941405));
#10933=CARTESIAN_POINT('',(-0.0261075997033105,-0.0005,0.0498542742667875));
#10934=CARTESIAN_POINT('',(-0.0261075997033105,-0.0025,0.0498542742667875));
#10935=CARTESIAN_POINT('',(-0.0267584659870611,-0.0005,0.0498542742667875));
#10936=CARTESIAN_POINT('',(-0.0267584659870611,-0.0025,0.0498542742667875));
#10937=CARTESIAN_POINT('',(-0.0273410595837049,-0.0005,0.0500094049836022));
#10938=CARTESIAN_POINT('',(-0.0273410595837049,-0.0025,0.0500094049836022));
#10939=CARTESIAN_POINT('',(-0.0278553804932421,-0.0005,0.0503196664172315));
#10940=CARTESIAN_POINT('',(-0.0278553804932421,-0.0025,0.0503196664172315));
#10941=CARTESIAN_POINT('',(-0.0261075997033105,-0.0005,0.0498542742667875));
#10942=CARTESIAN_POINT('',(-0.0261075997033105,-0.0005,0.0498542742667875));
#10943=CARTESIAN_POINT('',(-0.0261075997033105,-0.0005,0.0498542742667875));
#10944=CARTESIAN_POINT('',(-0.0270838991289363,-0.0005,0.0498542742667875));
#10945=CARTESIAN_POINT('',(-0.0278553804932421,-0.0005,0.0503196664172315));
#10946=CARTESIAN_POINT('',(-0.0260768025361522,-0.0005,0.0526417850133998));
#10947=CARTESIAN_POINT('',(-0.0247683171579006,-0.0005,0.0501819831648997));
#10948=CARTESIAN_POINT('',(-0.0247681894356148,-0.0005,0.05018174338778));
#10949=CARTESIAN_POINT('',(-0.0260768025361522,-0.0005,0.0526417850133998));
#10950=CARTESIAN_POINT('',(-0.0262139618916709,-0.0005,0.0528638549573565));
#10951=CARTESIAN_POINT('',(-0.023733985948234,-0.0005,0.0510922856596557));
#10952=CARTESIAN_POINT('',(-0.0237342658301438,-0.00050000025,0.0510924855931267));
#10953=CARTESIAN_POINT('',(-0.0262139618916709,-0.0005,0.0528638549573565));
#10954=CARTESIAN_POINT('',(-0.023733985948234,-0.0005,0.050589343531303));
#10955=CARTESIAN_POINT('',(-0.023733985948234,-0.0005,0.0500864014029503));
#10956=CARTESIAN_POINT('',(-0.023733985948234,-0.0005,0.0500864014029503));
#10957=CARTESIAN_POINT('',(-0.023733985948234,-0.0005,0.050589343531303));
#10958=CARTESIAN_POINT('',(-0.0232390089667104,-0.0005,0.0500864014029503));
#10959=CARTESIAN_POINT('',(-0.0232390089667104,-0.0005,0.0500864014029503));
#10960=CARTESIAN_POINT('',(-0.0248923458728111,-0.0005,0.0511059401970771));
#10961=CARTESIAN_POINT('',(-0.0248923458728111,-0.0025,0.0511059401970771));
#10962=CARTESIAN_POINT('',(-0.0245282248749087,-0.0005,0.0513395845040644));
#10963=CARTESIAN_POINT('',(-0.0245282248749087,-0.0025,0.0513395845040644));
#10964=CARTESIAN_POINT('',(-0.0242441346380036,-0.0005,0.0516650176459397));
#10965=CARTESIAN_POINT('',(-0.0242441346380036,-0.0025,0.0516650176459397));
#10966=CARTESIAN_POINT('',(-0.0240400751620958,-0.0005,0.0520822396227029));
#10967=CARTESIAN_POINT('',(-0.0240400751620958,-0.0025,0.0520822396227029));
#10968=CARTESIAN_POINT('',(-0.0248923458728111,-0.0025,0.0511059401970771));
#10969=CARTESIAN_POINT('',(-0.0243461643759575,-0.0025,0.0514564066575581));
#10970=CARTESIAN_POINT('',(-0.0240400751620958,-0.0025,0.0520822396227029));
#10971=CARTESIAN_POINT('',(-0.0248923458728111,-0.0005,0.0511059401970771));
#10972=CARTESIAN_POINT('',(-0.0243461643759575,-0.0005,0.0514564066575581));
#10973=CARTESIAN_POINT('',(-0.0240400751620958,-0.0005,0.0520822396227029));
#10974=CARTESIAN_POINT('',(0.,-0.0005,0.));
#10975=CARTESIAN_POINT('',(-0.0382555864958299,-0.0005,0.0541053869172982));
#10976=CARTESIAN_POINT('',(-0.0382555864958299,-0.0025,0.0541053869172982));
#10977=CARTESIAN_POINT('',(-0.0383526854286039,-0.0005,0.0548154228632079));
#10978=CARTESIAN_POINT('',(-0.0383526854286039,-0.0025,0.0548154228632079));
#10979=CARTESIAN_POINT('',(-0.0385905019553589,-0.0005,0.0553475705299341));
#10980=CARTESIAN_POINT('',(-0.0385905019553589,-0.0025,0.0553475705299341));
#10981=CARTESIAN_POINT('',(-0.038969036076095,-0.0005,0.0557018299174767));
#10982=CARTESIAN_POINT('',(-0.038969036076095,-0.0025,0.0557018299174767));
#10983=CARTESIAN_POINT('',(-0.0382555864958299,-0.0025,0.0541053869172982));
#10984=CARTESIAN_POINT('',(-0.0384012348949909,-0.0025,0.0551704408361628));
#10985=CARTESIAN_POINT('',(-0.038969036076095,-0.0025,0.0557018299174767));
#10986=CARTESIAN_POINT('',(-0.0382555864958299,-0.0025,0.0541053869172982));
#10987=CARTESIAN_POINT('',(-0.038969036076095,-0.0025,0.0557018299174767));
#10988=CARTESIAN_POINT('',(-0.0382555864958299,-0.0005,0.0541053869172982));
#10989=CARTESIAN_POINT('',(-0.0382555864958299,-0.0005,0.0541053869172982));
#10990=CARTESIAN_POINT('',(-0.0382555864958299,-0.0005,0.0541053869172982));
#10991=CARTESIAN_POINT('',(-0.0384012348949909,-0.0005,0.0551704408361628));
#10992=CARTESIAN_POINT('',(-0.038969036076095,-0.0005,0.0557018299174767));
#10993=CARTESIAN_POINT('',(-0.038969036076095,-0.0005,0.0557018299174767));
#10994=CARTESIAN_POINT('',(-0.038969036076095,-0.0005,0.0557018299174767));
#10995=CARTESIAN_POINT('',(-0.0405427215139045,-0.0005,0.0541053869172982));
#10996=CARTESIAN_POINT('',(-0.0405427215139045,-0.0025,0.0541053869172982));
#10997=CARTESIAN_POINT('',(-0.0428298565319791,-0.0025,0.0541053869172982));
#10998=CARTESIAN_POINT('',(-0.0428298565319791,-0.0005,0.0541053869172982));
#10999=CARTESIAN_POINT('',(-0.0428298565319791,-0.0005,0.0541053869172982));
#11000=CARTESIAN_POINT('',(-0.0405427215139045,-0.0005,0.0541053869172982));
#11001=CARTESIAN_POINT('',(-0.0420640645582656,-0.0005,0.0556290057178962));
#11002=CARTESIAN_POINT('',(-0.0420640645582656,-0.0025,0.0556290057178962));
#11003=CARTESIAN_POINT('',(-0.0424668734121951,-0.0005,0.0552261968639667));
#11004=CARTESIAN_POINT('',(-0.0424668734121951,-0.0025,0.0552261968639667));
#11005=CARTESIAN_POINT('',(-0.042722137403433,-0.0005,0.054718323930434));
#11006=CARTESIAN_POINT('',(-0.042722137403433,-0.0025,0.054718323930434));
#11007=CARTESIAN_POINT('',(-0.0428298565319791,-0.0005,0.0541053869172982));
#11008=CARTESIAN_POINT('',(-0.0428298565319791,-0.0025,0.0541053869172982));
#11009=CARTESIAN_POINT('',(-0.0420640645582656,-0.0025,0.0556290057178962));
#11010=CARTESIAN_POINT('',(-0.0426682778391599,-0.0025,0.0550247924370019));
#11011=CARTESIAN_POINT('',(-0.0428298565319791,-0.0025,0.0541053869172982));
#11012=CARTESIAN_POINT('',(-0.0420640645582656,-0.0025,0.0556290057178962));
#11013=CARTESIAN_POINT('',(-0.0420640645582656,-0.0005,0.0556290057178962));
#11014=CARTESIAN_POINT('',(-0.0420640645582656,-0.0005,0.0556290057178962));
#11015=CARTESIAN_POINT('',(-0.0420640645582656,-0.0005,0.0556290057178962));
#11016=CARTESIAN_POINT('',(-0.0426682778391599,-0.0005,0.0550247924370019));
#11017=CARTESIAN_POINT('',(-0.0428298565319791,-0.0005,0.0541053869172982));
#11018=CARTESIAN_POINT('',(-0.0405131366828249,-0.0005,0.0562332189987905));
#11019=CARTESIAN_POINT('',(-0.0405131366828249,-0.0025,0.0562332189987905));
#11020=CARTESIAN_POINT('',(-0.0411442797458558,-0.0005,0.0562332189987905));
#11021=CARTESIAN_POINT('',(-0.0411442797458558,-0.0025,0.0562332189987905));
#11022=CARTESIAN_POINT('',(-0.041661255704336,-0.0005,0.0560318145718257));
#11023=CARTESIAN_POINT('',(-0.041661255704336,-0.0025,0.0560318145718257));
#11024=CARTESIAN_POINT('',(-0.0420640645582656,-0.0005,0.0556290057178962));
#11025=CARTESIAN_POINT('',(-0.0420640645582656,-0.0025,0.0556290057178962));
#11026=CARTESIAN_POINT('',(-0.0405131366828249,-0.0025,0.0562332189987905));
#11027=CARTESIAN_POINT('',(-0.0414598512773712,-0.0025,0.0562332189987905));
#11028=CARTESIAN_POINT('',(-0.0420640645582656,-0.0025,0.0556290057178962));
#11029=CARTESIAN_POINT('',(-0.0405131366828249,-0.0025,0.0562332189987905));
#11030=CARTESIAN_POINT('',(-0.0405131366828249,-0.0005,0.0562332189987905));
#11031=CARTESIAN_POINT('',(-0.0405131366828249,-0.0005,0.0562332189987905));
#11032=CARTESIAN_POINT('',(-0.0405131366828249,-0.0005,0.0562332189987905));
#11033=CARTESIAN_POINT('',(-0.0414598512773712,-0.0005,0.0562332189987905));
#11034=CARTESIAN_POINT('',(-0.0420640645582656,-0.0005,0.0556290057178962));
#11035=CARTESIAN_POINT('',(-0.0405131366828249,-0.0005,0.0571366942248359));
#11036=CARTESIAN_POINT('',(-0.0405131366828249,-0.0025,0.0571366942248359));
#11037=CARTESIAN_POINT('',(-0.0399017168405138,-0.0005,0.0571366942248359));
#11038=CARTESIAN_POINT('',(-0.0399017168405138,-0.0025,0.0571366942248359));
#11039=CARTESIAN_POINT('',(-0.0393483287822434,-0.0005,0.056986115020495));
#11040=CARTESIAN_POINT('',(-0.0393483287822434,-0.0025,0.056986115020495));
#11041=CARTESIAN_POINT('',(-0.0388529725080136,-0.0005,0.0566849566118132));
#11042=CARTESIAN_POINT('',(-0.0388529725080136,-0.0025,0.0566849566118132));
#11043=CARTESIAN_POINT('',(-0.0405131366828249,-0.0005,0.0571366942248359));
#11044=CARTESIAN_POINT('',(-0.0405131366828249,-0.0005,0.0571366942248359));
#11045=CARTESIAN_POINT('',(-0.0405131366828249,-0.0005,0.0571366942248359));
#11046=CARTESIAN_POINT('',(-0.0395960069193583,-0.0005,0.0571366942248359));
#11047=CARTESIAN_POINT('',(-0.0388529725080136,-0.0005,0.0566849566118132));
#11048=CARTESIAN_POINT('',(-0.0388529725080136,-0.0005,0.0566849566118132));
#11049=CARTESIAN_POINT('',(-0.0388529725080136,-0.0005,0.0566849566118132));
#11050=CARTESIAN_POINT('',(-0.0422540902040459,-0.0005,0.0566701641962734));
#11051=CARTESIAN_POINT('',(-0.0422540902040459,-0.0025,0.0566701641962734));
#11052=CARTESIAN_POINT('',(-0.0417443208069825,-0.0005,0.0569811842153151));
#11053=CARTESIAN_POINT('',(-0.0417443208069825,-0.0025,0.0569811842153151));
#11054=CARTESIAN_POINT('',(-0.0411640029665755,-0.0005,0.0571366942248359));
#11055=CARTESIAN_POINT('',(-0.0411640029665755,-0.0025,0.0571366942248359));
#11056=CARTESIAN_POINT('',(-0.0405131366828249,-0.0005,0.0571366942248359));
#11057=CARTESIAN_POINT('',(-0.0405131366828249,-0.0025,0.0571366942248359));
#11058=CARTESIAN_POINT('',(-0.0422540902040459,-0.0005,0.0566701641962734));
#11059=CARTESIAN_POINT('',(-0.0422540902040459,-0.0005,0.0566701641962734));
#11060=CARTESIAN_POINT('',(-0.0422540902040459,-0.0005,0.0566701641962734));
#11061=CARTESIAN_POINT('',(-0.0414894361084508,-0.0005,0.0571366942248359));
#11062=CARTESIAN_POINT('',(-0.0405131366828249,-0.0005,0.0571366942248359));
#11063=CARTESIAN_POINT('',(-0.0434477243502947,-0.0005,0.055372983141246));
#11064=CARTESIAN_POINT('',(-0.0434477243502947,-0.0025,0.055372983141246));
#11065=CARTESIAN_POINT('',(-0.0431617376498589,-0.0005,0.0559267504922226));
#11066=CARTESIAN_POINT('',(-0.0431617376498589,-0.0025,0.0559267504922226));
#11067=CARTESIAN_POINT('',(-0.0427638596011093,-0.0005,0.0563591441772317));
#11068=CARTESIAN_POINT('',(-0.0427638596011093,-0.0025,0.0563591441772317));
#11069=CARTESIAN_POINT('',(-0.0422540902040459,-0.0005,0.0566701641962734));
#11070=CARTESIAN_POINT('',(-0.0422540902040459,-0.0025,0.0566701641962734));
#11071=CARTESIAN_POINT('',(-0.0434477243502947,-0.0005,0.055372983141246));
#11072=CARTESIAN_POINT('',(-0.0434477243502947,-0.0005,0.055372983141246));
#11073=CARTESIAN_POINT('',(-0.0434477243502947,-0.0005,0.055372983141246));
#11074=CARTESIAN_POINT('',(-0.043018744299641,-0.0005,0.0562036341677109));
#11075=CARTESIAN_POINT('',(-0.0422540902040459,-0.0005,0.0566701641962734));
#11076=CARTESIAN_POINT('',(-0.0438767044009485,-0.0005,0.0534954842458117));
#11077=CARTESIAN_POINT('',(-0.0438767044009485,-0.0025,0.0534954842458117));
#11078=CARTESIAN_POINT('',(-0.0438767044009485,-0.0005,0.0541933828251247));
#11079=CARTESIAN_POINT('',(-0.0438767044009485,-0.0025,0.0541933828251247));
#11080=CARTESIAN_POINT('',(-0.0437337110507306,-0.0005,0.0548192157902695));
#11081=CARTESIAN_POINT('',(-0.0437337110507306,-0.0025,0.0548192157902695));
#11082=CARTESIAN_POINT('',(-0.0434477243502947,-0.0005,0.055372983141246));
#11083=CARTESIAN_POINT('',(-0.0434477243502947,-0.0025,0.055372983141246));
#11084=CARTESIAN_POINT('',(-0.0438767044009485,-0.0005,0.0534954842458117));
#11085=CARTESIAN_POINT('',(-0.0438767044009485,-0.0005,0.0534954842458117));
#11086=CARTESIAN_POINT('',(-0.0438767044009485,-0.0005,0.0534954842458117));
#11087=CARTESIAN_POINT('',(-0.0438767044009485,-0.0005,0.0545423321147812));
#11088=CARTESIAN_POINT('',(-0.0434477243502947,-0.0005,0.055372983141246));
#11089=CARTESIAN_POINT('',(-0.0434397592034656,-0.0005,0.0516157095941405));
#11090=CARTESIAN_POINT('',(-0.0434397592034656,-0.0025,0.0516157095941405));
#11091=CARTESIAN_POINT('',(-0.0437310560017876,-0.0005,0.052169476945117));
#11092=CARTESIAN_POINT('',(-0.0437310560017876,-0.0025,0.052169476945117));
#11093=CARTESIAN_POINT('',(-0.0438767044009485,-0.0005,0.0527960684956741));
#11094=CARTESIAN_POINT('',(-0.0438767044009485,-0.0025,0.0527960684956741));
#11095=CARTESIAN_POINT('',(-0.0438767044009485,-0.0005,0.0534954842458117));
#11096=CARTESIAN_POINT('',(-0.0438767044009485,-0.0025,0.0534954842458117));
#11097=CARTESIAN_POINT('',(-0.0434397592034656,-0.0005,0.0516157095941405));
#11098=CARTESIAN_POINT('',(-0.0434397592034656,-0.0005,0.0516157095941405));
#11099=CARTESIAN_POINT('',(-0.0434397592034656,-0.0005,0.0516157095941405));
#11100=CARTESIAN_POINT('',(-0.0438767044009485,-0.0005,0.0524463606206053));
#11101=CARTESIAN_POINT('',(-0.0438767044009485,-0.0005,0.0534954842458117));
#11102=CARTESIAN_POINT('',(-0.042231332641677,-0.0005,0.0503196664172315));
#11103=CARTESIAN_POINT('',(-0.042231332641677,-0.0025,0.0503196664172315));
#11104=CARTESIAN_POINT('',(-0.0427456535512142,-0.0005,0.0506299278508609));
#11105=CARTESIAN_POINT('',(-0.0427456535512142,-0.0025,0.0506299278508609));
#11106=CARTESIAN_POINT('',(-0.0431484624051437,-0.0005,0.0510619422431639));
#11107=CARTESIAN_POINT('',(-0.0431484624051437,-0.0025,0.0510619422431639));
#11108=CARTESIAN_POINT('',(-0.0434397592034656,-0.0005,0.0516157095941405));
#11109=CARTESIAN_POINT('',(-0.0434397592034656,-0.0025,0.0516157095941405));
#11110=CARTESIAN_POINT('',(-0.042231332641677,-0.0005,0.0503196664172315));
#11111=CARTESIAN_POINT('',(-0.042231332641677,-0.0005,0.0503196664172315));
#11112=CARTESIAN_POINT('',(-0.042231332641677,-0.0005,0.0503196664172315));
#11113=CARTESIAN_POINT('',(-0.0430028140059827,-0.0005,0.0507850585676756));
#11114=CARTESIAN_POINT('',(-0.0434397592034656,-0.0005,0.0516157095941405));
#11115=CARTESIAN_POINT('',(-0.0404698973143241,-0.0005,0.0498542742667875));
#11116=CARTESIAN_POINT('',(-0.0404698973143241,-0.0025,0.0498542742667875));
#11117=CARTESIAN_POINT('',(-0.0411298666230222,-0.0005,0.0498542742667875));
#11118=CARTESIAN_POINT('',(-0.0411298666230222,-0.0025,0.0498542742667875));
#11119=CARTESIAN_POINT('',(-0.0417170117321398,-0.0005,0.0500094049836022));
#11120=CARTESIAN_POINT('',(-0.0417170117321398,-0.0025,0.0500094049836022));
#11121=CARTESIAN_POINT('',(-0.042231332641677,-0.0005,0.0503196664172315));
#11122=CARTESIAN_POINT('',(-0.042231332641677,-0.0025,0.0503196664172315));
#11123=CARTESIAN_POINT('',(-0.0404698973143241,-0.0005,0.0498542742667875));
#11124=CARTESIAN_POINT('',(-0.0404698973143241,-0.0005,0.0498542742667875));
#11125=CARTESIAN_POINT('',(-0.0404698973143241,-0.0005,0.0498542742667875));
#11126=CARTESIAN_POINT('',(-0.0414598512773712,-0.0005,0.0498542742667875));
#11127=CARTESIAN_POINT('',(-0.042231332641677,-0.0005,0.0503196664172315));
#11128=CARTESIAN_POINT('',(-0.0386049150781926,-0.0005,0.0502832543174413));
#11129=CARTESIAN_POINT('',(-0.0386049150781926,-0.0025,0.0502832543174413));
#11130=CARTESIAN_POINT('',(-0.0391290975980896,-0.0005,0.0499972676170054));
#11131=CARTESIAN_POINT('',(-0.0391290975980896,-0.0025,0.0499972676170054));
#11132=CARTESIAN_POINT('',(-0.0397507583434668,-0.0005,0.0498542742667875));
#11133=CARTESIAN_POINT('',(-0.0397507583434668,-0.0025,0.0498542742667875));
#11134=CARTESIAN_POINT('',(-0.0404698973143241,-0.0005,0.0498542742667875));
#11135=CARTESIAN_POINT('',(-0.0404698973143241,-0.0025,0.0498542742667875));
#11136=CARTESIAN_POINT('',(-0.0386049150781926,-0.0005,0.0502832543174413));
#11137=CARTESIAN_POINT('',(-0.0386049150781926,-0.0005,0.0502832543174413));
#11138=CARTESIAN_POINT('',(-0.0386049150781926,-0.0005,0.0502832543174413));
#11139=CARTESIAN_POINT('',(-0.0393911888580381,-0.0005,0.0498542742667875));
#11140=CARTESIAN_POINT('',(-0.0404698973143241,-0.0005,0.0498542742667875));
#11141=CARTESIAN_POINT('',(-0.0402236432188193,-0.0005,0.0532795653982107));
#11142=CARTESIAN_POINT('',(-0.0373387342875546,-0.0005,0.0514702462365461));
#11143=CARTESIAN_POINT('',(-0.0373387342902625,-0.0005,0.0514702462359652));
#11144=CARTESIAN_POINT('',(-0.0402236432188193,-0.0005,0.0532795653982107));
#11145=CARTESIAN_POINT('',(-0.0377310246832268,-0.0005,0.0517317731622219));
#11146=CARTESIAN_POINT('',(-0.038124111213398,-0.0005,0.0519938308490027));
#11147=CARTESIAN_POINT('',(-0.0381235926340903,-0.0005,0.0519934851294642));
#11148=CARTESIAN_POINT('',(-0.0377310246832268,-0.0005,0.0517317731622219));
#11149=CARTESIAN_POINT('',(-0.0402963162753527,-0.0005,0.0532756854115796));
#11150=CARTESIAN_POINT('',(-0.0390498254225046,-0.0005,0.0510831826347082));
#11151=CARTESIAN_POINT('',(-0.0390498254225046,-0.0005,0.0510831826347082));
#11152=CARTESIAN_POINT('',(-0.0402963162753527,-0.0005,0.0532756854115796));
#11153=CARTESIAN_POINT('',(-0.0404994821454036,-0.0005,0.050755473736596));
#11154=CARTESIAN_POINT('',(-0.0404994821454036,-0.0025,0.050755473736596));
#11155=CARTESIAN_POINT('',(-0.0399168885487597,-0.0005,0.050755473736596));
#11156=CARTESIAN_POINT('',(-0.0399168885487597,-0.0025,0.050755473736596));
#11157=CARTESIAN_POINT('',(-0.0394336696411267,-0.0005,0.0508647100359667));
#11158=CARTESIAN_POINT('',(-0.0394336696411267,-0.0025,0.0508647100359667));
#11159=CARTESIAN_POINT('',(-0.0390498254225046,-0.0005,0.0510831826347082));
#11160=CARTESIAN_POINT('',(-0.0390498254225046,-0.0025,0.0510831826347082));
#11161=CARTESIAN_POINT('',(-0.0404994821454036,-0.0005,0.050755473736596));
#11162=CARTESIAN_POINT('',(-0.0404994821454036,-0.0005,0.050755473736596));
#11163=CARTESIAN_POINT('',(-0.0404994821454036,-0.0005,0.050755473736596));
#11164=CARTESIAN_POINT('',(-0.0396255917504378,-0.0005,0.050755473736596));
#11165=CARTESIAN_POINT('',(-0.0390498254225046,-0.0005,0.0510831826347082));
#11166=CARTESIAN_POINT('',(-0.0422028856887158,-0.0005,0.0514985081479406));
#11167=CARTESIAN_POINT('',(-0.0422028856887158,-0.0025,0.0514985081479406));
#11168=CARTESIAN_POINT('',(-0.0417849051265404,-0.0005,0.0510031518737109));
#11169=CARTESIAN_POINT('',(-0.0417849051265404,-0.0025,0.0510031518737109));
#11170=CARTESIAN_POINT('',(-0.0412171039454363,-0.0005,0.050755473736596));
#11171=CARTESIAN_POINT('',(-0.0412171039454363,-0.0025,0.050755473736596));
#11172=CARTESIAN_POINT('',(-0.0404994821454036,-0.0005,0.050755473736596));
#11173=CARTESIAN_POINT('',(-0.0404994821454036,-0.0025,0.050755473736596));
#11174=CARTESIAN_POINT('',(-0.0422028856887158,-0.0005,0.0514985081479406));
#11175=CARTESIAN_POINT('',(-0.0422028856887158,-0.0005,0.0514985081479406));
#11176=CARTESIAN_POINT('',(-0.0422028856887158,-0.0005,0.0514985081479406));
#11177=CARTESIAN_POINT('',(-0.0415759148454527,-0.0005,0.050755473736596));
#11178=CARTESIAN_POINT('',(-0.0404994821454036,-0.0005,0.050755473736596));
#11179=CARTESIAN_POINT('',(-0.0428867504379013,-0.0005,0.0532906661844916));
#11180=CARTESIAN_POINT('',(-0.0428867504379013,-0.0025,0.0532906661844916));
#11181=CARTESIAN_POINT('',(-0.0428488211672865,-0.0005,0.052591250434354));
#11182=CARTESIAN_POINT('',(-0.0428488211672865,-0.0025,0.052591250434354));
#11183=CARTESIAN_POINT('',(-0.0426208662508913,-0.0005,0.0519938644221703));
#11184=CARTESIAN_POINT('',(-0.0426208662508913,-0.0025,0.0519938644221703));
#11185=CARTESIAN_POINT('',(-0.0422028856887158,-0.0005,0.0514985081479406));
#11186=CARTESIAN_POINT('',(-0.0422028856887158,-0.0025,0.0514985081479406));
#11187=CARTESIAN_POINT('',(-0.0428867504379013,-0.0005,0.0532906661844916));
#11188=CARTESIAN_POINT('',(-0.0428867504379013,-0.0005,0.0532906661844916));
#11189=CARTESIAN_POINT('',(-0.0428867504379013,-0.0005,0.0532906661844916));
#11190=CARTESIAN_POINT('',(-0.0428298565319791,-0.0005,0.0522415425592852));
#11191=CARTESIAN_POINT('',(-0.0422028856887158,-0.0005,0.0514985081479406));
#11192=CARTESIAN_POINT('',(-0.0400830187540527,-0.0005,0.0532906661844916));
#11193=CARTESIAN_POINT('',(-0.0372787600567037,-0.0005,0.0532906661844916));
#11194=CARTESIAN_POINT('',(-0.0372787600567037,-0.0005,0.0532906661844916));
#11195=CARTESIAN_POINT('',(-0.0400830187540527,-0.0005,0.0532906661844916));
#11196=CARTESIAN_POINT('',(-0.0423676452411197,-0.0005,0.0536553909920071));
#11197=CARTESIAN_POINT('',(-0.0372656325327827,-0.0005,0.0537139568445531));
#11198=CARTESIAN_POINT('',(-0.0372656325327827,-0.0005,0.0537139568445531));
#11199=CARTESIAN_POINT('',(-0.0423676452411197,-0.0005,0.0536553909920071));
#11200=CARTESIAN_POINT('',(-0.0376877853147259,-0.0005,0.0554537724876556));
#11201=CARTESIAN_POINT('',(-0.0376877853147259,-0.0025,0.0554537724876556));
#11202=CARTESIAN_POINT('',(-0.0374063501267638,-0.0005,0.0549341414802324));
#11203=CARTESIAN_POINT('',(-0.0374063501267638,-0.0025,0.0549341414802324));
#11204=CARTESIAN_POINT('',(-0.0372656325327827,-0.0005,0.0543542029325316));
#11205=CARTESIAN_POINT('',(-0.0372656325327827,-0.0025,0.0543542029325316));
#11206=CARTESIAN_POINT('',(-0.0372656325327827,-0.0005,0.0537139568445531));
#11207=CARTESIAN_POINT('',(-0.0372656325327827,-0.0025,0.0537139568445531));
#11208=CARTESIAN_POINT('',(-0.0376877853147259,-0.0005,0.0554537724876556));
#11209=CARTESIAN_POINT('',(-0.0376877853147259,-0.0005,0.0554537724876556));
#11210=CARTESIAN_POINT('',(-0.0376877853147259,-0.0005,0.0554537724876556));
#11211=CARTESIAN_POINT('',(-0.0372656325327827,-0.0005,0.0546743259765208));
#11212=CARTESIAN_POINT('',(-0.0372656325327827,-0.0005,0.0537139568445531));
#11213=CARTESIAN_POINT('',(-0.0405041994101923,-0.0005,0.0539573237572028));
#11214=CARTESIAN_POINT('',(-0.0405041994101923,-0.0005,0.0539573237572028));
#11215=CARTESIAN_POINT('',(-0.038969036076095,-0.0005,0.0557018299174767));
#11216=CARTESIAN_POINT('',(-0.038969036076095,-0.0025,0.0557018299174767));
#11217=CARTESIAN_POINT('',(-0.0393475701968311,-0.0005,0.0560560893050192));
#11218=CARTESIAN_POINT('',(-0.0393475701968311,-0.0025,0.0560560893050192));
#11219=CARTESIAN_POINT('',(-0.0398622703990744,-0.0005,0.0562332189987905));
#11220=CARTESIAN_POINT('',(-0.0398622703990744,-0.0025,0.0562332189987905));
#11221=CARTESIAN_POINT('',(-0.0405131366828249,-0.0005,0.0562332189987905));
#11222=CARTESIAN_POINT('',(-0.0405131366828249,-0.0025,0.0562332189987905));
#11223=CARTESIAN_POINT('',(-0.038969036076095,-0.0025,0.0557018299174767));
#11224=CARTESIAN_POINT('',(-0.0395368372571991,-0.0025,0.0562332189987905));
#11225=CARTESIAN_POINT('',(-0.0405131366828249,-0.0025,0.0562332189987905));
#11226=CARTESIAN_POINT('',(-0.038969036076095,-0.0005,0.0557018299174767));
#11227=CARTESIAN_POINT('',(-0.0395368372571991,-0.0005,0.0562332189987905));
#11228=CARTESIAN_POINT('',(-0.0405131366828249,-0.0005,0.0562332189987905));
#11229=CARTESIAN_POINT('',(0.,-0.0005,0.));
#11230=CARTESIAN_POINT('',(0.0542683874142177,-0.0005,0.054942305996069));
#11231=CARTESIAN_POINT('',(0.0542584560462274,-0.0005,0.0571366942248359));
#11232=CARTESIAN_POINT('',(0.0542584560462274,-0.0005,0.0571366942248359));
#11233=CARTESIAN_POINT('',(0.0542683874142177,-0.0005,0.054942305996069));
#11234=CARTESIAN_POINT('',(0.05492980413611,-0.0005,0.0570344494429412));
#11235=CARTESIAN_POINT('',(0.05492980413611,-0.0005,0.0570344494429412));
#11236=CARTESIAN_POINT('',(0.0528964159384486,-0.0005,0.0567134035647743));
#11237=CARTESIAN_POINT('',(0.0528964159384486,-0.0025,0.0567134035647743));
#11238=CARTESIAN_POINT('',(0.0532992247923782,-0.0005,0.0569955973381487));
#11239=CARTESIAN_POINT('',(0.0532992247923782,-0.0025,0.0569955973381487));
#11240=CARTESIAN_POINT('',(0.0537532381616378,-0.0005,0.0571366942248359));
#11241=CARTESIAN_POINT('',(0.0537532381616378,-0.0025,0.0571366942248359));
#11242=CARTESIAN_POINT('',(0.0542584560462274,-0.0005,0.0571366942248359));
#11243=CARTESIAN_POINT('',(0.0542584560462274,-0.0025,0.0571366942248359));
#11244=CARTESIAN_POINT('',(0.0528964159384486,-0.0005,0.0567134035647743));
#11245=CARTESIAN_POINT('',(0.0528964159384486,-0.0005,0.0567134035647743));
#11246=CARTESIAN_POINT('',(0.0528964159384486,-0.0005,0.0567134035647743));
#11247=CARTESIAN_POINT('',(0.053500629219343,-0.0005,0.0571366942248359));
#11248=CARTESIAN_POINT('',(0.0542584560462274,-0.0005,0.0571366942248359));
#11249=CARTESIAN_POINT('',(0.0518984968285723,-0.0005,0.0555345618340652));
#11250=CARTESIAN_POINT('',(0.0518984968285723,-0.0025,0.0555345618340652));
#11251=CARTESIAN_POINT('',(0.052160967381227,-0.0005,0.0560382625478303));
#11252=CARTESIAN_POINT('',(0.052160967381227,-0.0025,0.0560382625478303));
#11253=CARTESIAN_POINT('',(0.0524936070845191,-0.0005,0.0564312097914));
#11254=CARTESIAN_POINT('',(0.0524936070845191,-0.0025,0.0564312097914));
#11255=CARTESIAN_POINT('',(0.0528964159384486,-0.0005,0.0567134035647743));
#11256=CARTESIAN_POINT('',(0.0528964159384486,-0.0025,0.0567134035647743));
#11257=CARTESIAN_POINT('',(0.0518984968285723,-0.0005,0.0555345618340652));
#11258=CARTESIAN_POINT('',(0.0518984968285723,-0.0005,0.0555345618340652));
#11259=CARTESIAN_POINT('',(0.0518984968285723,-0.0005,0.0555345618340652));
#11260=CARTESIAN_POINT('',(0.0522922026575543,-0.0005,0.0562901129047128));
#11261=CARTESIAN_POINT('',(0.0528964159384486,-0.0005,0.0567134035647743));
#11262=CARTESIAN_POINT('',(0.0518984968285723,-0.0005,0.0562184265832507));
#11263=CARTESIAN_POINT('',(0.0518984968285723,-0.0005,0.0569022913324362));
#11264=CARTESIAN_POINT('',(0.0518984968285723,-0.0005,0.0569022913324362));
#11265=CARTESIAN_POINT('',(0.0518984968285723,-0.0005,0.0562184265832507));
#11266=CARTESIAN_POINT('',(0.0514035198470487,-0.0005,0.0569022913324362));
#11267=CARTESIAN_POINT('',(0.0509085428655251,-0.0005,0.0569022913324362));
#11268=CARTESIAN_POINT('',(0.0509085428655251,-0.0005,0.0569022913324362));
#11269=CARTESIAN_POINT('',(0.0514035198470487,-0.0005,0.0569022913324362));
#11270=CARTESIAN_POINT('',(0.0509085428655251,-0.0005,0.0534943463676933));
#11271=CARTESIAN_POINT('',(0.0509085428655251,-0.0005,0.0500864014029503));
#11272=CARTESIAN_POINT('',(0.0509085428655251,-0.0005,0.0500864014029503));
#11273=CARTESIAN_POINT('',(0.0509085428655251,-0.0005,0.0534943463676933));
#11274=CARTESIAN_POINT('',(0.0514035198470487,-0.0005,0.0500864014029503));
#11275=CARTESIAN_POINT('',(0.0518984968285723,-0.0005,0.0500864014029503));
#11276=CARTESIAN_POINT('',(0.0518984968285723,-0.0005,0.0500864014029503));
#11277=CARTESIAN_POINT('',(0.0514035198470487,-0.0005,0.0500864014029503));
#11278=CARTESIAN_POINT('',(0.0518984968285723,-0.0005,0.0517181186248005));
#11279=CARTESIAN_POINT('',(0.0518984968285723,-0.0005,0.0533498358466507));
#11280=CARTESIAN_POINT('',(0.0518984968285723,-0.0005,0.0533498358466507));
#11281=CARTESIAN_POINT('',(0.0518984968285723,-0.0005,0.0517181186248005));
#11282=CARTESIAN_POINT('',(0.0522262057266845,-0.0005,0.0549144182595127));
#11283=CARTESIAN_POINT('',(0.0522262057266845,-0.0025,0.0549144182595127));
#11284=CARTESIAN_POINT('',(0.052007733127943,-0.0005,0.0544721629641437));
#11285=CARTESIAN_POINT('',(0.052007733127943,-0.0025,0.0544721629641437));
#11286=CARTESIAN_POINT('',(0.0518984968285723,-0.0005,0.0539506354931897));
#11287=CARTESIAN_POINT('',(0.0518984968285723,-0.0025,0.0539506354931897));
#11288=CARTESIAN_POINT('',(0.0518984968285723,-0.0005,0.0533498358466507));
#11289=CARTESIAN_POINT('',(0.0518984968285723,-0.0025,0.0533498358466507));
#11290=CARTESIAN_POINT('',(0.0522262057266845,-0.0005,0.0549144182595127));
#11291=CARTESIAN_POINT('',(0.0522262057266845,-0.0005,0.0549144182595127));
#11292=CARTESIAN_POINT('',(0.0522262057266845,-0.0005,0.0549144182595127));
#11293=CARTESIAN_POINT('',(0.0518984968285723,-0.0005,0.0542510353164592));
#11294=CARTESIAN_POINT('',(0.0518984968285723,-0.0005,0.0533498358466507));
#11295=CARTESIAN_POINT('',(0.0530932688529396,-0.0005,0.0559271297849288));
#11296=CARTESIAN_POINT('',(0.0530932688529396,-0.0025,0.0559271297849288));
#11297=CARTESIAN_POINT('',(0.052733699367511,-0.0005,0.0556942440633537));
#11298=CARTESIAN_POINT('',(0.052733699367511,-0.0025,0.0556942440633537));
#11299=CARTESIAN_POINT('',(0.052444678325426,-0.0005,0.0553566735548817));
#11300=CARTESIAN_POINT('',(0.052444678325426,-0.0025,0.0553566735548817));
#11301=CARTESIAN_POINT('',(0.0522262057266845,-0.0005,0.0549144182595127));
#11302=CARTESIAN_POINT('',(0.0522262057266845,-0.0025,0.0549144182595127));
#11303=CARTESIAN_POINT('',(0.0530932688529396,-0.0005,0.0559271297849288));
#11304=CARTESIAN_POINT('',(0.0530932688529396,-0.0005,0.0559271297849288));
#11305=CARTESIAN_POINT('',(0.0530932688529396,-0.0005,0.0559271297849288));
#11306=CARTESIAN_POINT('',(0.0525539146247967,-0.0005,0.0555778012025662));
#11307=CARTESIAN_POINT('',(0.0522262057266845,-0.0005,0.0549144182595127));
#11308=CARTESIAN_POINT('',(0.0542547278420889,-0.0005,0.0541761471610994));
#11309=CARTESIAN_POINT('',(0.0542584560462274,-0.0005,0.0562764583672914));
#11310=CARTESIAN_POINT('',(0.0542584596730105,-0.0005,0.0562762496701375));
#11311=CARTESIAN_POINT('',(0.0542547278420889,-0.0005,0.0541761471610994));
#11312=CARTESIAN_POINT('',(0.0542764260858775,-0.0005,0.0547293318838095));
#11313=CARTESIAN_POINT('',(0.05492980413611,-0.0005,0.0561312442498137));
#11314=CARTESIAN_POINT('',(0.05492980413611,-0.0005,0.0561312442498137));
#11315=CARTESIAN_POINT('',(0.0542764260858775,-0.0005,0.0547293318838095));
#11316=CARTESIAN_POINT('',(0.05492980413611,-0.0005,0.0565825475811531));
#11317=CARTESIAN_POINT('',(0.05492980413611,-0.0005,0.0565825475811531));
#11318=CARTESIAN_POINT('',(0.,-0.0005,0.));
#11319=CARTESIAN_POINT('',(0.0392999103011486,-0.0005,0.0571366942248359));
#11320=CARTESIAN_POINT('',(0.0392999103011486,-0.0025,0.0571366942248359));
#11321=CARTESIAN_POINT('',(0.0399310533641795,-0.0005,0.0571366942248359));
#11322=CARTESIAN_POINT('',(0.0399310533641795,-0.0025,0.0571366942248359));
#11323=CARTESIAN_POINT('',(0.0404556151767826,-0.0005,0.0569155665771514));
#11324=CARTESIAN_POINT('',(0.0404556151767826,-0.0025,0.0569155665771514));
#11325=CARTESIAN_POINT('',(0.0408735957389581,-0.0005,0.0564733112817824));
#11326=CARTESIAN_POINT('',(0.0408735957389581,-0.0025,0.0564733112817824));
#11327=CARTESIAN_POINT('',(0.0392999103011486,-0.0005,0.0571366942248359));
#11328=CARTESIAN_POINT('',(0.0392999103011486,-0.0005,0.0571366942248359));
#11329=CARTESIAN_POINT('',(0.0392999103011486,-0.0005,0.0571366942248359));
#11330=CARTESIAN_POINT('',(0.0402466248956949,-0.0005,0.0571366942248359));
#11331=CARTESIAN_POINT('',(0.0408735957389581,-0.0005,0.0564733112817824));
#11332=CARTESIAN_POINT('',(0.0408735957389581,-0.0005,0.0564733112817824));
#11333=CARTESIAN_POINT('',(0.0408735957389581,-0.0005,0.0564733112817824));
#11334=CARTESIAN_POINT('',(0.0380186595397795,-0.0005,0.0567281959803141));
#11335=CARTESIAN_POINT('',(0.0380186595397795,-0.0025,0.0567281959803141));
#11336=CARTESIAN_POINT('',(0.0383873320501557,-0.0005,0.0570005281433286));
#11337=CARTESIAN_POINT('',(0.0383873320501557,-0.0025,0.0570005281433286));
#11338=CARTESIAN_POINT('',(0.0388144156372787,-0.0005,0.0571366942248359));
#11339=CARTESIAN_POINT('',(0.0388144156372787,-0.0025,0.0571366942248359));
#11340=CARTESIAN_POINT('',(0.0392999103011486,-0.0005,0.0571366942248359));
#11341=CARTESIAN_POINT('',(0.0392999103011486,-0.0025,0.0571366942248359));
#11342=CARTESIAN_POINT('',(0.0380186595397795,-0.0005,0.0567281959803141));
#11343=CARTESIAN_POINT('',(0.0380186595397795,-0.0005,0.0567281959803141));
#11344=CARTESIAN_POINT('',(0.0380186595397795,-0.0005,0.0567281959803141));
#11345=CARTESIAN_POINT('',(0.0385716683053438,-0.0005,0.0571366942248359));
#11346=CARTESIAN_POINT('',(0.0392999103011486,-0.0005,0.0571366942248359));
#11347=CARTESIAN_POINT('',(0.0371447691448137,-0.0005,0.0555914557399875));
#11348=CARTESIAN_POINT('',(0.0371447691448137,-0.0025,0.0555914557399875));
#11349=CARTESIAN_POINT('',(0.0373586902310813,-0.0005,0.0560769504038574));
#11350=CARTESIAN_POINT('',(0.0373586902310813,-0.0025,0.0560769504038574));
#11351=CARTESIAN_POINT('',(0.0376499870294032,-0.0005,0.0564558638172996));
#11352=CARTESIAN_POINT('',(0.0376499870294032,-0.0025,0.0564558638172996));
#11353=CARTESIAN_POINT('',(0.0380186595397795,-0.0005,0.0567281959803141));
#11354=CARTESIAN_POINT('',(0.0380186595397795,-0.0025,0.0567281959803141));
#11355=CARTESIAN_POINT('',(0.0371447691448137,-0.0005,0.0555914557399875));
#11356=CARTESIAN_POINT('',(0.0371447691448137,-0.0005,0.0555914557399875));
#11357=CARTESIAN_POINT('',(0.0371447691448137,-0.0005,0.0555914557399875));
#11358=CARTESIAN_POINT('',(0.0374656507742151,-0.0005,0.0563196977357923));
#11359=CARTESIAN_POINT('',(0.0380186595397795,-0.0005,0.0567281959803141));
#11360=CARTESIAN_POINT('',(0.0363732877805079,-0.0005,0.0567361611271432));
#11361=CARTESIAN_POINT('',(0.0363732877805079,-0.0025,0.0567361611271432));
#11362=CARTESIAN_POINT('',(0.0367419602908841,-0.0005,0.0564691390620148));
#11363=CARTESIAN_POINT('',(0.0367419602908841,-0.0025,0.0564691390620148));
#11364=CARTESIAN_POINT('',(0.0369991207456527,-0.0005,0.0560875705996296));
#11365=CARTESIAN_POINT('',(0.0369991207456527,-0.0025,0.0560875705996296));
#11366=CARTESIAN_POINT('',(0.0371447691448137,-0.0005,0.0555914557399875));
#11367=CARTESIAN_POINT('',(0.0371447691448137,-0.0025,0.0555914557399875));
#11368=CARTESIAN_POINT('',(0.0363732877805079,-0.0005,0.0567361611271432));
#11369=CARTESIAN_POINT('',(0.0363732877805079,-0.0005,0.0567361611271432));
#11370=CARTESIAN_POINT('',(0.0363732877805079,-0.0005,0.0567361611271432));
#11371=CARTESIAN_POINT('',(0.0369262965460722,-0.0005,0.0563356280294506));
#11372=CARTESIAN_POINT('',(0.0371447691448137,-0.0005,0.0555914557399875));
#11373=CARTESIAN_POINT('',(0.0350761067254805,-0.0005,0.0571366942248359));
#11374=CARTESIAN_POINT('',(0.0350761067254805,-0.0025,0.0571366942248359));
#11375=CARTESIAN_POINT('',(0.0355722215851226,-0.0005,0.0571366942248359));
#11376=CARTESIAN_POINT('',(0.0355722215851226,-0.0025,0.0571366942248359));
#11377=CARTESIAN_POINT('',(0.0360046152701317,-0.0005,0.0570031831922717));
#11378=CARTESIAN_POINT('',(0.0360046152701317,-0.0025,0.0570031831922717));
#11379=CARTESIAN_POINT('',(0.0363732877805079,-0.0005,0.0567361611271432));
#11380=CARTESIAN_POINT('',(0.0363732877805079,-0.0025,0.0567361611271432));
#11381=CARTESIAN_POINT('',(0.0350761067254805,-0.0005,0.0571366942248359));
#11382=CARTESIAN_POINT('',(0.0350761067254805,-0.0005,0.0571366942248359));
#11383=CARTESIAN_POINT('',(0.0350761067254805,-0.0005,0.0571366942248359));
#11384=CARTESIAN_POINT('',(0.0358202790149436,-0.0005,0.0571366942248359));
#11385=CARTESIAN_POINT('',(0.0363732877805079,-0.0005,0.0567361611271432));
#11386=CARTESIAN_POINT('',(0.0338904377260607,-0.0005,0.0568010201798946));
#11387=CARTESIAN_POINT('',(0.0338904377260607,-0.0025,0.0568010201798946));
#11388=CARTESIAN_POINT('',(0.0342348355032434,-0.0005,0.0570248028765221));
#11389=CARTESIAN_POINT('',(0.0342348355032434,-0.0025,0.0570248028765221));
#11390=CARTESIAN_POINT('',(0.03463005850305,-0.0005,0.0571366942248359));
#11391=CARTESIAN_POINT('',(0.03463005850305,-0.0025,0.0571366942248359));
#11392=CARTESIAN_POINT('',(0.0350761067254805,-0.0005,0.0571366942248359));
#11393=CARTESIAN_POINT('',(0.0350761067254805,-0.0025,0.0571366942248359));
#11394=CARTESIAN_POINT('',(0.0338904377260607,-0.0005,0.0568010201798946));
#11395=CARTESIAN_POINT('',(0.0338904377260607,-0.0005,0.0568010201798946));
#11396=CARTESIAN_POINT('',(0.0338904377260607,-0.0005,0.0568010201798946));
#11397=CARTESIAN_POINT('',(0.0344070343918348,-0.0005,0.0571366942248359));
#11398=CARTESIAN_POINT('',(0.0350761067254805,-0.0005,0.0571366942248359));
#11399=CARTESIAN_POINT('',(0.0330370291372269,-0.0005,0.0558395131698085));
#11400=CARTESIAN_POINT('',(0.0330370291372269,-0.0025,0.0558395131698085));
#11401=CARTESIAN_POINT('',(0.0332615704192668,-0.0005,0.0562567351465717));
#11402=CARTESIAN_POINT('',(0.0332615704192668,-0.0025,0.0562567351465717));
#11403=CARTESIAN_POINT('',(0.0335460399488781,-0.0005,0.0565772374832671));
#11404=CARTESIAN_POINT('',(0.0335460399488781,-0.0025,0.0565772374832671));
#11405=CARTESIAN_POINT('',(0.0338904377260607,-0.0005,0.0568010201798946));
#11406=CARTESIAN_POINT('',(0.0338904377260607,-0.0025,0.0568010201798946));
#11407=CARTESIAN_POINT('',(0.0330370291372269,-0.0005,0.0558395131698085));
#11408=CARTESIAN_POINT('',(0.0330370291372269,-0.0005,0.0558395131698085));
#11409=CARTESIAN_POINT('',(0.0330370291372269,-0.0005,0.0558395131698085));
#11410=CARTESIAN_POINT('',(0.0333738410602867,-0.0005,0.0564653461349533));
#11411=CARTESIAN_POINT('',(0.0338904377260607,-0.0005,0.0568010201798946));
#11412=CARTESIAN_POINT('',(0.0330370291372269,-0.0005,0.0563709022511224));
#11413=CARTESIAN_POINT('',(0.0330370291372269,-0.0005,0.0569022913324362));
#11414=CARTESIAN_POINT('',(0.0330370291372269,-0.0005,0.0569022913324362));
#11415=CARTESIAN_POINT('',(0.0330370291372269,-0.0005,0.0563709022511224));
#11416=CARTESIAN_POINT('',(0.0325420521557034,-0.0005,0.0569022913324362));
#11417=CARTESIAN_POINT('',(0.0320470751741798,-0.0005,0.0569022913324362));
#11418=CARTESIAN_POINT('',(0.0320470751741798,-0.0005,0.0569022913324362));
#11419=CARTESIAN_POINT('',(0.0325420521557034,-0.0005,0.0569022913324362));
#11420=CARTESIAN_POINT('',(0.0320470751741798,-0.0005,0.0534943463676933));
#11421=CARTESIAN_POINT('',(0.0320470751741798,-0.0005,0.0500864014029503));
#11422=CARTESIAN_POINT('',(0.0320470751741798,-0.0005,0.0500864014029503));
#11423=CARTESIAN_POINT('',(0.0320470751741798,-0.0005,0.0534943463676933));
#11424=CARTESIAN_POINT('',(0.0325420521557034,-0.0005,0.0500864014029503));
#11425=CARTESIAN_POINT('',(0.0330370291372269,-0.0005,0.0500864014029503));
#11426=CARTESIAN_POINT('',(0.0330370291372269,-0.0005,0.0500864014029503));
#11427=CARTESIAN_POINT('',(0.0325420521557034,-0.0005,0.0500864014029503));
#11428=CARTESIAN_POINT('',(0.0330370291372269,-0.0005,0.051790942824381));
#11429=CARTESIAN_POINT('',(0.0330370291372269,-0.0005,0.0534954842458117));
#11430=CARTESIAN_POINT('',(0.0330370291372269,-0.0005,0.0534954842458117));
#11431=CARTESIAN_POINT('',(0.0330370291372269,-0.0005,0.051790942824381));
#11432=CARTESIAN_POINT('',(0.033481939481539,-0.0005,0.0554901845874459));
#11433=CARTESIAN_POINT('',(0.033481939481539,-0.0025,0.0554901845874459));
#11434=CARTESIAN_POINT('',(0.033185332585331,-0.0005,0.0549948283132162));
#11435=CARTESIAN_POINT('',(0.033185332585331,-0.0025,0.0549948283132162));
#11436=CARTESIAN_POINT('',(0.0330370291372269,-0.0005,0.0543299281993381));
#11437=CARTESIAN_POINT('',(0.0330370291372269,-0.0025,0.0543299281993381));
#11438=CARTESIAN_POINT('',(0.0330370291372269,-0.0005,0.0534954842458117));
#11439=CARTESIAN_POINT('',(0.0330370291372269,-0.0025,0.0534954842458117));
#11440=CARTESIAN_POINT('',(0.033481939481539,-0.0005,0.0554901845874459));
#11441=CARTESIAN_POINT('',(0.033481939481539,-0.0005,0.0554901845874459));
#11442=CARTESIAN_POINT('',(0.033481939481539,-0.0005,0.0554901845874459));
#11443=CARTESIAN_POINT('',(0.0330370291372269,-0.0005,0.0547471501761013));
#11444=CARTESIAN_POINT('',(0.0330370291372269,-0.0005,0.0534954842458117));
#11445=CARTESIAN_POINT('',(0.0348143947582382,-0.0005,0.0562332189987905));
#11446=CARTESIAN_POINT('',(0.0348143947582382,-0.0025,0.0562332189987905));
#11447=CARTESIAN_POINT('',(0.0342226981366467,-0.0005,0.0562332189987905));
#11448=CARTESIAN_POINT('',(0.0342226981366467,-0.0025,0.0562332189987905));
#11449=CARTESIAN_POINT('',(0.033778546377747,-0.0005,0.0559855408616756));
#11450=CARTESIAN_POINT('',(0.033778546377747,-0.0025,0.0559855408616756));
#11451=CARTESIAN_POINT('',(0.033481939481539,-0.0005,0.0554901845874459));
#11452=CARTESIAN_POINT('',(0.033481939481539,-0.0025,0.0554901845874459));
#11453=CARTESIAN_POINT('',(0.0348143947582382,-0.0005,0.0562332189987905));
#11454=CARTESIAN_POINT('',(0.0348143947582382,-0.0005,0.0562332189987905));
#11455=CARTESIAN_POINT('',(0.0348143947582382,-0.0005,0.0562332189987905));
#11456=CARTESIAN_POINT('',(0.033926849825851,-0.0005,0.0562332189987905));
#11457=CARTESIAN_POINT('',(0.033481939481539,-0.0005,0.0554901845874459));
#11458=CARTESIAN_POINT('',(0.0358783107989843,-0.0005,0.0557598617015174));
#11459=CARTESIAN_POINT('',(0.0358783107989843,-0.0025,0.0557598617015174));
#11460=CARTESIAN_POINT('',(0.0356059786359698,-0.0005,0.0560754332330328));
#11461=CARTESIAN_POINT('',(0.0356059786359698,-0.0025,0.0560754332330328));
#11462=CARTESIAN_POINT('',(0.0352513399557211,-0.0005,0.0562332189987905));
#11463=CARTESIAN_POINT('',(0.0352513399557211,-0.0025,0.0562332189987905));
#11464=CARTESIAN_POINT('',(0.0348143947582382,-0.0005,0.0562332189987905));
#11465=CARTESIAN_POINT('',(0.0348143947582382,-0.0025,0.0562332189987905));
#11466=CARTESIAN_POINT('',(0.0358783107989843,-0.0005,0.0557598617015174));
#11467=CARTESIAN_POINT('',(0.0358783107989843,-0.0005,0.0557598617015174));
#11468=CARTESIAN_POINT('',(0.0358783107989843,-0.0005,0.0557598617015174));
#11469=CARTESIAN_POINT('',(0.0354698125544625,-0.0005,0.0562332189987905));
#11470=CARTESIAN_POINT('',(0.0348143947582382,-0.0005,0.0562332189987905));
#11471=CARTESIAN_POINT('',(0.0362868090435061,-0.0005,0.0542077959479583));
#11472=CARTESIAN_POINT('',(0.0362868090435061,-0.0025,0.0542077959479583));
#11473=CARTESIAN_POINT('',(0.0362868090435061,-0.0005,0.0549269349188156));
#11474=CARTESIAN_POINT('',(0.0362868090435061,-0.0025,0.0549269349188156));
#11475=CARTESIAN_POINT('',(0.0361506429619988,-0.0005,0.0554442901700019));
#11476=CARTESIAN_POINT('',(0.0361506429619988,-0.0025,0.0554442901700019));
#11477=CARTESIAN_POINT('',(0.0358783107989843,-0.0005,0.0557598617015174));
#11478=CARTESIAN_POINT('',(0.0358783107989843,-0.0025,0.0557598617015174));
#11479=CARTESIAN_POINT('',(0.0362868090435061,-0.0005,0.0542077959479583));
#11480=CARTESIAN_POINT('',(0.0362868090435061,-0.0005,0.0542077959479583));
#11481=CARTESIAN_POINT('',(0.0362868090435061,-0.0005,0.0542077959479583));
#11482=CARTESIAN_POINT('',(0.0362868090435061,-0.0005,0.0552865044042442));
#11483=CARTESIAN_POINT('',(0.0358783107989843,-0.0005,0.0557598617015174));
#11484=CARTESIAN_POINT('',(0.0362868090435061,-0.0005,0.0521470986754543));
#11485=CARTESIAN_POINT('',(0.0362868090435061,-0.0005,0.0500864014029503));
#11486=CARTESIAN_POINT('',(0.0362868090435061,-0.0005,0.0500864014029503));
#11487=CARTESIAN_POINT('',(0.0362868090435061,-0.0005,0.0521470986754543));
#11488=CARTESIAN_POINT('',(0.0367817860250296,-0.0005,0.0500864014029503));
#11489=CARTESIAN_POINT('',(0.0372767630065532,-0.0005,0.0500864014029503));
#11490=CARTESIAN_POINT('',(0.0372767630065532,-0.0005,0.0500864014029503));
#11491=CARTESIAN_POINT('',(0.0367817860250296,-0.0005,0.0500864014029503));
#11492=CARTESIAN_POINT('',(0.0372767630065532,-0.0005,0.0520094154231224));
#11493=CARTESIAN_POINT('',(0.0372767630065532,-0.0005,0.0539324294432946));
#11494=CARTESIAN_POINT('',(0.0372767630065532,-0.0005,0.0539324294432946));
#11495=CARTESIAN_POINT('',(0.0372767630065532,-0.0005,0.0520094154231224));
#11496=CARTESIAN_POINT('',(0.0377933596723273,-0.0005,0.0556142133023564));
#11497=CARTESIAN_POINT('',(0.0377933596723273,-0.0025,0.0556142133023564));
#11498=CARTESIAN_POINT('',(0.0374975113615316,-0.0005,0.055201542838067));
#11499=CARTESIAN_POINT('',(0.0374975113615316,-0.0025,0.055201542838067));
#11500=CARTESIAN_POINT('',(0.0373253124729402,-0.0005,0.0546409482183797));
#11501=CARTESIAN_POINT('',(0.0373253124729402,-0.0025,0.0546409482183797));
#11502=CARTESIAN_POINT('',(0.0372767630065532,-0.0005,0.0539324294432946));
#11503=CARTESIAN_POINT('',(0.0372767630065532,-0.0025,0.0539324294432946));
#11504=CARTESIAN_POINT('',(0.0377933596723273,-0.0005,0.0556142133023564));
#11505=CARTESIAN_POINT('',(0.0377933596723273,-0.0005,0.0556142133023564));
#11506=CARTESIAN_POINT('',(0.0377933596723273,-0.0005,0.0556142133023564));
#11507=CARTESIAN_POINT('',(0.0373495872061338,-0.0005,0.0549952076059223));
#11508=CARTESIAN_POINT('',(0.0372767630065532,-0.0005,0.0539324294432946));
#11509=CARTESIAN_POINT('',(0.0390381983339062,-0.0005,0.0562332189987905));
#11510=CARTESIAN_POINT('',(0.0390381983339062,-0.0025,0.0562332189987905));
#11511=CARTESIAN_POINT('',(0.0385041542036493,-0.0005,0.0562332189987905));
#11512=CARTESIAN_POINT('',(0.0385041542036493,-0.0025,0.0562332189987905));
#11513=CARTESIAN_POINT('',(0.038089207983123,-0.0005,0.0560268837666458));
#11514=CARTESIAN_POINT('',(0.038089207983123,-0.0025,0.0560268837666458));
#11515=CARTESIAN_POINT('',(0.0377933596723273,-0.0005,0.0556142133023564));
#11516=CARTESIAN_POINT('',(0.0377933596723273,-0.0025,0.0556142133023564));
#11517=CARTESIAN_POINT('',(0.0390381983339062,-0.0005,0.0562332189987905));
#11518=CARTESIAN_POINT('',(0.0390381983339062,-0.0005,0.0562332189987905));
#11519=CARTESIAN_POINT('',(0.0390381983339062,-0.0005,0.0562332189987905));
#11520=CARTESIAN_POINT('',(0.0382371321385209,-0.0005,0.0562332189987905));
#11521=CARTESIAN_POINT('',(0.0377933596723273,-0.0005,0.0556142133023564));
#11522=CARTESIAN_POINT('',(0.0401021143746523,-0.0005,0.0557598617015174));
#11523=CARTESIAN_POINT('',(0.0401021143746523,-0.0025,0.0557598617015174));
#11524=CARTESIAN_POINT('',(0.0398297822116378,-0.0005,0.0560754332330328));
#11525=CARTESIAN_POINT('',(0.0398297822116378,-0.0025,0.0560754332330328));
#11526=CARTESIAN_POINT('',(0.0394751435313891,-0.0005,0.0562332189987905));
#11527=CARTESIAN_POINT('',(0.0394751435313891,-0.0025,0.0562332189987905));
#11528=CARTESIAN_POINT('',(0.0390381983339062,-0.0005,0.0562332189987905));
#11529=CARTESIAN_POINT('',(0.0390381983339062,-0.0025,0.0562332189987905));
#11530=CARTESIAN_POINT('',(0.0401021143746523,-0.0005,0.0557598617015174));
#11531=CARTESIAN_POINT('',(0.0401021143746523,-0.0005,0.0557598617015174));
#11532=CARTESIAN_POINT('',(0.0401021143746523,-0.0005,0.0557598617015174));
#11533=CARTESIAN_POINT('',(0.0396936161301306,-0.0005,0.0562332189987905));
#11534=CARTESIAN_POINT('',(0.0390381983339062,-0.0005,0.0562332189987905));
#11535=CARTESIAN_POINT('',(0.0405106126191742,-0.0005,0.0542077959479583));
#11536=CARTESIAN_POINT('',(0.0405106126191742,-0.0025,0.0542077959479583));
#11537=CARTESIAN_POINT('',(0.0405106126191742,-0.0005,0.0549269349188156));
#11538=CARTESIAN_POINT('',(0.0405106126191742,-0.0025,0.0549269349188156));
#11539=CARTESIAN_POINT('',(0.0403744465376669,-0.0005,0.0554442901700019));
#11540=CARTESIAN_POINT('',(0.0403744465376669,-0.0025,0.0554442901700019));
#11541=CARTESIAN_POINT('',(0.0401021143746523,-0.0005,0.0557598617015174));
#11542=CARTESIAN_POINT('',(0.0401021143746523,-0.0025,0.0557598617015174));
#11543=CARTESIAN_POINT('',(0.0405106126191742,-0.0005,0.0542077959479583));
#11544=CARTESIAN_POINT('',(0.0405106126191742,-0.0005,0.0542077959479583));
#11545=CARTESIAN_POINT('',(0.0405106126191742,-0.0005,0.0542077959479583));
#11546=CARTESIAN_POINT('',(0.0405106126191742,-0.0005,0.0552865044042442));
#11547=CARTESIAN_POINT('',(0.0401021143746523,-0.0005,0.0557598617015174));
#11548=CARTESIAN_POINT('',(0.0405106126191742,-0.0005,0.0521470986754543));
#11549=CARTESIAN_POINT('',(0.0405106126191742,-0.0005,0.0500864014029503));
#11550=CARTESIAN_POINT('',(0.0405106126191742,-0.0005,0.0500864014029503));
#11551=CARTESIAN_POINT('',(0.0405106126191742,-0.0005,0.0521470986754543));
#11552=CARTESIAN_POINT('',(0.0410055896006978,-0.0005,0.0500864014029503));
#11553=CARTESIAN_POINT('',(0.0415005665822214,-0.0005,0.0500864014029503));
#11554=CARTESIAN_POINT('',(0.0415005665822214,-0.0005,0.0500864014029503));
#11555=CARTESIAN_POINT('',(0.0410055896006978,-0.0005,0.0500864014029503));
#11556=CARTESIAN_POINT('',(0.0415005665822214,-0.0005,0.0523655712741958));
#11557=CARTESIAN_POINT('',(0.0415005665822214,-0.0005,0.0546447411454412));
#11558=CARTESIAN_POINT('',(0.0415005665822214,-0.0005,0.0546447411454412));
#11559=CARTESIAN_POINT('',(0.0415005665822214,-0.0005,0.0523655712741958));
#11560=CARTESIAN_POINT('',(0.0408735957389581,-0.0005,0.0564733112817824));
#11561=CARTESIAN_POINT('',(0.0408735957389581,-0.0025,0.0564733112817824));
#11562=CARTESIAN_POINT('',(0.0412915763011336,-0.0005,0.0560310559864135));
#11563=CARTESIAN_POINT('',(0.0412915763011336,-0.0025,0.0560310559864135));
#11564=CARTESIAN_POINT('',(0.0415005665822214,-0.0005,0.0554215326076331));
#11565=CARTESIAN_POINT('',(0.0415005665822214,-0.0025,0.0554215326076331));
#11566=CARTESIAN_POINT('',(0.0415005665822214,-0.0005,0.0546447411454412));
#11567=CARTESIAN_POINT('',(0.0415005665822214,-0.0025,0.0546447411454412));
#11568=CARTESIAN_POINT('',(0.0408735957389581,-0.0005,0.0564733112817824));
#11569=CARTESIAN_POINT('',(0.0415005665822214,-0.0005,0.055809928338729));
#11570=CARTESIAN_POINT('',(0.0415005665822214,-0.0005,0.0546447411454412));
#11571=CARTESIAN_POINT('',(0.,-0.0005,0.));
#11572=CARTESIAN_POINT('',(0.0280849835657541,-0.0005,0.0571366942248359));
#11573=CARTESIAN_POINT('',(0.0280849835657541,-0.0025,0.0571366942248359));
#11574=CARTESIAN_POINT('',(0.0287161266287849,-0.0005,0.0571366942248359));
#11575=CARTESIAN_POINT('',(0.0287161266287849,-0.0025,0.0571366942248359));
#11576=CARTESIAN_POINT('',(0.0292406884413881,-0.0005,0.0569155665771514));
#11577=CARTESIAN_POINT('',(0.0292406884413881,-0.0025,0.0569155665771514));
#11578=CARTESIAN_POINT('',(0.0296586690035636,-0.0005,0.0564733112817824));
#11579=CARTESIAN_POINT('',(0.0296586690035636,-0.0025,0.0564733112817824));
#11580=CARTESIAN_POINT('',(0.0280849835657541,-0.0005,0.0571366942248359));
#11581=CARTESIAN_POINT('',(0.0280849835657541,-0.0005,0.0571366942248359));
#11582=CARTESIAN_POINT('',(0.0280849835657541,-0.0005,0.0571366942248359));
#11583=CARTESIAN_POINT('',(0.0290316981603004,-0.0005,0.0571366942248359));
#11584=CARTESIAN_POINT('',(0.0296586690035636,-0.0005,0.0564733112817824));
#11585=CARTESIAN_POINT('',(0.0296586690035636,-0.0005,0.0564733112817824));
#11586=CARTESIAN_POINT('',(0.0296586690035636,-0.0005,0.0564733112817824));
#11587=CARTESIAN_POINT('',(0.0268037328043849,-0.0005,0.0567281959803141));
#11588=CARTESIAN_POINT('',(0.0268037328043849,-0.0025,0.0567281959803141));
#11589=CARTESIAN_POINT('',(0.0271724053147611,-0.0005,0.0570005281433286));
#11590=CARTESIAN_POINT('',(0.0271724053147611,-0.0025,0.0570005281433286));
#11591=CARTESIAN_POINT('',(0.0275994889018842,-0.0005,0.0571366942248359));
#11592=CARTESIAN_POINT('',(0.0275994889018842,-0.0025,0.0571366942248359));
#11593=CARTESIAN_POINT('',(0.0280849835657541,-0.0005,0.0571366942248359));
#11594=CARTESIAN_POINT('',(0.0280849835657541,-0.0025,0.0571366942248359));
#11595=CARTESIAN_POINT('',(0.0268037328043849,-0.0005,0.0567281959803141));
#11596=CARTESIAN_POINT('',(0.0268037328043849,-0.0005,0.0567281959803141));
#11597=CARTESIAN_POINT('',(0.0268037328043849,-0.0005,0.0567281959803141));
#11598=CARTESIAN_POINT('',(0.0273567415699492,-0.0005,0.0571366942248359));
#11599=CARTESIAN_POINT('',(0.0280849835657541,-0.0005,0.0571366942248359));
#11600=CARTESIAN_POINT('',(0.0259298424094191,-0.0005,0.0555914557399875));
#11601=CARTESIAN_POINT('',(0.0259298424094191,-0.0025,0.0555914557399875));
#11602=CARTESIAN_POINT('',(0.0261437634956868,-0.0005,0.0560769504038574));
#11603=CARTESIAN_POINT('',(0.0261437634956868,-0.0025,0.0560769504038574));
#11604=CARTESIAN_POINT('',(0.0264350602940087,-0.0005,0.0564558638172996));
#11605=CARTESIAN_POINT('',(0.0264350602940087,-0.0025,0.0564558638172996));
#11606=CARTESIAN_POINT('',(0.0268037328043849,-0.0005,0.0567281959803141));
#11607=CARTESIAN_POINT('',(0.0268037328043849,-0.0025,0.0567281959803141));
#11608=CARTESIAN_POINT('',(0.0259298424094191,-0.0005,0.0555914557399875));
#11609=CARTESIAN_POINT('',(0.0259298424094191,-0.0005,0.0555914557399875));
#11610=CARTESIAN_POINT('',(0.0259298424094191,-0.0005,0.0555914557399875));
#11611=CARTESIAN_POINT('',(0.0262507240388206,-0.0005,0.0563196977357923));
#11612=CARTESIAN_POINT('',(0.0268037328043849,-0.0005,0.0567281959803141));
#11613=CARTESIAN_POINT('',(0.0251583610451134,-0.0005,0.0567361611271432));
#11614=CARTESIAN_POINT('',(0.0251583610451134,-0.0025,0.0567361611271432));
#11615=CARTESIAN_POINT('',(0.0255270335554896,-0.0005,0.0564691390620148));
#11616=CARTESIAN_POINT('',(0.0255270335554896,-0.0025,0.0564691390620148));
#11617=CARTESIAN_POINT('',(0.0257841940102581,-0.0005,0.0560875705996296));
#11618=CARTESIAN_POINT('',(0.0257841940102581,-0.0025,0.0560875705996296));
#11619=CARTESIAN_POINT('',(0.0259298424094191,-0.0005,0.0555914557399875));
#11620=CARTESIAN_POINT('',(0.0259298424094191,-0.0025,0.0555914557399875));
#11621=CARTESIAN_POINT('',(0.0251583610451134,-0.0005,0.0567361611271432));
#11622=CARTESIAN_POINT('',(0.0251583610451134,-0.0005,0.0567361611271432));
#11623=CARTESIAN_POINT('',(0.0251583610451134,-0.0005,0.0567361611271432));
#11624=CARTESIAN_POINT('',(0.0257113698106777,-0.0005,0.0563356280294506));
#11625=CARTESIAN_POINT('',(0.0259298424094191,-0.0005,0.0555914557399875));
#11626=CARTESIAN_POINT('',(0.023861179990086,-0.0005,0.0571366942248359));
#11627=CARTESIAN_POINT('',(0.023861179990086,-0.0025,0.0571366942248359));
#11628=CARTESIAN_POINT('',(0.024357294849728,-0.0005,0.0571366942248359));
#11629=CARTESIAN_POINT('',(0.024357294849728,-0.0025,0.0571366942248359));
#11630=CARTESIAN_POINT('',(0.0247896885347372,-0.0005,0.0570031831922717));
#11631=CARTESIAN_POINT('',(0.0247896885347372,-0.0025,0.0570031831922717));
#11632=CARTESIAN_POINT('',(0.0251583610451134,-0.0005,0.0567361611271432));
#11633=CARTESIAN_POINT('',(0.0251583610451134,-0.0025,0.0567361611271432));
#11634=CARTESIAN_POINT('',(0.023861179990086,-0.0005,0.0571366942248359));
#11635=CARTESIAN_POINT('',(0.023861179990086,-0.0005,0.0571366942248359));
#11636=CARTESIAN_POINT('',(0.023861179990086,-0.0005,0.0571366942248359));
#11637=CARTESIAN_POINT('',(0.0246053522795491,-0.0005,0.0571366942248359));
#11638=CARTESIAN_POINT('',(0.0251583610451134,-0.0005,0.0567361611271432));
#11639=CARTESIAN_POINT('',(0.0226755109906662,-0.0005,0.0568010201798946));
#11640=CARTESIAN_POINT('',(0.0226755109906662,-0.0025,0.0568010201798946));
#11641=CARTESIAN_POINT('',(0.0230199087678489,-0.0005,0.0570248028765221));
#11642=CARTESIAN_POINT('',(0.0230199087678489,-0.0025,0.0570248028765221));
#11643=CARTESIAN_POINT('',(0.0234151317676555,-0.0005,0.0571366942248359));
#11644=CARTESIAN_POINT('',(0.0234151317676555,-0.0025,0.0571366942248359));
#11645=CARTESIAN_POINT('',(0.023861179990086,-0.0005,0.0571366942248359));
#11646=CARTESIAN_POINT('',(0.023861179990086,-0.0025,0.0571366942248359));
#11647=CARTESIAN_POINT('',(0.0226755109906662,-0.0005,0.0568010201798946));
#11648=CARTESIAN_POINT('',(0.0226755109906662,-0.0005,0.0568010201798946));
#11649=CARTESIAN_POINT('',(0.0226755109906662,-0.0005,0.0568010201798946));
#11650=CARTESIAN_POINT('',(0.0231921076564403,-0.0005,0.0571366942248359));
#11651=CARTESIAN_POINT('',(0.023861179990086,-0.0005,0.0571366942248359));
#11652=CARTESIAN_POINT('',(0.0218221024018325,-0.0005,0.0558395131698085));
#11653=CARTESIAN_POINT('',(0.0218221024018325,-0.0025,0.0558395131698085));
#11654=CARTESIAN_POINT('',(0.0220466436838723,-0.0005,0.0562567351465717));
#11655=CARTESIAN_POINT('',(0.0220466436838723,-0.0025,0.0562567351465717));
#11656=CARTESIAN_POINT('',(0.0223311132134835,-0.0005,0.0565772374832671));
#11657=CARTESIAN_POINT('',(0.0223311132134835,-0.0025,0.0565772374832671));
#11658=CARTESIAN_POINT('',(0.0226755109906662,-0.0005,0.0568010201798946));
#11659=CARTESIAN_POINT('',(0.0226755109906662,-0.0025,0.0568010201798946));
#11660=CARTESIAN_POINT('',(0.0218221024018325,-0.0005,0.0558395131698085));
#11661=CARTESIAN_POINT('',(0.0218221024018325,-0.0005,0.0558395131698085));
#11662=CARTESIAN_POINT('',(0.0218221024018325,-0.0005,0.0558395131698085));
#11663=CARTESIAN_POINT('',(0.0221589143248921,-0.0005,0.0564653461349533));
#11664=CARTESIAN_POINT('',(0.0226755109906662,-0.0005,0.0568010201798946));
#11665=CARTESIAN_POINT('',(0.0218221024018325,-0.0005,0.0563709022511224));
#11666=CARTESIAN_POINT('',(0.0218221024018325,-0.0005,0.0569022913324362));
#11667=CARTESIAN_POINT('',(0.0218221024018325,-0.0005,0.0569022913324362));
#11668=CARTESIAN_POINT('',(0.0218221024018325,-0.0005,0.0563709022511224));
#11669=CARTESIAN_POINT('',(0.0213271254203088,-0.0005,0.0569022913324362));
#11670=CARTESIAN_POINT('',(0.0208321484387852,-0.0005,0.0569022913324362));
#11671=CARTESIAN_POINT('',(0.0208321484387852,-0.0005,0.0569022913324362));
#11672=CARTESIAN_POINT('',(0.0213271254203088,-0.0005,0.0569022913324362));
#11673=CARTESIAN_POINT('',(0.0208321484387852,-0.0005,0.0534943463676933));
#11674=CARTESIAN_POINT('',(0.0208321484387852,-0.0005,0.0500864014029503));
#11675=CARTESIAN_POINT('',(0.0208321484387852,-0.0005,0.0500864014029503));
#11676=CARTESIAN_POINT('',(0.0208321484387852,-0.0005,0.0534943463676933));
#11677=CARTESIAN_POINT('',(0.0213271254203088,-0.0005,0.0500864014029503));
#11678=CARTESIAN_POINT('',(0.0218221024018325,-0.0005,0.0500864014029503));
#11679=CARTESIAN_POINT('',(0.0218221024018325,-0.0005,0.0500864014029503));
#11680=CARTESIAN_POINT('',(0.0213271254203088,-0.0005,0.0500864014029503));
#11681=CARTESIAN_POINT('',(0.0218221024018325,-0.0005,0.051790942824381));
#11682=CARTESIAN_POINT('',(0.0218221024018325,-0.0005,0.0534954842458117));
#11683=CARTESIAN_POINT('',(0.0218221024018325,-0.0005,0.0534954842458117));
#11684=CARTESIAN_POINT('',(0.0218221024018325,-0.0005,0.051790942824381));
#11685=CARTESIAN_POINT('',(0.0222670127461445,-0.0005,0.0554901845874459));
#11686=CARTESIAN_POINT('',(0.0222670127461445,-0.0025,0.0554901845874459));
#11687=CARTESIAN_POINT('',(0.0219704058499365,-0.0005,0.0549948283132162));
#11688=CARTESIAN_POINT('',(0.0219704058499365,-0.0025,0.0549948283132162));
#11689=CARTESIAN_POINT('',(0.0218221024018325,-0.0005,0.0543299281993381));
#11690=CARTESIAN_POINT('',(0.0218221024018325,-0.0025,0.0543299281993381));
#11691=CARTESIAN_POINT('',(0.0218221024018325,-0.0005,0.0534954842458117));
#11692=CARTESIAN_POINT('',(0.0218221024018325,-0.0025,0.0534954842458117));
#11693=CARTESIAN_POINT('',(0.0222670127461445,-0.0005,0.0554901845874459));
#11694=CARTESIAN_POINT('',(0.0222670127461445,-0.0005,0.0554901845874459));
#11695=CARTESIAN_POINT('',(0.0222670127461445,-0.0005,0.0554901845874459));
#11696=CARTESIAN_POINT('',(0.0218221024018325,-0.0005,0.0547471501761013));
#11697=CARTESIAN_POINT('',(0.0218221024018325,-0.0005,0.0534954842458117));
#11698=CARTESIAN_POINT('',(0.0235994680228436,-0.0005,0.0562332189987905));
#11699=CARTESIAN_POINT('',(0.0235994680228436,-0.0025,0.0562332189987905));
#11700=CARTESIAN_POINT('',(0.0230077714012522,-0.0005,0.0562332189987905));
#11701=CARTESIAN_POINT('',(0.0230077714012522,-0.0025,0.0562332189987905));
#11702=CARTESIAN_POINT('',(0.0225636196423524,-0.0005,0.0559855408616756));
#11703=CARTESIAN_POINT('',(0.0225636196423524,-0.0025,0.0559855408616756));
#11704=CARTESIAN_POINT('',(0.0222670127461445,-0.0005,0.0554901845874459));
#11705=CARTESIAN_POINT('',(0.0222670127461445,-0.0025,0.0554901845874459));
#11706=CARTESIAN_POINT('',(0.0235994680228436,-0.0005,0.0562332189987905));
#11707=CARTESIAN_POINT('',(0.0235994680228436,-0.0005,0.0562332189987905));
#11708=CARTESIAN_POINT('',(0.0235994680228436,-0.0005,0.0562332189987905));
#11709=CARTESIAN_POINT('',(0.0227119230904564,-0.0005,0.0562332189987905));
#11710=CARTESIAN_POINT('',(0.0222670127461445,-0.0005,0.0554901845874459));
#11711=CARTESIAN_POINT('',(0.0246633840635898,-0.0005,0.0557598617015174));
#11712=CARTESIAN_POINT('',(0.0246633840635898,-0.0025,0.0557598617015174));
#11713=CARTESIAN_POINT('',(0.0243910519005752,-0.0005,0.0560754332330328));
#11714=CARTESIAN_POINT('',(0.0243910519005752,-0.0025,0.0560754332330328));
#11715=CARTESIAN_POINT('',(0.0240364132203265,-0.0005,0.0562332189987905));
#11716=CARTESIAN_POINT('',(0.0240364132203265,-0.0025,0.0562332189987905));
#11717=CARTESIAN_POINT('',(0.0235994680228436,-0.0005,0.0562332189987905));
#11718=CARTESIAN_POINT('',(0.0235994680228436,-0.0025,0.0562332189987905));
#11719=CARTESIAN_POINT('',(0.0246633840635898,-0.0005,0.0557598617015174));
#11720=CARTESIAN_POINT('',(0.0246633840635898,-0.0005,0.0557598617015174));
#11721=CARTESIAN_POINT('',(0.0246633840635898,-0.0005,0.0557598617015174));
#11722=CARTESIAN_POINT('',(0.0242548858190679,-0.0005,0.0562332189987905));
#11723=CARTESIAN_POINT('',(0.0235994680228436,-0.0005,0.0562332189987905));
#11724=CARTESIAN_POINT('',(0.0250718823081116,-0.0005,0.0542077959479583));
#11725=CARTESIAN_POINT('',(0.0250718823081116,-0.0025,0.0542077959479583));
#11726=CARTESIAN_POINT('',(0.0250718823081116,-0.0005,0.0549269349188156));
#11727=CARTESIAN_POINT('',(0.0250718823081116,-0.0025,0.0549269349188156));
#11728=CARTESIAN_POINT('',(0.0249357162266043,-0.0005,0.0554442901700019));
#11729=CARTESIAN_POINT('',(0.0249357162266043,-0.0025,0.0554442901700019));
#11730=CARTESIAN_POINT('',(0.0246633840635898,-0.0005,0.0557598617015174));
#11731=CARTESIAN_POINT('',(0.0246633840635898,-0.0025,0.0557598617015174));
#11732=CARTESIAN_POINT('',(0.0250718823081116,-0.0005,0.0542077959479583));
#11733=CARTESIAN_POINT('',(0.0250718823081116,-0.0005,0.0542077959479583));
#11734=CARTESIAN_POINT('',(0.0250718823081116,-0.0005,0.0542077959479583));
#11735=CARTESIAN_POINT('',(0.0250718823081116,-0.0005,0.0552865044042442));
#11736=CARTESIAN_POINT('',(0.0246633840635898,-0.0005,0.0557598617015174));
#11737=CARTESIAN_POINT('',(0.0250718823081116,-0.0005,0.0521470986754543));
#11738=CARTESIAN_POINT('',(0.0250718823081116,-0.0005,0.0500864014029503));
#11739=CARTESIAN_POINT('',(0.0250718823081116,-0.0005,0.0500864014029503));
#11740=CARTESIAN_POINT('',(0.0250718823081116,-0.0005,0.0521470986754543));
#11741=CARTESIAN_POINT('',(0.0255668592896352,-0.0005,0.0500864014029503));
#11742=CARTESIAN_POINT('',(0.0260618362711587,-0.0005,0.0500864014029503));
#11743=CARTESIAN_POINT('',(0.0260618362711587,-0.0005,0.0500864014029503));
#11744=CARTESIAN_POINT('',(0.0255668592896352,-0.0005,0.0500864014029503));
#11745=CARTESIAN_POINT('',(0.0260618362711587,-0.0005,0.0520094154231224));
#11746=CARTESIAN_POINT('',(0.0260618362711587,-0.0005,0.0539324294432946));
#11747=CARTESIAN_POINT('',(0.0260618362711587,-0.0005,0.0539324294432946));
#11748=CARTESIAN_POINT('',(0.0260618362711587,-0.0005,0.0520094154231224));
#11749=CARTESIAN_POINT('',(0.0265784329369328,-0.0005,0.0556142133023564));
#11750=CARTESIAN_POINT('',(0.0265784329369328,-0.0025,0.0556142133023564));
#11751=CARTESIAN_POINT('',(0.0262825846261371,-0.0005,0.055201542838067));
#11752=CARTESIAN_POINT('',(0.0262825846261371,-0.0025,0.055201542838067));
#11753=CARTESIAN_POINT('',(0.0261103857375457,-0.0005,0.0546409482183797));
#11754=CARTESIAN_POINT('',(0.0261103857375457,-0.0025,0.0546409482183797));
#11755=CARTESIAN_POINT('',(0.0260618362711587,-0.0005,0.0539324294432946));
#11756=CARTESIAN_POINT('',(0.0260618362711587,-0.0025,0.0539324294432946));
#11757=CARTESIAN_POINT('',(0.0265784329369328,-0.0005,0.0556142133023564));
#11758=CARTESIAN_POINT('',(0.0265784329369328,-0.0005,0.0556142133023564));
#11759=CARTESIAN_POINT('',(0.0265784329369328,-0.0005,0.0556142133023564));
#11760=CARTESIAN_POINT('',(0.0261346604707392,-0.0005,0.0549952076059223));
#11761=CARTESIAN_POINT('',(0.0260618362711587,-0.0005,0.0539324294432946));
#11762=CARTESIAN_POINT('',(0.0278232715985117,-0.0005,0.0562332189987905));
#11763=CARTESIAN_POINT('',(0.0278232715985117,-0.0025,0.0562332189987905));
#11764=CARTESIAN_POINT('',(0.0272892274682548,-0.0005,0.0562332189987905));
#11765=CARTESIAN_POINT('',(0.0272892274682548,-0.0025,0.0562332189987905));
#11766=CARTESIAN_POINT('',(0.0268742812477285,-0.0005,0.0560268837666458));
#11767=CARTESIAN_POINT('',(0.0268742812477285,-0.0025,0.0560268837666458));
#11768=CARTESIAN_POINT('',(0.0265784329369328,-0.0005,0.0556142133023564));
#11769=CARTESIAN_POINT('',(0.0265784329369328,-0.0025,0.0556142133023564));
#11770=CARTESIAN_POINT('',(0.0278232715985117,-0.0005,0.0562332189987905));
#11771=CARTESIAN_POINT('',(0.0278232715985117,-0.0005,0.0562332189987905));
#11772=CARTESIAN_POINT('',(0.0278232715985117,-0.0005,0.0562332189987905));
#11773=CARTESIAN_POINT('',(0.0270222054031263,-0.0005,0.0562332189987905));
#11774=CARTESIAN_POINT('',(0.0265784329369328,-0.0005,0.0556142133023564));
#11775=CARTESIAN_POINT('',(0.0288871876392578,-0.0005,0.0557598617015174));
#11776=CARTESIAN_POINT('',(0.0288871876392578,-0.0025,0.0557598617015174));
#11777=CARTESIAN_POINT('',(0.0286148554762433,-0.0005,0.0560754332330328));
#11778=CARTESIAN_POINT('',(0.0286148554762433,-0.0025,0.0560754332330328));
#11779=CARTESIAN_POINT('',(0.0282602167959946,-0.0005,0.0562332189987905));
#11780=CARTESIAN_POINT('',(0.0282602167959946,-0.0025,0.0562332189987905));
#11781=CARTESIAN_POINT('',(0.0278232715985117,-0.0005,0.0562332189987905));
#11782=CARTESIAN_POINT('',(0.0278232715985117,-0.0025,0.0562332189987905));
#11783=CARTESIAN_POINT('',(0.0288871876392578,-0.0005,0.0557598617015174));
#11784=CARTESIAN_POINT('',(0.0288871876392578,-0.0005,0.0557598617015174));
#11785=CARTESIAN_POINT('',(0.0288871876392578,-0.0005,0.0557598617015174));
#11786=CARTESIAN_POINT('',(0.028478689394736,-0.0005,0.0562332189987905));
#11787=CARTESIAN_POINT('',(0.0278232715985117,-0.0005,0.0562332189987905));
#11788=CARTESIAN_POINT('',(0.0292956858837796,-0.0005,0.0542077959479583));
#11789=CARTESIAN_POINT('',(0.0292956858837796,-0.0025,0.0542077959479583));
#11790=CARTESIAN_POINT('',(0.0292956858837796,-0.0005,0.0549269349188156));
#11791=CARTESIAN_POINT('',(0.0292956858837796,-0.0025,0.0549269349188156));
#11792=CARTESIAN_POINT('',(0.0291595198022723,-0.0005,0.0554442901700019));
#11793=CARTESIAN_POINT('',(0.0291595198022723,-0.0025,0.0554442901700019));
#11794=CARTESIAN_POINT('',(0.0288871876392578,-0.0005,0.0557598617015174));
#11795=CARTESIAN_POINT('',(0.0288871876392578,-0.0025,0.0557598617015174));
#11796=CARTESIAN_POINT('',(0.0292956858837796,-0.0005,0.0542077959479583));
#11797=CARTESIAN_POINT('',(0.0292956858837796,-0.0005,0.0542077959479583));
#11798=CARTESIAN_POINT('',(0.0292956858837796,-0.0005,0.0542077959479583));
#11799=CARTESIAN_POINT('',(0.0292956858837796,-0.0005,0.0552865044042442));
#11800=CARTESIAN_POINT('',(0.0288871876392578,-0.0005,0.0557598617015174));
#11801=CARTESIAN_POINT('',(0.0292956858837796,-0.0005,0.0521470986754543));
#11802=CARTESIAN_POINT('',(0.0292956858837796,-0.0005,0.0500864014029503));
#11803=CARTESIAN_POINT('',(0.0292956858837796,-0.0005,0.0500864014029503));
#11804=CARTESIAN_POINT('',(0.0292956858837796,-0.0005,0.0521470986754543));
#11805=CARTESIAN_POINT('',(0.0297906628653032,-0.0005,0.0500864014029503));
#11806=CARTESIAN_POINT('',(0.0302856398468268,-0.0005,0.0500864014029503));
#11807=CARTESIAN_POINT('',(0.0302856398468268,-0.0005,0.0500864014029503));
#11808=CARTESIAN_POINT('',(0.0297906628653032,-0.0005,0.0500864014029503));
#11809=CARTESIAN_POINT('',(0.0302856398468268,-0.0005,0.0523655712741958));
#11810=CARTESIAN_POINT('',(0.0302856398468268,-0.0005,0.0546447411454412));
#11811=CARTESIAN_POINT('',(0.0302856398468268,-0.0005,0.0546447411454412));
#11812=CARTESIAN_POINT('',(0.0302856398468268,-0.0005,0.0523655712741958));
#11813=CARTESIAN_POINT('',(0.0296586690035636,-0.0005,0.0564733112817824));
#11814=CARTESIAN_POINT('',(0.0296586690035636,-0.0025,0.0564733112817824));
#11815=CARTESIAN_POINT('',(0.0300766495657391,-0.0005,0.0560310559864135));
#11816=CARTESIAN_POINT('',(0.0300766495657391,-0.0025,0.0560310559864135));
#11817=CARTESIAN_POINT('',(0.0302856398468268,-0.0005,0.0554215326076331));
#11818=CARTESIAN_POINT('',(0.0302856398468268,-0.0025,0.0554215326076331));
#11819=CARTESIAN_POINT('',(0.0302856398468268,-0.0005,0.0546447411454412));
#11820=CARTESIAN_POINT('',(0.0302856398468268,-0.0025,0.0546447411454412));
#11821=CARTESIAN_POINT('',(0.0296586690035636,-0.0005,0.0564733112817824));
#11822=CARTESIAN_POINT('',(0.0302856398468268,-0.0005,0.055809928338729));
#11823=CARTESIAN_POINT('',(0.0302856398468268,-0.0005,0.0546447411454412));
#11824=CARTESIAN_POINT('',(0.,-0.0005,0.));
#11825=CARTESIAN_POINT('',(0.0110836370629907,-0.0005,0.0549423059960693));
#11826=CARTESIAN_POINT('',(0.0110737056950004,-0.0005,0.0571366942248359));
#11827=CARTESIAN_POINT('',(0.0110737056950004,-0.0005,0.0571366942248359));
#11828=CARTESIAN_POINT('',(0.0110836370629907,-0.0005,0.0549423059960693));
#11829=CARTESIAN_POINT('',(0.011745053784883,-0.0005,0.0570344494429412));
#11830=CARTESIAN_POINT('',(0.011745053784883,-0.0005,0.0570344494429412));
#11831=CARTESIAN_POINT('',(0.00971166558722164,-0.0005,0.0567134035647743));
#11832=CARTESIAN_POINT('',(0.00971166558722164,-0.0025,0.0567134035647743));
#11833=CARTESIAN_POINT('',(0.0101144744411512,-0.0005,0.0569955973381487));
#11834=CARTESIAN_POINT('',(0.0101144744411512,-0.0025,0.0569955973381487));
#11835=CARTESIAN_POINT('',(0.0105684878104108,-0.0005,0.0571366942248359));
#11836=CARTESIAN_POINT('',(0.0105684878104108,-0.0025,0.0571366942248359));
#11837=CARTESIAN_POINT('',(0.0110737056950004,-0.0005,0.0571366942248359));
#11838=CARTESIAN_POINT('',(0.0110737056950004,-0.0025,0.0571366942248359));
#11839=CARTESIAN_POINT('',(0.00971166558722164,-0.0005,0.0567134035647743));
#11840=CARTESIAN_POINT('',(0.00971166558722164,-0.0005,0.0567134035647743));
#11841=CARTESIAN_POINT('',(0.00971166558722164,-0.0005,0.0567134035647743));
#11842=CARTESIAN_POINT('',(0.010315878868116,-0.0005,0.0571366942248359));
#11843=CARTESIAN_POINT('',(0.0110737056950004,-0.0005,0.0571366942248359));
#11844=CARTESIAN_POINT('',(0.00871374647734531,-0.0005,0.0555345618340652));
#11845=CARTESIAN_POINT('',(0.00871374647734531,-0.0025,0.0555345618340652));
#11846=CARTESIAN_POINT('',(0.00897621702999998,-0.0005,0.0560382625478303));
#11847=CARTESIAN_POINT('',(0.00897621702999998,-0.0025,0.0560382625478303));
#11848=CARTESIAN_POINT('',(0.00930885673329209,-0.0005,0.0564312097914));
#11849=CARTESIAN_POINT('',(0.00930885673329209,-0.0025,0.0564312097914));
#11850=CARTESIAN_POINT('',(0.00971166558722164,-0.0005,0.0567134035647743));
#11851=CARTESIAN_POINT('',(0.00971166558722164,-0.0025,0.0567134035647743));
#11852=CARTESIAN_POINT('',(0.00871374647734531,-0.0005,0.0555345618340652));
#11853=CARTESIAN_POINT('',(0.00871374647734531,-0.0005,0.0555345618340652));
#11854=CARTESIAN_POINT('',(0.00871374647734531,-0.0005,0.0555345618340652));
#11855=CARTESIAN_POINT('',(0.00910745230632731,-0.0005,0.0562901129047128));
#11856=CARTESIAN_POINT('',(0.00971166558722164,-0.0005,0.0567134035647743));
#11857=CARTESIAN_POINT('',(0.00871374647734531,-0.0005,0.0562184265832507));
#11858=CARTESIAN_POINT('',(0.00871374647734531,-0.0005,0.0569022913324362));
#11859=CARTESIAN_POINT('',(0.00871374647734531,-0.0005,0.0569022913324362));
#11860=CARTESIAN_POINT('',(0.00871374647734531,-0.0005,0.0562184265832507));
#11861=CARTESIAN_POINT('',(0.00821876949582171,-0.0005,0.0569022913324362));
#11862=CARTESIAN_POINT('',(0.00772379251429811,-0.0005,0.0569022913324362));
#11863=CARTESIAN_POINT('',(0.00772379251429811,-0.0005,0.0569022913324362));
#11864=CARTESIAN_POINT('',(0.00821876949582171,-0.0005,0.0569022913324362));
#11865=CARTESIAN_POINT('',(0.00772379251429811,-0.0005,0.0534943463676933));
#11866=CARTESIAN_POINT('',(0.00772379251429811,-0.0005,0.0500864014029503));
#11867=CARTESIAN_POINT('',(0.00772379251429811,-0.0005,0.0500864014029503));
#11868=CARTESIAN_POINT('',(0.00772379251429811,-0.0005,0.0534943463676933));
#11869=CARTESIAN_POINT('',(0.00821876949582171,-0.0005,0.0500864014029503));
#11870=CARTESIAN_POINT('',(0.00871374647734531,-0.0005,0.0500864014029503));
#11871=CARTESIAN_POINT('',(0.00871374647734531,-0.0005,0.0500864014029503));
#11872=CARTESIAN_POINT('',(0.00821876949582171,-0.0005,0.0500864014029503));
#11873=CARTESIAN_POINT('',(0.00871374647734531,-0.0005,0.0517181186248005));
#11874=CARTESIAN_POINT('',(0.00871374647734531,-0.0005,0.0533498358466507));
#11875=CARTESIAN_POINT('',(0.00871374647734531,-0.0005,0.0533498358466507));
#11876=CARTESIAN_POINT('',(0.00871374647734531,-0.0005,0.0517181186248005));
#11877=CARTESIAN_POINT('',(0.00904145537545749,-0.0005,0.0549144182595127));
#11878=CARTESIAN_POINT('',(0.00904145537545749,-0.0025,0.0549144182595127));
#11879=CARTESIAN_POINT('',(0.00882298277671604,-0.0005,0.0544721629641437));
#11880=CARTESIAN_POINT('',(0.00882298277671604,-0.0025,0.0544721629641437));
#11881=CARTESIAN_POINT('',(0.00871374647734531,-0.0005,0.0539506354931897));
#11882=CARTESIAN_POINT('',(0.00871374647734531,-0.0025,0.0539506354931897));
#11883=CARTESIAN_POINT('',(0.00871374647734531,-0.0005,0.0533498358466507));
#11884=CARTESIAN_POINT('',(0.00871374647734531,-0.0025,0.0533498358466507));
#11885=CARTESIAN_POINT('',(0.00904145537545749,-0.0005,0.0549144182595127));
#11886=CARTESIAN_POINT('',(0.00904145537545749,-0.0005,0.0549144182595127));
#11887=CARTESIAN_POINT('',(0.00904145537545749,-0.0005,0.0549144182595127));
#11888=CARTESIAN_POINT('',(0.00871374647734531,-0.0005,0.0542510353164592));
#11889=CARTESIAN_POINT('',(0.00871374647734531,-0.0005,0.0533498358466507));
#11890=CARTESIAN_POINT('',(0.00990851850171263,-0.0005,0.0559271297849288));
#11891=CARTESIAN_POINT('',(0.00990851850171263,-0.0025,0.0559271297849288));
#11892=CARTESIAN_POINT('',(0.00954894901628399,-0.0005,0.0556942440633537));
#11893=CARTESIAN_POINT('',(0.00954894901628399,-0.0025,0.0556942440633537));
#11894=CARTESIAN_POINT('',(0.00925992797419894,-0.0005,0.0553566735548817));
#11895=CARTESIAN_POINT('',(0.00925992797419894,-0.0025,0.0553566735548817));
#11896=CARTESIAN_POINT('',(0.00904145537545749,-0.0005,0.0549144182595127));
#11897=CARTESIAN_POINT('',(0.00904145537545749,-0.0025,0.0549144182595127));
#11898=CARTESIAN_POINT('',(0.00990851850171263,-0.0005,0.0559271297849288));
#11899=CARTESIAN_POINT('',(0.00990851850171263,-0.0005,0.0559271297849288));
#11900=CARTESIAN_POINT('',(0.00990851850171263,-0.0005,0.0559271297849288));
#11901=CARTESIAN_POINT('',(0.00936916427356967,-0.0005,0.0555778012025662));
#11902=CARTESIAN_POINT('',(0.00904145537545749,-0.0005,0.0549144182595127));
#11903=CARTESIAN_POINT('',(0.0110699774908618,-0.0005,0.0541761471610996));
#11904=CARTESIAN_POINT('',(0.0110737056950004,-0.0005,0.0562764583672914));
#11905=CARTESIAN_POINT('',(0.0110737093217835,-0.0005,0.0562762496701375));
#11906=CARTESIAN_POINT('',(0.0110699774908618,-0.0005,0.0541761471610996));
#11907=CARTESIAN_POINT('',(0.0110916757346506,-0.0005,0.0547293318838098));
#11908=CARTESIAN_POINT('',(0.011745053784883,-0.0005,0.0561312442498137));
#11909=CARTESIAN_POINT('',(0.011745053784883,-0.0005,0.0561312442498137));
#11910=CARTESIAN_POINT('',(0.0110916757346506,-0.0005,0.0547293318838098));
#11911=CARTESIAN_POINT('',(0.011745053784883,-0.0005,0.0565825475811531));
#11912=CARTESIAN_POINT('',(0.011745053784883,-0.0005,0.0565825475811531));
#11913=CARTESIAN_POINT('',(0.,-0.0005,0.));
#11914=CARTESIAN_POINT('',(-0.009757738554449,-0.0005,0.0549423059960696));
#11915=CARTESIAN_POINT('',(-0.00976766992243938,-0.0005,0.0571366942248359));
#11916=CARTESIAN_POINT('',(-0.00976766992243938,-0.0005,0.0571366942248359));
#11917=CARTESIAN_POINT('',(-0.009757738554449,-0.0005,0.0549423059960696));
#11918=CARTESIAN_POINT('',(-0.00909632183255679,-0.0005,0.0570344494429412));
#11919=CARTESIAN_POINT('',(-0.00909632183255679,-0.0005,0.0570344494429412));
#11920=CARTESIAN_POINT('',(-0.0111297100302181,-0.0005,0.0567134035647743));
#11921=CARTESIAN_POINT('',(-0.0111297100302181,-0.0025,0.0567134035647743));
#11922=CARTESIAN_POINT('',(-0.0107269011762886,-0.0005,0.0569955973381487));
#11923=CARTESIAN_POINT('',(-0.0107269011762886,-0.0025,0.0569955973381487));
#11924=CARTESIAN_POINT('',(-0.010272887807029,-0.0005,0.0571366942248359));
#11925=CARTESIAN_POINT('',(-0.010272887807029,-0.0025,0.0571366942248359));
#11926=CARTESIAN_POINT('',(-0.00976766992243938,-0.0005,0.0571366942248359));
#11927=CARTESIAN_POINT('',(-0.00976766992243938,-0.0025,0.0571366942248359));
#11928=CARTESIAN_POINT('',(-0.0111297100302181,-0.0005,0.0567134035647743));
#11929=CARTESIAN_POINT('',(-0.0111297100302181,-0.0005,0.0567134035647743));
#11930=CARTESIAN_POINT('',(-0.0111297100302181,-0.0005,0.0567134035647743));
#11931=CARTESIAN_POINT('',(-0.0105254967493238,-0.0005,0.0571366942248359));
#11932=CARTESIAN_POINT('',(-0.00976766992243938,-0.0005,0.0571366942248359));
#11933=CARTESIAN_POINT('',(-0.0121276291400944,-0.0005,0.0555345618340652));
#11934=CARTESIAN_POINT('',(-0.0121276291400944,-0.0025,0.0555345618340652));
#11935=CARTESIAN_POINT('',(-0.0118651585874398,-0.0005,0.0560382625478303));
#11936=CARTESIAN_POINT('',(-0.0118651585874398,-0.0025,0.0560382625478303));
#11937=CARTESIAN_POINT('',(-0.0115325188841477,-0.0005,0.0564312097914));
#11938=CARTESIAN_POINT('',(-0.0115325188841477,-0.0025,0.0564312097914));
#11939=CARTESIAN_POINT('',(-0.0111297100302181,-0.0005,0.0567134035647743));
#11940=CARTESIAN_POINT('',(-0.0111297100302181,-0.0025,0.0567134035647743));
#11941=CARTESIAN_POINT('',(-0.0121276291400944,-0.0005,0.0555345618340652));
#11942=CARTESIAN_POINT('',(-0.0121276291400944,-0.0005,0.0555345618340652));
#11943=CARTESIAN_POINT('',(-0.0121276291400944,-0.0005,0.0555345618340652));
#11944=CARTESIAN_POINT('',(-0.0117339233111124,-0.0005,0.0562901129047128));
#11945=CARTESIAN_POINT('',(-0.0111297100302181,-0.0005,0.0567134035647743));
#11946=CARTESIAN_POINT('',(-0.0121276291400944,-0.0005,0.0562184265832507));
#11947=CARTESIAN_POINT('',(-0.0121276291400944,-0.0005,0.0569022913324362));
#11948=CARTESIAN_POINT('',(-0.0121276291400944,-0.0005,0.0569022913324362));
#11949=CARTESIAN_POINT('',(-0.0121276291400944,-0.0005,0.0562184265832507));
#11950=CARTESIAN_POINT('',(-0.012622606121618,-0.0005,0.0569022913324362));
#11951=CARTESIAN_POINT('',(-0.0131175831031416,-0.0005,0.0569022913324362));
#11952=CARTESIAN_POINT('',(-0.0131175831031416,-0.0005,0.0569022913324362));
#11953=CARTESIAN_POINT('',(-0.012622606121618,-0.0005,0.0569022913324362));
#11954=CARTESIAN_POINT('',(-0.0131175831031416,-0.0005,0.0534943463676933));
#11955=CARTESIAN_POINT('',(-0.0131175831031416,-0.0005,0.0500864014029503));
#11956=CARTESIAN_POINT('',(-0.0131175831031416,-0.0005,0.0500864014029503));
#11957=CARTESIAN_POINT('',(-0.0131175831031416,-0.0005,0.0534943463676933));
#11958=CARTESIAN_POINT('',(-0.012622606121618,-0.0005,0.0500864014029503));
#11959=CARTESIAN_POINT('',(-0.0121276291400944,-0.0005,0.0500864014029503));
#11960=CARTESIAN_POINT('',(-0.0121276291400944,-0.0005,0.0500864014029503));
#11961=CARTESIAN_POINT('',(-0.012622606121618,-0.0005,0.0500864014029503));
#11962=CARTESIAN_POINT('',(-0.0121276291400944,-0.0005,0.0517181186248005));
#11963=CARTESIAN_POINT('',(-0.0121276291400944,-0.0005,0.0533498358466507));
#11964=CARTESIAN_POINT('',(-0.0121276291400944,-0.0005,0.0533498358466507));
#11965=CARTESIAN_POINT('',(-0.0121276291400944,-0.0005,0.0517181186248005));
#11966=CARTESIAN_POINT('',(-0.0117999202419823,-0.0005,0.0549144182595127));
#11967=CARTESIAN_POINT('',(-0.0117999202419823,-0.0025,0.0549144182595127));
#11968=CARTESIAN_POINT('',(-0.0120183928407237,-0.0005,0.0544721629641437));
#11969=CARTESIAN_POINT('',(-0.0120183928407237,-0.0025,0.0544721629641437));
#11970=CARTESIAN_POINT('',(-0.0121276291400944,-0.0005,0.0539506354931897));
#11971=CARTESIAN_POINT('',(-0.0121276291400944,-0.0025,0.0539506354931897));
#11972=CARTESIAN_POINT('',(-0.0121276291400944,-0.0005,0.0533498358466507));
#11973=CARTESIAN_POINT('',(-0.0121276291400944,-0.0025,0.0533498358466507));
#11974=CARTESIAN_POINT('',(-0.0117999202419823,-0.0005,0.0549144182595127));
#11975=CARTESIAN_POINT('',(-0.0117999202419823,-0.0005,0.0549144182595127));
#11976=CARTESIAN_POINT('',(-0.0117999202419823,-0.0005,0.0549144182595127));
#11977=CARTESIAN_POINT('',(-0.0121276291400944,-0.0005,0.0542510353164592));
#11978=CARTESIAN_POINT('',(-0.0121276291400944,-0.0005,0.0533498358466507));
#11979=CARTESIAN_POINT('',(-0.0109328571157271,-0.0005,0.0559271297849288));
#11980=CARTESIAN_POINT('',(-0.0109328571157271,-0.0025,0.0559271297849288));
#11981=CARTESIAN_POINT('',(-0.0112924266011558,-0.0005,0.0556942440633537));
#11982=CARTESIAN_POINT('',(-0.0112924266011558,-0.0025,0.0556942440633537));
#11983=CARTESIAN_POINT('',(-0.0115814476432408,-0.0005,0.0553566735548817));
#11984=CARTESIAN_POINT('',(-0.0115814476432408,-0.0025,0.0553566735548817));
#11985=CARTESIAN_POINT('',(-0.0117999202419823,-0.0005,0.0549144182595127));
#11986=CARTESIAN_POINT('',(-0.0117999202419823,-0.0025,0.0549144182595127));
#11987=CARTESIAN_POINT('',(-0.0109328571157271,-0.0005,0.0559271297849288));
#11988=CARTESIAN_POINT('',(-0.0109328571157271,-0.0005,0.0559271297849288));
#11989=CARTESIAN_POINT('',(-0.0109328571157271,-0.0005,0.0559271297849288));
#11990=CARTESIAN_POINT('',(-0.0114722113438701,-0.0005,0.0555778012025662));
#11991=CARTESIAN_POINT('',(-0.0117999202419823,-0.0005,0.0549144182595127));
#11992=CARTESIAN_POINT('',(-0.00977139812657792,-0.0005,0.0541761471610996));
#11993=CARTESIAN_POINT('',(-0.00976766992243938,-0.0005,0.0562764583672914));
#11994=CARTESIAN_POINT('',(-0.0097676662956563,-0.0005,0.0562762496701375));
#11995=CARTESIAN_POINT('',(-0.00977139812657792,-0.0005,0.0541761471610996));
#11996=CARTESIAN_POINT('',(-0.0097496998827892,-0.0005,0.0547293318838097));
#11997=CARTESIAN_POINT('',(-0.00909632183255679,-0.0005,0.0561312442498137));
#11998=CARTESIAN_POINT('',(-0.00909632183255679,-0.0005,0.0561312442498137));
#11999=CARTESIAN_POINT('',(-0.0097496998827892,-0.0005,0.0547293318838097));
#12000=CARTESIAN_POINT('',(-0.00909632183255679,-0.0005,0.0565825475811531));
#12001=CARTESIAN_POINT('',(-0.00909632183255679,-0.0005,0.0565825475811531));
#12002=CARTESIAN_POINT('',(0.,-0.0005,0.));
#12003=CARTESIAN_POINT('',(-0.0310311983218222,-0.0005,0.0500864014029503));
#12004=CARTESIAN_POINT('',(-0.0304633971407182,-0.0005,0.0500864014029503));
#12005=CARTESIAN_POINT('',(-0.0304633971407182,-0.0005,0.0500864014029503));
#12006=CARTESIAN_POINT('',(-0.0310311983218222,-0.0005,0.0500864014029503));
#12007=CARTESIAN_POINT('',(-0.0315989995029263,-0.0005,0.0500864014029503));
#12008=CARTESIAN_POINT('',(-0.0315989995029263,-0.0005,0.0500864014029503));
#12009=CARTESIAN_POINT('',(-0.0315705525499652,-0.0005,0.0518410094615926));
#12010=CARTESIAN_POINT('',(-0.0326777079592123,-0.0005,0.0535956175202349));
#12011=CARTESIAN_POINT('',(-0.0326777079592123,-0.0005,0.0535956175202349));
#12012=CARTESIAN_POINT('',(-0.0315705525499652,-0.0005,0.0518410094615926));
#12013=CARTESIAN_POINT('',(-0.0316069646497555,-0.0005,0.0552489544263355));
#12014=CARTESIAN_POINT('',(-0.0305362213402986,-0.0005,0.0569022913324362));
#12015=CARTESIAN_POINT('',(-0.0305362213402986,-0.0005,0.0569022913324362));
#12016=CARTESIAN_POINT('',(-0.0316069646497555,-0.0005,0.0552489544263355));
#12017=CARTESIAN_POINT('',(-0.0310824028371523,-0.0005,0.0569022913324362));
#12018=CARTESIAN_POINT('',(-0.0316285843340059,-0.0005,0.0569022913324362));
#12019=CARTESIAN_POINT('',(-0.0316285843340059,-0.0005,0.0569022913324362));
#12020=CARTESIAN_POINT('',(-0.0310824028371523,-0.0005,0.0569022913324362));
#12021=CARTESIAN_POINT('',(-0.0324956474602611,-0.0005,0.0555630087870264));
#12022=CARTESIAN_POINT('',(-0.0333627105865162,-0.0005,0.0542237262416165));
#12023=CARTESIAN_POINT('',(-0.0333627105865162,-0.0005,0.0542237262416165));
#12024=CARTESIAN_POINT('',(-0.0324956474602611,-0.0005,0.0555630087870264));
#12025=CARTESIAN_POINT('',(-0.034185396466152,-0.0005,0.0555630087870264));
#12026=CARTESIAN_POINT('',(-0.0350080823457877,-0.0005,0.0569022913324362));
#12027=CARTESIAN_POINT('',(-0.0350080823457877,-0.0005,0.0569022913324362));
#12028=CARTESIAN_POINT('',(-0.034185396466152,-0.0005,0.0555630087870264));
#12029=CARTESIAN_POINT('',(-0.0355690562581811,-0.0005,0.0569022913324362));
#12030=CARTESIAN_POINT('',(-0.0361300301705746,-0.0005,0.0569022913324362));
#12031=CARTESIAN_POINT('',(-0.0361300301705746,-0.0005,0.0569022913324362));
#12032=CARTESIAN_POINT('',(-0.0355690562581811,-0.0005,0.0569022913324362));
#12033=CARTESIAN_POINT('',(-0.0351025262296187,-0.0005,0.0552421271576249));
#12034=CARTESIAN_POINT('',(-0.0340750222886628,-0.0005,0.0535819629828135));
#12035=CARTESIAN_POINT('',(-0.0340750222886628,-0.0005,0.0535819629828135));
#12036=CARTESIAN_POINT('',(-0.0351025262296187,-0.0005,0.0552421271576249));
#12037=CARTESIAN_POINT('',(-0.03516738528237,-0.0005,0.0518341821928819));
#12038=CARTESIAN_POINT('',(-0.0362597482760773,-0.0005,0.0500864014029503));
#12039=CARTESIAN_POINT('',(-0.0362597482760773,-0.0005,0.0500864014029503));
#12040=CARTESIAN_POINT('',(-0.03516738528237,-0.0005,0.0518341821928819));
#12041=CARTESIAN_POINT('',(-0.035706739510513,-0.0005,0.0500864014029503));
#12042=CARTESIAN_POINT('',(-0.0351537307449487,-0.0005,0.0500864014029503));
#12043=CARTESIAN_POINT('',(-0.0351537307449487,-0.0005,0.0500864014029503));
#12044=CARTESIAN_POINT('',(-0.035706739510513,-0.0005,0.0500864014029503));
#12045=CARTESIAN_POINT('',(-0.0342650479344431,-0.0005,0.0515064732947697));
#12046=CARTESIAN_POINT('',(-0.0333763651239376,-0.0005,0.0529265451865892));
#12047=CARTESIAN_POINT('',(-0.0333763651239376,-0.0005,0.0529265451865892));
#12048=CARTESIAN_POINT('',(-0.0342650479344431,-0.0005,0.0515064732947697));
#12049=CARTESIAN_POINT('',(-0.032487682313432,-0.0005,0.0515064732947697));
#12050=CARTESIAN_POINT('',(-0.032487682313432,-0.0005,0.0515064732947697));
#12051=CARTESIAN_POINT('',(0.,-0.0005,0.));
#12052=CARTESIAN_POINT('',(-0.0174870350779707,-0.0005,0.0547903895446022));
#12053=CARTESIAN_POINT('',(-0.0174870350779707,-0.0025,0.0547903895446022));
#12054=CARTESIAN_POINT('',(-0.0168361687942201,-0.0005,0.0547903895446022));
#12055=CARTESIAN_POINT('',(-0.0168361687942201,-0.0025,0.0547903895446022));
#12056=CARTESIAN_POINT('',(-0.0163408125199903,-0.0005,0.0549724500435534));
#12057=CARTESIAN_POINT('',(-0.0163408125199903,-0.0025,0.0549724500435534));
#12058=CARTESIAN_POINT('',(-0.0160009662552814,-0.0005,0.0553365710414558));
#12059=CARTESIAN_POINT('',(-0.0160009662552814,-0.0025,0.0553365710414558));
#12060=CARTESIAN_POINT('',(-0.0174870350779707,-0.0025,0.0547903895446022));
#12061=CARTESIAN_POINT('',(-0.0165107356523448,-0.0025,0.0547903895446022));
#12062=CARTESIAN_POINT('',(-0.0160009662552814,-0.0025,0.0553365710414558));
#12063=CARTESIAN_POINT('',(-0.0174870350779707,-0.0025,0.0547903895446022));
#12064=CARTESIAN_POINT('',(-0.0160009662552814,-0.0025,0.0553365710414558));
#12065=CARTESIAN_POINT('',(-0.0174870350779707,-0.0005,0.0547903895446022));
#12066=CARTESIAN_POINT('',(-0.0174870350779707,-0.0005,0.0547903895446022));
#12067=CARTESIAN_POINT('',(-0.0174870350779707,-0.0005,0.0547903895446022));
#12068=CARTESIAN_POINT('',(-0.0165107356523448,-0.0005,0.0547903895446022));
#12069=CARTESIAN_POINT('',(-0.0160009662552814,-0.0005,0.0553365710414558));
#12070=CARTESIAN_POINT('',(-0.0160009662552814,-0.0005,0.0553365710414558));
#12071=CARTESIAN_POINT('',(-0.0160009662552814,-0.0005,0.0553365710414558));
#12072=CARTESIAN_POINT('',(-0.0185281935563479,-0.0005,0.0547903895446022));
#12073=CARTESIAN_POINT('',(-0.0185281935563479,-0.0025,0.0547903895446022));
#12074=CARTESIAN_POINT('',(-0.0195693520347252,-0.0025,0.0547903895446022));
#12075=CARTESIAN_POINT('',(-0.0195693520347252,-0.0005,0.0547903895446022));
#12076=CARTESIAN_POINT('',(-0.0195693520347252,-0.0005,0.0547903895446022));
#12077=CARTESIAN_POINT('',(-0.0185281935563479,-0.0005,0.0547903895446022));
#12078=CARTESIAN_POINT('',(-0.0195693520347252,-0.0005,0.0569534958477662));
#12079=CARTESIAN_POINT('',(-0.0195693520347252,-0.0025,0.0569534958477662));
#12080=CARTESIAN_POINT('',(-0.0195693520347252,-0.0025,0.0591166021509303));
#12081=CARTESIAN_POINT('',(-0.0195693520347252,-0.0005,0.0591166021509303));
#12082=CARTESIAN_POINT('',(-0.0195693520347252,-0.0005,0.0591166021509303));
#12083=CARTESIAN_POINT('',(-0.0195693520347252,-0.0005,0.0569534958477662));
#12084=CARTESIAN_POINT('',(-0.0185281935563479,-0.0005,0.0591166021509303));
#12085=CARTESIAN_POINT('',(-0.0185281935563479,-0.0025,0.0591166021509303));
#12086=CARTESIAN_POINT('',(-0.0174870350779707,-0.0025,0.0591166021509303));
#12087=CARTESIAN_POINT('',(-0.0174870350779707,-0.0005,0.0591166021509303));
#12088=CARTESIAN_POINT('',(-0.0174870350779707,-0.0005,0.0591166021509303));
#12089=CARTESIAN_POINT('',(-0.0185281935563479,-0.0005,0.0591166021509303));
#12090=CARTESIAN_POINT('',(-0.0160009662552814,-0.0005,0.058563593385366));
#12091=CARTESIAN_POINT('',(-0.0160009662552814,-0.0025,0.058563593385366));
#12092=CARTESIAN_POINT('',(-0.0163408125199903,-0.0005,0.0589322658957422));
#12093=CARTESIAN_POINT('',(-0.0163408125199903,-0.0025,0.0589322658957422));
#12094=CARTESIAN_POINT('',(-0.0168361687942201,-0.0005,0.0591166021509303));
#12095=CARTESIAN_POINT('',(-0.0168361687942201,-0.0025,0.0591166021509303));
#12096=CARTESIAN_POINT('',(-0.0174870350779707,-0.0005,0.0591166021509303));
#12097=CARTESIAN_POINT('',(-0.0174870350779707,-0.0025,0.0591166021509303));
#12098=CARTESIAN_POINT('',(-0.0160009662552814,-0.0025,0.058563593385366));
#12099=CARTESIAN_POINT('',(-0.0165107356523448,-0.0025,0.0591166021509303));
#12100=CARTESIAN_POINT('',(-0.0174870350779707,-0.0025,0.0591166021509303));
#12101=CARTESIAN_POINT('',(-0.0160009662552814,-0.0025,0.058563593385366));
#12102=CARTESIAN_POINT('',(-0.0160009662552814,-0.0005,0.058563593385366));
#12103=CARTESIAN_POINT('',(-0.0160009662552814,-0.0005,0.058563593385366));
#12104=CARTESIAN_POINT('',(-0.0160009662552814,-0.0005,0.058563593385366));
#12105=CARTESIAN_POINT('',(-0.0165107356523448,-0.0005,0.0591166021509303));
#12106=CARTESIAN_POINT('',(-0.0174870350779707,-0.0005,0.0591166021509303));
#12107=CARTESIAN_POINT('',(-0.015491196858218,-0.0005,0.0569455307009371));
#12108=CARTESIAN_POINT('',(-0.015491196858218,-0.0025,0.0569455307009371));
#12109=CARTESIAN_POINT('',(-0.015491196858218,-0.0005,0.0576555666468468));
#12110=CARTESIAN_POINT('',(-0.015491196858218,-0.0025,0.0576555666468468));
#12111=CARTESIAN_POINT('',(-0.0156611199905725,-0.0005,0.0581949208749898));
#12112=CARTESIAN_POINT('',(-0.0156611199905725,-0.0025,0.0581949208749898));
#12113=CARTESIAN_POINT('',(-0.0160009662552814,-0.0005,0.058563593385366));
#12114=CARTESIAN_POINT('',(-0.0160009662552814,-0.0025,0.058563593385366));
#12115=CARTESIAN_POINT('',(-0.015491196858218,-0.0025,0.0569455307009371));
#12116=CARTESIAN_POINT('',(-0.015491196858218,-0.0025,0.0580105846198017));
#12117=CARTESIAN_POINT('',(-0.0160009662552814,-0.0025,0.058563593385366));
#12118=CARTESIAN_POINT('',(-0.015491196858218,-0.0025,0.0569455307009371));
#12119=CARTESIAN_POINT('',(-0.015491196858218,-0.0005,0.0569455307009371));
#12120=CARTESIAN_POINT('',(-0.015491196858218,-0.0005,0.0569455307009371));
#12121=CARTESIAN_POINT('',(-0.015491196858218,-0.0005,0.0569455307009371));
#12122=CARTESIAN_POINT('',(-0.015491196858218,-0.0005,0.0580105846198017));
#12123=CARTESIAN_POINT('',(-0.0160009662552814,-0.0005,0.058563593385366));
#12124=CARTESIAN_POINT('',(-0.0190015508536211,-0.0005,0.0600200773769757));
#12125=CARTESIAN_POINT('',(-0.0206617150284324,-0.0005,0.0600200773769757));
#12126=CARTESIAN_POINT('',(-0.0206617150284324,-0.0005,0.0600200773769757));
#12127=CARTESIAN_POINT('',(-0.0190015508536211,-0.0005,0.0600200773769757));
#12128=CARTESIAN_POINT('',(-0.0173413866788097,-0.0005,0.0600200773769757));
#12129=CARTESIAN_POINT('',(-0.0173413866788097,-0.0005,0.0600200773769757));
#12130=CARTESIAN_POINT('',(-0.0206617150284324,-0.0005,0.055053239389963));
#12131=CARTESIAN_POINT('',(-0.0206617150284324,-0.0005,0.0500864014029503));
#12132=CARTESIAN_POINT('',(-0.0206617150284324,-0.0005,0.0500864014029503));
#12133=CARTESIAN_POINT('',(-0.0206617150284324,-0.0005,0.055053239389963));
#12134=CARTESIAN_POINT('',(-0.0201155335315788,-0.0005,0.0500864014029503));
#12135=CARTESIAN_POINT('',(-0.0195693520347252,-0.0005,0.0500864014029503));
#12136=CARTESIAN_POINT('',(-0.0195693520347252,-0.0005,0.0500864014029503));
#12137=CARTESIAN_POINT('',(-0.0201155335315788,-0.0005,0.0500864014029503));
#12138=CARTESIAN_POINT('',(-0.0195693520347252,-0.0005,0.0519866578607535));
#12139=CARTESIAN_POINT('',(-0.0195693520347252,-0.0005,0.0538869143185568));
#12140=CARTESIAN_POINT('',(-0.0195693520347252,-0.0005,0.0538869143185568));
#12141=CARTESIAN_POINT('',(-0.0195693520347252,-0.0005,0.0519866578607535));
#12142=CARTESIAN_POINT('',(-0.0185134011408081,-0.0005,0.0538869143185568));
#12143=CARTESIAN_POINT('',(-0.0174574502468911,-0.0005,0.0538869143185568));
#12144=CARTESIAN_POINT('',(-0.0174574502468911,-0.0005,0.0538869143185568));
#12145=CARTESIAN_POINT('',(-0.0185134011408081,-0.0005,0.0538869143185568));
#12146=CARTESIAN_POINT('',(-0.0152363121596864,-0.0005,0.0547027729294819));
#12147=CARTESIAN_POINT('',(-0.0152363121596864,-0.0025,0.0547027729294819));
#12148=CARTESIAN_POINT('',(-0.0157946310231367,-0.0005,0.0541588671888652));
#12149=CARTESIAN_POINT('',(-0.0157946310231367,-0.0025,0.0541588671888652));
#12150=CARTESIAN_POINT('',(-0.0165350103855383,-0.0005,0.0538869143185568));
#12151=CARTESIAN_POINT('',(-0.0165350103855383,-0.0025,0.0538869143185568));
#12152=CARTESIAN_POINT('',(-0.0174574502468911,-0.0005,0.0538869143185568));
#12153=CARTESIAN_POINT('',(-0.0174574502468911,-0.0025,0.0538869143185568));
#12154=CARTESIAN_POINT('',(-0.0152363121596864,-0.0005,0.0547027729294819));
#12155=CARTESIAN_POINT('',(-0.0152363121596864,-0.0005,0.0547027729294819));
#12156=CARTESIAN_POINT('',(-0.0152363121596864,-0.0005,0.0547027729294819));
#12157=CARTESIAN_POINT('',(-0.0160737904548619,-0.0005,0.0538869143185568));
#12158=CARTESIAN_POINT('',(-0.0174574502468911,-0.0005,0.0538869143185568));
#12159=CARTESIAN_POINT('',(-0.0143988338645108,-0.0005,0.0569455307009371));
#12160=CARTESIAN_POINT('',(-0.0143988338645108,-0.0025,0.0569455307009371));
#12161=CARTESIAN_POINT('',(-0.0143988338645108,-0.0005,0.055994264593917));
#12162=CARTESIAN_POINT('',(-0.0143988338645108,-0.0025,0.055994264593917));
#12163=CARTESIAN_POINT('',(-0.014677993296236,-0.0005,0.0552466786700986));
#12164=CARTESIAN_POINT('',(-0.014677993296236,-0.0025,0.0552466786700986));
#12165=CARTESIAN_POINT('',(-0.0152363121596864,-0.0005,0.0547027729294819));
#12166=CARTESIAN_POINT('',(-0.0152363121596864,-0.0025,0.0547027729294819));
#12167=CARTESIAN_POINT('',(-0.0143988338645108,-0.0005,0.0569455307009371));
#12168=CARTESIAN_POINT('',(-0.0143988338645108,-0.0005,0.0569455307009371));
#12169=CARTESIAN_POINT('',(-0.0143988338645108,-0.0005,0.0569455307009371));
#12170=CARTESIAN_POINT('',(-0.0143988338645108,-0.0005,0.055518631540407));
#12171=CARTESIAN_POINT('',(-0.0152363121596864,-0.0005,0.0547027729294819));
#12172=CARTESIAN_POINT('',(-0.0151999000598961,-0.0005,0.0592042187660506));
#12173=CARTESIAN_POINT('',(-0.0151999000598961,-0.0025,0.0592042187660506));
#12174=CARTESIAN_POINT('',(-0.0146658559296392,-0.0005,0.0586603130254339));
#12175=CARTESIAN_POINT('',(-0.0146658559296392,-0.0025,0.0586603130254339));
#12176=CARTESIAN_POINT('',(-0.0143988338645108,-0.0005,0.0579074170037294));
#12177=CARTESIAN_POINT('',(-0.0143988338645108,-0.0025,0.0579074170037294));
#12178=CARTESIAN_POINT('',(-0.0143988338645108,-0.0005,0.0569455307009371));
#12179=CARTESIAN_POINT('',(-0.0143988338645108,-0.0025,0.0569455307009371));
#12180=CARTESIAN_POINT('',(-0.0151999000598961,-0.0005,0.0592042187660506));
#12181=CARTESIAN_POINT('',(-0.0151999000598961,-0.0005,0.0592042187660506));
#12182=CARTESIAN_POINT('',(-0.0151999000598961,-0.0005,0.0592042187660506));
#12183=CARTESIAN_POINT('',(-0.0143988338645108,-0.0005,0.0583883601551255));
#12184=CARTESIAN_POINT('',(-0.0143988338645108,-0.0005,0.0569455307009371));
#12185=CARTESIAN_POINT('',(-0.0173413866788097,-0.0005,0.0600200773769757));
#12186=CARTESIAN_POINT('',(-0.0173413866788097,-0.0025,0.0600200773769757));
#12187=CARTESIAN_POINT('',(-0.0164477730631242,-0.0005,0.0600200773769757));
#12188=CARTESIAN_POINT('',(-0.0164477730631242,-0.0025,0.0600200773769757));
#12189=CARTESIAN_POINT('',(-0.015733944190153,-0.0005,0.0597481245066673));
#12190=CARTESIAN_POINT('',(-0.015733944190153,-0.0025,0.0597481245066673));
#12191=CARTESIAN_POINT('',(-0.0151999000598961,-0.0005,0.0592042187660506));
#12192=CARTESIAN_POINT('',(-0.0151999000598961,-0.0025,0.0592042187660506));
#12193=CARTESIAN_POINT('',(-0.0173413866788097,-0.0005,0.0600200773769757));
#12194=CARTESIAN_POINT('',(-0.0160009662552814,-0.0005,0.0600200773769757));
#12195=CARTESIAN_POINT('',(-0.0151999000598961,-0.0005,0.0592042187660506));
#12196=CARTESIAN_POINT('',(-0.0160009662552814,-0.0005,0.0553365710414558));
#12197=CARTESIAN_POINT('',(-0.0160009662552814,-0.0025,0.0553365710414558));
#12198=CARTESIAN_POINT('',(-0.0156611199905725,-0.0005,0.0557006920393582));
#12199=CARTESIAN_POINT('',(-0.0156611199905725,-0.0025,0.0557006920393582));
#12200=CARTESIAN_POINT('',(-0.015491196858218,-0.0005,0.056237011925852));
#12201=CARTESIAN_POINT('',(-0.015491196858218,-0.0025,0.056237011925852));
#12202=CARTESIAN_POINT('',(-0.015491196858218,-0.0005,0.0569455307009371));
#12203=CARTESIAN_POINT('',(-0.015491196858218,-0.0025,0.0569455307009371));
#12204=CARTESIAN_POINT('',(-0.0160009662552814,-0.0025,0.0553365710414558));
#12205=CARTESIAN_POINT('',(-0.015491196858218,-0.0025,0.0558827525383094));
#12206=CARTESIAN_POINT('',(-0.015491196858218,-0.0025,0.0569455307009371));
#12207=CARTESIAN_POINT('',(-0.0160009662552814,-0.0005,0.0553365710414558));
#12208=CARTESIAN_POINT('',(-0.015491196858218,-0.0005,0.0558827525383094));
#12209=CARTESIAN_POINT('',(-0.015491196858218,-0.0005,0.0569455307009371));
#12210=CARTESIAN_POINT('',(0.,-0.0005,0.));
#12211=CARTESIAN_POINT('',(-0.00523663925479114,-0.0005,0.050755473736596));
#12212=CARTESIAN_POINT('',(-0.00523663925479114,-0.0025,0.050755473736596));
#12213=CARTESIAN_POINT('',(-0.00477086781164096,-0.0005,0.050755473736596));
#12214=CARTESIAN_POINT('',(-0.00477086781164096,-0.0025,0.050755473736596));
#12215=CARTESIAN_POINT('',(-0.00435592159111466,-0.0005,0.0508722958900897));
#12216=CARTESIAN_POINT('',(-0.00435592159111466,-0.0025,0.0508722958900897));
#12217=CARTESIAN_POINT('',(-0.00399180059321224,-0.0005,0.0511059401970771));
#12218=CARTESIAN_POINT('',(-0.00399180059321224,-0.0025,0.0511059401970771));
#12219=CARTESIAN_POINT('',(-0.00523663925479114,-0.0025,0.050755473736596));
#12220=CARTESIAN_POINT('',(-0.00453798209006587,-0.0025,0.050755473736596));
#12221=CARTESIAN_POINT('',(-0.00399180059321224,-0.0025,0.0511059401970771));
#12222=CARTESIAN_POINT('',(-0.00523663925479114,-0.0025,0.050755473736596));
#12223=CARTESIAN_POINT('',(-0.00399180059321224,-0.0025,0.0511059401970771));
#12224=CARTESIAN_POINT('',(-0.00523663925479114,-0.0005,0.050755473736596));
#12225=CARTESIAN_POINT('',(-0.00523663925479114,-0.0005,0.050755473736596));
#12226=CARTESIAN_POINT('',(-0.00523663925479114,-0.0005,0.050755473736596));
#12227=CARTESIAN_POINT('',(-0.00453798209006587,-0.0005,0.050755473736596));
#12228=CARTESIAN_POINT('',(-0.00399180059321224,-0.0005,0.0511059401970771));
#12229=CARTESIAN_POINT('',(-0.00399180059321224,-0.0005,0.0511059401970771));
#12230=CARTESIAN_POINT('',(-0.00399180059321224,-0.0005,0.0511059401970771));
#12231=CARTESIAN_POINT('',(-0.00645985823211959,-0.0005,0.0511059401970771));
#12232=CARTESIAN_POINT('',(-0.00645985823211959,-0.0025,0.0511059401970771));
#12233=CARTESIAN_POINT('',(-0.00610104733210324,-0.0005,0.0508722958900897));
#12234=CARTESIAN_POINT('',(-0.00610104733210324,-0.0025,0.0508722958900897));
#12235=CARTESIAN_POINT('',(-0.00569330767299376,-0.0005,0.050755473736596));
#12236=CARTESIAN_POINT('',(-0.00569330767299376,-0.0025,0.050755473736596));
#12237=CARTESIAN_POINT('',(-0.00523663925479114,-0.0005,0.050755473736596));
#12238=CARTESIAN_POINT('',(-0.00523663925479114,-0.0025,0.050755473736596));
#12239=CARTESIAN_POINT('',(-0.00645985823211959,-0.0025,0.0511059401970771));
#12240=CARTESIAN_POINT('',(-0.00592164188209507,-0.0025,0.050755473736596));
#12241=CARTESIAN_POINT('',(-0.00523663925479114,-0.0025,0.050755473736596));
#12242=CARTESIAN_POINT('',(-0.00645985823211959,-0.0025,0.0511059401970771));
#12243=CARTESIAN_POINT('',(-0.00645985823211959,-0.0005,0.0511059401970771));
#12244=CARTESIAN_POINT('',(-0.00645985823211959,-0.0005,0.0511059401970771));
#12245=CARTESIAN_POINT('',(-0.00645985823211959,-0.0005,0.0511059401970771));
#12246=CARTESIAN_POINT('',(-0.00592164188209507,-0.0005,0.050755473736596));
#12247=CARTESIAN_POINT('',(-0.00523663925479114,-0.0005,0.050755473736596));
#12248=CARTESIAN_POINT('',(-0.00730416379600582,-0.0005,0.0520822396227029));
#12249=CARTESIAN_POINT('',(-0.00730416379600582,-0.0025,0.0520822396227029));
#12250=CARTESIAN_POINT('',(-0.00710010432009801,-0.0005,0.0516650176459397));
#12251=CARTESIAN_POINT('',(-0.00710010432009801,-0.0025,0.0516650176459397));
#12252=CARTESIAN_POINT('',(-0.00681866913213593,-0.0005,0.0513395845040644));
#12253=CARTESIAN_POINT('',(-0.00681866913213593,-0.0025,0.0513395845040644));
#12254=CARTESIAN_POINT('',(-0.00645985823211959,-0.0005,0.0511059401970771));
#12255=CARTESIAN_POINT('',(-0.00645985823211959,-0.0025,0.0511059401970771));
#12256=CARTESIAN_POINT('',(-0.00730416379600582,-0.0025,0.0520822396227029));
#12257=CARTESIAN_POINT('',(-0.0069980745821441,-0.0025,0.0514564066575581));
#12258=CARTESIAN_POINT('',(-0.00645985823211959,-0.0025,0.0511059401970771));
#12259=CARTESIAN_POINT('',(-0.00730416379600582,-0.0025,0.0520822396227029));
#12260=CARTESIAN_POINT('',(-0.00730416379600582,-0.0005,0.0520822396227029));
#12261=CARTESIAN_POINT('',(-0.00730416379600582,-0.0005,0.0520822396227029));
#12262=CARTESIAN_POINT('',(-0.00730416379600582,-0.0005,0.0520822396227029));
#12263=CARTESIAN_POINT('',(-0.0069980745821441,-0.0005,0.0514564066575581));
#12264=CARTESIAN_POINT('',(-0.00645985823211959,-0.0005,0.0511059401970771));
#12265=CARTESIAN_POINT('',(-0.00761025300986754,-0.0005,0.053509138783233));
#12266=CARTESIAN_POINT('',(-0.00761025300986754,-0.0025,0.053509138783233));
#12267=CARTESIAN_POINT('',(-0.00761025300986754,-0.0005,0.0529750946529761));
#12268=CARTESIAN_POINT('',(-0.00761025300986754,-0.0025,0.0529750946529761));
#12269=CARTESIAN_POINT('',(-0.00750822327191363,-0.0005,0.0524994615994661));
#12270=CARTESIAN_POINT('',(-0.00750822327191363,-0.0025,0.0524994615994661));
#12271=CARTESIAN_POINT('',(-0.00730416379600582,-0.0005,0.0520822396227029));
#12272=CARTESIAN_POINT('',(-0.00730416379600582,-0.0025,0.0520822396227029));
#12273=CARTESIAN_POINT('',(-0.00761025300986754,-0.0025,0.053509138783233));
#12274=CARTESIAN_POINT('',(-0.00761025300986754,-0.0025,0.0527080725878477));
#12275=CARTESIAN_POINT('',(-0.00730416379600582,-0.0025,0.0520822396227029));
#12276=CARTESIAN_POINT('',(-0.00761025300986754,-0.0025,0.053509138783233));
#12277=CARTESIAN_POINT('',(-0.00761025300986754,-0.0005,0.053509138783233));
#12278=CARTESIAN_POINT('',(-0.00761025300986754,-0.0005,0.053509138783233));
#12279=CARTESIAN_POINT('',(-0.00761025300986754,-0.0005,0.053509138783233));
#12280=CARTESIAN_POINT('',(-0.00761025300986754,-0.0005,0.0527080725878477));
#12281=CARTESIAN_POINT('',(-0.00730416379600582,-0.0005,0.0520822396227029));
#12282=CARTESIAN_POINT('',(-0.00730416379600582,-0.0005,0.0549155561376311));
#12283=CARTESIAN_POINT('',(-0.00730416379600582,-0.0025,0.0549155561376311));
#12284=CARTESIAN_POINT('',(-0.00750822327191363,-0.0005,0.0545028856733417));
#12285=CARTESIAN_POINT('',(-0.00750822327191363,-0.0025,0.0545028856733417));
#12286=CARTESIAN_POINT('',(-0.00761025300986754,-0.0005,0.0540340798885423));
#12287=CARTESIAN_POINT('',(-0.00761025300986754,-0.0025,0.0540340798885423));
#12288=CARTESIAN_POINT('',(-0.00761025300986754,-0.0005,0.053509138783233));
#12289=CARTESIAN_POINT('',(-0.00761025300986754,-0.0025,0.053509138783233));
#12290=CARTESIAN_POINT('',(-0.00730416379600582,-0.0025,0.0549155561376311));
#12291=CARTESIAN_POINT('',(-0.00761025300986754,-0.0025,0.054296550441197));
#12292=CARTESIAN_POINT('',(-0.00761025300986754,-0.0025,0.053509138783233));
#12293=CARTESIAN_POINT('',(-0.00730416379600582,-0.0025,0.0549155561376311));
#12294=CARTESIAN_POINT('',(-0.00730416379600582,-0.0005,0.0549155561376311));
#12295=CARTESIAN_POINT('',(-0.00730416379600582,-0.0005,0.0549155561376311));
#12296=CARTESIAN_POINT('',(-0.00730416379600582,-0.0005,0.0549155561376311));
#12297=CARTESIAN_POINT('',(-0.00761025300986754,-0.0005,0.054296550441197));
#12298=CARTESIAN_POINT('',(-0.00761025300986754,-0.0005,0.053509138783233));
#12299=CARTESIAN_POINT('',(-0.00645985823211959,-0.0005,0.0558838904164279));
#12300=CARTESIAN_POINT('',(-0.00645985823211959,-0.0025,0.0558838904164279));
#12301=CARTESIAN_POINT('',(-0.00681866913213593,-0.0005,0.0556510046948528));
#12302=CARTESIAN_POINT('',(-0.00681866913213593,-0.0025,0.0556510046948528));
#12303=CARTESIAN_POINT('',(-0.00710010432009801,-0.0005,0.0553282266019205));
#12304=CARTESIAN_POINT('',(-0.00710010432009801,-0.0025,0.0553282266019205));
#12305=CARTESIAN_POINT('',(-0.00730416379600582,-0.0005,0.0549155561376311));
#12306=CARTESIAN_POINT('',(-0.00730416379600582,-0.0025,0.0549155561376311));
#12307=CARTESIAN_POINT('',(-0.00645985823211959,-0.0025,0.0558838904164279));
#12308=CARTESIAN_POINT('',(-0.0069980745821441,-0.0025,0.0555345618340652));
#12309=CARTESIAN_POINT('',(-0.00730416379600582,-0.0025,0.0549155561376311));
#12310=CARTESIAN_POINT('',(-0.00645985823211959,-0.0025,0.0558838904164279));
#12311=CARTESIAN_POINT('',(-0.00645985823211959,-0.0005,0.0558838904164279));
#12312=CARTESIAN_POINT('',(-0.00645985823211959,-0.0005,0.0558838904164279));
#12313=CARTESIAN_POINT('',(-0.00645985823211959,-0.0005,0.0558838904164279));
#12314=CARTESIAN_POINT('',(-0.0069980745821441,-0.0005,0.0555345618340652));
#12315=CARTESIAN_POINT('',(-0.00730416379600582,-0.0005,0.0549155561376311));
#12316=CARTESIAN_POINT('',(-0.00523663925479114,-0.0005,0.0562332189987905));
#12317=CARTESIAN_POINT('',(-0.00523663925479114,-0.0025,0.0562332189987905));
#12318=CARTESIAN_POINT('',(-0.00569330767299376,-0.0005,0.0562332189987905));
#12319=CARTESIAN_POINT('',(-0.00569330767299376,-0.0025,0.0562332189987905));
#12320=CARTESIAN_POINT('',(-0.00610104733210324,-0.0005,0.056116776138003));
#12321=CARTESIAN_POINT('',(-0.00610104733210324,-0.0025,0.056116776138003));
#12322=CARTESIAN_POINT('',(-0.00645985823211959,-0.0005,0.0558838904164279));
#12323=CARTESIAN_POINT('',(-0.00645985823211959,-0.0025,0.0558838904164279));
#12324=CARTESIAN_POINT('',(-0.00523663925479114,-0.0025,0.0562332189987905));
#12325=CARTESIAN_POINT('',(-0.00592164188209507,-0.0025,0.0562332189987905));
#12326=CARTESIAN_POINT('',(-0.00645985823211959,-0.0025,0.0558838904164279));
#12327=CARTESIAN_POINT('',(-0.00523663925479114,-0.0025,0.0562332189987905));
#12328=CARTESIAN_POINT('',(-0.00523663925479114,-0.0005,0.0562332189987905));
#12329=CARTESIAN_POINT('',(-0.00523663925479114,-0.0005,0.0562332189987905));
#12330=CARTESIAN_POINT('',(-0.00523663925479114,-0.0005,0.0562332189987905));
#12331=CARTESIAN_POINT('',(-0.00592164188209507,-0.0005,0.0562332189987905));
#12332=CARTESIAN_POINT('',(-0.00645985823211959,-0.0005,0.0558838904164279));
#12333=CARTESIAN_POINT('',(-0.00399180059321224,-0.0005,0.0558838904164279));
#12334=CARTESIAN_POINT('',(-0.00399180059321224,-0.0025,0.0558838904164279));
#12335=CARTESIAN_POINT('',(-0.00435592159111466,-0.0005,0.056116776138003));
#12336=CARTESIAN_POINT('',(-0.00435592159111466,-0.0025,0.056116776138003));
#12337=CARTESIAN_POINT('',(-0.00477086781164096,-0.0005,0.0562332189987905));
#12338=CARTESIAN_POINT('',(-0.00477086781164096,-0.0025,0.0562332189987905));
#12339=CARTESIAN_POINT('',(-0.00523663925479114,-0.0005,0.0562332189987905));
#12340=CARTESIAN_POINT('',(-0.00523663925479114,-0.0025,0.0562332189987905));
#12341=CARTESIAN_POINT('',(-0.00399180059321224,-0.0025,0.0558838904164279));
#12342=CARTESIAN_POINT('',(-0.00453798209006587,-0.0025,0.0562332189987905));
#12343=CARTESIAN_POINT('',(-0.00523663925479114,-0.0025,0.0562332189987905));
#12344=CARTESIAN_POINT('',(-0.00399180059321224,-0.0025,0.0558838904164279));
#12345=CARTESIAN_POINT('',(-0.00399180059321224,-0.0005,0.0558838904164279));
#12346=CARTESIAN_POINT('',(-0.00399180059321224,-0.0005,0.0558838904164279));
#12347=CARTESIAN_POINT('',(-0.00399180059321224,-0.0005,0.0558838904164279));
#12348=CARTESIAN_POINT('',(-0.00453798209006587,-0.0005,0.0562332189987905));
#12349=CARTESIAN_POINT('',(-0.00523663925479114,-0.0005,0.0562332189987905));
#12350=CARTESIAN_POINT('',(-0.00313952988249689,-0.0005,0.054907590990802));
#12351=CARTESIAN_POINT('',(-0.00313952988249689,-0.0025,0.054907590990802));
#12352=CARTESIAN_POINT('',(-0.00334358935840471,-0.0005,0.0553255715529775));
#12353=CARTESIAN_POINT('',(-0.00334358935840471,-0.0025,0.0553255715529775));
#12354=CARTESIAN_POINT('',(-0.00362767959530983,-0.0005,0.0556510046948528));
#12355=CARTESIAN_POINT('',(-0.00362767959530983,-0.0025,0.0556510046948528));
#12356=CARTESIAN_POINT('',(-0.00399180059321224,-0.0005,0.0558838904164279));
#12357=CARTESIAN_POINT('',(-0.00399180059321224,-0.0025,0.0558838904164279));
#12358=CARTESIAN_POINT('',(-0.00313952988249689,-0.0025,0.054907590990802));
#12359=CARTESIAN_POINT('',(-0.00344561909635862,-0.0025,0.0555345618340652));
#12360=CARTESIAN_POINT('',(-0.00399180059321224,-0.0025,0.0558838904164279));
#12361=CARTESIAN_POINT('',(-0.00313952988249689,-0.0025,0.054907590990802));
#12362=CARTESIAN_POINT('',(-0.00313952988249689,-0.0005,0.054907590990802));
#12363=CARTESIAN_POINT('',(-0.00313952988249689,-0.0005,0.054907590990802));
#12364=CARTESIAN_POINT('',(-0.00313952988249689,-0.0005,0.054907590990802));
#12365=CARTESIAN_POINT('',(-0.00344561909635862,-0.0005,0.0555345618340652));
#12366=CARTESIAN_POINT('',(-0.00399180059321224,-0.0005,0.0558838904164279));
#12367=CARTESIAN_POINT('',(-0.00283344066863518,-0.0005,0.0534954842458117));
#12368=CARTESIAN_POINT('',(-0.00283344066863518,-0.0025,0.0534954842458117));
#12369=CARTESIAN_POINT('',(-0.00283344066863518,-0.0005,0.0540189081802964));
#12370=CARTESIAN_POINT('',(-0.00283344066863518,-0.0025,0.0540189081802964));
#12371=CARTESIAN_POINT('',(-0.00293547040658908,-0.0005,0.0544896104286265));
#12372=CARTESIAN_POINT('',(-0.00293547040658908,-0.0025,0.0544896104286265));
#12373=CARTESIAN_POINT('',(-0.00313952988249689,-0.0005,0.054907590990802));
#12374=CARTESIAN_POINT('',(-0.00313952988249689,-0.0025,0.054907590990802));
#12375=CARTESIAN_POINT('',(-0.00283344066863518,-0.0025,0.0534954842458117));
#12376=CARTESIAN_POINT('',(-0.00283344066863518,-0.0025,0.0542806201475388));
#12377=CARTESIAN_POINT('',(-0.00313952988249689,-0.0025,0.054907590990802));
#12378=CARTESIAN_POINT('',(-0.00283344066863518,-0.0025,0.0534954842458117));
#12379=CARTESIAN_POINT('',(-0.00283344066863518,-0.0005,0.0534954842458117));
#12380=CARTESIAN_POINT('',(-0.00283344066863518,-0.0005,0.0534954842458117));
#12381=CARTESIAN_POINT('',(-0.00283344066863518,-0.0005,0.0534954842458117));
#12382=CARTESIAN_POINT('',(-0.00283344066863518,-0.0005,0.0542806201475388));
#12383=CARTESIAN_POINT('',(-0.00313952988249689,-0.0005,0.054907590990802));
#12384=CARTESIAN_POINT('',(-0.00313952988249689,-0.0005,0.0520822396227029));
#12385=CARTESIAN_POINT('',(-0.00313952988249689,-0.0025,0.0520822396227029));
#12386=CARTESIAN_POINT('',(-0.00293547040658908,-0.0005,0.0524994615994661));
#12387=CARTESIAN_POINT('',(-0.00293547040658908,-0.0025,0.0524994615994661));
#12388=CARTESIAN_POINT('',(-0.00283344066863518,-0.0005,0.0529705431405024));
#12389=CARTESIAN_POINT('',(-0.00283344066863518,-0.0025,0.0529705431405024));
#12390=CARTESIAN_POINT('',(-0.00283344066863518,-0.0005,0.0534954842458117));
#12391=CARTESIAN_POINT('',(-0.00283344066863518,-0.0025,0.0534954842458117));
#12392=CARTESIAN_POINT('',(-0.00313952988249689,-0.0025,0.0520822396227029));
#12393=CARTESIAN_POINT('',(-0.00283344066863518,-0.0025,0.0527080725878477));
#12394=CARTESIAN_POINT('',(-0.00283344066863518,-0.0025,0.0534954842458117));
#12395=CARTESIAN_POINT('',(-0.00313952988249689,-0.0025,0.0520822396227029));
#12396=CARTESIAN_POINT('',(-0.00313952988249689,-0.0005,0.0520822396227029));
#12397=CARTESIAN_POINT('',(-0.00313952988249689,-0.0005,0.0520822396227029));
#12398=CARTESIAN_POINT('',(-0.00313952988249689,-0.0005,0.0520822396227029));
#12399=CARTESIAN_POINT('',(-0.00283344066863518,-0.0005,0.0527080725878477));
#12400=CARTESIAN_POINT('',(-0.00283344066863518,-0.0005,0.0534954842458117));
#12401=CARTESIAN_POINT('',(-0.00520705442371158,-0.0005,0.0498542742667875));
#12402=CARTESIAN_POINT('',(-0.00520705442371158,-0.0025,0.0498542742667875));
#12403=CARTESIAN_POINT('',(-0.00585792070746215,-0.0005,0.0498542742667875));
#12404=CARTESIAN_POINT('',(-0.00585792070746215,-0.0025,0.0498542742667875));
#12405=CARTESIAN_POINT('',(-0.00644051430410602,-0.0005,0.0500094049836022));
#12406=CARTESIAN_POINT('',(-0.00644051430410602,-0.0025,0.0500094049836022));
#12407=CARTESIAN_POINT('',(-0.00695483521364319,-0.0005,0.0503196664172315));
#12408=CARTESIAN_POINT('',(-0.00695483521364319,-0.0025,0.0503196664172315));
#12409=CARTESIAN_POINT('',(-0.00520705442371158,-0.0005,0.0498542742667875));
#12410=CARTESIAN_POINT('',(-0.00520705442371158,-0.0005,0.0498542742667875));
#12411=CARTESIAN_POINT('',(-0.00520705442371158,-0.0005,0.0498542742667875));
#12412=CARTESIAN_POINT('',(-0.00618335384933744,-0.0005,0.0498542742667875));
#12413=CARTESIAN_POINT('',(-0.00695483521364319,-0.0005,0.0503196664172315));
#12414=CARTESIAN_POINT('',(-0.00695483521364319,-0.0005,0.0503196664172315));
#12415=CARTESIAN_POINT('',(-0.00695483521364319,-0.0005,0.0503196664172315));
#12416=CARTESIAN_POINT('',(-0.00346610090249063,-0.0005,0.0503196664172315));
#12417=CARTESIAN_POINT('',(-0.00346610090249063,-0.0025,0.0503196664172315));
#12418=CARTESIAN_POINT('',(-0.00397587029955402,-0.0005,0.0500094049836022));
#12419=CARTESIAN_POINT('',(-0.00397587029955402,-0.0025,0.0500094049836022));
#12420=CARTESIAN_POINT('',(-0.004556188139961,-0.0005,0.0498542742667875));
#12421=CARTESIAN_POINT('',(-0.004556188139961,-0.0025,0.0498542742667875));
#12422=CARTESIAN_POINT('',(-0.00520705442371158,-0.0005,0.0498542742667875));
#12423=CARTESIAN_POINT('',(-0.00520705442371158,-0.0025,0.0498542742667875));
#12424=CARTESIAN_POINT('',(-0.00346610090249063,-0.0005,0.0503196664172315));
#12425=CARTESIAN_POINT('',(-0.00346610090249063,-0.0005,0.0503196664172315));
#12426=CARTESIAN_POINT('',(-0.00346610090249063,-0.0005,0.0503196664172315));
#12427=CARTESIAN_POINT('',(-0.00423075499808571,-0.0005,0.0498542742667875));
#12428=CARTESIAN_POINT('',(-0.00520705442371158,-0.0005,0.0498542742667875));
#12429=CARTESIAN_POINT('',(-0.00227246675624176,-0.0005,0.0516157095941405));
#12430=CARTESIAN_POINT('',(-0.00227246675624176,-0.0025,0.0516157095941405));
#12431=CARTESIAN_POINT('',(-0.00255845345667762,-0.0005,0.0510619422431639));
#12432=CARTESIAN_POINT('',(-0.00255845345667762,-0.0025,0.0510619422431639));
#12433=CARTESIAN_POINT('',(-0.00295633150542724,-0.0005,0.0506299278508609));
#12434=CARTESIAN_POINT('',(-0.00295633150542724,-0.0025,0.0506299278508609));
#12435=CARTESIAN_POINT('',(-0.00346610090249063,-0.0005,0.0503196664172315));
#12436=CARTESIAN_POINT('',(-0.00346610090249063,-0.0025,0.0503196664172315));
#12437=CARTESIAN_POINT('',(-0.00227246675624176,-0.0005,0.0516157095941405));
#12438=CARTESIAN_POINT('',(-0.00227246675624176,-0.0005,0.0516157095941405));
#12439=CARTESIAN_POINT('',(-0.00227246675624176,-0.0005,0.0516157095941405));
#12440=CARTESIAN_POINT('',(-0.00270144680689554,-0.0005,0.0507850585676756));
#12441=CARTESIAN_POINT('',(-0.00346610090249063,-0.0005,0.0503196664172315));
#12442=CARTESIAN_POINT('',(-0.00184348670558797,-0.0005,0.0534954842458117));
#12443=CARTESIAN_POINT('',(-0.00184348670558797,-0.0025,0.0534954842458117));
#12444=CARTESIAN_POINT('',(-0.00184348670558797,-0.0005,0.0527960684956741));
#12445=CARTESIAN_POINT('',(-0.00184348670558797,-0.0025,0.0527960684956741));
#12446=CARTESIAN_POINT('',(-0.0019864800558059,-0.0005,0.052169476945117));
#12447=CARTESIAN_POINT('',(-0.0019864800558059,-0.0025,0.052169476945117));
#12448=CARTESIAN_POINT('',(-0.00227246675624176,-0.0005,0.0516157095941405));
#12449=CARTESIAN_POINT('',(-0.00227246675624176,-0.0025,0.0516157095941405));
#12450=CARTESIAN_POINT('',(-0.00184348670558797,-0.0005,0.0534954842458117));
#12451=CARTESIAN_POINT('',(-0.00184348670558797,-0.0005,0.0534954842458117));
#12452=CARTESIAN_POINT('',(-0.00184348670558797,-0.0005,0.0534954842458117));
#12453=CARTESIAN_POINT('',(-0.00184348670558797,-0.0005,0.0524463606206053));
#12454=CARTESIAN_POINT('',(-0.00227246675624176,-0.0005,0.0516157095941405));
#12455=CARTESIAN_POINT('',(-0.00228043190307088,-0.0005,0.055372983141246));
#12456=CARTESIAN_POINT('',(-0.00228043190307088,-0.0025,0.055372983141246));
#12457=CARTESIAN_POINT('',(-0.00198913510474894,-0.0005,0.0548192157902695));
#12458=CARTESIAN_POINT('',(-0.00198913510474894,-0.0025,0.0548192157902695));
#12459=CARTESIAN_POINT('',(-0.00184348670558797,-0.0005,0.0541933828251247));
#12460=CARTESIAN_POINT('',(-0.00184348670558797,-0.0025,0.0541933828251247));
#12461=CARTESIAN_POINT('',(-0.00184348670558797,-0.0005,0.0534954842458117));
#12462=CARTESIAN_POINT('',(-0.00184348670558797,-0.0025,0.0534954842458117));
#12463=CARTESIAN_POINT('',(-0.00228043190307088,-0.0005,0.055372983141246));
#12464=CARTESIAN_POINT('',(-0.00228043190307088,-0.0005,0.055372983141246));
#12465=CARTESIAN_POINT('',(-0.00228043190307088,-0.0005,0.055372983141246));
#12466=CARTESIAN_POINT('',(-0.00184348670558797,-0.0005,0.0545423321147812));
#12467=CARTESIAN_POINT('',(-0.00184348670558797,-0.0005,0.0534954842458117));
#12468=CARTESIAN_POINT('',(-0.00348885846485953,-0.0005,0.0566701641962734));
#12469=CARTESIAN_POINT('',(-0.00348885846485953,-0.0025,0.0566701641962734));
#12470=CARTESIAN_POINT('',(-0.00297453755532236,-0.0005,0.0563591441772317));
#12471=CARTESIAN_POINT('',(-0.00297453755532236,-0.0025,0.0563591441772317));
#12472=CARTESIAN_POINT('',(-0.00257172870139281,-0.0005,0.0559267504922226));
#12473=CARTESIAN_POINT('',(-0.00257172870139281,-0.0025,0.0559267504922226));
#12474=CARTESIAN_POINT('',(-0.00228043190307088,-0.0005,0.055372983141246));
#12475=CARTESIAN_POINT('',(-0.00228043190307088,-0.0025,0.055372983141246));
#12476=CARTESIAN_POINT('',(-0.00348885846485953,-0.0005,0.0566701641962734));
#12477=CARTESIAN_POINT('',(-0.00348885846485953,-0.0005,0.0566701641962734));
#12478=CARTESIAN_POINT('',(-0.00348885846485953,-0.0005,0.0566701641962734));
#12479=CARTESIAN_POINT('',(-0.00271737710055377,-0.0005,0.0562036341677109));
#12480=CARTESIAN_POINT('',(-0.00228043190307088,-0.0005,0.055372983141246));
#12481=CARTESIAN_POINT('',(-0.00523663925479114,-0.0005,0.0571366942248359));
#12482=CARTESIAN_POINT('',(-0.00523663925479114,-0.0025,0.0571366942248359));
#12483=CARTESIAN_POINT('',(-0.00458577297104057,-0.0005,0.0571366942248359));
#12484=CARTESIAN_POINT('',(-0.00458577297104057,-0.0025,0.0571366942248359));
#12485=CARTESIAN_POINT('',(-0.0040031793743967,-0.0005,0.0569811842153151));
#12486=CARTESIAN_POINT('',(-0.0040031793743967,-0.0025,0.0569811842153151));
#12487=CARTESIAN_POINT('',(-0.00348885846485953,-0.0005,0.0566701641962734));
#12488=CARTESIAN_POINT('',(-0.00348885846485953,-0.0025,0.0566701641962734));
#12489=CARTESIAN_POINT('',(-0.00523663925479114,-0.0005,0.0571366942248359));
#12490=CARTESIAN_POINT('',(-0.00523663925479114,-0.0005,0.0571366942248359));
#12491=CARTESIAN_POINT('',(-0.00523663925479114,-0.0005,0.0571366942248359));
#12492=CARTESIAN_POINT('',(-0.00426033982916528,-0.0005,0.0571366942248359));
#12493=CARTESIAN_POINT('',(-0.00348885846485953,-0.0005,0.0566701641962734));
#12494=CARTESIAN_POINT('',(-0.00697759277601209,-0.0005,0.0566701641962734));
#12495=CARTESIAN_POINT('',(-0.00697759277601209,-0.0025,0.0566701641962734));
#12496=CARTESIAN_POINT('',(-0.0064678233789487,-0.0005,0.0569811842153151));
#12497=CARTESIAN_POINT('',(-0.0064678233789487,-0.0025,0.0569811842153151));
#12498=CARTESIAN_POINT('',(-0.00588750553854172,-0.0005,0.0571366942248359));
#12499=CARTESIAN_POINT('',(-0.00588750553854172,-0.0025,0.0571366942248359));
#12500=CARTESIAN_POINT('',(-0.00523663925479114,-0.0005,0.0571366942248359));
#12501=CARTESIAN_POINT('',(-0.00523663925479114,-0.0025,0.0571366942248359));
#12502=CARTESIAN_POINT('',(-0.00697759277601209,-0.0005,0.0566701641962734));
#12503=CARTESIAN_POINT('',(-0.00697759277601209,-0.0005,0.0566701641962734));
#12504=CARTESIAN_POINT('',(-0.00697759277601209,-0.0005,0.0566701641962734));
#12505=CARTESIAN_POINT('',(-0.00621293868041701,-0.0005,0.0571366942248359));
#12506=CARTESIAN_POINT('',(-0.00523663925479114,-0.0005,0.0571366942248359));
#12507=CARTESIAN_POINT('',(-0.00817122692226096,-0.0005,0.0553809482880752));
#12508=CARTESIAN_POINT('',(-0.00817122692226096,-0.0025,0.0553809482880752));
#12509=CARTESIAN_POINT('',(-0.0078852402218251,-0.0005,0.0559294055411657));
#12510=CARTESIAN_POINT('',(-0.0078852402218251,-0.0025,0.0559294055411657));
#12511=CARTESIAN_POINT('',(-0.00748736217307548,-0.0005,0.0563591441772317));
#12512=CARTESIAN_POINT('',(-0.00748736217307548,-0.0025,0.0563591441772317));
#12513=CARTESIAN_POINT('',(-0.00697759277601209,-0.0005,0.0566701641962734));
#12514=CARTESIAN_POINT('',(-0.00697759277601209,-0.0025,0.0566701641962734));
#12515=CARTESIAN_POINT('',(-0.00817122692226096,-0.0005,0.0553809482880752));
#12516=CARTESIAN_POINT('',(-0.00817122692226096,-0.0005,0.0553809482880752));
#12517=CARTESIAN_POINT('',(-0.00817122692226096,-0.0005,0.0553809482880752));
#12518=CARTESIAN_POINT('',(-0.00774224687160717,-0.0005,0.0562036341677109));
#12519=CARTESIAN_POINT('',(-0.00697759277601209,-0.0005,0.0566701641962734));
#12520=CARTESIAN_POINT('',(-0.00860020697291475,-0.0005,0.053509138783233));
#12521=CARTESIAN_POINT('',(-0.00860020697291475,-0.0025,0.053509138783233));
#12522=CARTESIAN_POINT('',(-0.00860020697291475,-0.0005,0.0542085545333706));
#12523=CARTESIAN_POINT('',(-0.00860020697291475,-0.0025,0.0542085545333706));
#12524=CARTESIAN_POINT('',(-0.00845721362269682,-0.0005,0.0548324910349847));
#12525=CARTESIAN_POINT('',(-0.00845721362269682,-0.0025,0.0548324910349847));
#12526=CARTESIAN_POINT('',(-0.00817122692226096,-0.0005,0.0553809482880752));
#12527=CARTESIAN_POINT('',(-0.00817122692226096,-0.0025,0.0553809482880752));
#12528=CARTESIAN_POINT('',(-0.00860020697291475,-0.0005,0.053509138783233));
#12529=CARTESIAN_POINT('',(-0.00860020697291475,-0.0005,0.053509138783233));
#12530=CARTESIAN_POINT('',(-0.00860020697291475,-0.0005,0.053509138783233));
#12531=CARTESIAN_POINT('',(-0.00860020697291475,-0.0005,0.0545582624084394));
#12532=CARTESIAN_POINT('',(-0.00817122692226096,-0.0005,0.0553809482880752));
#12533=CARTESIAN_POINT('',(-0.00816326177543184,-0.0005,0.0516225368628511));
#12534=CARTESIAN_POINT('',(-0.00816326177543184,-0.0025,0.0516225368628511));
#12535=CARTESIAN_POINT('',(-0.00845455857375378,-0.0005,0.0521808557263015));
#12536=CARTESIAN_POINT('',(-0.00845455857375378,-0.0025,0.0521808557263015));
#12537=CARTESIAN_POINT('',(-0.00860020697291475,-0.0005,0.0528097230330955));
#12538=CARTESIAN_POINT('',(-0.00860020697291475,-0.0025,0.0528097230330955));
#12539=CARTESIAN_POINT('',(-0.00860020697291475,-0.0005,0.053509138783233));
#12540=CARTESIAN_POINT('',(-0.00860020697291475,-0.0025,0.053509138783233));
#12541=CARTESIAN_POINT('',(-0.00816326177543184,-0.0005,0.0516225368628511));
#12542=CARTESIAN_POINT('',(-0.00816326177543184,-0.0005,0.0516225368628511));
#12543=CARTESIAN_POINT('',(-0.00816326177543184,-0.0005,0.0516225368628511));
#12544=CARTESIAN_POINT('',(-0.00860020697291475,-0.0005,0.0524600151580267));
#12545=CARTESIAN_POINT('',(-0.00860020697291475,-0.0005,0.053509138783233));
#12546=CARTESIAN_POINT('',(-0.00695483521364319,-0.0005,0.0503196664172315));
#12547=CARTESIAN_POINT('',(-0.00695483521364319,-0.0025,0.0503196664172315));
#12548=CARTESIAN_POINT('',(-0.00746915612318036,-0.0005,0.0506299278508609));
#12549=CARTESIAN_POINT('',(-0.00746915612318036,-0.0025,0.0506299278508609));
#12550=CARTESIAN_POINT('',(-0.00787196497710991,-0.0005,0.0510642179994008));
#12551=CARTESIAN_POINT('',(-0.00787196497710991,-0.0025,0.0510642179994008));
#12552=CARTESIAN_POINT('',(-0.00816326177543184,-0.0005,0.0516225368628511));
#12553=CARTESIAN_POINT('',(-0.00816326177543184,-0.0025,0.0516225368628511));
#12554=CARTESIAN_POINT('',(-0.00695483521364319,-0.0005,0.0503196664172315));
#12555=CARTESIAN_POINT('',(-0.00772631657794894,-0.0005,0.0507850585676756));
#12556=CARTESIAN_POINT('',(-0.00816326177543184,-0.0005,0.0516225368628511));
#12557=CARTESIAN_POINT('',(-0.00399180059321224,-0.0005,0.0511059401970771));
#12558=CARTESIAN_POINT('',(-0.00399180059321224,-0.0025,0.0511059401970771));
#12559=CARTESIAN_POINT('',(-0.00362767959530983,-0.0005,0.0513395845040644));
#12560=CARTESIAN_POINT('',(-0.00362767959530983,-0.0025,0.0513395845040644));
#12561=CARTESIAN_POINT('',(-0.00334358935840471,-0.0005,0.0516650176459397));
#12562=CARTESIAN_POINT('',(-0.00334358935840471,-0.0025,0.0516650176459397));
#12563=CARTESIAN_POINT('',(-0.00313952988249689,-0.0005,0.0520822396227029));
#12564=CARTESIAN_POINT('',(-0.00313952988249689,-0.0025,0.0520822396227029));
#12565=CARTESIAN_POINT('',(-0.00399180059321224,-0.0025,0.0511059401970771));
#12566=CARTESIAN_POINT('',(-0.00344561909635862,-0.0025,0.0514564066575581));
#12567=CARTESIAN_POINT('',(-0.00313952988249689,-0.0025,0.0520822396227029));
#12568=CARTESIAN_POINT('',(-0.00399180059321224,-0.0005,0.0511059401970771));
#12569=CARTESIAN_POINT('',(-0.00344561909635862,-0.0005,0.0514564066575581));
#12570=CARTESIAN_POINT('',(-0.00313952988249689,-0.0005,0.0520822396227029));
#12571=CARTESIAN_POINT('',(0.,-0.0005,0.));
#12572=CARTESIAN_POINT('',(0.0024963804381615,-0.0005,0.050755473736596));
#12573=CARTESIAN_POINT('',(0.0024963804381615,-0.0025,0.050755473736596));
#12574=CARTESIAN_POINT('',(0.00296215188131168,-0.0005,0.050755473736596));
#12575=CARTESIAN_POINT('',(0.00296215188131168,-0.0025,0.050755473736596));
#12576=CARTESIAN_POINT('',(0.00337709810183798,-0.0005,0.0508722958900897));
#12577=CARTESIAN_POINT('',(0.00337709810183798,-0.0025,0.0508722958900897));
#12578=CARTESIAN_POINT('',(0.0037412190997404,-0.0005,0.0511059401970771));
#12579=CARTESIAN_POINT('',(0.0037412190997404,-0.0025,0.0511059401970771));
#12580=CARTESIAN_POINT('',(0.0024963804381615,-0.0025,0.050755473736596));
#12581=CARTESIAN_POINT('',(0.00319503760288677,-0.0025,0.050755473736596));
#12582=CARTESIAN_POINT('',(0.0037412190997404,-0.0025,0.0511059401970771));
#12583=CARTESIAN_POINT('',(0.0024963804381615,-0.0025,0.050755473736596));
#12584=CARTESIAN_POINT('',(0.0037412190997404,-0.0025,0.0511059401970771));
#12585=CARTESIAN_POINT('',(0.0024963804381615,-0.0005,0.050755473736596));
#12586=CARTESIAN_POINT('',(0.0024963804381615,-0.0005,0.050755473736596));
#12587=CARTESIAN_POINT('',(0.0024963804381615,-0.0005,0.050755473736596));
#12588=CARTESIAN_POINT('',(0.00319503760288677,-0.0005,0.050755473736596));
#12589=CARTESIAN_POINT('',(0.0037412190997404,-0.0005,0.0511059401970771));
#12590=CARTESIAN_POINT('',(0.0037412190997404,-0.0005,0.0511059401970771));
#12591=CARTESIAN_POINT('',(0.0037412190997404,-0.0005,0.0511059401970771));
#12592=CARTESIAN_POINT('',(0.00127316146083305,-0.0005,0.0511059401970771));
#12593=CARTESIAN_POINT('',(0.00127316146083305,-0.0025,0.0511059401970771));
#12594=CARTESIAN_POINT('',(0.0016319723608494,-0.0005,0.0508722958900897));
#12595=CARTESIAN_POINT('',(0.0016319723608494,-0.0025,0.0508722958900897));
#12596=CARTESIAN_POINT('',(0.00203971201995888,-0.0005,0.050755473736596));
#12597=CARTESIAN_POINT('',(0.00203971201995888,-0.0025,0.050755473736596));
#12598=CARTESIAN_POINT('',(0.0024963804381615,-0.0005,0.050755473736596));
#12599=CARTESIAN_POINT('',(0.0024963804381615,-0.0025,0.050755473736596));
#12600=CARTESIAN_POINT('',(0.00127316146083305,-0.0025,0.0511059401970771));
#12601=CARTESIAN_POINT('',(0.00181137781085757,-0.0025,0.050755473736596));
#12602=CARTESIAN_POINT('',(0.0024963804381615,-0.0025,0.050755473736596));
#12603=CARTESIAN_POINT('',(0.00127316146083305,-0.0025,0.0511059401970771));
#12604=CARTESIAN_POINT('',(0.00127316146083305,-0.0005,0.0511059401970771));
#12605=CARTESIAN_POINT('',(0.00127316146083305,-0.0005,0.0511059401970771));
#12606=CARTESIAN_POINT('',(0.00127316146083305,-0.0005,0.0511059401970771));
#12607=CARTESIAN_POINT('',(0.00181137781085757,-0.0005,0.050755473736596));
#12608=CARTESIAN_POINT('',(0.0024963804381615,-0.0005,0.050755473736596));
#12609=CARTESIAN_POINT('',(0.000428855896946821,-0.0005,0.0520822396227029));
#12610=CARTESIAN_POINT('',(0.000428855896946821,-0.0025,0.0520822396227029));
#12611=CARTESIAN_POINT('',(0.000632915372854636,-0.0005,0.0516650176459397));
#12612=CARTESIAN_POINT('',(0.000632915372854636,-0.0025,0.0516650176459397));
#12613=CARTESIAN_POINT('',(0.000914350560816714,-0.0005,0.0513395845040644));
#12614=CARTESIAN_POINT('',(0.000914350560816714,-0.0025,0.0513395845040644));
#12615=CARTESIAN_POINT('',(0.00127316146083305,-0.0005,0.0511059401970771));
#12616=CARTESIAN_POINT('',(0.00127316146083305,-0.0025,0.0511059401970771));
#12617=CARTESIAN_POINT('',(0.000428855896946821,-0.0025,0.0520822396227029));
#12618=CARTESIAN_POINT('',(0.000734945110808544,-0.0025,0.0514564066575581));
#12619=CARTESIAN_POINT('',(0.00127316146083305,-0.0025,0.0511059401970771));
#12620=CARTESIAN_POINT('',(0.000428855896946821,-0.0025,0.0520822396227029));
#12621=CARTESIAN_POINT('',(0.000428855896946821,-0.0005,0.0520822396227029));
#12622=CARTESIAN_POINT('',(0.000428855896946821,-0.0005,0.0520822396227029));
#12623=CARTESIAN_POINT('',(0.000428855896946821,-0.0005,0.0520822396227029));
#12624=CARTESIAN_POINT('',(0.000734945110808544,-0.0005,0.0514564066575581));
#12625=CARTESIAN_POINT('',(0.00127316146083305,-0.0005,0.0511059401970771));
#12626=CARTESIAN_POINT('',(0.000122766683085099,-0.0005,0.053509138783233));
#12627=CARTESIAN_POINT('',(0.000122766683085099,-0.0025,0.053509138783233));
#12628=CARTESIAN_POINT('',(0.000122766683085099,-0.0005,0.0529750946529761));
#12629=CARTESIAN_POINT('',(0.000122766683085099,-0.0025,0.0529750946529761));
#12630=CARTESIAN_POINT('',(0.000224796421039006,-0.0005,0.0524994615994661));
#12631=CARTESIAN_POINT('',(0.000224796421039006,-0.0025,0.0524994615994661));
#12632=CARTESIAN_POINT('',(0.000428855896946821,-0.0005,0.0520822396227029));
#12633=CARTESIAN_POINT('',(0.000428855896946821,-0.0025,0.0520822396227029));
#12634=CARTESIAN_POINT('',(0.000122766683085099,-0.0025,0.053509138783233));
#12635=CARTESIAN_POINT('',(0.000122766683085099,-0.0025,0.0527080725878477));
#12636=CARTESIAN_POINT('',(0.000428855896946821,-0.0025,0.0520822396227029));
#12637=CARTESIAN_POINT('',(0.000122766683085099,-0.0025,0.053509138783233));
#12638=CARTESIAN_POINT('',(0.000122766683085099,-0.0005,0.053509138783233));
#12639=CARTESIAN_POINT('',(0.000122766683085099,-0.0005,0.053509138783233));
#12640=CARTESIAN_POINT('',(0.000122766683085099,-0.0005,0.053509138783233));
#12641=CARTESIAN_POINT('',(0.000122766683085099,-0.0005,0.0527080725878477));
#12642=CARTESIAN_POINT('',(0.000428855896946821,-0.0005,0.0520822396227029));
#12643=CARTESIAN_POINT('',(0.000428855896946821,-0.0005,0.0549155561376311));
#12644=CARTESIAN_POINT('',(0.000428855896946821,-0.0025,0.0549155561376311));
#12645=CARTESIAN_POINT('',(0.000224796421039006,-0.0005,0.0545028856733417));
#12646=CARTESIAN_POINT('',(0.000224796421039006,-0.0025,0.0545028856733417));
#12647=CARTESIAN_POINT('',(0.000122766683085099,-0.0005,0.0540340798885423));
#12648=CARTESIAN_POINT('',(0.000122766683085099,-0.0025,0.0540340798885423));
#12649=CARTESIAN_POINT('',(0.000122766683085099,-0.0005,0.053509138783233));
#12650=CARTESIAN_POINT('',(0.000122766683085099,-0.0025,0.053509138783233));
#12651=CARTESIAN_POINT('',(0.000428855896946821,-0.0025,0.0549155561376311));
#12652=CARTESIAN_POINT('',(0.000122766683085099,-0.0025,0.054296550441197));
#12653=CARTESIAN_POINT('',(0.000122766683085099,-0.0025,0.053509138783233));
#12654=CARTESIAN_POINT('',(0.000428855896946821,-0.0025,0.0549155561376311));
#12655=CARTESIAN_POINT('',(0.000428855896946821,-0.0005,0.0549155561376311));
#12656=CARTESIAN_POINT('',(0.000428855896946821,-0.0005,0.0549155561376311));
#12657=CARTESIAN_POINT('',(0.000428855896946821,-0.0005,0.0549155561376311));
#12658=CARTESIAN_POINT('',(0.000122766683085099,-0.0005,0.054296550441197));
#12659=CARTESIAN_POINT('',(0.000122766683085099,-0.0005,0.053509138783233));
#12660=CARTESIAN_POINT('',(0.00127316146083305,-0.0005,0.0558838904164279));
#12661=CARTESIAN_POINT('',(0.00127316146083305,-0.0025,0.0558838904164279));
#12662=CARTESIAN_POINT('',(0.000914350560816714,-0.0005,0.0556510046948528));
#12663=CARTESIAN_POINT('',(0.000914350560816714,-0.0025,0.0556510046948528));
#12664=CARTESIAN_POINT('',(0.000632915372854636,-0.0005,0.0553282266019205));
#12665=CARTESIAN_POINT('',(0.000632915372854636,-0.0025,0.0553282266019205));
#12666=CARTESIAN_POINT('',(0.000428855896946821,-0.0005,0.0549155561376311));
#12667=CARTESIAN_POINT('',(0.000428855896946821,-0.0025,0.0549155561376311));
#12668=CARTESIAN_POINT('',(0.00127316146083305,-0.0025,0.0558838904164279));
#12669=CARTESIAN_POINT('',(0.000734945110808544,-0.0025,0.0555345618340652));
#12670=CARTESIAN_POINT('',(0.000428855896946821,-0.0025,0.0549155561376311));
#12671=CARTESIAN_POINT('',(0.00127316146083305,-0.0025,0.0558838904164279));
#12672=CARTESIAN_POINT('',(0.00127316146083305,-0.0005,0.0558838904164279));
#12673=CARTESIAN_POINT('',(0.00127316146083305,-0.0005,0.0558838904164279));
#12674=CARTESIAN_POINT('',(0.00127316146083305,-0.0005,0.0558838904164279));
#12675=CARTESIAN_POINT('',(0.000734945110808544,-0.0005,0.0555345618340652));
#12676=CARTESIAN_POINT('',(0.000428855896946821,-0.0005,0.0549155561376311));
#12677=CARTESIAN_POINT('',(0.0024963804381615,-0.0005,0.0562332189987905));
#12678=CARTESIAN_POINT('',(0.0024963804381615,-0.0025,0.0562332189987905));
#12679=CARTESIAN_POINT('',(0.00203971201995888,-0.0005,0.0562332189987905));
#12680=CARTESIAN_POINT('',(0.00203971201995888,-0.0025,0.0562332189987905));
#12681=CARTESIAN_POINT('',(0.0016319723608494,-0.0005,0.056116776138003));
#12682=CARTESIAN_POINT('',(0.0016319723608494,-0.0025,0.056116776138003));
#12683=CARTESIAN_POINT('',(0.00127316146083305,-0.0005,0.0558838904164279));
#12684=CARTESIAN_POINT('',(0.00127316146083305,-0.0025,0.0558838904164279));
#12685=CARTESIAN_POINT('',(0.0024963804381615,-0.0025,0.0562332189987905));
#12686=CARTESIAN_POINT('',(0.00181137781085757,-0.0025,0.0562332189987905));
#12687=CARTESIAN_POINT('',(0.00127316146083305,-0.0025,0.0558838904164279));
#12688=CARTESIAN_POINT('',(0.0024963804381615,-0.0025,0.0562332189987905));
#12689=CARTESIAN_POINT('',(0.0024963804381615,-0.0005,0.0562332189987905));
#12690=CARTESIAN_POINT('',(0.0024963804381615,-0.0005,0.0562332189987905));
#12691=CARTESIAN_POINT('',(0.0024963804381615,-0.0005,0.0562332189987905));
#12692=CARTESIAN_POINT('',(0.00181137781085757,-0.0005,0.0562332189987905));
#12693=CARTESIAN_POINT('',(0.00127316146083305,-0.0005,0.0558838904164279));
#12694=CARTESIAN_POINT('',(0.0037412190997404,-0.0005,0.0558838904164279));
#12695=CARTESIAN_POINT('',(0.0037412190997404,-0.0025,0.0558838904164279));
#12696=CARTESIAN_POINT('',(0.00337709810183798,-0.0005,0.056116776138003));
#12697=CARTESIAN_POINT('',(0.00337709810183798,-0.0025,0.056116776138003));
#12698=CARTESIAN_POINT('',(0.00296215188131168,-0.0005,0.0562332189987905));
#12699=CARTESIAN_POINT('',(0.00296215188131168,-0.0025,0.0562332189987905));
#12700=CARTESIAN_POINT('',(0.0024963804381615,-0.0005,0.0562332189987905));
#12701=CARTESIAN_POINT('',(0.0024963804381615,-0.0025,0.0562332189987905));
#12702=CARTESIAN_POINT('',(0.0037412190997404,-0.0025,0.0558838904164279));
#12703=CARTESIAN_POINT('',(0.00319503760288677,-0.0025,0.0562332189987905));
#12704=CARTESIAN_POINT('',(0.0024963804381615,-0.0025,0.0562332189987905));
#12705=CARTESIAN_POINT('',(0.0037412190997404,-0.0025,0.0558838904164279));
#12706=CARTESIAN_POINT('',(0.0037412190997404,-0.0005,0.0558838904164279));
#12707=CARTESIAN_POINT('',(0.0037412190997404,-0.0005,0.0558838904164279));
#12708=CARTESIAN_POINT('',(0.0037412190997404,-0.0005,0.0558838904164279));
#12709=CARTESIAN_POINT('',(0.00319503760288677,-0.0005,0.0562332189987905));
#12710=CARTESIAN_POINT('',(0.0024963804381615,-0.0005,0.0562332189987905));
#12711=CARTESIAN_POINT('',(0.00459348981045575,-0.0005,0.054907590990802));
#12712=CARTESIAN_POINT('',(0.00459348981045575,-0.0025,0.054907590990802));
#12713=CARTESIAN_POINT('',(0.00438943033454794,-0.0005,0.0553255715529775));
#12714=CARTESIAN_POINT('',(0.00438943033454794,-0.0025,0.0553255715529775));
#12715=CARTESIAN_POINT('',(0.00410534009764282,-0.0005,0.0556510046948528));
#12716=CARTESIAN_POINT('',(0.00410534009764282,-0.0025,0.0556510046948528));
#12717=CARTESIAN_POINT('',(0.0037412190997404,-0.0005,0.0558838904164279));
#12718=CARTESIAN_POINT('',(0.0037412190997404,-0.0025,0.0558838904164279));
#12719=CARTESIAN_POINT('',(0.00459348981045575,-0.0025,0.054907590990802));
#12720=CARTESIAN_POINT('',(0.00428740059659403,-0.0025,0.0555345618340652));
#12721=CARTESIAN_POINT('',(0.0037412190997404,-0.0025,0.0558838904164279));
#12722=CARTESIAN_POINT('',(0.00459348981045575,-0.0025,0.054907590990802));
#12723=CARTESIAN_POINT('',(0.00459348981045575,-0.0005,0.054907590990802));
#12724=CARTESIAN_POINT('',(0.00459348981045575,-0.0005,0.054907590990802));
#12725=CARTESIAN_POINT('',(0.00459348981045575,-0.0005,0.054907590990802));
#12726=CARTESIAN_POINT('',(0.00428740059659403,-0.0005,0.0555345618340652));
#12727=CARTESIAN_POINT('',(0.0037412190997404,-0.0005,0.0558838904164279));
#12728=CARTESIAN_POINT('',(0.00489957902431747,-0.0005,0.0534954842458117));
#12729=CARTESIAN_POINT('',(0.00489957902431747,-0.0025,0.0534954842458117));
#12730=CARTESIAN_POINT('',(0.00489957902431747,-0.0005,0.0540189081802964));
#12731=CARTESIAN_POINT('',(0.00489957902431747,-0.0025,0.0540189081802964));
#12732=CARTESIAN_POINT('',(0.00479754928636356,-0.0005,0.0544896104286265));
#12733=CARTESIAN_POINT('',(0.00479754928636356,-0.0025,0.0544896104286265));
#12734=CARTESIAN_POINT('',(0.00459348981045575,-0.0005,0.054907590990802));
#12735=CARTESIAN_POINT('',(0.00459348981045575,-0.0025,0.054907590990802));
#12736=CARTESIAN_POINT('',(0.00489957902431747,-0.0025,0.0534954842458117));
#12737=CARTESIAN_POINT('',(0.00489957902431747,-0.0025,0.0542806201475388));
#12738=CARTESIAN_POINT('',(0.00459348981045575,-0.0025,0.054907590990802));
#12739=CARTESIAN_POINT('',(0.00489957902431747,-0.0025,0.0534954842458117));
#12740=CARTESIAN_POINT('',(0.00489957902431747,-0.0005,0.0534954842458117));
#12741=CARTESIAN_POINT('',(0.00489957902431747,-0.0005,0.0534954842458117));
#12742=CARTESIAN_POINT('',(0.00489957902431747,-0.0005,0.0534954842458117));
#12743=CARTESIAN_POINT('',(0.00489957902431747,-0.0005,0.0542806201475388));
#12744=CARTESIAN_POINT('',(0.00459348981045575,-0.0005,0.054907590990802));
#12745=CARTESIAN_POINT('',(0.00459348981045575,-0.0005,0.0520822396227029));
#12746=CARTESIAN_POINT('',(0.00459348981045575,-0.0025,0.0520822396227029));
#12747=CARTESIAN_POINT('',(0.00479754928636356,-0.0005,0.0524994615994661));
#12748=CARTESIAN_POINT('',(0.00479754928636356,-0.0025,0.0524994615994661));
#12749=CARTESIAN_POINT('',(0.00489957902431747,-0.0005,0.0529705431405024));
#12750=CARTESIAN_POINT('',(0.00489957902431747,-0.0025,0.0529705431405024));
#12751=CARTESIAN_POINT('',(0.00489957902431747,-0.0005,0.0534954842458117));
#12752=CARTESIAN_POINT('',(0.00489957902431747,-0.0025,0.0534954842458117));
#12753=CARTESIAN_POINT('',(0.00459348981045575,-0.0025,0.0520822396227029));
#12754=CARTESIAN_POINT('',(0.00489957902431747,-0.0025,0.0527080725878477));
#12755=CARTESIAN_POINT('',(0.00489957902431747,-0.0025,0.0534954842458117));
#12756=CARTESIAN_POINT('',(0.00459348981045575,-0.0025,0.0520822396227029));
#12757=CARTESIAN_POINT('',(0.00459348981045575,-0.0005,0.0520822396227029));
#12758=CARTESIAN_POINT('',(0.00459348981045575,-0.0005,0.0520822396227029));
#12759=CARTESIAN_POINT('',(0.00459348981045575,-0.0005,0.0520822396227029));
#12760=CARTESIAN_POINT('',(0.00489957902431747,-0.0005,0.0527080725878477));
#12761=CARTESIAN_POINT('',(0.00489957902431747,-0.0005,0.0534954842458117));
#12762=CARTESIAN_POINT('',(0.00588953298736467,-0.0005,0.0536252023513144));
#12763=CARTESIAN_POINT('',(0.00588953298736467,-0.0005,0.0569022913324362));
#12764=CARTESIAN_POINT('',(0.00588953298736467,-0.0005,0.0569022913324362));
#12765=CARTESIAN_POINT('',(0.00588953298736467,-0.0005,0.0536252023513144));
#12766=CARTESIAN_POINT('',(0.00588953298736467,-0.0005,0.0503481133701927));
#12767=CARTESIAN_POINT('',(0.00588953298736467,-0.0005,0.0503481133701927));
#12768=CARTESIAN_POINT('',(0.00539455600584107,-0.0005,0.0569022913324362));
#12769=CARTESIAN_POINT('',(0.00489957902431747,-0.0005,0.0569022913324362));
#12770=CARTESIAN_POINT('',(0.00489957902431747,-0.0005,0.0569022913324362));
#12771=CARTESIAN_POINT('',(0.00539455600584107,-0.0005,0.0569022913324362));
#12772=CARTESIAN_POINT('',(0.00489957902431747,-0.0005,0.0563925219353728));
#12773=CARTESIAN_POINT('',(0.00489957902431747,-0.0005,0.0558827525383094));
#12774=CARTESIAN_POINT('',(0.0048992283925633,-0.0005,0.0558825096150492));
#12775=CARTESIAN_POINT('',(0.00489957902431747,-0.0005,0.0563925219353728));
#12776=CARTESIAN_POINT('',(0.00246286870084081,-0.0005,0.054194560842084));
#12777=CARTESIAN_POINT('',(0.00385728266782179,-0.0005,0.0568089853267237));
#12778=CARTESIAN_POINT('',(0.00385728266782179,-0.0005,0.0568089853267237));
#12779=CARTESIAN_POINT('',(0.00246286870084081,-0.0005,0.054194560842084));
#12780=CARTESIAN_POINT('',(0.0024963804381615,-0.0005,0.0571366942248359));
#12781=CARTESIAN_POINT('',(0.0024963804381615,-0.0025,0.0571366942248359));
#12782=CARTESIAN_POINT('',(0.00299097812697895,-0.0005,0.0571366942248359));
#12783=CARTESIAN_POINT('',(0.00299097812697895,-0.0025,0.0571366942248359));
#12784=CARTESIAN_POINT('',(0.00344461220353238,-0.0005,0.0570274579254652));
#12785=CARTESIAN_POINT('',(0.00344461220353238,-0.0025,0.0570274579254652));
#12786=CARTESIAN_POINT('',(0.00385728266782179,-0.0005,0.0568089853267237));
#12787=CARTESIAN_POINT('',(0.00385728266782179,-0.0025,0.0568089853267237));
#12788=CARTESIAN_POINT('',(0.0024963804381615,-0.0005,0.0571366942248359));
#12789=CARTESIAN_POINT('',(0.0024963804381615,-0.0005,0.0571366942248359));
#12790=CARTESIAN_POINT('',(0.0024963804381615,-0.0005,0.0571366942248359));
#12791=CARTESIAN_POINT('',(0.00323827697138768,-0.0005,0.0571366942248359));
#12792=CARTESIAN_POINT('',(0.00385728266782179,-0.0005,0.0568089853267237));
#12793=CARTESIAN_POINT('',(0.000755426916940555,-0.0005,0.0566701641962734));
#12794=CARTESIAN_POINT('',(0.000755426916940555,-0.0025,0.0566701641962734));
#12795=CARTESIAN_POINT('',(0.00126519631400394,-0.0005,0.0569811842153151));
#12796=CARTESIAN_POINT('',(0.00126519631400394,-0.0025,0.0569811842153151));
#12797=CARTESIAN_POINT('',(0.00184551415441092,-0.0005,0.0571366942248359));
#12798=CARTESIAN_POINT('',(0.00184551415441092,-0.0025,0.0571366942248359));
#12799=CARTESIAN_POINT('',(0.0024963804381615,-0.0005,0.0571366942248359));
#12800=CARTESIAN_POINT('',(0.0024963804381615,-0.0025,0.0571366942248359));
#12801=CARTESIAN_POINT('',(0.000755426916940555,-0.0005,0.0566701641962734));
#12802=CARTESIAN_POINT('',(0.000755426916940555,-0.0005,0.0566701641962734));
#12803=CARTESIAN_POINT('',(0.000755426916940555,-0.0005,0.0566701641962734));
#12804=CARTESIAN_POINT('',(0.00152008101253563,-0.0005,0.0571366942248359));
#12805=CARTESIAN_POINT('',(0.0024963804381615,-0.0005,0.0571366942248359));
#12806=CARTESIAN_POINT('',(-0.000438207229308318,-0.0005,0.0553809482880752));
#12807=CARTESIAN_POINT('',(-0.000438207229308318,-0.0025,0.0553809482880752));
#12808=CARTESIAN_POINT('',(-0.000152220528872459,-0.0005,0.0559294055411657));
#12809=CARTESIAN_POINT('',(-0.000152220528872459,-0.0025,0.0559294055411657));
#12810=CARTESIAN_POINT('',(0.000245657519877165,-0.0005,0.0563591441772317));
#12811=CARTESIAN_POINT('',(0.000245657519877165,-0.0025,0.0563591441772317));
#12812=CARTESIAN_POINT('',(0.000755426916940555,-0.0005,0.0566701641962734));
#12813=CARTESIAN_POINT('',(0.000755426916940555,-0.0025,0.0566701641962734));
#12814=CARTESIAN_POINT('',(-0.000438207229308318,-0.0005,0.0553809482880752));
#12815=CARTESIAN_POINT('',(-0.000438207229308318,-0.0005,0.0553809482880752));
#12816=CARTESIAN_POINT('',(-0.000438207229308318,-0.0005,0.0553809482880752));
#12817=CARTESIAN_POINT('',(-9.22717865452921E-6,-0.0005,0.0562036341677109));
#12818=CARTESIAN_POINT('',(0.000755426916940555,-0.0005,0.0566701641962734));
#12819=CARTESIAN_POINT('',(-0.000867187279962108,-0.0005,0.053509138783233));
#12820=CARTESIAN_POINT('',(-0.000867187279962108,-0.0025,0.053509138783233));
#12821=CARTESIAN_POINT('',(-0.000867187279962108,-0.0005,0.0542085545333706));
#12822=CARTESIAN_POINT('',(-0.000867187279962108,-0.0025,0.0542085545333706));
#12823=CARTESIAN_POINT('',(-0.000724193929744178,-0.0005,0.0548324910349847));
#12824=CARTESIAN_POINT('',(-0.000724193929744178,-0.0025,0.0548324910349847));
#12825=CARTESIAN_POINT('',(-0.000438207229308318,-0.0005,0.0553809482880752));
#12826=CARTESIAN_POINT('',(-0.000438207229308318,-0.0025,0.0553809482880752));
#12827=CARTESIAN_POINT('',(-0.000867187279962108,-0.0005,0.053509138783233));
#12828=CARTESIAN_POINT('',(-0.000867187279962108,-0.0005,0.053509138783233));
#12829=CARTESIAN_POINT('',(-0.000867187279962108,-0.0005,0.053509138783233));
#12830=CARTESIAN_POINT('',(-0.000867187279962108,-0.0005,0.0545582624084394));
#12831=CARTESIAN_POINT('',(-0.000438207229308318,-0.0005,0.0553809482880752));
#12832=CARTESIAN_POINT('',(-0.000430242082479201,-0.0005,0.0516157095941405));
#12833=CARTESIAN_POINT('',(-0.000430242082479201,-0.0025,0.0516157095941405));
#12834=CARTESIAN_POINT('',(-0.000721538880801139,-0.0005,0.052169476945117));
#12835=CARTESIAN_POINT('',(-0.000721538880801139,-0.0025,0.052169476945117));
#12836=CARTESIAN_POINT('',(-0.000867187279962108,-0.0005,0.0528006200081479));
#12837=CARTESIAN_POINT('',(-0.000867187279962108,-0.0025,0.0528006200081479));
#12838=CARTESIAN_POINT('',(-0.000867187279962108,-0.0005,0.053509138783233));
#12839=CARTESIAN_POINT('',(-0.000867187279962108,-0.0025,0.053509138783233));
#12840=CARTESIAN_POINT('',(-0.000430242082479201,-0.0005,0.0516157095941405));
#12841=CARTESIAN_POINT('',(-0.000430242082479201,-0.0005,0.0516157095941405));
#12842=CARTESIAN_POINT('',(-0.000430242082479201,-0.0005,0.0516157095941405));
#12843=CARTESIAN_POINT('',(-0.000867187279962108,-0.0005,0.0524463606206053));
#12844=CARTESIAN_POINT('',(-0.000867187279962108,-0.0005,0.053509138783233));
#12845=CARTESIAN_POINT('',(0.000778184479309454,-0.0005,0.0503196664172315));
#12846=CARTESIAN_POINT('',(0.000778184479309454,-0.0025,0.0503196664172315));
#12847=CARTESIAN_POINT('',(0.000263863569772288,-0.0005,0.0506299278508609));
#12848=CARTESIAN_POINT('',(0.000263863569772288,-0.0025,0.0506299278508609));
#12849=CARTESIAN_POINT('',(-0.000138945284157264,-0.0005,0.0510619422431639));
#12850=CARTESIAN_POINT('',(-0.000138945284157264,-0.0025,0.0510619422431639));
#12851=CARTESIAN_POINT('',(-0.000430242082479201,-0.0005,0.0516157095941405));
#12852=CARTESIAN_POINT('',(-0.000430242082479201,-0.0025,0.0516157095941405));
#12853=CARTESIAN_POINT('',(0.000778184479309454,-0.0005,0.0503196664172315));
#12854=CARTESIAN_POINT('',(0.000778184479309454,-0.0005,0.0503196664172315));
#12855=CARTESIAN_POINT('',(0.000778184479309454,-0.0005,0.0503196664172315));
#12856=CARTESIAN_POINT('',(6.70311500370474E-6,-0.0005,0.0507850585676756));
#12857=CARTESIAN_POINT('',(-0.000430242082479201,-0.0005,0.0516157095941405));
#12858=CARTESIAN_POINT('',(0.00252596526924107,-0.0005,0.0498542742667875));
#12859=CARTESIAN_POINT('',(0.00252596526924107,-0.0025,0.0498542742667875));
#12860=CARTESIAN_POINT('',(0.00187509898549049,-0.0005,0.0498542742667875));
#12861=CARTESIAN_POINT('',(0.00187509898549049,-0.0025,0.0498542742667875));
#12862=CARTESIAN_POINT('',(0.00129250538884662,-0.0005,0.0500094049836022));
#12863=CARTESIAN_POINT('',(0.00129250538884662,-0.0025,0.0500094049836022));
#12864=CARTESIAN_POINT('',(0.000778184479309454,-0.0005,0.0503196664172315));
#12865=CARTESIAN_POINT('',(0.000778184479309454,-0.0025,0.0503196664172315));
#12866=CARTESIAN_POINT('',(0.00252596526924107,-0.0005,0.0498542742667875));
#12867=CARTESIAN_POINT('',(0.00252596526924107,-0.0005,0.0498542742667875));
#12868=CARTESIAN_POINT('',(0.00252596526924107,-0.0005,0.0498542742667875));
#12869=CARTESIAN_POINT('',(0.00154966584361521,-0.0005,0.0498542742667875));
#12870=CARTESIAN_POINT('',(0.000778184479309454,-0.0005,0.0503196664172315));
#12871=CARTESIAN_POINT('',(0.0025567624363993,-0.0005,0.0526417850133998));
#12872=CARTESIAN_POINT('',(0.0038652478146509,-0.0005,0.0501819831648997));
#12873=CARTESIAN_POINT('',(0.00386537553693675,-0.0005,0.05018174338778));
#12874=CARTESIAN_POINT('',(0.0025567624363993,-0.0005,0.0526417850133998));
#12875=CARTESIAN_POINT('',(0.00241960308087896,-0.0005,0.0528638549573583));
#12876=CARTESIAN_POINT('',(0.00489957902431747,-0.0005,0.0510922856596557));
#12877=CARTESIAN_POINT('',(0.0048992991424077,-0.00050000025,0.0510924855931267));
#12878=CARTESIAN_POINT('',(0.00241960308087896,-0.0005,0.0528638549573583));
#12879=CARTESIAN_POINT('',(0.00489957902431747,-0.0005,0.0507201995149242));
#12880=CARTESIAN_POINT('',(0.00489957902431747,-0.0005,0.0503481133701927));
#12881=CARTESIAN_POINT('',(0.00489957902431747,-0.0005,0.0503481133701927));
#12882=CARTESIAN_POINT('',(0.00489957902431747,-0.0005,0.0507201995149242));
#12883=CARTESIAN_POINT('',(0.00433860511192405,-0.0005,0.0487175340264609));
#12884=CARTESIAN_POINT('',(0.00433860511192405,-0.0025,0.0487175340264609));
#12885=CARTESIAN_POINT('',(0.00471258772018633,-0.0005,0.049144617613584));
#12886=CARTESIAN_POINT('',(0.00471258772018633,-0.0025,0.049144617613584));
#12887=CARTESIAN_POINT('',(0.00489957902431747,-0.0005,0.0496881440614946));
#12888=CARTESIAN_POINT('',(0.00489957902431747,-0.0025,0.0496881440614946));
#12889=CARTESIAN_POINT('',(0.00489957902431747,-0.0005,0.0503481133701927));
#12890=CARTESIAN_POINT('',(0.00489957902431747,-0.0025,0.0503481133701927));
#12891=CARTESIAN_POINT('',(0.00433860511192405,-0.0005,0.0487175340264609));
#12892=CARTESIAN_POINT('',(0.00433860511192405,-0.0005,0.0487175340264609));
#12893=CARTESIAN_POINT('',(0.00433860511192405,-0.0005,0.0487175340264609));
#12894=CARTESIAN_POINT('',(0.00489957902431747,-0.0005,0.0493581594071455));
#12895=CARTESIAN_POINT('',(0.00489957902431747,-0.0005,0.0503481133701927));
#12896=CARTESIAN_POINT('',(0.00289008626714349,-0.0005,0.0480769086457763));
#12897=CARTESIAN_POINT('',(0.00289008626714349,-0.0025,0.0480769086457763));
#12898=CARTESIAN_POINT('',(0.00348178288873492,-0.0005,0.0480769086457763));
#12899=CARTESIAN_POINT('',(0.00348178288873492,-0.0025,0.0480769086457763));
#12900=CARTESIAN_POINT('',(0.00396462250366178,-0.0005,0.0482904504393378));
#12901=CARTESIAN_POINT('',(0.00396462250366178,-0.0025,0.0482904504393378));
#12902=CARTESIAN_POINT('',(0.00433860511192405,-0.0005,0.0487175340264609));
#12903=CARTESIAN_POINT('',(0.00433860511192405,-0.0025,0.0487175340264609));
#12904=CARTESIAN_POINT('',(0.00289008626714349,-0.0005,0.0480769086457763));
#12905=CARTESIAN_POINT('',(0.00289008626714349,-0.0005,0.0480769086457763));
#12906=CARTESIAN_POINT('',(0.00289008626714349,-0.0005,0.0480769086457763));
#12907=CARTESIAN_POINT('',(0.00377763119953064,-0.0005,0.0480769086457763));
#12908=CARTESIAN_POINT('',(0.00433860511192405,-0.0005,0.0487175340264609));
#12909=CARTESIAN_POINT('',(0.00147684164403472,-0.0005,0.0480769086457763));
#12910=CARTESIAN_POINT('',(6.3597020925954E-5,-0.0005,0.0480769086457763));
#12911=CARTESIAN_POINT('',(6.3597020925954E-5,-0.0005,0.0480769086457763));
#12912=CARTESIAN_POINT('',(0.00147684164403472,-0.0005,0.0480769086457763));
#12913=CARTESIAN_POINT('',(6.3597020925954E-5,-0.0005,0.0476251710327536));
#12914=CARTESIAN_POINT('',(6.3597020925954E-5,-0.0005,0.0471734334197309));
#12915=CARTESIAN_POINT('',(6.3597020925954E-5,-0.0005,0.0471734334197309));
#12916=CARTESIAN_POINT('',(6.3597020925954E-5,-0.0005,0.0476251710327536));
#12917=CARTESIAN_POINT('',(0.00147684164403472,-0.0005,0.0471734334197309));
#12918=CARTESIAN_POINT('',(0.00289008626714349,-0.0005,0.0471734334197309));
#12919=CARTESIAN_POINT('',(0.00289008626714349,-0.0005,0.0471734334197309));
#12920=CARTESIAN_POINT('',(0.00147684164403472,-0.0005,0.0471734334197309));
#12921=CARTESIAN_POINT('',(0.00444784141129478,-0.0005,0.0475807937861343));
#12922=CARTESIAN_POINT('',(0.00444784141129478,-0.0025,0.0475807937861343));
#12923=CARTESIAN_POINT('',(0.00399193157850446,-0.0005,0.047309220208532));
#12924=CARTESIAN_POINT('',(0.00399193157850446,-0.0025,0.047309220208532));
#12925=CARTESIAN_POINT('',(0.00347267986378736,-0.0005,0.0471734334197309));
#12926=CARTESIAN_POINT('',(0.00347267986378736,-0.0025,0.0471734334197309));
#12927=CARTESIAN_POINT('',(0.00289008626714349,-0.0005,0.0471734334197309));
#12928=CARTESIAN_POINT('',(0.00289008626714349,-0.0025,0.0471734334197309));
#12929=CARTESIAN_POINT('',(0.00444784141129478,-0.0005,0.0475807937861343));
#12930=CARTESIAN_POINT('',(0.00444784141129478,-0.0005,0.0475807937861343));
#12931=CARTESIAN_POINT('',(0.00444784141129478,-0.0005,0.0475807937861343));
#12932=CARTESIAN_POINT('',(0.0037639766621093,-0.0005,0.0471734334197309));
#12933=CARTESIAN_POINT('',(0.00289008626714349,-0.0005,0.0471734334197309));
#12934=CARTESIAN_POINT('',(0.00301930857795298,-0.0005,0.0499882276836278));
#12935=CARTESIAN_POINT('',(0.00551061957392247,-0.0005,0.0487095688796318));
#12936=CARTESIAN_POINT('',(0.00551061957392247,-0.0005,0.0487095688796318));
#12937=CARTESIAN_POINT('',(0.00301930857795298,-0.0005,0.0499882276836278));
#12938=CARTESIAN_POINT('',(0.00588953298736467,-0.0005,0.0503481133701927));
#12939=CARTESIAN_POINT('',(0.00588953298736467,-0.0025,0.0503481133701927));
#12940=CARTESIAN_POINT('',(0.00588953298736467,-0.0005,0.0497366935278815));
#12941=CARTESIAN_POINT('',(0.00588953298736467,-0.0025,0.0497366935278815));
#12942=CARTESIAN_POINT('',(0.00576322851621727,-0.0005,0.0491905120310279));
#12943=CARTESIAN_POINT('',(0.00576322851621727,-0.0025,0.0491905120310279));
#12944=CARTESIAN_POINT('',(0.00551061957392247,-0.0005,0.0487095688796318));
#12945=CARTESIAN_POINT('',(0.00551061957392247,-0.0025,0.0487095688796318));
#12946=CARTESIAN_POINT('',(0.00588953298736467,-0.0005,0.0503481133701927));
#12947=CARTESIAN_POINT('',(0.00588953298736467,-0.0005,0.0494309836067259));
#12948=CARTESIAN_POINT('',(0.00551061957392247,-0.0005,0.0487095688796318));
#12949=CARTESIAN_POINT('',(0.0037412190997404,-0.0005,0.0511059401970771));
#12950=CARTESIAN_POINT('',(0.0037412190997404,-0.0025,0.0511059401970771));
#12951=CARTESIAN_POINT('',(0.00410534009764282,-0.0005,0.0513395845040644));
#12952=CARTESIAN_POINT('',(0.00410534009764282,-0.0025,0.0513395845040644));
#12953=CARTESIAN_POINT('',(0.00438943033454794,-0.0005,0.0516650176459397));
#12954=CARTESIAN_POINT('',(0.00438943033454794,-0.0025,0.0516650176459397));
#12955=CARTESIAN_POINT('',(0.00459348981045575,-0.0005,0.0520822396227029));
#12956=CARTESIAN_POINT('',(0.00459348981045575,-0.0025,0.0520822396227029));
#12957=CARTESIAN_POINT('',(0.0037412190997404,-0.0025,0.0511059401970771));
#12958=CARTESIAN_POINT('',(0.00428740059659403,-0.0025,0.0514564066575581));
#12959=CARTESIAN_POINT('',(0.00459348981045575,-0.0025,0.0520822396227029));
#12960=CARTESIAN_POINT('',(0.0037412190997404,-0.0005,0.0511059401970771));
#12961=CARTESIAN_POINT('',(0.00428740059659403,-0.0005,0.0514564066575581));
#12962=CARTESIAN_POINT('',(0.00459348981045575,-0.0005,0.0520822396227029));
#12963=CARTESIAN_POINT('',(0.,-0.0005,0.));
#12964=CARTESIAN_POINT('',(0.0156047363626486,-0.0005,0.050755473736596));
#12965=CARTESIAN_POINT('',(0.0156047363626486,-0.0025,0.050755473736596));
#12966=CARTESIAN_POINT('',(0.0160705078057988,-0.0005,0.050755473736596));
#12967=CARTESIAN_POINT('',(0.0160705078057988,-0.0025,0.050755473736596));
#12968=CARTESIAN_POINT('',(0.0164854540263251,-0.0005,0.0508722958900897));
#12969=CARTESIAN_POINT('',(0.0164854540263251,-0.0025,0.0508722958900897));
#12970=CARTESIAN_POINT('',(0.0168495750242275,-0.0005,0.0511059401970771));
#12971=CARTESIAN_POINT('',(0.0168495750242275,-0.0025,0.0511059401970771));
#12972=CARTESIAN_POINT('',(0.0156047363626486,-0.0025,0.050755473736596));
#12973=CARTESIAN_POINT('',(0.0163033935273739,-0.0025,0.050755473736596));
#12974=CARTESIAN_POINT('',(0.0168495750242275,-0.0025,0.0511059401970771));
#12975=CARTESIAN_POINT('',(0.0156047363626486,-0.0025,0.050755473736596));
#12976=CARTESIAN_POINT('',(0.0168495750242275,-0.0025,0.0511059401970771));
#12977=CARTESIAN_POINT('',(0.0156047363626486,-0.0005,0.050755473736596));
#12978=CARTESIAN_POINT('',(0.0156047363626486,-0.0005,0.050755473736596));
#12979=CARTESIAN_POINT('',(0.0156047363626486,-0.0005,0.050755473736596));
#12980=CARTESIAN_POINT('',(0.0163033935273739,-0.0005,0.050755473736596));
#12981=CARTESIAN_POINT('',(0.0168495750242275,-0.0005,0.0511059401970771));
#12982=CARTESIAN_POINT('',(0.0168495750242275,-0.0005,0.0511059401970771));
#12983=CARTESIAN_POINT('',(0.0168495750242275,-0.0005,0.0511059401970771));
#12984=CARTESIAN_POINT('',(0.0143815173853202,-0.0005,0.0511059401970771));
#12985=CARTESIAN_POINT('',(0.0143815173853202,-0.0025,0.0511059401970771));
#12986=CARTESIAN_POINT('',(0.0147403282853365,-0.0005,0.0508722958900897));
#12987=CARTESIAN_POINT('',(0.0147403282853365,-0.0025,0.0508722958900897));
#12988=CARTESIAN_POINT('',(0.015148067944446,-0.0005,0.050755473736596));
#12989=CARTESIAN_POINT('',(0.015148067944446,-0.0025,0.050755473736596));
#12990=CARTESIAN_POINT('',(0.0156047363626486,-0.0005,0.050755473736596));
#12991=CARTESIAN_POINT('',(0.0156047363626486,-0.0025,0.050755473736596));
#12992=CARTESIAN_POINT('',(0.0143815173853202,-0.0025,0.0511059401970771));
#12993=CARTESIAN_POINT('',(0.0149197337353447,-0.0025,0.050755473736596));
#12994=CARTESIAN_POINT('',(0.0156047363626486,-0.0025,0.050755473736596));
#12995=CARTESIAN_POINT('',(0.0143815173853202,-0.0025,0.0511059401970771));
#12996=CARTESIAN_POINT('',(0.0143815173853202,-0.0005,0.0511059401970771));
#12997=CARTESIAN_POINT('',(0.0143815173853202,-0.0005,0.0511059401970771));
#12998=CARTESIAN_POINT('',(0.0143815173853202,-0.0005,0.0511059401970771));
#12999=CARTESIAN_POINT('',(0.0149197337353447,-0.0005,0.050755473736596));
#13000=CARTESIAN_POINT('',(0.0156047363626486,-0.0005,0.050755473736596));
#13001=CARTESIAN_POINT('',(0.0135372118214339,-0.0005,0.0520822396227029));
#13002=CARTESIAN_POINT('',(0.0135372118214339,-0.0025,0.0520822396227029));
#13003=CARTESIAN_POINT('',(0.0137412712973417,-0.0005,0.0516650176459397));
#13004=CARTESIAN_POINT('',(0.0137412712973417,-0.0025,0.0516650176459397));
#13005=CARTESIAN_POINT('',(0.0140227064853038,-0.0005,0.0513395845040644));
#13006=CARTESIAN_POINT('',(0.0140227064853038,-0.0025,0.0513395845040644));
#13007=CARTESIAN_POINT('',(0.0143815173853202,-0.0005,0.0511059401970771));
#13008=CARTESIAN_POINT('',(0.0143815173853202,-0.0025,0.0511059401970771));
#13009=CARTESIAN_POINT('',(0.0135372118214339,-0.0025,0.0520822396227029));
#13010=CARTESIAN_POINT('',(0.0138433010352957,-0.0025,0.0514564066575581));
#13011=CARTESIAN_POINT('',(0.0143815173853202,-0.0025,0.0511059401970771));
#13012=CARTESIAN_POINT('',(0.0135372118214339,-0.0025,0.0520822396227029));
#13013=CARTESIAN_POINT('',(0.0135372118214339,-0.0005,0.0520822396227029));
#13014=CARTESIAN_POINT('',(0.0135372118214339,-0.0005,0.0520822396227029));
#13015=CARTESIAN_POINT('',(0.0135372118214339,-0.0005,0.0520822396227029));
#13016=CARTESIAN_POINT('',(0.0138433010352957,-0.0005,0.0514564066575581));
#13017=CARTESIAN_POINT('',(0.0143815173853202,-0.0005,0.0511059401970771));
#13018=CARTESIAN_POINT('',(0.0132311226075722,-0.0005,0.053509138783233));
#13019=CARTESIAN_POINT('',(0.0132311226075722,-0.0025,0.053509138783233));
#13020=CARTESIAN_POINT('',(0.0132311226075722,-0.0005,0.0529750946529761));
#13021=CARTESIAN_POINT('',(0.0132311226075722,-0.0025,0.0529750946529761));
#13022=CARTESIAN_POINT('',(0.0133331523455261,-0.0005,0.0524994615994661));
#13023=CARTESIAN_POINT('',(0.0133331523455261,-0.0025,0.0524994615994661));
#13024=CARTESIAN_POINT('',(0.0135372118214339,-0.0005,0.0520822396227029));
#13025=CARTESIAN_POINT('',(0.0135372118214339,-0.0025,0.0520822396227029));
#13026=CARTESIAN_POINT('',(0.0132311226075722,-0.0025,0.053509138783233));
#13027=CARTESIAN_POINT('',(0.0132311226075722,-0.0025,0.0527080725878477));
#13028=CARTESIAN_POINT('',(0.0135372118214339,-0.0025,0.0520822396227029));
#13029=CARTESIAN_POINT('',(0.0132311226075722,-0.0025,0.053509138783233));
#13030=CARTESIAN_POINT('',(0.0132311226075722,-0.0005,0.053509138783233));
#13031=CARTESIAN_POINT('',(0.0132311226075722,-0.0005,0.053509138783233));
#13032=CARTESIAN_POINT('',(0.0132311226075722,-0.0005,0.053509138783233));
#13033=CARTESIAN_POINT('',(0.0132311226075722,-0.0005,0.0527080725878477));
#13034=CARTESIAN_POINT('',(0.0135372118214339,-0.0005,0.0520822396227029));
#13035=CARTESIAN_POINT('',(0.0135372118214339,-0.0005,0.0549155561376311));
#13036=CARTESIAN_POINT('',(0.0135372118214339,-0.0025,0.0549155561376311));
#13037=CARTESIAN_POINT('',(0.0133331523455261,-0.0005,0.0545028856733417));
#13038=CARTESIAN_POINT('',(0.0133331523455261,-0.0025,0.0545028856733417));
#13039=CARTESIAN_POINT('',(0.0132311226075722,-0.0005,0.0540340798885423));
#13040=CARTESIAN_POINT('',(0.0132311226075722,-0.0025,0.0540340798885423));
#13041=CARTESIAN_POINT('',(0.0132311226075722,-0.0005,0.053509138783233));
#13042=CARTESIAN_POINT('',(0.0132311226075722,-0.0025,0.053509138783233));
#13043=CARTESIAN_POINT('',(0.0135372118214339,-0.0025,0.0549155561376311));
#13044=CARTESIAN_POINT('',(0.0132311226075722,-0.0025,0.054296550441197));
#13045=CARTESIAN_POINT('',(0.0132311226075722,-0.0025,0.053509138783233));
#13046=CARTESIAN_POINT('',(0.0135372118214339,-0.0025,0.0549155561376311));
#13047=CARTESIAN_POINT('',(0.0135372118214339,-0.0005,0.0549155561376311));
#13048=CARTESIAN_POINT('',(0.0135372118214339,-0.0005,0.0549155561376311));
#13049=CARTESIAN_POINT('',(0.0135372118214339,-0.0005,0.0549155561376311));
#13050=CARTESIAN_POINT('',(0.0132311226075722,-0.0005,0.054296550441197));
#13051=CARTESIAN_POINT('',(0.0132311226075722,-0.0005,0.053509138783233));
#13052=CARTESIAN_POINT('',(0.0143815173853202,-0.0005,0.0558838904164279));
#13053=CARTESIAN_POINT('',(0.0143815173853202,-0.0025,0.0558838904164279));
#13054=CARTESIAN_POINT('',(0.0140227064853038,-0.0005,0.0556510046948528));
#13055=CARTESIAN_POINT('',(0.0140227064853038,-0.0025,0.0556510046948528));
#13056=CARTESIAN_POINT('',(0.0137412712973417,-0.0005,0.0553282266019205));
#13057=CARTESIAN_POINT('',(0.0137412712973417,-0.0025,0.0553282266019205));
#13058=CARTESIAN_POINT('',(0.0135372118214339,-0.0005,0.0549155561376311));
#13059=CARTESIAN_POINT('',(0.0135372118214339,-0.0025,0.0549155561376311));
#13060=CARTESIAN_POINT('',(0.0143815173853202,-0.0025,0.0558838904164279));
#13061=CARTESIAN_POINT('',(0.0138433010352957,-0.0025,0.0555345618340652));
#13062=CARTESIAN_POINT('',(0.0135372118214339,-0.0025,0.0549155561376311));
#13063=CARTESIAN_POINT('',(0.0143815173853202,-0.0025,0.0558838904164279));
#13064=CARTESIAN_POINT('',(0.0143815173853202,-0.0005,0.0558838904164279));
#13065=CARTESIAN_POINT('',(0.0143815173853202,-0.0005,0.0558838904164279));
#13066=CARTESIAN_POINT('',(0.0143815173853202,-0.0005,0.0558838904164279));
#13067=CARTESIAN_POINT('',(0.0138433010352957,-0.0005,0.0555345618340652));
#13068=CARTESIAN_POINT('',(0.0135372118214339,-0.0005,0.0549155561376311));
#13069=CARTESIAN_POINT('',(0.0156047363626486,-0.0005,0.0562332189987905));
#13070=CARTESIAN_POINT('',(0.0156047363626486,-0.0025,0.0562332189987905));
#13071=CARTESIAN_POINT('',(0.015148067944446,-0.0005,0.0562332189987905));
#13072=CARTESIAN_POINT('',(0.015148067944446,-0.0025,0.0562332189987905));
#13073=CARTESIAN_POINT('',(0.0147403282853365,-0.0005,0.056116776138003));
#13074=CARTESIAN_POINT('',(0.0147403282853365,-0.0025,0.056116776138003));
#13075=CARTESIAN_POINT('',(0.0143815173853202,-0.0005,0.0558838904164279));
#13076=CARTESIAN_POINT('',(0.0143815173853202,-0.0025,0.0558838904164279));
#13077=CARTESIAN_POINT('',(0.0156047363626486,-0.0025,0.0562332189987905));
#13078=CARTESIAN_POINT('',(0.0149197337353447,-0.0025,0.0562332189987905));
#13079=CARTESIAN_POINT('',(0.0143815173853202,-0.0025,0.0558838904164279));
#13080=CARTESIAN_POINT('',(0.0156047363626486,-0.0025,0.0562332189987905));
#13081=CARTESIAN_POINT('',(0.0156047363626486,-0.0005,0.0562332189987905));
#13082=CARTESIAN_POINT('',(0.0156047363626486,-0.0005,0.0562332189987905));
#13083=CARTESIAN_POINT('',(0.0156047363626486,-0.0005,0.0562332189987905));
#13084=CARTESIAN_POINT('',(0.0149197337353447,-0.0005,0.0562332189987905));
#13085=CARTESIAN_POINT('',(0.0143815173853202,-0.0005,0.0558838904164279));
#13086=CARTESIAN_POINT('',(0.0168495750242275,-0.0005,0.0558838904164279));
#13087=CARTESIAN_POINT('',(0.0168495750242275,-0.0025,0.0558838904164279));
#13088=CARTESIAN_POINT('',(0.0164854540263251,-0.0005,0.056116776138003));
#13089=CARTESIAN_POINT('',(0.0164854540263251,-0.0025,0.056116776138003));
#13090=CARTESIAN_POINT('',(0.0160705078057988,-0.0005,0.0562332189987905));
#13091=CARTESIAN_POINT('',(0.0160705078057988,-0.0025,0.0562332189987905));
#13092=CARTESIAN_POINT('',(0.0156047363626486,-0.0005,0.0562332189987905));
#13093=CARTESIAN_POINT('',(0.0156047363626486,-0.0025,0.0562332189987905));
#13094=CARTESIAN_POINT('',(0.0168495750242275,-0.0025,0.0558838904164279));
#13095=CARTESIAN_POINT('',(0.0163033935273739,-0.0025,0.0562332189987905));
#13096=CARTESIAN_POINT('',(0.0156047363626486,-0.0025,0.0562332189987905));
#13097=CARTESIAN_POINT('',(0.0168495750242275,-0.0025,0.0558838904164279));
#13098=CARTESIAN_POINT('',(0.0168495750242275,-0.0005,0.0558838904164279));
#13099=CARTESIAN_POINT('',(0.0168495750242275,-0.0005,0.0558838904164279));
#13100=CARTESIAN_POINT('',(0.0168495750242275,-0.0005,0.0558838904164279));
#13101=CARTESIAN_POINT('',(0.0163033935273739,-0.0005,0.0562332189987905));
#13102=CARTESIAN_POINT('',(0.0156047363626486,-0.0005,0.0562332189987905));
#13103=CARTESIAN_POINT('',(0.0177018457349429,-0.0005,0.054907590990802));
#13104=CARTESIAN_POINT('',(0.0177018457349429,-0.0025,0.054907590990802));
#13105=CARTESIAN_POINT('',(0.017497786259035,-0.0005,0.0553255715529775));
#13106=CARTESIAN_POINT('',(0.017497786259035,-0.0025,0.0553255715529775));
#13107=CARTESIAN_POINT('',(0.0172136960221299,-0.0005,0.0556510046948528));
#13108=CARTESIAN_POINT('',(0.0172136960221299,-0.0025,0.0556510046948528));
#13109=CARTESIAN_POINT('',(0.0168495750242275,-0.0005,0.0558838904164279));
#13110=CARTESIAN_POINT('',(0.0168495750242275,-0.0025,0.0558838904164279));
#13111=CARTESIAN_POINT('',(0.0177018457349429,-0.0025,0.054907590990802));
#13112=CARTESIAN_POINT('',(0.0173957565210811,-0.0025,0.0555345618340652));
#13113=CARTESIAN_POINT('',(0.0168495750242275,-0.0025,0.0558838904164279));
#13114=CARTESIAN_POINT('',(0.0177018457349429,-0.0025,0.054907590990802));
#13115=CARTESIAN_POINT('',(0.0177018457349429,-0.0005,0.054907590990802));
#13116=CARTESIAN_POINT('',(0.0177018457349429,-0.0005,0.054907590990802));
#13117=CARTESIAN_POINT('',(0.0177018457349429,-0.0005,0.054907590990802));
#13118=CARTESIAN_POINT('',(0.0173957565210811,-0.0005,0.0555345618340652));
#13119=CARTESIAN_POINT('',(0.0168495750242275,-0.0005,0.0558838904164279));
#13120=CARTESIAN_POINT('',(0.0180079349488046,-0.0005,0.0534954842458117));
#13121=CARTESIAN_POINT('',(0.0180079349488046,-0.0025,0.0534954842458117));
#13122=CARTESIAN_POINT('',(0.0180079349488046,-0.0005,0.0540189081802964));
#13123=CARTESIAN_POINT('',(0.0180079349488046,-0.0025,0.0540189081802964));
#13124=CARTESIAN_POINT('',(0.0179059052108507,-0.0005,0.0544896104286265));
#13125=CARTESIAN_POINT('',(0.0179059052108507,-0.0025,0.0544896104286265));
#13126=CARTESIAN_POINT('',(0.0177018457349429,-0.0005,0.054907590990802));
#13127=CARTESIAN_POINT('',(0.0177018457349429,-0.0025,0.054907590990802));
#13128=CARTESIAN_POINT('',(0.0180079349488046,-0.0025,0.0534954842458117));
#13129=CARTESIAN_POINT('',(0.0180079349488046,-0.0025,0.0542806201475388));
#13130=CARTESIAN_POINT('',(0.0177018457349429,-0.0025,0.054907590990802));
#13131=CARTESIAN_POINT('',(0.0180079349488046,-0.0025,0.0534954842458117));
#13132=CARTESIAN_POINT('',(0.0180079349488046,-0.0005,0.0534954842458117));
#13133=CARTESIAN_POINT('',(0.0180079349488046,-0.0005,0.0534954842458117));
#13134=CARTESIAN_POINT('',(0.0180079349488046,-0.0005,0.0534954842458117));
#13135=CARTESIAN_POINT('',(0.0180079349488046,-0.0005,0.0542806201475388));
#13136=CARTESIAN_POINT('',(0.0177018457349429,-0.0005,0.054907590990802));
#13137=CARTESIAN_POINT('',(0.0177018457349429,-0.0005,0.0520822396227029));
#13138=CARTESIAN_POINT('',(0.0177018457349429,-0.0025,0.0520822396227029));
#13139=CARTESIAN_POINT('',(0.0179059052108507,-0.0005,0.0524994615994661));
#13140=CARTESIAN_POINT('',(0.0179059052108507,-0.0025,0.0524994615994661));
#13141=CARTESIAN_POINT('',(0.0180079349488046,-0.0005,0.0529705431405024));
#13142=CARTESIAN_POINT('',(0.0180079349488046,-0.0025,0.0529705431405024));
#13143=CARTESIAN_POINT('',(0.0180079349488046,-0.0005,0.0534954842458117));
#13144=CARTESIAN_POINT('',(0.0180079349488046,-0.0025,0.0534954842458117));
#13145=CARTESIAN_POINT('',(0.0177018457349429,-0.0025,0.0520822396227029));
#13146=CARTESIAN_POINT('',(0.0180079349488046,-0.0025,0.0527080725878477));
#13147=CARTESIAN_POINT('',(0.0180079349488046,-0.0025,0.0534954842458117));
#13148=CARTESIAN_POINT('',(0.0177018457349429,-0.0025,0.0520822396227029));
#13149=CARTESIAN_POINT('',(0.0177018457349429,-0.0005,0.0520822396227029));
#13150=CARTESIAN_POINT('',(0.0177018457349429,-0.0005,0.0520822396227029));
#13151=CARTESIAN_POINT('',(0.0177018457349429,-0.0005,0.0520822396227029));
#13152=CARTESIAN_POINT('',(0.0180079349488046,-0.0005,0.0527080725878477));
#13153=CARTESIAN_POINT('',(0.0180079349488046,-0.0005,0.0534954842458117));
#13154=CARTESIAN_POINT('',(0.0189978889118518,-0.0005,0.0534943463676933));
#13155=CARTESIAN_POINT('',(0.0189978889118518,-0.0005,0.0569022913324362));
#13156=CARTESIAN_POINT('',(0.0189978889118518,-0.0005,0.0569022913324362));
#13157=CARTESIAN_POINT('',(0.0189978889118518,-0.0005,0.0534943463676933));
#13158=CARTESIAN_POINT('',(0.0189978889118518,-0.0005,0.0500864014029503));
#13159=CARTESIAN_POINT('',(0.0189978889118518,-0.0005,0.0500864014029503));
#13160=CARTESIAN_POINT('',(0.0185029119303282,-0.0005,0.0569022913324362));
#13161=CARTESIAN_POINT('',(0.0180079349488046,-0.0005,0.0569022913324362));
#13162=CARTESIAN_POINT('',(0.0180079349488046,-0.0005,0.0569022913324362));
#13163=CARTESIAN_POINT('',(0.0185029119303282,-0.0005,0.0569022913324362));
#13164=CARTESIAN_POINT('',(0.0180079349488046,-0.0005,0.0563925219353728));
#13165=CARTESIAN_POINT('',(0.0180079349488046,-0.0005,0.0558827525383094));
#13166=CARTESIAN_POINT('',(0.0180075843170504,-0.0005,0.0558825096150492));
#13167=CARTESIAN_POINT('',(0.0180079349488046,-0.0005,0.0563925219353728));
#13168=CARTESIAN_POINT('',(0.0155712246253283,-0.0005,0.0541945608420849));
#13169=CARTESIAN_POINT('',(0.0169656385923089,-0.0005,0.0568089853267237));
#13170=CARTESIAN_POINT('',(0.0169656385923089,-0.0005,0.0568089853267237));
#13171=CARTESIAN_POINT('',(0.0155712246253283,-0.0005,0.0541945608420849));
#13172=CARTESIAN_POINT('',(0.0156047363626486,-0.0005,0.0571366942248359));
#13173=CARTESIAN_POINT('',(0.0156047363626486,-0.0025,0.0571366942248359));
#13174=CARTESIAN_POINT('',(0.0160993340514661,-0.0005,0.0571366942248359));
#13175=CARTESIAN_POINT('',(0.0160993340514661,-0.0025,0.0571366942248359));
#13176=CARTESIAN_POINT('',(0.0165529681280195,-0.0005,0.0570274579254652));
#13177=CARTESIAN_POINT('',(0.0165529681280195,-0.0025,0.0570274579254652));
#13178=CARTESIAN_POINT('',(0.0169656385923089,-0.0005,0.0568089853267237));
#13179=CARTESIAN_POINT('',(0.0169656385923089,-0.0025,0.0568089853267237));
#13180=CARTESIAN_POINT('',(0.0156047363626486,-0.0005,0.0571366942248359));
#13181=CARTESIAN_POINT('',(0.0156047363626486,-0.0005,0.0571366942248359));
#13182=CARTESIAN_POINT('',(0.0156047363626486,-0.0005,0.0571366942248359));
#13183=CARTESIAN_POINT('',(0.0163466328958748,-0.0005,0.0571366942248359));
#13184=CARTESIAN_POINT('',(0.0169656385923089,-0.0005,0.0568089853267237));
#13185=CARTESIAN_POINT('',(0.0138637828414277,-0.0005,0.0566701641962734));
#13186=CARTESIAN_POINT('',(0.0138637828414277,-0.0025,0.0566701641962734));
#13187=CARTESIAN_POINT('',(0.014373552238491,-0.0005,0.0569811842153151));
#13188=CARTESIAN_POINT('',(0.014373552238491,-0.0025,0.0569811842153151));
#13189=CARTESIAN_POINT('',(0.014953870078898,-0.0005,0.0571366942248359));
#13190=CARTESIAN_POINT('',(0.014953870078898,-0.0025,0.0571366942248359));
#13191=CARTESIAN_POINT('',(0.0156047363626486,-0.0005,0.0571366942248359));
#13192=CARTESIAN_POINT('',(0.0156047363626486,-0.0025,0.0571366942248359));
#13193=CARTESIAN_POINT('',(0.0138637828414277,-0.0005,0.0566701641962734));
#13194=CARTESIAN_POINT('',(0.0138637828414277,-0.0005,0.0566701641962734));
#13195=CARTESIAN_POINT('',(0.0138637828414277,-0.0005,0.0566701641962734));
#13196=CARTESIAN_POINT('',(0.0146284369370227,-0.0005,0.0571366942248359));
#13197=CARTESIAN_POINT('',(0.0156047363626486,-0.0005,0.0571366942248359));
#13198=CARTESIAN_POINT('',(0.0126701486951788,-0.0005,0.0553809482880752));
#13199=CARTESIAN_POINT('',(0.0126701486951788,-0.0025,0.0553809482880752));
#13200=CARTESIAN_POINT('',(0.0129561353956147,-0.0005,0.0559294055411657));
#13201=CARTESIAN_POINT('',(0.0129561353956147,-0.0025,0.0559294055411657));
#13202=CARTESIAN_POINT('',(0.0133540134443643,-0.0005,0.0563591441772317));
#13203=CARTESIAN_POINT('',(0.0133540134443643,-0.0025,0.0563591441772317));
#13204=CARTESIAN_POINT('',(0.0138637828414277,-0.0005,0.0566701641962734));
#13205=CARTESIAN_POINT('',(0.0138637828414277,-0.0025,0.0566701641962734));
#13206=CARTESIAN_POINT('',(0.0126701486951788,-0.0005,0.0553809482880752));
#13207=CARTESIAN_POINT('',(0.0126701486951788,-0.0005,0.0553809482880752));
#13208=CARTESIAN_POINT('',(0.0126701486951788,-0.0005,0.0553809482880752));
#13209=CARTESIAN_POINT('',(0.0130991287458326,-0.0005,0.0562036341677109));
#13210=CARTESIAN_POINT('',(0.0138637828414277,-0.0005,0.0566701641962734));
#13211=CARTESIAN_POINT('',(0.012241168644525,-0.0005,0.053509138783233));
#13212=CARTESIAN_POINT('',(0.012241168644525,-0.0025,0.053509138783233));
#13213=CARTESIAN_POINT('',(0.012241168644525,-0.0005,0.0542085545333706));
#13214=CARTESIAN_POINT('',(0.012241168644525,-0.0025,0.0542085545333706));
#13215=CARTESIAN_POINT('',(0.0123841619947429,-0.0005,0.0548324910349847));
#13216=CARTESIAN_POINT('',(0.0123841619947429,-0.0025,0.0548324910349847));
#13217=CARTESIAN_POINT('',(0.0126701486951788,-0.0005,0.0553809482880752));
#13218=CARTESIAN_POINT('',(0.0126701486951788,-0.0025,0.0553809482880752));
#13219=CARTESIAN_POINT('',(0.012241168644525,-0.0005,0.053509138783233));
#13220=CARTESIAN_POINT('',(0.012241168644525,-0.0005,0.053509138783233));
#13221=CARTESIAN_POINT('',(0.012241168644525,-0.0005,0.053509138783233));
#13222=CARTESIAN_POINT('',(0.012241168644525,-0.0005,0.0545582624084394));
#13223=CARTESIAN_POINT('',(0.0126701486951788,-0.0005,0.0553809482880752));
#13224=CARTESIAN_POINT('',(0.0126781138420079,-0.0005,0.0516157095941405));
#13225=CARTESIAN_POINT('',(0.0126781138420079,-0.0025,0.0516157095941405));
#13226=CARTESIAN_POINT('',(0.012386817043686,-0.0005,0.052169476945117));
#13227=CARTESIAN_POINT('',(0.012386817043686,-0.0025,0.052169476945117));
#13228=CARTESIAN_POINT('',(0.012241168644525,-0.0005,0.0528006200081479));
#13229=CARTESIAN_POINT('',(0.012241168644525,-0.0025,0.0528006200081479));
#13230=CARTESIAN_POINT('',(0.012241168644525,-0.0005,0.053509138783233));
#13231=CARTESIAN_POINT('',(0.012241168644525,-0.0025,0.053509138783233));
#13232=CARTESIAN_POINT('',(0.0126781138420079,-0.0005,0.0516157095941405));
#13233=CARTESIAN_POINT('',(0.0126781138420079,-0.0005,0.0516157095941405));
#13234=CARTESIAN_POINT('',(0.0126781138420079,-0.0005,0.0516157095941405));
#13235=CARTESIAN_POINT('',(0.012241168644525,-0.0005,0.0524463606206053));
#13236=CARTESIAN_POINT('',(0.012241168644525,-0.0005,0.053509138783233));
#13237=CARTESIAN_POINT('',(0.0138865404037966,-0.0005,0.0503196664172315));
#13238=CARTESIAN_POINT('',(0.0138865404037966,-0.0025,0.0503196664172315));
#13239=CARTESIAN_POINT('',(0.0133722194942594,-0.0005,0.0506299278508609));
#13240=CARTESIAN_POINT('',(0.0133722194942594,-0.0025,0.0506299278508609));
#13241=CARTESIAN_POINT('',(0.0129694106403298,-0.0005,0.0510619422431639));
#13242=CARTESIAN_POINT('',(0.0129694106403298,-0.0025,0.0510619422431639));
#13243=CARTESIAN_POINT('',(0.0126781138420079,-0.0005,0.0516157095941405));
#13244=CARTESIAN_POINT('',(0.0126781138420079,-0.0025,0.0516157095941405));
#13245=CARTESIAN_POINT('',(0.0138865404037966,-0.0005,0.0503196664172315));
#13246=CARTESIAN_POINT('',(0.0138865404037966,-0.0005,0.0503196664172315));
#13247=CARTESIAN_POINT('',(0.0138865404037966,-0.0005,0.0503196664172315));
#13248=CARTESIAN_POINT('',(0.0131150590394908,-0.0005,0.0507850585676756));
#13249=CARTESIAN_POINT('',(0.0126781138420079,-0.0005,0.0516157095941405));
#13250=CARTESIAN_POINT('',(0.0156343211937282,-0.0005,0.0498542742667875));
#13251=CARTESIAN_POINT('',(0.0156343211937282,-0.0025,0.0498542742667875));
#13252=CARTESIAN_POINT('',(0.0149834549099776,-0.0005,0.0498542742667875));
#13253=CARTESIAN_POINT('',(0.0149834549099776,-0.0025,0.0498542742667875));
#13254=CARTESIAN_POINT('',(0.0144008613133337,-0.0005,0.0500094049836022));
#13255=CARTESIAN_POINT('',(0.0144008613133337,-0.0025,0.0500094049836022));
#13256=CARTESIAN_POINT('',(0.0138865404037966,-0.0005,0.0503196664172315));
#13257=CARTESIAN_POINT('',(0.0138865404037966,-0.0025,0.0503196664172315));
#13258=CARTESIAN_POINT('',(0.0156343211937282,-0.0005,0.0498542742667875));
#13259=CARTESIAN_POINT('',(0.0156343211937282,-0.0005,0.0498542742667875));
#13260=CARTESIAN_POINT('',(0.0156343211937282,-0.0005,0.0498542742667875));
#13261=CARTESIAN_POINT('',(0.0146580217681023,-0.0005,0.0498542742667875));
#13262=CARTESIAN_POINT('',(0.0138865404037966,-0.0005,0.0503196664172315));
#13263=CARTESIAN_POINT('',(0.0156651183608841,-0.0005,0.0526417850134071));
#13264=CARTESIAN_POINT('',(0.016973603739138,-0.0005,0.0501819831648997));
#13265=CARTESIAN_POINT('',(0.0169737314614239,-0.0005,0.05018174338778));
#13266=CARTESIAN_POINT('',(0.0156651183608841,-0.0005,0.0526417850134071));
#13267=CARTESIAN_POINT('',(0.0155279590053683,-0.0005,0.0528638549573557));
#13268=CARTESIAN_POINT('',(0.0180079349488046,-0.0005,0.0510922856596557));
#13269=CARTESIAN_POINT('',(0.0180076550668948,-0.00050000025,0.0510924855931267));
#13270=CARTESIAN_POINT('',(0.0155279590053683,-0.0005,0.0528638549573557));
#13271=CARTESIAN_POINT('',(0.0180079349488046,-0.0005,0.050589343531303));
#13272=CARTESIAN_POINT('',(0.0180079349488046,-0.0005,0.0500864014029503));
#13273=CARTESIAN_POINT('',(0.0180079349488046,-0.0005,0.0500864014029503));
#13274=CARTESIAN_POINT('',(0.0180079349488046,-0.0005,0.050589343531303));
#13275=CARTESIAN_POINT('',(0.0185029119303282,-0.0005,0.0500864014029503));
#13276=CARTESIAN_POINT('',(0.0185029119303282,-0.0005,0.0500864014029503));
#13277=CARTESIAN_POINT('',(0.0168495750242275,-0.0005,0.0511059401970771));
#13278=CARTESIAN_POINT('',(0.0168495750242275,-0.0025,0.0511059401970771));
#13279=CARTESIAN_POINT('',(0.0172136960221299,-0.0005,0.0513395845040644));
#13280=CARTESIAN_POINT('',(0.0172136960221299,-0.0025,0.0513395845040644));
#13281=CARTESIAN_POINT('',(0.017497786259035,-0.0005,0.0516650176459397));
#13282=CARTESIAN_POINT('',(0.017497786259035,-0.0025,0.0516650176459397));
#13283=CARTESIAN_POINT('',(0.0177018457349429,-0.0005,0.0520822396227029));
#13284=CARTESIAN_POINT('',(0.0177018457349429,-0.0025,0.0520822396227029));
#13285=CARTESIAN_POINT('',(0.0168495750242275,-0.0025,0.0511059401970771));
#13286=CARTESIAN_POINT('',(0.0173957565210811,-0.0025,0.0514564066575581));
#13287=CARTESIAN_POINT('',(0.0177018457349429,-0.0025,0.0520822396227029));
#13288=CARTESIAN_POINT('',(0.0168495750242275,-0.0005,0.0511059401970771));
#13289=CARTESIAN_POINT('',(0.0173957565210811,-0.0005,0.0514564066575581));
#13290=CARTESIAN_POINT('',(0.0177018457349429,-0.0005,0.0520822396227029));
#13291=CARTESIAN_POINT('',(0.,-0.0005,0.));
#13292=CARTESIAN_POINT('',(0.0484621049108682,-0.0005,0.0541053869172982));
#13293=CARTESIAN_POINT('',(0.0484621049108682,-0.0025,0.0541053869172982));
#13294=CARTESIAN_POINT('',(0.0483650059780943,-0.0005,0.0548154228632079));
#13295=CARTESIAN_POINT('',(0.0483650059780943,-0.0025,0.0548154228632079));
#13296=CARTESIAN_POINT('',(0.0481271894513393,-0.0005,0.0553475705299341));
#13297=CARTESIAN_POINT('',(0.0481271894513393,-0.0025,0.0553475705299341));
#13298=CARTESIAN_POINT('',(0.0477486553306032,-0.0005,0.0557018299174767));
#13299=CARTESIAN_POINT('',(0.0477486553306032,-0.0025,0.0557018299174767));
#13300=CARTESIAN_POINT('',(0.0484621049108682,-0.0025,0.0541053869172982));
#13301=CARTESIAN_POINT('',(0.0483164565117073,-0.0025,0.0551704408361628));
#13302=CARTESIAN_POINT('',(0.0477486553306032,-0.0025,0.0557018299174767));
#13303=CARTESIAN_POINT('',(0.0484621049108682,-0.0025,0.0541053869172982));
#13304=CARTESIAN_POINT('',(0.0477486553306032,-0.0025,0.0557018299174767));
#13305=CARTESIAN_POINT('',(0.0484621049108682,-0.0005,0.0541053869172982));
#13306=CARTESIAN_POINT('',(0.0484621049108682,-0.0005,0.0541053869172982));
#13307=CARTESIAN_POINT('',(0.0484621049108682,-0.0005,0.0541053869172982));
#13308=CARTESIAN_POINT('',(0.0483164565117073,-0.0005,0.0551704408361628));
#13309=CARTESIAN_POINT('',(0.0477486553306032,-0.0005,0.0557018299174767));
#13310=CARTESIAN_POINT('',(0.0477486553306032,-0.0005,0.0557018299174767));
#13311=CARTESIAN_POINT('',(0.0477486553306032,-0.0005,0.0557018299174767));
#13312=CARTESIAN_POINT('',(0.0461749698927937,-0.0005,0.0541053869172982));
#13313=CARTESIAN_POINT('',(0.0461749698927937,-0.0025,0.0541053869172982));
#13314=CARTESIAN_POINT('',(0.0438878348747191,-0.0025,0.0541053869172982));
#13315=CARTESIAN_POINT('',(0.0438878348747191,-0.0005,0.0541053869172982));
#13316=CARTESIAN_POINT('',(0.0438878348747191,-0.0005,0.0541053869172982));
#13317=CARTESIAN_POINT('',(0.0461749698927937,-0.0005,0.0541053869172982));
#13318=CARTESIAN_POINT('',(0.0446536268484326,-0.0005,0.0556290057178962));
#13319=CARTESIAN_POINT('',(0.0446536268484326,-0.0025,0.0556290057178962));
#13320=CARTESIAN_POINT('',(0.0442508179945031,-0.0005,0.0552261968639667));
#13321=CARTESIAN_POINT('',(0.0442508179945031,-0.0025,0.0552261968639667));
#13322=CARTESIAN_POINT('',(0.0439955540032652,-0.0005,0.054718323930434));
#13323=CARTESIAN_POINT('',(0.0439955540032652,-0.0025,0.054718323930434));
#13324=CARTESIAN_POINT('',(0.0438878348747191,-0.0005,0.0541053869172982));
#13325=CARTESIAN_POINT('',(0.0438878348747191,-0.0025,0.0541053869172982));
#13326=CARTESIAN_POINT('',(0.0446536268484326,-0.0025,0.0556290057178962));
#13327=CARTESIAN_POINT('',(0.0440494135675383,-0.0025,0.0550247924370019));
#13328=CARTESIAN_POINT('',(0.0438878348747191,-0.0025,0.0541053869172982));
#13329=CARTESIAN_POINT('',(0.0446536268484326,-0.0025,0.0556290057178962));
#13330=CARTESIAN_POINT('',(0.0446536268484326,-0.0005,0.0556290057178962));
#13331=CARTESIAN_POINT('',(0.0446536268484326,-0.0005,0.0556290057178962));
#13332=CARTESIAN_POINT('',(0.0446536268484326,-0.0005,0.0556290057178962));
#13333=CARTESIAN_POINT('',(0.0440494135675383,-0.0005,0.0550247924370019));
#13334=CARTESIAN_POINT('',(0.0438878348747191,-0.0005,0.0541053869172982));
#13335=CARTESIAN_POINT('',(0.0462045547238732,-0.0005,0.0562332189987905));
#13336=CARTESIAN_POINT('',(0.0462045547238732,-0.0025,0.0562332189987905));
#13337=CARTESIAN_POINT('',(0.0455734116608423,-0.0005,0.0562332189987905));
#13338=CARTESIAN_POINT('',(0.0455734116608423,-0.0025,0.0562332189987905));
#13339=CARTESIAN_POINT('',(0.0450564357023621,-0.0005,0.0560318145718257));
#13340=CARTESIAN_POINT('',(0.0450564357023621,-0.0025,0.0560318145718257));
#13341=CARTESIAN_POINT('',(0.0446536268484326,-0.0005,0.0556290057178962));
#13342=CARTESIAN_POINT('',(0.0446536268484326,-0.0025,0.0556290057178962));
#13343=CARTESIAN_POINT('',(0.0462045547238732,-0.0025,0.0562332189987905));
#13344=CARTESIAN_POINT('',(0.0452578401293269,-0.0025,0.0562332189987905));
#13345=CARTESIAN_POINT('',(0.0446536268484326,-0.0025,0.0556290057178962));
#13346=CARTESIAN_POINT('',(0.0462045547238732,-0.0025,0.0562332189987905));
#13347=CARTESIAN_POINT('',(0.0462045547238732,-0.0005,0.0562332189987905));
#13348=CARTESIAN_POINT('',(0.0462045547238732,-0.0005,0.0562332189987905));
#13349=CARTESIAN_POINT('',(0.0462045547238732,-0.0005,0.0562332189987905));
#13350=CARTESIAN_POINT('',(0.0452578401293269,-0.0005,0.0562332189987905));
#13351=CARTESIAN_POINT('',(0.0446536268484326,-0.0005,0.0556290057178962));
#13352=CARTESIAN_POINT('',(0.0462045547238732,-0.0005,0.0571366942248359));
#13353=CARTESIAN_POINT('',(0.0462045547238732,-0.0025,0.0571366942248359));
#13354=CARTESIAN_POINT('',(0.0468159745661843,-0.0005,0.0571366942248359));
#13355=CARTESIAN_POINT('',(0.0468159745661843,-0.0025,0.0571366942248359));
#13356=CARTESIAN_POINT('',(0.0473693626244548,-0.0005,0.056986115020495));
#13357=CARTESIAN_POINT('',(0.0473693626244548,-0.0025,0.056986115020495));
#13358=CARTESIAN_POINT('',(0.0478647188986846,-0.0005,0.0566849566118132));
#13359=CARTESIAN_POINT('',(0.0478647188986846,-0.0025,0.0566849566118132));
#13360=CARTESIAN_POINT('',(0.0462045547238732,-0.0005,0.0571366942248359));
#13361=CARTESIAN_POINT('',(0.0462045547238732,-0.0005,0.0571366942248359));
#13362=CARTESIAN_POINT('',(0.0462045547238732,-0.0005,0.0571366942248359));
#13363=CARTESIAN_POINT('',(0.0471216844873399,-0.0005,0.0571366942248359));
#13364=CARTESIAN_POINT('',(0.0478647188986846,-0.0005,0.0566849566118132));
#13365=CARTESIAN_POINT('',(0.0478647188986846,-0.0005,0.0566849566118132));
#13366=CARTESIAN_POINT('',(0.0478647188986846,-0.0005,0.0566849566118132));
#13367=CARTESIAN_POINT('',(0.0444636012026523,-0.0005,0.0566701641962734));
#13368=CARTESIAN_POINT('',(0.0444636012026523,-0.0025,0.0566701641962734));
#13369=CARTESIAN_POINT('',(0.0449733705997157,-0.0005,0.0569811842153151));
#13370=CARTESIAN_POINT('',(0.0449733705997157,-0.0025,0.0569811842153151));
#13371=CARTESIAN_POINT('',(0.0455536884401227,-0.0005,0.0571366942248359));
#13372=CARTESIAN_POINT('',(0.0455536884401227,-0.0025,0.0571366942248359));
#13373=CARTESIAN_POINT('',(0.0462045547238732,-0.0005,0.0571366942248359));
#13374=CARTESIAN_POINT('',(0.0462045547238732,-0.0025,0.0571366942248359));
#13375=CARTESIAN_POINT('',(0.0444636012026523,-0.0005,0.0566701641962734));
#13376=CARTESIAN_POINT('',(0.0444636012026523,-0.0005,0.0566701641962734));
#13377=CARTESIAN_POINT('',(0.0444636012026523,-0.0005,0.0566701641962734));
#13378=CARTESIAN_POINT('',(0.0452282552982474,-0.0005,0.0571366942248359));
#13379=CARTESIAN_POINT('',(0.0462045547238732,-0.0005,0.0571366942248359));
#13380=CARTESIAN_POINT('',(0.0432699670564034,-0.0005,0.055372983141246));
#13381=CARTESIAN_POINT('',(0.0432699670564034,-0.0025,0.055372983141246));
#13382=CARTESIAN_POINT('',(0.0435559537568393,-0.0005,0.0559267504922226));
#13383=CARTESIAN_POINT('',(0.0435559537568393,-0.0025,0.0559267504922226));
#13384=CARTESIAN_POINT('',(0.0439538318055889,-0.0005,0.0563591441772317));
#13385=CARTESIAN_POINT('',(0.0439538318055889,-0.0025,0.0563591441772317));
#13386=CARTESIAN_POINT('',(0.0444636012026523,-0.0005,0.0566701641962734));
#13387=CARTESIAN_POINT('',(0.0444636012026523,-0.0025,0.0566701641962734));
#13388=CARTESIAN_POINT('',(0.0432699670564034,-0.0005,0.055372983141246));
#13389=CARTESIAN_POINT('',(0.0432699670564034,-0.0005,0.055372983141246));
#13390=CARTESIAN_POINT('',(0.0432699670564034,-0.0005,0.055372983141246));
#13391=CARTESIAN_POINT('',(0.0436989471070572,-0.0005,0.0562036341677109));
#13392=CARTESIAN_POINT('',(0.0444636012026523,-0.0005,0.0566701641962734));
#13393=CARTESIAN_POINT('',(0.0428409870057496,-0.0005,0.0534954842458117));
#13394=CARTESIAN_POINT('',(0.0428409870057496,-0.0025,0.0534954842458117));
#13395=CARTESIAN_POINT('',(0.0428409870057496,-0.0005,0.0541933828251247));
#13396=CARTESIAN_POINT('',(0.0428409870057496,-0.0025,0.0541933828251247));
#13397=CARTESIAN_POINT('',(0.0429839803559675,-0.0005,0.0548192157902695));
#13398=CARTESIAN_POINT('',(0.0429839803559675,-0.0025,0.0548192157902695));
#13399=CARTESIAN_POINT('',(0.0432699670564034,-0.0005,0.055372983141246));
#13400=CARTESIAN_POINT('',(0.0432699670564034,-0.0025,0.055372983141246));
#13401=CARTESIAN_POINT('',(0.0428409870057496,-0.0005,0.0534954842458117));
#13402=CARTESIAN_POINT('',(0.0428409870057496,-0.0005,0.0534954842458117));
#13403=CARTESIAN_POINT('',(0.0428409870057496,-0.0005,0.0534954842458117));
#13404=CARTESIAN_POINT('',(0.0428409870057496,-0.0005,0.0545423321147812));
#13405=CARTESIAN_POINT('',(0.0432699670564034,-0.0005,0.055372983141246));
#13406=CARTESIAN_POINT('',(0.0432779322032325,-0.0005,0.0516157095941405));
#13407=CARTESIAN_POINT('',(0.0432779322032325,-0.0025,0.0516157095941405));
#13408=CARTESIAN_POINT('',(0.0429866354049106,-0.0005,0.052169476945117));
#13409=CARTESIAN_POINT('',(0.0429866354049106,-0.0025,0.052169476945117));
#13410=CARTESIAN_POINT('',(0.0428409870057496,-0.0005,0.0527960684956741));
#13411=CARTESIAN_POINT('',(0.0428409870057496,-0.0025,0.0527960684956741));
#13412=CARTESIAN_POINT('',(0.0428409870057496,-0.0005,0.0534954842458117));
#13413=CARTESIAN_POINT('',(0.0428409870057496,-0.0025,0.0534954842458117));
#13414=CARTESIAN_POINT('',(0.0432779322032325,-0.0005,0.0516157095941405));
#13415=CARTESIAN_POINT('',(0.0432779322032325,-0.0005,0.0516157095941405));
#13416=CARTESIAN_POINT('',(0.0432779322032325,-0.0005,0.0516157095941405));
#13417=CARTESIAN_POINT('',(0.0428409870057496,-0.0005,0.0524463606206053));
#13418=CARTESIAN_POINT('',(0.0428409870057496,-0.0005,0.0534954842458117));
#13419=CARTESIAN_POINT('',(0.0444863587650212,-0.0005,0.0503196664172315));
#13420=CARTESIAN_POINT('',(0.0444863587650212,-0.0025,0.0503196664172315));
#13421=CARTESIAN_POINT('',(0.043972037855484,-0.0005,0.0506299278508609));
#13422=CARTESIAN_POINT('',(0.043972037855484,-0.0025,0.0506299278508609));
#13423=CARTESIAN_POINT('',(0.0435692290015544,-0.0005,0.0510619422431639));
#13424=CARTESIAN_POINT('',(0.0435692290015544,-0.0025,0.0510619422431639));
#13425=CARTESIAN_POINT('',(0.0432779322032325,-0.0005,0.0516157095941405));
#13426=CARTESIAN_POINT('',(0.0432779322032325,-0.0025,0.0516157095941405));
#13427=CARTESIAN_POINT('',(0.0444863587650212,-0.0005,0.0503196664172315));
#13428=CARTESIAN_POINT('',(0.0444863587650212,-0.0005,0.0503196664172315));
#13429=CARTESIAN_POINT('',(0.0444863587650212,-0.0005,0.0503196664172315));
#13430=CARTESIAN_POINT('',(0.0437148774007154,-0.0005,0.0507850585676756));
#13431=CARTESIAN_POINT('',(0.0432779322032325,-0.0005,0.0516157095941405));
#13432=CARTESIAN_POINT('',(0.0462477940923741,-0.0005,0.0498542742667875));
#13433=CARTESIAN_POINT('',(0.0462477940923741,-0.0025,0.0498542742667875));
#13434=CARTESIAN_POINT('',(0.045587824783676,-0.0005,0.0498542742667875));
#13435=CARTESIAN_POINT('',(0.045587824783676,-0.0025,0.0498542742667875));
#13436=CARTESIAN_POINT('',(0.0450006796745583,-0.0005,0.0500094049836022));
#13437=CARTESIAN_POINT('',(0.0450006796745583,-0.0025,0.0500094049836022));
#13438=CARTESIAN_POINT('',(0.0444863587650212,-0.0005,0.0503196664172315));
#13439=CARTESIAN_POINT('',(0.0444863587650212,-0.0025,0.0503196664172315));
#13440=CARTESIAN_POINT('',(0.0462477940923741,-0.0005,0.0498542742667875));
#13441=CARTESIAN_POINT('',(0.0462477940923741,-0.0005,0.0498542742667875));
#13442=CARTESIAN_POINT('',(0.0462477940923741,-0.0005,0.0498542742667875));
#13443=CARTESIAN_POINT('',(0.0452578401293269,-0.0005,0.0498542742667875));
#13444=CARTESIAN_POINT('',(0.0444863587650212,-0.0005,0.0503196664172315));
#13445=CARTESIAN_POINT('',(0.0481127763285056,-0.0005,0.0502832543174413));
#13446=CARTESIAN_POINT('',(0.0481127763285056,-0.0025,0.0502832543174413));
#13447=CARTESIAN_POINT('',(0.0475885938086086,-0.0005,0.0499972676170054));
#13448=CARTESIAN_POINT('',(0.0475885938086086,-0.0025,0.0499972676170054));
#13449=CARTESIAN_POINT('',(0.0469669330632314,-0.0005,0.0498542742667875));
#13450=CARTESIAN_POINT('',(0.0469669330632314,-0.0025,0.0498542742667875));
#13451=CARTESIAN_POINT('',(0.0462477940923741,-0.0005,0.0498542742667875));
#13452=CARTESIAN_POINT('',(0.0462477940923741,-0.0025,0.0498542742667875));
#13453=CARTESIAN_POINT('',(0.0481127763285056,-0.0005,0.0502832543174413));
#13454=CARTESIAN_POINT('',(0.0481127763285056,-0.0005,0.0502832543174413));
#13455=CARTESIAN_POINT('',(0.0481127763285056,-0.0005,0.0502832543174413));
#13456=CARTESIAN_POINT('',(0.0473265025486601,-0.0005,0.0498542742667875));
#13457=CARTESIAN_POINT('',(0.0462477940923741,-0.0005,0.0498542742667875));
#13458=CARTESIAN_POINT('',(0.0464940481878787,-0.0005,0.0532795653982107));
#13459=CARTESIAN_POINT('',(0.0493789571191436,-0.0005,0.0514702462365462));
#13460=CARTESIAN_POINT('',(0.0493789571164356,-0.0005,0.0514702462359653));
#13461=CARTESIAN_POINT('',(0.0464940481878787,-0.0005,0.0532795653982107));
#13462=CARTESIAN_POINT('',(0.0489866667234714,-0.0005,0.0517317731622219));
#13463=CARTESIAN_POINT('',(0.0485935801933003,-0.0005,0.0519938308490027));
#13464=CARTESIAN_POINT('',(0.0485940987726079,-0.0005,0.0519934851294642));
#13465=CARTESIAN_POINT('',(0.0489866667234714,-0.0005,0.0517317731622219));
#13466=CARTESIAN_POINT('',(0.0464213751313454,-0.0005,0.0532756854115799));
#13467=CARTESIAN_POINT('',(0.0476678659841936,-0.0005,0.0510831826347082));
#13468=CARTESIAN_POINT('',(0.0476678659841936,-0.0005,0.0510831826347082));
#13469=CARTESIAN_POINT('',(0.0464213751313454,-0.0005,0.0532756854115799));
#13470=CARTESIAN_POINT('',(0.0462182092612946,-0.0005,0.050755473736596));
#13471=CARTESIAN_POINT('',(0.0462182092612946,-0.0025,0.050755473736596));
#13472=CARTESIAN_POINT('',(0.0468008028579385,-0.0005,0.050755473736596));
#13473=CARTESIAN_POINT('',(0.0468008028579385,-0.0025,0.050755473736596));
#13474=CARTESIAN_POINT('',(0.0472840217655715,-0.0005,0.0508647100359667));
#13475=CARTESIAN_POINT('',(0.0472840217655715,-0.0025,0.0508647100359667));
#13476=CARTESIAN_POINT('',(0.0476678659841936,-0.0005,0.0510831826347082));
#13477=CARTESIAN_POINT('',(0.0476678659841936,-0.0025,0.0510831826347082));
#13478=CARTESIAN_POINT('',(0.0462182092612946,-0.0005,0.050755473736596));
#13479=CARTESIAN_POINT('',(0.0462182092612946,-0.0005,0.050755473736596));
#13480=CARTESIAN_POINT('',(0.0462182092612946,-0.0005,0.050755473736596));
#13481=CARTESIAN_POINT('',(0.0470920996562604,-0.0005,0.050755473736596));
#13482=CARTESIAN_POINT('',(0.0476678659841936,-0.0005,0.0510831826347082));
#13483=CARTESIAN_POINT('',(0.0445148057179823,-0.0005,0.0514985081479406));
#13484=CARTESIAN_POINT('',(0.0445148057179823,-0.0025,0.0514985081479406));
#13485=CARTESIAN_POINT('',(0.0449327862801578,-0.0005,0.0510031518737109));
#13486=CARTESIAN_POINT('',(0.0449327862801578,-0.0025,0.0510031518737109));
#13487=CARTESIAN_POINT('',(0.0455005874612619,-0.0005,0.050755473736596));
#13488=CARTESIAN_POINT('',(0.0455005874612619,-0.0025,0.050755473736596));
#13489=CARTESIAN_POINT('',(0.0462182092612946,-0.0005,0.050755473736596));
#13490=CARTESIAN_POINT('',(0.0462182092612946,-0.0025,0.050755473736596));
#13491=CARTESIAN_POINT('',(0.0445148057179823,-0.0005,0.0514985081479406));
#13492=CARTESIAN_POINT('',(0.0445148057179823,-0.0005,0.0514985081479406));
#13493=CARTESIAN_POINT('',(0.0445148057179823,-0.0005,0.0514985081479406));
#13494=CARTESIAN_POINT('',(0.0451417765612455,-0.0005,0.050755473736596));
#13495=CARTESIAN_POINT('',(0.0462182092612946,-0.0005,0.050755473736596));
#13496=CARTESIAN_POINT('',(0.0438309409687968,-0.0005,0.0532906661844916));
#13497=CARTESIAN_POINT('',(0.0438309409687968,-0.0025,0.0532906661844916));
#13498=CARTESIAN_POINT('',(0.0438688702394117,-0.0005,0.052591250434354));
#13499=CARTESIAN_POINT('',(0.0438688702394117,-0.0025,0.052591250434354));
#13500=CARTESIAN_POINT('',(0.0440968251558068,-0.0005,0.0519938644221703));
#13501=CARTESIAN_POINT('',(0.0440968251558068,-0.0025,0.0519938644221703));
#13502=CARTESIAN_POINT('',(0.0445148057179823,-0.0005,0.0514985081479406));
#13503=CARTESIAN_POINT('',(0.0445148057179823,-0.0025,0.0514985081479406));
#13504=CARTESIAN_POINT('',(0.0438309409687968,-0.0005,0.0532906661844916));
#13505=CARTESIAN_POINT('',(0.0438309409687968,-0.0005,0.0532906661844916));
#13506=CARTESIAN_POINT('',(0.0438309409687968,-0.0005,0.0532906661844916));
#13507=CARTESIAN_POINT('',(0.0438878348747191,-0.0005,0.0522415425592852));
#13508=CARTESIAN_POINT('',(0.0445148057179823,-0.0005,0.0514985081479406));
#13509=CARTESIAN_POINT('',(0.0466346726526455,-0.0005,0.0532906661844916));
#13510=CARTESIAN_POINT('',(0.0494389313499945,-0.0005,0.0532906661844916));
#13511=CARTESIAN_POINT('',(0.0494389313499945,-0.0005,0.0532906661844916));
#13512=CARTESIAN_POINT('',(0.0466346726526455,-0.0005,0.0532906661844916));
#13513=CARTESIAN_POINT('',(0.0443500461655562,-0.0005,0.0536553909920072));
#13514=CARTESIAN_POINT('',(0.0494520588739154,-0.0005,0.0537139568445531));
#13515=CARTESIAN_POINT('',(0.0494520588739154,-0.0005,0.0537139568445531));
#13516=CARTESIAN_POINT('',(0.0443500461655562,-0.0005,0.0536553909920072));
#13517=CARTESIAN_POINT('',(0.0490299060919723,-0.0005,0.0554537724876556));
#13518=CARTESIAN_POINT('',(0.0490299060919723,-0.0025,0.0554537724876556));
#13519=CARTESIAN_POINT('',(0.0493113412799344,-0.0005,0.0549341414802324));
#13520=CARTESIAN_POINT('',(0.0493113412799344,-0.0025,0.0549341414802324));
#13521=CARTESIAN_POINT('',(0.0494520588739154,-0.0005,0.0543542029325316));
#13522=CARTESIAN_POINT('',(0.0494520588739154,-0.0025,0.0543542029325316));
#13523=CARTESIAN_POINT('',(0.0494520588739154,-0.0005,0.0537139568445531));
#13524=CARTESIAN_POINT('',(0.0494520588739154,-0.0025,0.0537139568445531));
#13525=CARTESIAN_POINT('',(0.0490299060919723,-0.0005,0.0554537724876556));
#13526=CARTESIAN_POINT('',(0.0490299060919723,-0.0005,0.0554537724876556));
#13527=CARTESIAN_POINT('',(0.0490299060919723,-0.0005,0.0554537724876556));
#13528=CARTESIAN_POINT('',(0.0494520588739154,-0.0005,0.0546743259765208));
#13529=CARTESIAN_POINT('',(0.0494520588739154,-0.0005,0.0537139568445531));
#13530=CARTESIAN_POINT('',(0.0462134919965061,-0.0005,0.0539573237572031));
#13531=CARTESIAN_POINT('',(0.0462134919965061,-0.0005,0.0539573237572031));
#13532=CARTESIAN_POINT('',(0.0477486553306032,-0.0005,0.0557018299174767));
#13533=CARTESIAN_POINT('',(0.0477486553306032,-0.0025,0.0557018299174767));
#13534=CARTESIAN_POINT('',(0.0473701212098671,-0.0005,0.0560560893050192));
#13535=CARTESIAN_POINT('',(0.0473701212098671,-0.0025,0.0560560893050192));
#13536=CARTESIAN_POINT('',(0.0468554210076238,-0.0005,0.0562332189987905));
#13537=CARTESIAN_POINT('',(0.0468554210076238,-0.0025,0.0562332189987905));
#13538=CARTESIAN_POINT('',(0.0462045547238732,-0.0005,0.0562332189987905));
#13539=CARTESIAN_POINT('',(0.0462045547238732,-0.0025,0.0562332189987905));
#13540=CARTESIAN_POINT('',(0.0477486553306032,-0.0025,0.0557018299174767));
#13541=CARTESIAN_POINT('',(0.0471808541494991,-0.0025,0.0562332189987905));
#13542=CARTESIAN_POINT('',(0.0462045547238732,-0.0025,0.0562332189987905));
#13543=CARTESIAN_POINT('',(0.0477486553306032,-0.0005,0.0557018299174767));
#13544=CARTESIAN_POINT('',(0.0471808541494991,-0.0005,0.0562332189987905));
#13545=CARTESIAN_POINT('',(0.0462045547238732,-0.0005,0.0562332189987905));
#13546=CARTESIAN_POINT('',(0.,-0.0005,0.));
#13547=CARTESIAN_POINT('',(-0.0529660748110877,-0.0005,0.055053239389963));
#13548=CARTESIAN_POINT('',(-0.0529660748110877,-0.0005,0.0500864014029503));
#13549=CARTESIAN_POINT('',(-0.0529660748110877,-0.0005,0.0500864014029503));
#13550=CARTESIAN_POINT('',(-0.0529660748110877,-0.0005,0.055053239389963));
#13551=CARTESIAN_POINT('',(-0.0529660748110877,-0.0005,0.0600200773769757));
#13552=CARTESIAN_POINT('',(-0.0529660748110877,-0.0005,0.0600200773769757));
#13553=CARTESIAN_POINT('',(-0.0524198933142341,-0.0005,0.0500864014029503));
#13554=CARTESIAN_POINT('',(-0.0518737118173805,-0.0005,0.0500864014029503));
#13555=CARTESIAN_POINT('',(-0.0518737118173805,-0.0005,0.0500864014029503));
#13556=CARTESIAN_POINT('',(-0.0524198933142341,-0.0005,0.0500864014029503));
#13557=CARTESIAN_POINT('',(-0.0518737118173805,-0.0005,0.052453187889316));
#13558=CARTESIAN_POINT('',(-0.0518737118173805,-0.0005,0.0548199743756817));
#13559=CARTESIAN_POINT('',(-0.0518737118173805,-0.0005,0.0548199743756817));
#13560=CARTESIAN_POINT('',(-0.0518737118173805,-0.0005,0.052453187889316));
#13561=CARTESIAN_POINT('',(-0.049252040632483,-0.0005,0.0548199743756817));
#13562=CARTESIAN_POINT('',(-0.0466303694475856,-0.0005,0.0548199743756817));
#13563=CARTESIAN_POINT('',(-0.0466303694475856,-0.0005,0.0548199743756817));
#13564=CARTESIAN_POINT('',(-0.049252040632483,-0.0005,0.0548199743756817));
#13565=CARTESIAN_POINT('',(-0.0466303694475856,-0.0005,0.052453187889316));
#13566=CARTESIAN_POINT('',(-0.0466303694475856,-0.0005,0.0500864014029503));
#13567=CARTESIAN_POINT('',(-0.0466303694475856,-0.0005,0.0500864014029503));
#13568=CARTESIAN_POINT('',(-0.0466303694475856,-0.0005,0.052453187889316));
#13569=CARTESIAN_POINT('',(-0.046084187950732,-0.0005,0.0500864014029503));
#13570=CARTESIAN_POINT('',(-0.0455380064538784,-0.0005,0.0500864014029503));
#13571=CARTESIAN_POINT('',(-0.0455380064538784,-0.0005,0.0500864014029503));
#13572=CARTESIAN_POINT('',(-0.046084187950732,-0.0005,0.0500864014029503));
#13573=CARTESIAN_POINT('',(-0.0455380064538784,-0.0005,0.055053239389963));
#13574=CARTESIAN_POINT('',(-0.0455380064538784,-0.0005,0.0600200773769757));
#13575=CARTESIAN_POINT('',(-0.0455380064538784,-0.0005,0.0600200773769757));
#13576=CARTESIAN_POINT('',(-0.0455380064538784,-0.0005,0.055053239389963));
#13577=CARTESIAN_POINT('',(-0.046084187950732,-0.0005,0.0600200773769757));
#13578=CARTESIAN_POINT('',(-0.0466303694475856,-0.0005,0.0600200773769757));
#13579=CARTESIAN_POINT('',(-0.0466303694475856,-0.0005,0.0600200773769757));
#13580=CARTESIAN_POINT('',(-0.046084187950732,-0.0005,0.0600200773769757));
#13581=CARTESIAN_POINT('',(-0.0466303694475856,-0.0005,0.0578717634893514));
#13582=CARTESIAN_POINT('',(-0.0466303694475856,-0.0005,0.0557234496017271));
#13583=CARTESIAN_POINT('',(-0.0466303694475856,-0.0005,0.0557234496017271));
#13584=CARTESIAN_POINT('',(-0.0466303694475856,-0.0005,0.0578717634893514));
#13585=CARTESIAN_POINT('',(-0.049252040632483,-0.0005,0.0557234496017271));
#13586=CARTESIAN_POINT('',(-0.0518737118173805,-0.0005,0.0557234496017271));
#13587=CARTESIAN_POINT('',(-0.0518737118173805,-0.0005,0.0557234496017271));
#13588=CARTESIAN_POINT('',(-0.049252040632483,-0.0005,0.0557234496017271));
#13589=CARTESIAN_POINT('',(-0.0518737118173805,-0.0005,0.0578717634893514));
#13590=CARTESIAN_POINT('',(-0.0518737118173805,-0.0005,0.0600200773769757));
#13591=CARTESIAN_POINT('',(-0.0518737118173805,-0.0005,0.0600200773769757));
#13592=CARTESIAN_POINT('',(-0.0518737118173805,-0.0005,0.0578717634893514));
#13593=CARTESIAN_POINT('',(-0.0524198933142341,-0.0005,0.0600200773769757));
#13594=CARTESIAN_POINT('',(-0.0524198933142341,-0.0005,0.0600200773769757));
#13595=CARTESIAN_POINT('',(0.,-0.0005,0.));
#13596=CARTESIAN_POINT('',(0.,-0.0025,0.));
#13597=CARTESIAN_POINT('',(0.,-0.0025,0.));
#13598=CARTESIAN_POINT('',(0.,-0.0025,0.));
#13599=CARTESIAN_POINT('',(0.,-0.0025,0.));
#13600=CARTESIAN_POINT('',(0.,-0.0025,0.));
#13601=CARTESIAN_POINT('',(0.,-0.0025,0.));
#13602=CARTESIAN_POINT('',(0.,-0.0025,0.));
#13603=MECHANICAL_DESIGN_GEOMETRIC_PRESENTATION_REPRESENTATION('',(#6637,
#5968,#5969,#5970,#5971,#5972,#5973,#5974,#5975,#5976,#5977,#5978,#5979,
#5980,#5981,#5982,#5983,#5984,#5985,#5986,#5987,#5988,#5989,#5990,#5991,
#5992,#5993,#5994,#5995,#5996,#5997,#5998,#5999,#6000,#6001,#6002,#6003,
#6004,#6005,#6006,#6007,#6008,#6009,#6010,#6011,#6012,#6013,#6014,#6015,
#6016,#6017,#6018,#6019,#6020,#6021,#6022,#6023,#6024,#6025,#6026,#6027,
#6028,#6029,#6030,#6031,#6032,#6033,#6034,#6035,#6036,#6037,#6038,#6039,
#6040,#6041,#6042,#6043,#6044,#6045,#6046,#6047,#6048,#6049,#6050,#6051,
#6052,#6053,#6054,#6055,#6056,#6057,#6058,#6059,#6060,#6061,#6062,#6063,
#6064,#6065,#6066,#6067,#6068,#6069,#6070,#6071,#6072,#6073,#6074,#6075,
#6076,#6077,#6078,#6079,#6080,#6081,#6082,#6083,#6084,#6085,#6086,#6087,
#6088,#6089,#6090,#6091,#6092,#6093,#6094,#6095,#6096,#6097,#6098,#6099,
#6100,#6101,#6102,#6103,#6104,#6105,#6106,#6107,#6108,#6109,#6110,#6111,
#6112,#6113,#6114,#6115,#6116,#6117,#6118,#6119,#6120,#6121,#6122,#6123,
#6124,#6125,#6126,#6127,#6128,#6129,#6130,#6131,#6132,#6133,#6134,#6135,
#6136,#6137,#6138,#6139,#6140,#6141,#6142,#6143,#6144,#6145,#6146,#6147,
#6148,#6149,#6150,#6151,#6152,#6153,#6154,#6155,#6156,#6157,#6158,#6159,
#6160,#6161,#6162,#6163,#6164,#6165,#6166,#6167,#6168,#6169,#6170,#6171,
#6172,#6173,#6174,#6175,#6176,#6177,#6178,#6179,#6180,#6181,#6182,#6183,
#6184,#6185,#6186,#6187,#6188,#6189,#6190,#6191,#6192,#6193,#6194,#6195,
#6196,#6197,#6198,#6199,#6200,#6201,#6202,#6203,#6204,#6205,#6206,#6207,
#6208,#6209,#6210,#6211,#6212,#6213,#6214,#6215,#6216,#6217,#6218,#6219,
#6220,#6221,#6222,#6223,#6224,#6225,#6226,#6227,#6228,#6229,#6230,#6231,
#6232,#6233,#6234,#6235,#6236,#6237,#6238,#6239,#6240,#6241,#6242,#6243,
#6244,#6245,#6246,#6247,#6248,#6249,#6250,#6251,#6252,#6253,#6254,#6255,
#6256,#6257,#6258,#6259,#6260,#6261,#6262,#6263,#6264,#6265,#6266,#6267,
#6268,#6269,#6270,#6271,#6272,#6273,#6274,#6275,#6276,#6277,#6278,#6279,
#6280,#6281,#6282,#6283,#6284,#6285,#6286,#6287,#6288,#6289,#6290,#6291,
#6292,#6293,#6294,#6295,#6296,#6297,#6298,#6299,#6300,#6301),#13604);
#13604=(
GEOMETRIC_REPRESENTATION_CONTEXT(3)
GLOBAL_UNCERTAINTY_ASSIGNED_CONTEXT((#13605))
GLOBAL_UNIT_ASSIGNED_CONTEXT((#13608,#13607,#13606))
REPRESENTATION_CONTEXT('Part 1','TOP_LEVEL_ASSEMBLY_PART')
);
#13605=UNCERTAINTY_MEASURE_WITH_UNIT(LENGTH_MEASURE(2.E-5),#13608,
'DISTANCE_ACCURACY_VALUE','Maximum Tolerance applied to model');
#13606=(
NAMED_UNIT(*)
SI_UNIT($,.STERADIAN.)
SOLID_ANGLE_UNIT()
);
#13607=(
NAMED_UNIT(*)
PLANE_ANGLE_UNIT()
SI_UNIT($,.RADIAN.)
);
#13608=(
LENGTH_UNIT()
NAMED_UNIT(*)
SI_UNIT($,.METRE.)
);
#13609=PRODUCT_DEFINITION_SHAPE('','',#13610);
#13610=PRODUCT_DEFINITION('','',#13612,#13611);
#13611=PRODUCT_DEFINITION_CONTEXT('',#13618,'design');
#13612=PRODUCT_DEFINITION_FORMATION_WITH_SPECIFIED_SOURCE('','',#13614,
 .NOT_KNOWN.);
#13613=PRODUCT_RELATED_PRODUCT_CATEGORY('','',(#13614));
#13614=PRODUCT('Part 1','Part 1','Part 1',(#13616));
#13615=PRODUCT_CATEGORY('','');
#13616=PRODUCT_CONTEXT('',#13618,'mechanical');
#13617=APPLICATION_PROTOCOL_DEFINITION('international standard',
'ap242_managed_model_based_3d_engineering',2020,#13618);
#13618=APPLICATION_CONTEXT('managed model based 3d engineering');
ENDSEC;
END-ISO-10303-21;
